# Blender 3.6.0
# www.blender.org
mtllib deformable_fetus_final_version_smoothed_watertight.mtl
o deformable_fetus_version_complex_smoothed_unclosed_bottom2
v 0.319547 0.092594 1.120053
v 0.327821 0.076378 1.116937
v 0.322920 0.085717 1.118673
v 0.343484 0.059614 1.116246
v 0.334461 0.064645 1.119548
v 0.335534 0.053851 1.117576
v 0.284616 0.050841 1.119522
v 0.321919 0.131606 1.120430
v 0.314018 0.126465 1.120584
v 0.323568 0.091356 1.108323
v 0.325716 0.093283 1.112498
v 0.325137 0.086407 1.111905
v 0.323763 0.094047 1.117111
v 0.327775 0.079498 1.110112
v 0.337593 0.072145 1.110578
v 0.329453 0.115054 1.118712
v 0.322716 0.035328 1.111590
v 0.323189 0.103993 1.120958
v 0.330647 0.101499 1.111740
v 0.344387 0.147227 1.099705
v 0.339911 0.133196 1.114711
v 0.350590 0.132037 1.111203
v 0.345290 0.119731 1.114528
v 0.355583 0.061019 1.115620
v 0.357883 0.128553 1.109172
v 0.370273 0.058214 1.116197
v 0.374601 0.062814 1.108723
v 0.384535 0.039261 1.102689
v 0.378186 0.107807 1.106167
v 0.376991 0.056381 1.110978
v 0.393589 0.045260 1.101799
v 0.385122 0.059936 1.107545
v 0.391828 0.117303 1.102489
v 0.379008 0.101130 1.098016
v 0.389307 0.107883 1.104645
v 0.401326 0.094445 1.096280
v 0.407858 0.109489 1.099325
v 0.396154 0.099487 1.097621
v 0.404114 0.083638 1.098372
v 0.409336 0.075069 1.099909
v 0.418248 0.054522 1.098795
v 0.429885 0.060947 1.097733
v 0.429681 0.072993 1.097339
v 0.426277 0.110081 1.096715
v 0.247726 0.050277 1.106779
v 0.301659 0.054916 1.123682
v 0.322509 0.084113 1.105224
v 0.347395 0.105675 1.107453
v 0.345521 0.074994 1.093991
v 0.358779 0.106056 1.106503
v 0.359566 0.015300 1.089367
v 0.358893 0.029907 1.102039
v 0.375286 0.042791 1.106803
v 0.375326 0.025903 1.095893
v 0.383002 0.076526 1.095868
v 0.393230 0.082546 1.094993
v 0.441437 0.061271 1.086077
v 0.423798 0.119721 1.096690
v 0.240962 0.077933 1.107153
v 0.263827 0.030883 1.102411
v 0.300824 0.129285 1.112983
v 0.286811 0.016878 1.096686
v 0.317839 0.088794 1.102077
v 0.323208 0.096059 1.099150
v 0.371759 0.100555 1.091939
v 0.390197 0.086033 1.084879
v 0.395484 0.089655 1.092601
v 0.444756 0.049344 1.074603
v 0.432296 0.131417 1.078328
v 0.471472 0.088309 1.074936
v 0.277511 0.125091 1.107767
v 0.281440 0.141594 1.100883
v 0.296246 0.109513 1.116896
v 0.290844 0.025281 1.107168
v 0.321274 0.086458 1.092992
v 0.323020 0.083388 1.090422
v 0.330118 0.085113 1.076018
v 0.327995 0.177238 1.073865
v 0.351351 0.077242 1.075482
v 0.359625 0.070617 1.098081
v 0.392577 0.142603 1.089273
v 0.393470 0.082799 1.074130
v 0.411951 0.127236 1.096427
v 0.433936 0.142013 1.070121
v 0.434998 0.141733 1.079337
v 0.447127 0.132054 1.071829
v 0.514390 0.082908 1.060335
v 0.537577 0.130433 1.048971
v 0.537934 0.024630 1.040336
v 0.571604 0.127881 1.039121
v 0.568389 0.076740 1.045687
v 0.148745 0.020721 1.107985
v 0.197468 0.139068 1.105214
v 0.166421 0.083091 1.108052
v 0.277429 0.160631 1.089957
v 0.371370 0.074238 1.077858
v 0.381728 0.065523 1.063483
v 0.384302 0.095829 1.074179
v 0.387021 0.093751 1.066560
v 0.397265 0.067611 1.057784
v 0.400256 0.094625 1.059224
v 0.433689 0.015690 1.062933
v 0.459385 -0.020915 1.041126
v 0.528984 0.022662 1.041371
v 0.535903 0.173762 1.032211
v 0.565106 0.003864 1.030534
v 0.639615 0.128442 1.019652
v 0.159144 0.163034 1.100070
v 0.126730 0.123738 1.099996
v 0.156519 -0.014669 1.101812
v 0.310423 -0.009715 1.078690
v 0.359588 0.098305 1.067539
v 0.370151 0.099001 1.082345
v 0.374957 0.096810 1.059793
v 0.407506 0.083876 1.050039
v 0.532660 -0.006370 1.031280
v 0.655755 -0.021925 0.997301
v 0.661614 0.155442 1.004137
v 0.727957 0.073650 0.987667
v 0.116333 0.123681 1.099131
v 0.115163 0.104723 1.093995
v 0.127756 0.059600 1.103110
v 0.106702 0.023668 1.094530
v 0.130534 0.100725 1.098499
v 0.121470 0.091701 1.097702
v 0.212815 -0.073875 1.079818
v 0.253562 0.219392 1.069295
v 0.340454 -0.063067 1.050668
v 0.379758 0.098161 1.036510
v 0.398688 0.088266 1.050249
v 0.441634 -0.058253 1.025647
v 0.722136 0.136911 0.983019
v 0.108791 0.075634 1.093274
v 0.094572 0.040287 1.091308
v 0.123802 0.102314 1.093678
v 0.118498 0.154085 1.093569
v 0.126277 0.117351 1.094842
v 0.126527 0.110875 1.087953
v 0.094668 0.007821 1.080567
v 0.142689 0.192934 1.082685
v 0.178904 0.219091 1.073732
v 0.279115 -0.098911 1.050767
v 0.305363 -0.101223 1.038785
v 0.339456 0.086054 1.050831
v 0.364695 0.094042 1.046339
v 0.378340 0.225203 1.035073
v 0.394305 0.095246 1.041632
v 0.404451 0.083487 1.039620
v 0.629943 -0.071397 0.978273
v 0.698746 0.183907 0.974372
v 0.705438 -0.045468 0.968698
v 0.097306 0.079715 1.082884
v 0.081458 0.046345 1.076818
v 0.124125 0.106141 1.090192
v 0.126899 0.112812 1.087690
v 0.217125 -0.104629 1.048661
v 0.354156 -0.099038 1.023717
v 0.355357 0.082529 1.039418
v 0.342806 0.072671 1.031525
v 0.373560 0.075034 1.035443
v 0.601552 -0.056043 0.996393
v 0.664746 -0.067223 0.970956
v 0.699175 0.194260 0.966519
v 0.748453 0.163001 0.959399
v 0.762567 0.133986 0.959634
v 0.777750 0.105350 0.954330
v 0.784646 0.088238 0.951098
v 0.088240 0.135004 1.081228
v 0.091974 0.105262 1.077625
v 0.118101 -0.044716 1.062180
v 0.134287 0.207840 1.068575
v 0.147581 -0.065918 1.062082
v 0.284196 0.257057 1.029908
v 0.302116 0.262780 1.019148
v 0.339315 0.079975 1.029836
v 0.340935 0.080883 1.040967
v 0.349686 0.088920 1.035955
v 0.346685 0.075893 1.029150
v 0.402547 -0.096686 1.010987
v 0.454408 -0.099658 0.997668
v 0.485386 -0.108766 0.982449
v 0.522140 -0.086488 0.994426
v 0.613355 -0.079114 0.978191
v 0.637626 -0.083019 0.966483
v 0.684352 0.192185 0.972913
v 0.703666 0.208471 0.958323
v 0.726486 -0.044753 0.960147
v 0.761811 -0.027735 0.948883
v 0.785403 0.098539 0.949216
v 0.111237 -0.040427 1.062319
v 0.150743 0.231742 1.049481
v 0.164907 -0.077687 1.055376
v 0.375663 -0.118567 1.003160
v 0.626336 -0.076470 0.971052
v 0.620914 -0.088548 0.964714
v 0.628582 -0.084639 0.964509
v 0.682297 0.229199 0.953584
v 0.684423 -0.077980 0.954629
v 0.689998 0.196136 0.966557
v 0.696872 0.200967 0.962940
v 0.702657 -0.091718 0.941118
v 0.721641 0.217891 0.945375
v 0.732135 0.203554 0.949081
v 0.737319 -0.080162 0.937136
v 0.788286 0.169212 0.928179
v 0.799503 -0.000669 0.929910
v 0.801994 0.124411 0.933671
v 0.808845 0.067004 0.930282
v 0.803654 0.091320 0.934009
v 0.069494 0.018803 1.059000
v 0.080923 -0.013869 1.055682
v 0.134373 -0.057808 1.042574
v 0.149851 -0.068414 1.052997
v 0.168252 -0.079995 1.047066
v 0.176370 -0.085268 1.045695
v 0.215581 -0.107936 1.040120
v 0.317879 0.273532 0.997307
v 0.344350 0.072656 1.016120
v 0.340954 0.080112 1.016226
v 0.363695 0.078724 1.011570
v 0.340699 -0.125864 1.000329
v 0.353929 0.074227 1.017256
v 0.368146 0.072260 1.009251
v 0.404609 -0.123441 0.985822
v 0.444112 -0.115923 0.984927
v 0.501091 -0.106333 0.979636
v 0.556099 -0.112195 0.956184
v 0.625923 -0.076173 0.965417
v 0.675505 -0.088697 0.948078
v 0.689687 -0.082836 0.947669
v 0.805789 0.076553 0.930804
v 0.817093 0.108018 0.917697
v 0.812593 0.084457 0.920222
v 0.844256 0.075570 0.897513
v 0.065882 -0.003889 1.051701
v 0.087603 0.197486 1.047745
v 0.097760 -0.031918 1.056845
v 0.109088 0.209132 1.051309
v 0.118769 0.214527 1.049741
v 0.121252 -0.046246 1.045021
v 0.142279 0.229460 1.039104
v 0.148126 -0.070032 1.038201
v 0.211631 -0.116272 1.021438
v 0.245476 0.270118 1.018794
v 0.269505 -0.130212 1.006883
v 0.293582 -0.129632 1.009957
v 0.314741 -0.133262 0.999167
v 0.366197 0.072650 1.004055
v 0.369223 0.077552 1.002414
v 0.397353 0.075123 0.996373
v 0.392176 0.068516 0.997688
v 0.394472 -0.119216 0.995253
v 0.465923 0.263753 0.977273
v 0.452453 -0.121370 0.971914
v 0.508168 -0.114810 0.963725
v 0.534203 0.269746 0.955208
v 0.574481 -0.107883 0.958405
v 0.614489 -0.108697 0.946407
v 0.676970 -0.098094 0.940413
v 0.684547 -0.080372 0.942816
v 0.686621 -0.092617 0.941052
v 0.684558 -0.081431 0.941640
v 0.824124 0.153872 0.900946
v 0.111526 0.207055 1.040986
v 0.167923 -0.088654 1.031597
v 0.227880 0.267352 1.018845
v 0.390044 0.073373 0.993787
v 0.401132 0.077791 0.987211
v 0.405607 0.063142 0.984018
v 0.412429 0.073081 0.984182
v 0.533897 -0.119987 0.944666
v 0.682818 -0.078833 0.938741
v 0.766947 -0.098986 0.910566
v 0.782683 0.213153 0.907690
v 0.813596 0.194222 0.887297
v 0.820287 -0.031759 0.893136
v 0.818349 0.083886 0.912763
v 0.840472 0.091746 0.898672
v 0.333322 -0.135646 0.985296
v 0.403390 0.063524 0.970303
v 0.417107 0.066224 0.971353
v 0.672199 -0.123809 0.919425
v 0.783477 -0.085861 0.904979
v 0.792901 0.216918 0.894858
v 0.848297 0.089968 0.892673
v 0.705440 -0.151515 0.898652
v 0.765295 -0.125559 0.894329
v 0.780649 -0.109534 0.892523
v 0.807752 -0.078966 0.881518
v 0.858593 0.045462 0.863048
v 0.851918 0.084952 0.883865
v 0.849295 0.156563 0.858811
v 0.765131 -0.139017 0.884648
v 0.393095 0.094879 1.091372
v 0.359882 0.046105 1.110983
v 0.287426 0.071222 1.118781
v 0.273457 0.075419 1.115810
v 0.258109 0.080213 1.110809
v 0.271498 0.051033 1.114993
v 0.435916 0.095548 1.088997
v 0.443102 0.114233 1.080634
v 0.251205 0.096932 1.106179
v 0.285713 0.033859 1.108104
v 0.334682 0.011282 1.089648
v 0.373955 0.158159 1.082095
v 0.380994 0.151736 1.086426
v 0.398153 0.156519 1.074863
v 0.465704 0.106856 1.072731
v 0.488424 0.050620 1.059375
v 0.568495 0.108029 1.042578
v 0.191299 0.031202 1.108601
v 0.173832 0.006733 1.107769
v 0.224545 0.111043 1.105137
v 0.199396 0.059477 1.108296
v 0.234427 0.114278 1.103422
v 0.259189 0.140979 1.097166
v 0.241171 0.146059 1.097900
v 0.252616 -0.011551 1.096485
v 0.264387 -0.021653 1.089302
v 0.294099 0.152317 1.097480
v 0.300242 0.172695 1.082743
v 0.345019 0.001247 1.079613
v 0.360107 0.166660 1.077976
v 0.429684 0.030234 1.072623
v 0.449590 0.151397 1.062033
v 0.441875 0.009899 1.057903
v 0.460624 0.180821 1.044885
v 0.491383 0.162278 1.047355
v 0.484305 0.001348 1.043833
v 0.509031 0.159987 1.044527
v 0.569107 0.038228 1.038276
v 0.594809 0.055616 1.036161
v 0.599204 0.123637 1.032427
v 0.608791 0.103641 1.032582
v 0.653678 0.105846 1.018047
v 0.178920 0.150630 1.103639
v 0.142786 0.145343 1.101412
v 0.183986 -0.014814 1.104429
v 0.174331 0.178223 1.096432
v 0.205503 0.167357 1.098351
v 0.216019 -0.050349 1.092457
v 0.233226 0.165757 1.094741
v 0.260852 -0.062780 1.076000
v 0.391809 0.010573 1.074850
v 0.402027 -0.001236 1.061397
v 0.436759 -0.000379 1.054986
v 0.473685 -0.041917 1.027825
v 0.506911 0.177480 1.036932
v 0.573318 0.150739 1.032548
v 0.572221 0.174051 1.023290
v 0.556887 -0.000886 1.029871
v 0.593556 0.148679 1.027114
v 0.584895 -0.007683 1.022547
v 0.620368 -0.021384 1.008802
v 0.640565 0.160286 1.009738
v 0.650773 0.027929 1.013467
v 0.711042 0.073188 0.995520
v 0.121444 0.041561 1.101774
v 0.141929 0.070324 1.105529
v 0.117561 -0.003738 1.090483
v 0.142926 0.087976 1.104541
v 0.140901 -0.012385 1.098032
v 0.178762 0.185918 1.093538
v 0.247812 -0.071766 1.075114
v 0.281552 0.194705 1.076618
v 0.346413 -0.048516 1.054584
v 0.329205 -0.037214 1.063719
v 0.422625 0.168749 1.059136
v 0.504147 0.210269 1.017843
v 0.559335 -0.027306 1.019117
v 0.583679 -0.016908 1.019469
v 0.593499 -0.036964 1.009725
v 0.633565 0.186027 0.999693
v 0.693026 0.145248 0.994275
v 0.726167 0.107321 0.985939
v 0.100348 0.031478 1.093514
v 0.141242 0.156216 1.098765
v 0.109563 -0.004669 1.085336
v 0.163055 0.208878 1.077765
v 0.232609 0.225159 1.068718
v 0.269549 -0.085078 1.062050
v 0.279660 -0.083249 1.059206
v 0.269381 0.230135 1.058840
v 0.305156 0.199178 1.068819
v 0.300089 -0.094856 1.045381
v 0.360424 -0.057886 1.046422
v 0.369790 -0.043195 1.049406
v 0.389882 0.193077 1.052053
v 0.364233 0.208161 1.048908
v 0.414120 0.198216 1.043846
v 0.430959 0.210731 1.031559
v 0.412481 0.240684 1.015354
v 0.450667 0.215020 1.024944
v 0.439630 -0.050338 1.030272
v 0.431033 -0.062152 1.025650
v 0.552823 -0.059734 1.006492
v 0.602355 -0.038931 1.006885
v 0.621667 -0.052173 0.993694
v 0.717437 0.158642 0.977924
v 0.677506 -0.029047 0.986766
v 0.711488 -0.001227 0.983210
v 0.766430 0.051600 0.964811
v 0.105100 0.142892 1.092730
v 0.097026 0.058530 1.089553
v 0.105137 0.092538 1.090937
v 0.136393 -0.032572 1.086887
v 0.149317 -0.048333 1.083258
v 0.165839 -0.059669 1.081588
v 0.216532 -0.091992 1.064855
v 0.197150 -0.081881 1.071081
v 0.234111 -0.100918 1.057969
v 0.368048 -0.078409 1.032929
v 0.518582 0.227212 1.003091
v 0.668006 -0.036305 0.986644
v 0.735317 0.150978 0.971616
v 0.730334 0.169181 0.966903
v 0.741303 0.130983 0.973597
v 0.746224 0.100236 0.975180
v 0.772734 0.115274 0.956721
v 0.090266 0.146043 1.082213
v 0.118382 0.186364 1.076858
v 0.112290 0.160756 1.088926
v 0.135066 -0.052651 1.071419
v 0.164398 -0.071957 1.068791
v 0.251847 0.233708 1.059206
v 0.233315 0.242620 1.053609
v 0.250710 -0.114005 1.039728
v 0.263435 0.242277 1.050068
v 0.338161 0.240089 1.033926
v 0.345242 0.250845 1.022430
v 0.387957 -0.079839 1.025844
v 0.375099 -0.096448 1.019424
v 0.437729 -0.089582 1.008606
v 0.496860 -0.090919 0.996276
v 0.535645 -0.091987 0.986790
v 0.515818 -0.074669 1.004640
v 0.591392 -0.067801 0.991580
v 0.599415 -0.070272 0.987528
v 0.646006 -0.071223 0.974311
v 0.663112 0.206592 0.977846
v 0.720930 -0.027426 0.970282
v 0.747152 -0.015787 0.961691
v 0.086266 0.025541 1.080995
v 0.139006 -0.059310 1.064464
v 0.169802 0.231735 1.060125
v 0.208015 0.250488 1.044448
v 0.382929 -0.112569 1.006061
v 0.504500 -0.101785 0.984137
v 0.517816 0.240430 0.992586
v 0.538396 0.240546 0.987732
v 0.572131 0.236301 0.982628
v 0.677495 0.220611 0.961637
v 0.723261 0.192327 0.959836
v 0.740164 0.196857 0.948371
v 0.756038 0.175384 0.949327
v 0.745393 -0.058533 0.944555
v 0.745625 -0.043312 0.951621
v 0.764076 0.168857 0.946431
v 0.797808 0.019499 0.937449
v 0.778470 -0.017225 0.941171
v 0.787385 0.132602 0.942676
v 0.077449 0.038797 1.071186
v 0.075008 0.143215 1.063968
v 0.084746 0.067977 1.070832
v 0.088516 0.185092 1.061936
v 0.085822 0.085792 1.066338
v 0.104266 -0.018129 1.074646
v 0.123448 -0.049952 1.055683
v 0.171003 0.243584 1.043192
v 0.227061 0.257554 1.036385
v 0.349477 0.263943 1.004786
v 0.315522 0.262749 1.016133
v 0.331545 -0.126357 1.002941
v 0.413709 0.256636 0.999767
v 0.384665 0.258616 1.004346
v 0.448565 -0.109788 0.990524
v 0.425688 -0.118366 0.987850
v 0.567685 -0.097184 0.973358
v 0.542580 -0.104023 0.971506
v 0.661573 -0.083990 0.959721
v 0.643232 -0.089831 0.959710
v 0.672397 0.229007 0.957800
v 0.697709 0.225719 0.950086
v 0.723329 -0.089634 0.937099
v 0.746224 -0.078926 0.933662
v 0.802295 0.053021 0.937906
v 0.076037 0.075535 1.055108
v 0.095341 0.192756 1.060443
v 0.134913 0.223970 1.045586
v 0.448445 0.254500 0.993440
v 0.454116 -0.113063 0.984969
v 0.477022 0.249654 0.992125
v 0.496488 0.253600 0.984000
v 0.520664 -0.104228 0.976748
v 0.561255 0.263193 0.956986
v 0.581052 -0.091568 0.975503
v 0.629138 -0.098183 0.954333
v 0.641166 0.249601 0.948738
v 0.811052 0.139115 0.921333
v 0.812444 0.158940 0.911685
v 0.814759 0.115912 0.921108
v 0.829104 0.126415 0.906590
v 0.069707 0.167619 1.056421
v 0.070638 0.039847 1.057667
v 0.170564 0.244717 1.033769
v 0.154198 0.235668 1.029168
v 0.281039 0.271380 1.010919
v 0.363528 0.263922 1.001248
v 0.376439 0.270353 0.987337
v 0.507799 0.266780 0.964634
v 0.481893 0.274260 0.955512
v 0.731321 0.239805 0.924190
v 0.709949 0.250362 0.926161
v 0.752178 -0.092667 0.923058
v 0.768222 -0.079717 0.920477
v 0.783203 -0.066312 0.915955
v 0.108932 -0.038305 1.046818
v 0.392129 0.271993 0.979331
v 0.372784 -0.128656 0.983083
v 0.497961 -0.114911 0.966737
v 0.514350 0.276274 0.946139
v 0.570610 -0.119556 0.934964
v 0.602832 0.273518 0.930706
v 0.661935 -0.113616 0.929692
v 0.718839 -0.124718 0.917117
v 0.749398 -0.128293 0.902984
v 0.837577 0.132397 0.893985
v 0.398304 0.074924 0.978051
v 0.426894 0.272837 0.969194
v 0.471405 -0.120304 0.966850
v 0.492130 -0.119006 0.961202
v 0.537551 0.278729 0.938986
v 0.599445 -0.119794 0.927589
v 0.688564 -0.123621 0.919930
v 0.715838 -0.153436 0.896545
v 0.798086 -0.067051 0.900593
v 0.799179 0.203244 0.897850
v 0.850784 0.060624 0.883913
v 0.846178 0.098315 0.892889
v 0.773843 0.239642 0.896033
v 0.767886 0.257189 0.886258
v 0.796296 -0.088936 0.889484
v 0.848262 0.123059 0.878779
v 0.853642 0.098377 0.877645
v 0.757854 -0.144253 0.886283
v 0.798955 0.228340 0.878133
v 0.839219 0.002086 0.881043
v 0.860149 0.056650 0.862138
v 0.748211 0.270375 0.888870
v 0.831105 -0.048193 0.863240
v 0.461810 0.053038 1.068201
v 0.504894 0.067963 1.059358
v 0.487732 0.068867 1.065053
v 0.523817 0.038901 1.046756
v 0.553785 0.089390 1.048778
v 0.189292 0.021942 1.108438
v 0.203031 0.012315 1.107155
v 0.214455 0.087333 1.107324
v 0.198523 0.068850 1.108175
v 0.187023 0.083564 1.108221
v 0.228852 0.095262 1.106252
v 0.176157 0.043307 1.109252
v 0.209775 0.007822 1.106298
v 0.221840 -0.014256 1.101409
v 0.272062 -0.006701 1.090270
v 0.342012 0.166399 1.082787
v 0.532452 0.151396 1.042266
v 0.550837 0.037505 1.041391
v 0.578028 0.054702 1.040072
v 0.589099 0.109496 1.036962
v 0.633330 0.104427 1.024816
v 0.634738 0.072473 1.024523
v 0.157780 0.003596 1.106439
v 0.163906 0.115707 1.106218
v 0.287725 -0.017131 1.081340
v 0.500046 0.164048 1.044624
v 0.553441 0.160500 1.033564
v 0.589698 0.001705 1.024374
v 0.625654 -0.013458 1.009962
v 0.623017 0.011628 1.018192
v 0.660395 0.052046 1.013514
v 0.667259 0.039079 1.009411
v 0.706744 0.058821 0.996407
v 0.690126 0.053710 1.002488
v 0.424963 -0.010719 1.052551
v 0.525373 0.180283 1.030986
v 0.675246 0.137806 1.003983
v 0.671989 0.117887 1.009187
v 0.712192 0.108745 0.992771
v 0.700156 0.100943 0.999102
v 0.287401 0.211649 1.066259
v 0.311848 -0.062714 1.059089
v 0.307646 -0.079131 1.051931
v 0.376285 0.174727 1.066696
v 0.411078 0.186613 1.051381
v 0.454001 0.194687 1.037370
v 0.500280 -0.045866 1.021505
v 0.558078 -0.044293 1.012695
v 0.560130 0.192768 1.015726
v 0.628669 -0.036096 0.999354
v 0.665418 0.170403 0.996259
v 0.678080 -0.008515 0.994520
v 0.707850 -0.017977 0.979296
v 0.726782 0.033356 0.983603
v 0.503456 0.219070 1.011863
v 0.602855 0.211370 0.993156
v 0.582159 0.215564 0.995958
v 0.599778 0.197167 1.002914
v 0.742376 0.120450 0.974744
v 0.765260 0.097555 0.963749
v 0.363263 0.238721 1.028744
v 0.382461 0.239796 1.023165
v 0.490199 -0.078718 1.006116
v 0.678811 -0.050808 0.975566
v 0.750679 0.062864 0.975096
v 0.749468 0.073021 0.975814
v 0.781607 0.057755 0.955084
v 0.195089 -0.092736 1.054549
v 0.591750 0.237068 0.976636
v 0.740010 0.178739 0.957505
v 0.786253 0.001776 0.941692
v 0.180782 0.232523 1.061687
v 0.078842 0.149522 1.068976
v 0.183493 -0.091755 1.039053
v 0.203746 -0.102159 1.040767
v 0.630492 0.260066 0.940921
v 0.666641 0.243443 0.947292
v 0.748568 0.226486 0.924160
v 0.802010 -0.015507 0.922096
v 0.672861 0.272081 0.917800
v 0.751225 -0.112538 0.911932
v 0.793404 -0.045571 0.916651
v 0.836399 0.020711 0.893961
v 0.743959 -0.142742 0.896696
v 0.857041 0.107579 0.865212
v 0.270890 0.022844 1.098767
v 0.480451 0.086058 1.071802
v 0.485722 0.094981 1.069478
v 0.534835 0.050728 1.047762
v 0.540074 0.092545 1.052285
v 0.563200 0.067368 1.045927
v 0.220307 0.044205 1.107775
v 0.233826 0.035171 1.106663
v 0.208847 0.124652 1.106117
v 0.160486 0.056245 1.108793
v 0.218701 0.127274 1.103916
v 0.215243 0.053437 1.107868
v 0.259356 0.011416 1.099480
v 0.239723 0.030482 1.105559
v 0.234436 -0.043605 1.092750
v 0.309306 0.171072 1.082500
v 0.577543 0.022465 1.032839
v 0.588109 0.093662 1.039232
v 0.635564 0.052662 1.022357
v 0.653347 0.071662 1.018097
v 0.142332 0.123496 1.103729
v 0.255920 0.166096 1.091401
v 0.214939 0.179635 1.094476
v 0.299737 -0.031447 1.073623
v 0.479660 -0.049446 1.023263
v 0.557731 0.133972 1.041768
v 0.584155 0.167011 1.023660
v 0.583994 0.133435 1.034311
v 0.611225 0.018249 1.023345
v 0.627854 0.141609 1.019817
v 0.650528 -0.006408 1.004812
v 0.624667 0.159757 1.014878
v 0.662623 0.015658 1.006962
v 0.635167 0.027541 1.018552
v 0.692983 0.028498 0.998013
v 0.714427 0.054684 0.992725
v 0.719851 0.076656 0.991587
v 0.184928 -0.054170 1.090473
v 0.222905 -0.076272 1.077495
v 0.257854 -0.070434 1.072804
v 0.305170 0.189635 1.074108
v 0.261549 0.202242 1.076475
v 0.329325 -0.046104 1.060815
v 0.322677 -0.060387 1.057240
v 0.457796 -0.036382 1.033804
v 0.541250 0.208412 1.010996
v 0.536424 0.182555 1.027126
v 0.524052 -0.049962 1.016270
v 0.501846 -0.007578 1.035837
v 0.576457 -0.042470 1.010342
v 0.653673 0.123694 1.015704
v 0.666398 0.134566 1.008410
v 0.713208 0.133058 0.988394
v 0.739716 0.084793 0.980783
v 0.719751 0.112086 0.988708
v 0.198424 0.216937 1.076647
v 0.293814 -0.074011 1.058761
v 0.385642 0.209068 1.043595
v 0.345070 0.195788 1.060012
v 0.394880 0.210620 1.040550
v 0.435817 0.185522 1.046488
v 0.423984 0.226751 1.022731
v 0.464668 0.193767 1.036197
v 0.441193 0.230047 1.016709
v 0.602130 0.182258 1.010934
v 0.563232 0.208914 1.005709
v 0.619431 0.178044 1.008265
v 0.648685 -0.037903 0.992033
v 0.673992 0.166649 0.994493
v 0.705940 0.168460 0.979264
v 0.688707 0.185443 0.977230
v 0.667495 0.187525 0.986905
v 0.695711 -0.041382 0.974501
v 0.695073 -0.032013 0.978913
v 0.690767 0.008436 0.994741
v 0.747813 0.003592 0.966772
v 0.102201 0.127655 1.093422
v 0.322694 0.222976 1.050302
v 0.353726 0.224133 1.041886
v 0.482199 0.226073 1.011077
v 0.545269 -0.076876 0.996948
v 0.479232 0.234326 1.005403
v 0.480266 -0.092422 0.998705
v 0.180002 -0.086111 1.055086
v 0.786762 0.151568 0.936613
v 0.417965 -0.114970 0.993690
v 0.781632 0.162939 0.935957
v 0.576791 0.259359 0.957668
v 0.730713 0.224316 0.935835
v 0.832137 0.055422 0.909186
v 0.674114 0.246347 0.942400
v 0.654431 0.261743 0.932664
v 0.749402 0.244488 0.910717
v 0.814054 -0.045187 0.894080
v 0.790769 -0.067245 0.908207
v 0.842246 0.065332 0.899107
v 0.692899 -0.129780 0.915236
v 0.845953 0.119267 0.886044
v 0.844211 0.142598 0.875910
v 0.832714 -0.030068 0.873496
v 0.859549 0.098862 0.862819
v 0.455598 0.118509 1.072758
v 0.550175 0.113751 1.047063
v 0.262134 0.133560 1.099169
v 0.341872 0.088731 1.049736
v 0.100403 0.177769 1.073965
v 0.465533 -0.065760 1.017655
v 0.216606 0.247528 1.048464
v 0.243865 0.136390 1.100280
v 0.464327 0.130772 1.066966
v 0.476063 0.141504 1.059906
v 0.494900 0.145347 1.054206
v 0.678242 0.173899 0.989363
v 0.403066 0.237058 1.020410
v 0.463101 0.258348 0.985330
v 0.494278 0.239633 0.998071
v 0.835469 0.118658 0.901698
v 0.624254 -0.117041 0.929495
v 0.617207 -0.113984 0.937129
v 0.674598 0.282999 0.906106
v 0.519493 0.060836 1.053453
v 0.248381 -0.087848 1.066352
v 0.848633 0.004858 0.864839
v 0.188823 0.133403 1.105953
v 0.322376 -0.033672 1.067032
v 0.682205 0.009766 0.998576
v 0.306668 0.219079 1.056916
v 0.792841 0.039480 0.945129
v 0.825920 0.048550 0.914841
v 0.751215 0.251808 0.903681
v 0.140632 -0.068954 1.032559
v 0.147321 -0.075021 1.030919
v 0.174359 0.245588 1.024268
v 0.405558 0.077006 0.967578
v 0.474648 0.276880 0.950631
v 0.862018 0.051785 0.855616
v 0.408156 0.274713 0.966941
v 0.071127 0.067548 1.049608
v 0.202973 0.256380 1.017269
v 0.212281 0.260960 1.014985
v 0.451207 0.275819 0.956380
v 0.075319 0.098956 1.048580
v 0.497859 0.279840 0.944938
v 0.714210 0.286009 0.891870
v 0.861434 0.103608 0.855759
v 0.826346 -0.058994 0.864388
v 0.066481 -0.004139 1.050748
v 0.072521 0.078144 1.049266
v 0.418170 0.274913 0.964485
v 0.486749 0.278199 0.947663
v 0.863297 0.063629 0.855302
v 0.311322 0.277669 0.990693
v 0.322019 0.276791 0.988069
v 0.795691 -0.113720 0.871885
v 0.068537 0.045711 1.050243
v 0.119324 -0.042328 1.037786
v 0.859092 0.114129 0.856334
v 0.088045 -0.020279 1.045458
v 0.404224 0.062709 0.967905
v 0.843254 -0.019027 0.860222
v 0.846495 -0.010156 0.859423
v 0.672502 0.286997 0.902101
v 0.535839 -0.122688 0.935622
v 0.282296 -0.138295 0.997811
v 0.065895 0.143254 1.050892
v 0.270973 -0.134080 1.000589
v 0.260140 -0.131646 1.003246
v 0.105859 -0.031735 1.041088
v 0.811539 0.219882 0.867998
v 0.817386 0.211589 0.866563
v 0.386539 -0.129238 0.972242
v 0.499352 -0.124740 0.944572
v 0.517257 -0.123960 0.940180
v 0.079393 -0.016173 1.047580
v 0.821887 -0.068961 0.865464
v 0.851395 0.150652 0.858236
v 0.270098 0.279039 1.000803
v 0.770103 -0.141933 0.878161
v 0.777055 -0.135575 0.876456
v 0.525249 0.279549 0.938220
v 0.515060 0.276594 0.940719
v 0.692362 0.288327 0.897229
v 0.806246 -0.098521 0.869296
v 0.406684 0.064872 0.967301
v 0.404001 0.063920 0.967960
v 0.403373 0.063293 0.968114
v 0.403457 0.060919 0.968093
v 0.403419 0.063307 0.968102
v 0.702845 0.287655 0.894658
v 0.682237 0.287994 0.899713
v 0.806260 0.226934 0.869292
v 0.066213 0.035386 1.050813
v 0.864205 0.074836 0.855080
v 0.415607 0.065682 0.965113
v 0.683008 -0.147777 0.899524
v 0.692328 -0.151391 0.897238
v 0.220742 0.264412 1.012910
v 0.227400 0.266815 1.011277
v 0.427655 -0.128201 0.962139
v 0.860311 0.039816 0.856035
v 0.280341 0.279061 0.998291
v 0.090359 0.198956 1.045047
v 0.448040 -0.127157 0.957158
v 0.438386 -0.127678 0.959522
v 0.864381 0.084780 0.855036
v 0.811724 -0.089266 0.867952
v 0.417893 0.069973 0.964552
v 0.413805 0.066215 0.965555
v 0.747775 0.275914 0.883638
v 0.545159 -0.122563 0.933336
v 0.573770 -0.122270 0.926318
v 0.194999 -0.111959 1.019224
v 0.762402 -0.147972 0.880050
v 0.767085 0.265601 0.878901
v 0.722387 -0.159120 0.889865
v 0.733120 -0.159685 0.887232
v 0.213514 -0.121152 1.014683
v 0.613702 -0.123537 0.916536
v 0.187638 -0.107449 1.021030
v 0.783471 -0.128724 0.874882
v 0.789661 -0.121391 0.873364
v 0.642377 0.282155 0.909490
v 0.602295 -0.122444 0.919325
v 0.352347 0.276244 0.980629
v 0.184609 0.249484 1.021770
v 0.193913 0.252528 1.019491
v 0.301601 -0.141930 0.993076
v 0.311588 -0.139748 0.990626
v 0.291009 0.278773 0.995675
v 0.072046 0.120888 1.049382
v 0.757239 0.271368 0.881317
v 0.333046 0.276323 0.985364
v 0.362098 0.275816 0.978238
v 0.376685 -0.130263 0.974672
v 0.468667 -0.126540 0.952098
v 0.458147 -0.126760 0.954679
v 0.849673 -0.001159 0.858644
v 0.854787 0.134542 0.857390
v 0.665839 -0.139053 0.903735
v 0.246425 0.276100 1.006611
v 0.397412 0.274627 0.969576
v 0.506209 0.280287 0.942890
v 0.071957 -0.011444 1.049404
v 0.394985 -0.128772 0.970156
v 0.127162 -0.046721 1.035863
v 0.134522 -0.061398 1.034058
v 0.138362 0.227885 1.033097
v 0.403542 0.075907 0.968072
v 0.711630 -0.157267 0.892503
v 0.478866 -0.126186 0.949596
v 0.489214 -0.125469 0.947058
v 0.301226 0.278376 0.993169
v 0.777112 0.258260 0.876442
v 0.800621 0.233920 0.870675
v 0.838826 0.176392 0.861319
v 0.839861 -0.027778 0.861068
v 0.626595 0.280078 0.913361
v 0.109858 0.206194 1.040264
v 0.063528 0.023945 1.051472
v 0.062585 0.014766 1.051703
v 0.153729 -0.080867 1.029347
v 0.253651 0.277547 1.004838
v 0.233590 -0.127539 1.009758
v 0.545424 0.281179 0.933271
v 0.701181 -0.154461 0.895066
v 0.098604 -0.026189 1.042868
v 0.817145 -0.078961 0.866623
v 0.592377 -0.122094 0.921754
v 0.064414 0.153457 1.051255
v 0.417098 0.073233 0.964747
v 0.743690 -0.158098 0.884640
v 0.753605 -0.153795 0.882208
v 0.131117 0.222997 1.034890
v 0.179246 -0.102109 1.023088
v 0.069895 0.055943 1.049910
v 0.555000 -0.122627 0.930922
v 0.534343 0.280910 0.935989
v 0.564676 -0.122520 0.928549
v 0.064192 0.162836 1.051310
v 0.065858 0.172997 1.050901
v 0.343814 -0.133606 0.982731
v 0.852669 0.007857 0.857909
v 0.292407 -0.141786 0.995331
v 0.844004 0.166703 0.860094
v 0.855529 0.017557 0.857208
v 0.385688 0.274747 0.972452
v 0.603817 0.279854 0.918948
v 0.726176 0.283426 0.888935
v 0.428721 0.275208 0.961896
v 0.160889 -0.087987 1.027591
v 0.250893 -0.130529 1.005515
v 0.828920 0.194072 0.863734
v 0.082297 0.194206 1.046937
v 0.581544 0.280693 0.924411
v 0.569690 0.280986 0.927319
v 0.592773 0.280303 0.921657
v 0.793951 0.241718 0.872311
v 0.169712 -0.095523 1.025426
v 0.833877 0.185486 0.862518
v 0.623316 -0.124990 0.914183
v 0.639060 -0.127991 0.910316
v 0.439999 0.275525 0.959130
v 0.373536 0.275192 0.975432
v 0.582937 -0.122091 0.924070
v 0.312129 0.087934 1.120618
v 0.305235 0.078138 1.121470
v 0.320881 0.121698 1.119779
v 0.342519 0.032505 1.105513
v 0.332940 0.035409 1.109470
v 0.346588 0.066582 1.113099
v 0.357055 0.065806 1.107342
v 0.366652 0.066915 1.103880
v 0.381244 0.116900 1.104303
v 0.419970 0.074695 1.098887
v 0.265235 0.077423 1.113145
v 0.267357 0.068511 1.113669
v 0.311742 0.052021 1.120526
v 0.304427 0.044729 1.118303
v 0.357437 0.137166 1.104812
v 0.363478 0.103124 1.098514
v 0.398478 0.074261 1.101108
v 0.441947 0.103007 1.084215
v 0.443816 0.081092 1.085385
v 0.391695 0.029281 1.092380
v 0.420822 0.046442 1.090737
v 0.437838 0.051528 1.081994
v 0.435661 0.061109 1.091905
v 0.437113 0.044156 1.077335
v 0.245890 0.087603 1.106992
v 0.274698 0.115730 1.110394
v 0.274090 0.115171 1.109589
v 0.281432 0.105704 1.114780
v 0.283615 0.116828 1.111651
v 0.293471 0.130178 1.110242
v 0.299452 0.012714 1.093443
v 0.315522 0.010564 1.091200
v 0.316323 0.024504 1.103117
v 0.339759 0.081443 1.074683
v 0.355301 0.022013 1.095906
v 0.350379 0.028051 1.101489
v 0.364467 0.023098 1.095575
v 0.368973 0.013426 1.085325
v 0.362683 0.007639 1.081723
v 0.384416 0.080284 1.089337
v 0.380783 0.080136 1.081368
v 0.376033 0.074621 1.089116
v 0.390695 0.162448 1.072652
v 0.401397 0.142443 1.085698
v 0.419292 0.136905 1.083162
v 0.426426 0.138982 1.077127
v 0.439712 0.131736 1.075078
v 0.440532 0.137034 1.070975
v 0.451809 0.055197 1.072586
v 0.449773 0.063642 1.079243
v 0.512396 0.118494 1.057606
v 0.497587 0.125283 1.059521
v 0.502067 0.098515 1.063881
v 0.202031 0.021124 1.107762
v 0.191931 0.074734 1.108261
v 0.244845 0.115754 1.103475
v 0.240343 0.108064 1.104115
v 0.231825 -0.026369 1.097253
v 0.324876 0.011015 1.090732
v 0.339648 0.153856 1.094593
v 0.359965 0.075310 1.079129
v 0.388583 0.075540 1.069717
v 0.376549 0.069881 1.070670
v 0.395367 0.075205 1.065957
v 0.389497 0.066567 1.060633
v 0.396863 0.088712 1.066677
v 0.421514 0.025841 1.074241
v 0.445804 0.159356 1.059061
v 0.441851 0.167995 1.055569
v 0.435783 0.025415 1.066987
v 0.453269 0.032188 1.063754
v 0.463379 0.171812 1.049068
v 0.453783 0.170235 1.051989
v 0.559765 0.042261 1.040890
v 0.557668 0.049900 1.042961
v 0.621475 0.065617 1.028429
v 0.613026 0.062094 1.030935
v 0.181550 -0.005590 1.106170
v 0.167003 0.000700 1.106857
v 0.188357 0.166808 1.100237
v 0.178470 0.160987 1.101801
v 0.187930 0.156118 1.102579
v 0.186982 -0.023575 1.102261
v 0.174510 -0.012669 1.104747
v 0.196530 0.172510 1.098496
v 0.285169 -0.001020 1.087969
v 0.292228 0.006355 1.090058
v 0.332526 0.099990 1.103106
v 0.343491 0.095879 1.078053
v 0.337124 0.092476 1.070633
v 0.345959 0.094921 1.068195
v 0.364475 0.098484 1.074242
v 0.397087 0.004551 1.067871
v 0.406966 0.006332 1.065479
v 0.401843 0.013049 1.072907
v 0.534547 0.003415 1.034375
v 0.534938 0.014174 1.037788
v 0.595249 -0.004952 1.021110
v 0.605224 -0.002525 1.019252
v 0.651512 0.048901 1.016337
v 0.127441 0.011369 1.099881
v 0.129347 0.002967 1.098356
v 0.152436 0.087059 1.106302
v 0.134954 0.074758 1.103661
v 0.145068 0.078574 1.105534
v 0.136855 0.001352 1.100719
v 0.186325 0.177628 1.097203
v 0.210057 -0.065370 1.085285
v 0.220972 -0.059296 1.088072
v 0.237090 -0.063542 1.083143
v 0.252385 -0.063856 1.078642
v 0.326569 0.084251 1.083220
v 0.339542 0.090950 1.061410
v 0.368777 0.073364 1.066528
v 0.359104 0.076066 1.064618
v 0.383166 0.096412 1.064762
v 0.388625 -0.012089 1.058282
v 0.427609 0.160768 1.062275
v 0.443035 -0.042879 1.033526
v 0.442769 -0.033443 1.038538
v 0.518500 0.189061 1.027674
v 0.592330 -0.028176 1.013574
v 0.709068 0.101371 0.994964
v 0.112411 0.113412 1.096701
v 0.113058 0.045270 1.099239
v 0.102264 0.042958 1.095295
v 0.110775 0.030060 1.097374
v 0.126455 0.069349 1.101878
v 0.132362 0.149086 1.098691
v 0.131169 0.113211 1.099155
v 0.140881 0.165962 1.095245
v 0.130971 -0.023352 1.089084
v 0.131651 -0.013694 1.093728
v 0.156817 0.172503 1.096589
v 0.158137 0.182169 1.092785
v 0.169583 0.202176 1.083662
v 0.173713 0.193971 1.089096
v 0.188770 0.196224 1.088814
v 0.258976 -0.087094 1.064446
v 0.264041 -0.077697 1.067206
v 0.274391 -0.075385 1.064753
v 0.263932 0.217849 1.068105
v 0.294571 -0.088447 1.051064
v 0.318868 -0.069588 1.053816
v 0.357783 0.093132 1.049893
v 0.367629 0.095342 1.052675
v 0.372227 0.096102 1.041425
v 0.396481 0.076555 1.045191
v 0.385909 0.074390 1.044782
v 0.401756 0.077533 1.046432
v 0.402385 0.075744 1.053911
v 0.709522 0.162448 0.980175
v 0.710243 0.153681 0.983396
v 0.718862 0.027271 0.986338
v 0.714552 0.017180 0.986398
v 0.752472 0.033673 0.970293
v 0.098907 0.149160 1.087126
v 0.123233 0.146619 1.097433
v 0.114706 0.144449 1.095716
v 0.104339 0.052692 1.095369
v 0.095348 0.049259 1.090860
v 0.141778 -0.041068 1.084551
v 0.206406 -0.087388 1.067399
v 0.196668 -0.088468 1.063257
v 0.209940 -0.095225 1.059092
v 0.328706 -0.089189 1.039249
v 0.333126 -0.080842 1.043063
v 0.349082 0.077600 1.035471
v 0.341131 0.079362 1.041178
v 0.347407 0.084292 1.045125
v 0.343246 0.081898 1.065050
v 0.381283 0.077147 1.036487
v 0.386349 0.088667 1.037640
v 0.376659 0.086598 1.035976
v 0.513765 0.212711 1.014196
v 0.595439 0.205165 0.999133
v 0.675491 0.196508 0.976810
v 0.723974 0.163915 0.972437
v 0.726450 0.154420 0.975104
v 0.738186 0.141137 0.973177
v 0.095292 0.132381 1.088229
v 0.096342 0.107879 1.085131
v 0.092833 -0.012446 1.068340
v 0.119070 0.194999 1.071371
v 0.168899 0.217278 1.072951
v 0.173671 -0.065499 1.079513
v 0.189077 -0.076629 1.073917
v 0.188183 -0.083018 1.067113
v 0.241284 0.230565 1.063353
v 0.242910 0.238366 1.056525
v 0.233397 0.235964 1.059850
v 0.255326 -0.109250 1.047223
v 0.249214 -0.103951 1.054841
v 0.261293 0.235660 1.056119
v 0.285607 -0.108125 1.039860
v 0.277258 -0.105252 1.045639
v 0.328174 -0.101052 1.030511
v 0.357190 0.091481 1.041147
v 0.363488 0.080892 1.035659
v 0.369127 0.084538 1.040891
v 0.378526 -0.078892 1.029271
v 0.370553 -0.087726 1.026301
v 0.381764 -0.087991 1.022685
v 0.412251 -0.074736 1.022580
v 0.442171 -0.081718 1.012650
v 0.472858 -0.077400 1.009908
v 0.524499 -0.079165 0.999736
v 0.576663 -0.079110 0.987449
v 0.559803 -0.082976 0.988568
v 0.657530 0.201236 0.983209
v 0.745577 -0.025630 0.959008
v 0.777814 0.094456 0.955286
v 0.742869 0.067095 0.979738
v 0.790362 0.080812 0.947843
v 0.129667 -0.053227 1.064214
v 0.160738 0.226753 1.062093
v 0.179453 -0.082672 1.062472
v 0.282882 -0.114394 1.033089
v 0.274937 -0.111239 1.039110
v 0.293073 -0.112281 1.032982
v 0.301929 -0.108987 1.033384
v 0.303375 0.228581 1.051504
v 0.309387 -0.112786 1.026687
v 0.368318 -0.104670 1.015914
v 0.372080 -0.112061 1.009548
v 0.507018 -0.087863 0.996641
v 0.502594 -0.094962 0.991672
v 0.510347 -0.095797 0.989027
v 0.620948 -0.073726 0.979932
v 0.622985 -0.080475 0.967923
v 0.644546 0.213290 0.979844
v 0.648570 0.205081 0.983864
v 0.649871 0.218164 0.974609
v 0.663095 -0.075895 0.965705
v 0.680849 0.200117 0.969479
v 0.694530 0.209260 0.959620
v 0.715567 0.188211 0.965325
v 0.731802 0.194446 0.954410
v 0.739450 -0.052657 0.950274
v 0.737493 -0.062967 0.945985
v 0.736341 -0.044200 0.955840
v 0.764098 0.177280 0.942856
v 0.769420 0.156233 0.947469
v 0.763673 0.160957 0.949849
v 0.763141 0.152377 0.953455
v 0.790804 0.113460 0.944214
v 0.775971 0.124668 0.952736
v 0.780246 0.114901 0.951676
v 0.797440 0.087621 0.941416
v 0.079646 0.124835 1.066059
v 0.085413 0.123936 1.075712
v 0.091233 0.073427 1.077216
v 0.088447 0.062326 1.078783
v 0.073682 0.177117 1.056475
v 0.079297 0.185688 1.055024
v 0.109386 -0.013161 1.081113
v 0.110623 -0.027336 1.074293
v 0.102991 -0.026670 1.068849
v 0.136003 0.215590 1.061737
v 0.127426 0.214667 1.057772
v 0.126905 0.207824 1.064813
v 0.145048 0.226536 1.054472
v 0.152645 0.227122 1.058699
v 0.156978 -0.073278 1.053580
v 0.160530 -0.073655 1.061701
v 0.177265 0.243464 1.047568
v 0.169858 0.239030 1.051245
v 0.210003 -0.102915 1.046380
v 0.225164 -0.109695 1.043877
v 0.221929 -0.113072 1.034093
v 0.217318 0.254368 1.040166
v 0.355190 0.077308 1.020360
v 0.342147 -0.115950 1.012533
v 0.411267 -0.101127 1.005532
v 0.434172 -0.120720 0.982196
v 0.538893 -0.098409 0.979165
v 0.529209 -0.105691 0.972593
v 0.625078 -0.079665 0.965162
v 0.733511 -0.072680 0.942725
v 0.770337 -0.052743 0.933125
v 0.761834 -0.053078 0.938375
v 0.801943 0.081646 0.936109
v 0.801489 0.072143 0.937690
v 0.807246 0.084713 0.927905
v 0.071614 -0.000595 1.056972
v 0.069003 0.029133 1.057773
v 0.073350 0.025159 1.064180
v 0.073919 0.033123 1.064947
v 0.081027 0.080866 1.060535
v 0.076469 0.067589 1.058140
v 0.086008 0.077771 1.068480
v 0.097592 0.185709 1.066929
v 0.103195 -0.033813 1.062948
v 0.103149 0.201522 1.057329
v 0.104305 0.193282 1.065155
v 0.106344 -0.038392 1.054895
v 0.101521 -0.033031 1.048911
v 0.130243 0.218948 1.052662
v 0.236583 0.261400 1.031821
v 0.227886 0.263533 1.027649
v 0.236994 -0.123056 1.019677
v 0.229440 -0.118408 1.026546
v 0.264969 0.257978 1.032849
v 0.286164 -0.124867 1.017083
v 0.303051 -0.122829 1.016935
v 0.284862 -0.130404 1.008814
v 0.302437 -0.127866 1.010673
v 0.309053 -0.119120 1.019599
v 0.355273 0.072653 1.010087
v 0.379432 0.073700 1.000792
v 0.393662 -0.111740 1.003041
v 0.565858 -0.109203 0.959187
v 0.586804 -0.095751 0.969827
v 0.614290 0.257131 0.949225
v 0.620513 0.249169 0.955799
v 0.667448 -0.094151 0.948111
v 0.771133 0.195385 0.928571
v 0.812298 0.149108 0.916291
v 0.822707 0.125334 0.913322
v 0.823881 0.134563 0.909838
v 0.816437 0.123646 0.919726
v 0.802898 0.027616 0.934507
v 0.805159 0.018255 0.930419
v 0.815495 0.023780 0.920782
v 0.069527 0.159080 1.057204
v 0.086085 -0.021618 1.052363
v 0.118416 0.212457 1.040530
v 0.139499 -0.061527 1.048066
v 0.140798 -0.064214 1.040166
v 0.163930 -0.076521 1.040971
v 0.157146 -0.073904 1.037319
v 0.162291 -0.081110 1.033312
v 0.168884 -0.082893 1.038477
v 0.174416 -0.088169 1.036693
v 0.196852 -0.101885 1.034178
v 0.204332 -0.106952 1.031937
v 0.271874 0.273709 1.009331
v 0.273935 0.267849 1.017794
v 0.380337 0.265528 0.995607
v 0.369823 0.267423 0.994288
v 0.373273 0.261685 1.002550
v 0.398892 0.065829 0.990853
v 0.397826 0.068257 0.988903
v 0.499035 0.269852 0.961169
v 0.488995 0.263826 0.972450
v 0.499148 0.264351 0.969594
v 0.682592 -0.090636 0.941956
v 0.760239 -0.086497 0.921847
v 0.745450 -0.088971 0.928535
v 0.765405 0.201514 0.929277
v 0.775977 -0.082839 0.913111
v 0.768079 -0.089627 0.915182
v 0.803195 -0.029758 0.914391
v 0.814994 0.092426 0.915999
v 0.815327 0.077470 0.918076
v 0.821986 0.075875 0.913887
v 0.821639 0.091943 0.907933
v 0.837180 0.081944 0.903129
v 0.831806 0.109566 0.905310
v 0.831043 0.073345 0.909306
v 0.299566 -0.134928 1.002283
v 0.333469 -0.130639 0.995351
v 0.323941 -0.128802 1.002140
v 0.358351 -0.121822 1.001443
v 0.386977 0.269119 0.987893
v 0.397241 0.268064 0.987466
v 0.382597 0.272631 0.980244
v 0.411357 0.064683 0.977686
v 0.442289 -0.122195 0.975078
v 0.596021 0.265173 0.944752
v 0.594227 0.270996 0.936911
v 0.643980 -0.101071 0.947602
v 0.835716 0.030165 0.898135
v 0.826234 0.028680 0.909649
v 0.847668 0.082740 0.892760
v 0.365445 -0.131338 0.977439
v 0.403975 0.077844 0.975868
v 0.414764 0.073157 0.974465
v 0.469910 0.268638 0.968254
v 0.479004 0.266414 0.970433
v 0.472038 0.273299 0.958618
v 0.495935 -0.121880 0.953011
v 0.606352 -0.112968 0.941779
v 0.654441 -0.123327 0.918241
v 0.644428 -0.120532 0.921210
v 0.777046 -0.103519 0.899987
v 0.784147 -0.095150 0.898811
v 0.801991 0.194282 0.900921
v 0.825549 0.160926 0.894739
v 0.814797 0.166126 0.905176
v 0.849565 0.076376 0.888672
v 0.767686 -0.109684 0.903437
v 0.770595 -0.117672 0.895903
v 0.787220 0.236454 0.885158
v 0.787423 0.242444 0.879688
v 0.853535 0.048231 0.875714
v 0.543699 -0.119829 0.942234
v 0.777573 0.231231 0.899228
v 0.853754 0.106506 0.874316
v 0.857648 0.072818 0.870717
v 0.799263 -0.101051 0.877121
v 0.386530 0.002289 1.069885
v 0.296283 0.143676 1.103911
v 0.288923 0.136319 1.105625
v 0.286262 0.025369 1.102395
v 0.393278 0.036539 1.097562
v 0.375113 0.034396 1.101773
v 0.364098 0.072690 1.087859
v 0.369609 0.072568 1.097120
v 0.355366 0.101625 1.093162
v 0.312875 0.141111 1.108155
v 0.303256 0.150714 1.099887
v 0.402239 0.042351 1.096496
v 0.393631 0.064425 1.105585
v 0.388629 0.072461 1.099476
v 0.383432 0.066906 1.102923
v 0.367229 0.029646 1.100338
v 0.365364 0.038319 1.105950
v 0.353422 0.037316 1.107448
v 0.321592 0.138530 1.112641
v 0.338093 0.143037 1.105514
v 0.414024 0.101592 1.097847
v 0.415169 0.083666 1.097943
v 0.410118 0.093013 1.096720
v 0.422106 0.066006 1.098941
v 0.400940 0.064634 1.103168
v 0.417320 0.112139 1.097728
v 0.398840 0.107745 1.101994
v 0.403704 0.050815 1.101511
v 0.365971 0.132487 1.105484
v 0.383355 0.049586 1.106454
v 0.344056 0.049851 1.113789
v 0.294207 0.120529 1.113855
v 0.313810 0.133837 1.114775
v 0.306731 0.062121 1.122475
v 0.317029 0.060050 1.121140
v 0.296484 0.072485 1.120737
v 0.298912 0.099859 1.119024
v 0.292388 0.081347 1.119231
v 0.300173 0.085206 1.120635
v 0.322765 0.067801 1.119655
v 0.284196 0.087189 1.117014
v 0.272355 0.059559 1.115338
v 0.263205 0.087433 1.112539
v 0.427319 0.100290 1.094727
v 0.431604 0.116241 1.090034
v 0.430465 0.089073 1.093239
v 0.252465 0.059340 1.108651
v 0.268981 0.039748 1.108120
v 0.257852 0.051050 1.109926
v 0.253763 0.043004 1.105141
v 0.272474 0.032270 1.104605
v 0.331044 0.154387 1.095653
v 0.411735 0.046274 1.095220
v 0.414722 0.039200 1.088131
v 0.259741 0.096491 1.110083
v 0.264900 0.110480 1.109142
v 0.279564 0.135353 1.102635
v 0.267035 0.120006 1.105746
v 0.325053 0.023253 1.101031
v 0.342950 0.009317 1.086731
v 0.352437 0.008133 1.084327
v 0.371118 0.151583 1.088798
v 0.383820 0.143604 1.091856
v 0.421574 0.128433 1.089539
v 0.413678 0.133009 1.089832
v 0.408678 0.163163 1.065687
v 0.413243 0.153935 1.070549
v 0.422766 0.152410 1.067906
v 0.435645 0.122962 1.081398
v 0.446463 0.123263 1.075592
v 0.469111 0.098573 1.073484
v 0.504963 0.020454 1.045190
v 0.496142 0.015548 1.046345
v 0.484364 0.060052 1.063464
v 0.471286 0.051667 1.064866
v 0.461517 0.028112 1.060044
v 0.515515 0.051415 1.051818
v 0.509804 0.059870 1.055677
v 0.483638 0.077245 1.068836
v 0.478157 0.069097 1.068117
v 0.477093 0.094433 1.072357
v 0.473502 0.106456 1.070341
v 0.486821 0.139155 1.058400
v 0.489469 0.121947 1.062425
v 0.496571 0.134910 1.057017
v 0.517065 0.109064 1.057737
v 0.494432 0.093392 1.066891
v 0.489820 0.085854 1.068656
v 0.529069 0.074993 1.055187
v 0.537226 0.081842 1.052724
v 0.542157 0.111578 1.049703
v 0.545368 0.121853 1.047661
v 0.563184 0.087013 1.046463
v 0.560071 0.077308 1.047297
v 0.202127 0.003367 1.106366
v 0.224019 0.087125 1.106989
v 0.198749 0.112714 1.107405
v 0.191963 0.092702 1.107900
v 0.176986 0.084798 1.108326
v 0.166534 0.039958 1.109433
v 0.216265 0.069597 1.107634
v 0.170000 0.060302 1.108940
v 0.168463 0.050311 1.109217
v 0.235229 0.086958 1.106642
v 0.261182 0.020741 1.100960
v 0.255027 0.027807 1.103193
v 0.250432 0.016994 1.102000
v 0.234052 0.020836 1.105255
v 0.221181 -0.005562 1.103138
v 0.212295 -0.010685 1.103350
v 0.269294 0.129464 1.102128
v 0.270451 0.153068 1.093717
v 0.251396 -0.002404 1.098441
v 0.262662 -0.011886 1.092705
v 0.266105 -0.001390 1.093858
v 0.275922 0.003889 1.092798
v 0.284962 0.155518 1.094110
v 0.318686 0.160477 1.091240
v 0.320828 0.167640 1.084376
v 0.286092 0.163097 1.088510
v 0.336805 0.004860 1.084015
v 0.327856 0.170987 1.079416
v 0.356260 0.000922 1.077022
v 0.352599 0.162464 1.083631
v 0.354339 0.154653 1.090261
v 0.383110 0.168128 1.070372
v 0.351070 0.168410 1.078798
v 0.452818 0.143227 1.064928
v 0.431287 0.006452 1.059245
v 0.452533 0.009747 1.055092
v 0.455724 0.157660 1.057695
v 0.461585 0.140624 1.063837
v 0.475533 0.032460 1.057735
v 0.514002 0.015666 1.042117
v 0.519322 0.007411 1.038471
v 0.544389 0.019008 1.037781
v 0.557556 0.008964 1.032908
v 0.559566 0.019328 1.035711
v 0.542607 0.044402 1.044619
v 0.593839 0.131678 1.032084
v 0.575722 0.100367 1.041653
v 0.638917 0.096330 1.023435
v 0.649459 0.095190 1.020069
v 0.642776 0.105146 1.021678
v 0.618960 0.103091 1.029463
v 0.627687 0.114608 1.025587
v 0.613754 0.110684 1.030375
v 0.583224 0.080100 1.041709
v 0.611393 0.052209 1.030261
v 0.600803 0.073130 1.035981
v 0.595975 0.065932 1.037027
v 0.188348 0.144892 1.104488
v 0.169601 0.154543 1.102766
v 0.134663 0.128520 1.102212
v 0.170597 0.014745 1.108679
v 0.163649 0.009380 1.108055
v 0.155744 0.103479 1.106037
v 0.157044 0.095510 1.106541
v 0.170983 0.103116 1.107410
v 0.198585 0.150715 1.103328
v 0.166778 0.170945 1.098479
v 0.194138 -0.017811 1.103583
v 0.210364 0.151029 1.101244
v 0.243005 -0.048436 1.089350
v 0.230439 -0.059040 1.087079
v 0.213456 -0.020850 1.101280
v 0.210010 -0.043439 1.095418
v 0.226963 0.141552 1.100548
v 0.239481 0.157196 1.095676
v 0.229829 0.157453 1.096854
v 0.266636 0.163449 1.090443
v 0.280555 -0.038826 1.077036
v 0.271829 -0.043851 1.079168
v 0.283673 -0.024282 1.080106
v 0.281763 -0.010706 1.085493
v 0.301734 0.004405 1.088102
v 0.301070 -0.008088 1.081232
v 0.311338 0.003312 1.086683
v 0.316475 -0.003689 1.081329
v 0.493236 -0.021817 1.031635
v 0.488012 -0.014237 1.036356
v 0.563555 0.146277 1.036709
v 0.562870 0.154456 1.033712
v 0.553567 0.151408 1.037181
v 0.575065 0.134681 1.036330
v 0.579246 0.142072 1.033323
v 0.595197 0.020835 1.028173
v 0.620690 0.135628 1.023479
v 0.615741 0.001885 1.017560
v 0.614958 -0.015051 1.012668
v 0.645343 -0.013873 1.003765
v 0.640488 -0.006515 1.007813
v 0.620794 0.022173 1.021621
v 0.655311 0.079736 1.017925
v 0.661108 0.066216 1.014782
v 0.642061 0.045960 1.019297
v 0.634304 0.044185 1.021697
v 0.688729 0.037489 1.001068
v 0.714472 0.064654 0.993685
v 0.138277 0.033561 1.106402
v 0.122028 0.051548 1.101866
v 0.119895 0.029517 1.100457
v 0.152194 0.059683 1.107820
v 0.136628 0.056920 1.105526
v 0.126258 -0.004512 1.094607
v 0.142102 0.014006 1.105371
v 0.138687 0.104723 1.102670
v 0.147585 0.108590 1.104841
v 0.140318 0.114387 1.102991
v 0.157244 0.075409 1.107605
v 0.129504 0.087102 1.100885
v 0.134948 0.065673 1.104494
v 0.150904 -0.009581 1.101973
v 0.153535 0.011690 1.107351
v 0.157590 -0.037887 1.093008
v 0.167641 0.186265 1.092446
v 0.181345 -0.044567 1.094802
v 0.218431 -0.065977 1.084589
v 0.205133 -0.035049 1.098479
v 0.242142 0.196727 1.082367
v 0.251062 0.204442 1.077511
v 0.207275 0.191350 1.090824
v 0.251537 0.176098 1.088494
v 0.262353 0.173718 1.087358
v 0.257866 0.184166 1.084204
v 0.227879 -0.064995 1.084176
v 0.335096 -0.022546 1.067231
v 0.304957 -0.054733 1.064268
v 0.301655 -0.046241 1.068228
v 0.315431 -0.052890 1.062270
v 0.321546 -0.011206 1.075344
v 0.340264 -0.015288 1.069020
v 0.367475 -0.005025 1.069755
v 0.382002 -0.006256 1.064378
v 0.378905 -0.015058 1.059245
v 0.431760 0.170606 1.056303
v 0.414622 0.167925 1.061311
v 0.412032 -0.020635 1.050552
v 0.395340 -0.017081 1.054970
v 0.463073 -0.028750 1.036375
v 0.468140 -0.035468 1.032084
v 0.523528 0.206063 1.016533
v 0.534840 0.203302 1.015577
v 0.510919 -0.008138 1.034195
v 0.508922 -0.025960 1.027905
v 0.564977 -0.019008 1.021548
v 0.576303 -0.029431 1.015747
v 0.593149 -0.019545 1.016718
v 0.658454 0.184735 0.991817
v 0.660386 0.193660 0.986212
v 0.613529 0.172248 1.012906
v 0.640593 0.121337 1.020618
v 0.679452 0.122082 1.005315
v 0.663894 0.123459 1.011649
v 0.657742 0.132479 1.012320
v 0.726278 0.083497 0.988175
v 0.711318 0.117082 0.992117
v 0.685240 0.093847 1.006381
v 0.695275 0.093173 1.002002
v 0.113270 0.056510 1.098494
v 0.105330 0.061461 1.093878
v 0.120813 0.137485 1.098854
v 0.151987 0.153617 1.101294
v 0.134398 0.138575 1.101235
v 0.111010 0.005075 1.090321
v 0.148089 -0.024517 1.096054
v 0.147135 -0.033465 1.091401
v 0.150392 0.187339 1.088259
v 0.182998 0.212327 1.078975
v 0.163141 0.194369 1.087236
v 0.197945 0.193911 1.090028
v 0.189975 0.220189 1.074190
v 0.223166 0.212040 1.077974
v 0.264408 -0.095132 1.058887
v 0.270296 -0.101724 1.052453
v 0.285298 -0.091601 1.052954
v 0.313062 0.182751 1.075588
v 0.304894 0.180131 1.079144
v 0.305330 0.208856 1.063234
v 0.296464 0.215108 1.061971
v 0.295458 0.204587 1.068207
v 0.285068 0.202953 1.071522
v 0.276182 0.201948 1.073875
v 0.303823 -0.086507 1.049013
v 0.298122 -0.080467 1.054123
v 0.288002 -0.066788 1.064006
v 0.327596 0.191957 1.066391
v 0.331155 0.185315 1.069190
v 0.370952 -0.057952 1.043090
v 0.375845 -0.049550 1.045379
v 0.365744 -0.050686 1.047714
v 0.385043 0.176016 1.063722
v 0.355020 0.193026 1.059388
v 0.352440 0.184622 1.064735
v 0.396816 -0.024327 1.051656
v 0.386651 0.217608 1.038086
v 0.433154 0.193736 1.041789
v 0.443229 0.191217 1.041488
v 0.445192 0.199999 1.035506
v 0.452743 0.202831 1.032428
v 0.466982 0.208419 1.026257
v 0.431283 0.232777 1.016886
v 0.418162 -0.043633 1.038561
v 0.410066 -0.038682 1.042798
v 0.408869 -0.047177 1.038864
v 0.484572 -0.040354 1.026211
v 0.504847 -0.036784 1.024356
v 0.568435 -0.047634 1.009449
v 0.535814 -0.032952 1.020851
v 0.532979 -0.049617 1.014878
v 0.550537 0.190478 1.019306
v 0.546357 0.177077 1.027902
v 0.588873 0.175151 1.018513
v 0.576040 0.180523 1.018785
v 0.561466 0.200586 1.010927
v 0.552136 0.206692 1.009598
v 0.551396 0.197811 1.014907
v 0.615009 -0.046005 0.999241
v 0.620599 0.206607 0.991309
v 0.631319 -0.049034 0.991762
v 0.624309 -0.044370 0.996915
v 0.640727 -0.026506 1.000140
v 0.638910 -0.034728 0.996774
v 0.624634 -0.028625 1.004350
v 0.610260 -0.023033 1.011176
v 0.619308 -0.037211 1.002224
v 0.702234 0.176304 0.977373
v 0.667219 0.145676 1.005234
v 0.676809 0.148067 1.000522
v 0.703883 -0.034925 0.974249
v 0.694686 -0.004495 0.989286
v 0.714338 -0.009706 0.979424
v 0.703328 -0.008851 0.984282
v 0.698148 -0.018007 0.983176
v 0.721020 0.048715 0.989006
v 0.697861 0.012775 0.992810
v 0.749745 0.014928 0.968173
v 0.736448 0.007494 0.973757
v 0.779316 0.040197 0.955204
v 0.766207 0.042724 0.963907
v 0.765344 0.033163 0.962953
v 0.750595 0.052489 0.974282
v 0.743412 0.056980 0.978904
v 0.741021 0.042604 0.978067
v 0.108202 0.123069 1.096880
v 0.101631 0.135300 1.092553
v 0.087883 0.044263 1.085361
v 0.101079 0.019974 1.090272
v 0.108746 0.152067 1.091132
v 0.101735 0.158844 1.085680
v 0.099235 0.066577 1.088353
v 0.151000 -0.041663 1.088532
v 0.134758 -0.045692 1.077486
v 0.158089 -0.046555 1.088171
v 0.212057 -0.100119 1.053111
v 0.216006 -0.082782 1.072771
v 0.205168 -0.078751 1.075459
v 0.253862 -0.096147 1.060786
v 0.242711 -0.096485 1.061646
v 0.239572 -0.088258 1.067418
v 0.335088 0.198302 1.061115
v 0.342192 0.204183 1.056217
v 0.335344 -0.071248 1.047988
v 0.350180 -0.093984 1.028585
v 0.349215 -0.058185 1.049872
v 0.392867 0.080317 1.038053
v 0.501676 0.233296 1.001806
v 0.490384 0.231713 1.005265
v 0.491702 0.222649 1.011634
v 0.548965 -0.068087 1.002241
v 0.542243 -0.060550 1.008038
v 0.539054 -0.070152 1.002938
v 0.605997 0.189176 1.005963
v 0.613007 0.213717 0.988861
v 0.605121 0.220479 0.986293
v 0.573997 0.211141 1.001359
v 0.654384 -0.050917 0.983398
v 0.640632 -0.044084 0.991362
v 0.645342 -0.053146 0.985073
v 0.729082 0.143870 0.977444
v 0.719687 0.148359 0.980795
v 0.741018 0.158163 0.965570
v 0.739531 0.168286 0.962458
v 0.717997 0.179399 0.968473
v 0.711755 0.173522 0.974162
v 0.756988 0.148302 0.959087
v 0.754638 0.135311 0.964398
v 0.732486 0.133949 0.978255
v 0.751474 0.108101 0.970934
v 0.728377 0.116449 0.983582
v 0.755951 0.097193 0.969563
v 0.760383 0.106907 0.965634
v 0.096390 0.116343 1.087893
v 0.087545 -0.003760 1.069138
v 0.089124 0.003986 1.074373
v 0.105350 0.186418 1.070529
v 0.121002 -0.022260 1.084028
v 0.116954 -0.034968 1.074008
v 0.143111 0.210989 1.069785
v 0.151746 0.207298 1.075760
v 0.148076 -0.061521 1.070638
v 0.156064 -0.067690 1.068195
v 0.223083 0.229848 1.066237
v 0.243659 0.221785 1.069458
v 0.259508 0.226793 1.062981
v 0.252705 0.242513 1.051367
v 0.243855 0.248467 1.046372
v 0.225637 -0.104372 1.053273
v 0.270397 0.237849 1.052815
v 0.363549 0.223269 1.040043
v 0.342237 -0.110243 1.017982
v 0.341473 -0.095687 1.030195
v 0.399010 -0.088706 1.017209
v 0.385125 -0.096694 1.016248
v 0.404302 -0.061261 1.032401
v 0.470838 0.200423 1.030936
v 0.446726 0.236621 1.010629
v 0.448492 0.227889 1.016638
v 0.446935 -0.073592 1.016421
v 0.431239 -0.083859 1.013152
v 0.457643 -0.066500 1.018511
v 0.457898 -0.051717 1.026142
v 0.497631 -0.067764 1.011651
v 0.498429 -0.074575 1.007382
v 0.479981 -0.083384 1.004881
v 0.551173 -0.083862 0.990109
v 0.583535 -0.066084 0.995173
v 0.567360 -0.062589 1.001675
v 0.591938 -0.060220 0.996812
v 0.600128 -0.063814 0.991652
v 0.595774 -0.082043 0.980079
v 0.579066 -0.086075 0.980991
v 0.609545 -0.061551 0.991047
v 0.604375 -0.076293 0.982637
v 0.604962 -0.084348 0.976101
v 0.638505 -0.068144 0.978542
v 0.664611 -0.046888 0.982310
v 0.680076 -0.042681 0.979396
v 0.686963 -0.046766 0.974884
v 0.687185 -0.037599 0.979372
v 0.716289 -0.044959 0.964459
v 0.723268 -0.036655 0.965307
v 0.713445 -0.036198 0.969738
v 0.752120 -0.033490 0.952385
v 0.754477 -0.021838 0.955480
v 0.733501 -0.010281 0.970588
v 0.727439 -0.018764 0.970724
v 0.777493 0.084023 0.956721
v 0.770514 0.089690 0.960964
v 0.090289 0.033314 1.087165
v 0.082892 0.035711 1.079682
v 0.078795 0.027662 1.072466
v 0.093962 0.023667 1.087113
v 0.090377 0.016646 1.081151
v 0.174530 0.225457 1.067420
v 0.160233 0.233800 1.054059
v 0.188313 0.237617 1.057292
v 0.194015 0.228244 1.067984
v 0.312598 0.246489 1.034725
v 0.317780 -0.114906 1.021311
v 0.364516 -0.097246 1.021949
v 0.471796 -0.097606 0.996675
v 0.488050 -0.095537 0.994669
v 0.523338 0.244892 0.987356
v 0.523388 0.233983 0.996814
v 0.558155 0.235413 0.987148
v 0.562124 0.245461 0.976797
v 0.576417 0.229794 0.986975
v 0.566071 0.229950 0.989602
v 0.613324 0.231241 0.975463
v 0.602189 0.235426 0.975118
v 0.597109 0.228669 0.982130
v 0.586065 0.243339 0.972371
v 0.640360 0.221444 0.975258
v 0.644032 0.198422 0.989320
v 0.673099 0.214122 0.968071
v 0.673936 -0.064194 0.969612
v 0.694026 -0.060106 0.964835
v 0.709927 -0.085990 0.943339
v 0.693464 -0.074259 0.955276
v 0.739728 0.188063 0.953251
v 0.748041 0.172457 0.955719
v 0.756438 0.191991 0.940979
v 0.753663 -0.052631 0.943113
v 0.731061 -0.057801 0.951480
v 0.777109 0.155073 0.942308
v 0.756084 0.166586 0.953054
v 0.765465 0.142509 0.955154
v 0.786843 -0.013376 0.936176
v 0.782873 -0.007137 0.941310
v 0.782360 0.015073 0.948340
v 0.774930 0.011479 0.952514
v 0.770250 -0.023098 0.945000
v 0.767410 0.125100 0.958406
v 0.789121 0.069979 0.949518
v 0.079466 0.140699 1.069775
v 0.076871 0.049048 1.067759
v 0.082039 0.057316 1.072763
v 0.077116 0.058453 1.063410
v 0.100046 0.167820 1.080202
v 0.091990 0.169818 1.074452
v 0.081136 0.176879 1.062441
v 0.091646 0.084610 1.074620
v 0.089690 -0.018122 1.061153
v 0.079528 -0.006213 1.060750
v 0.142172 -0.063122 1.055033
v 0.184466 0.226707 1.068223
v 0.180165 0.248298 1.039033
v 0.190472 0.251456 1.039899
v 0.237280 0.254423 1.040231
v 0.226444 0.252127 1.043086
v 0.259360 -0.112790 1.040776
v 0.269321 0.245311 1.046123
v 0.275190 0.254359 1.035047
v 0.336265 0.256494 1.018701
v 0.348119 -0.120280 1.005818
v 0.368016 -0.122532 0.999180
v 0.411847 0.248949 1.008269
v 0.405509 0.254937 1.003735
v 0.396207 0.257326 1.003218
v 0.384458 0.251564 1.012102
v 0.408868 -0.117917 0.992766
v 0.434788 -0.115077 0.989139
v 0.486674 -0.102737 0.988901
v 0.479488 -0.100020 0.993059
v 0.472215 -0.105021 0.989867
v 0.519256 -0.097349 0.985241
v 0.509836 -0.105619 0.977743
v 0.557473 -0.089244 0.983639
v 0.546792 -0.092075 0.983861
v 0.666652 0.222906 0.965063
v 0.724543 -0.059255 0.953426
v 0.751021 -0.068507 0.936620
v 0.776934 -0.027915 0.938569
v 0.768779 -0.033131 0.942371
v 0.073926 0.042205 1.063638
v 0.093451 0.197501 1.054400
v 0.086967 0.191583 1.055094
v 0.097386 0.202078 1.049801
v 0.164015 0.239621 1.047056
v 0.244907 0.265417 1.026529
v 0.208177 0.256597 1.035699
v 0.239285 -0.118697 1.029293
v 0.263957 -0.118981 1.028473
v 0.254956 0.267310 1.022578
v 0.274606 0.261089 1.026870
v 0.308693 -0.130721 1.005093
v 0.379783 0.073400 1.004120
v 0.385421 -0.119018 0.999266
v 0.432226 0.252980 0.998983
v 0.453700 0.258637 0.986997
v 0.447350 0.264748 0.979914
v 0.423419 0.258528 0.994897
v 0.423185 0.264977 0.985957
v 0.414244 0.263454 0.990807
v 0.435972 0.245861 1.005249
v 0.450922 0.248669 0.999150
v 0.475291 0.242110 0.999627
v 0.515111 -0.110469 0.969305
v 0.595916 -0.089891 0.973123
v 0.603681 -0.098884 0.961482
v 0.604955 -0.091845 0.968755
v 0.614615 -0.085793 0.970760
v 0.613256 0.264720 0.940688
v 0.614045 0.244584 0.962781
v 0.608091 0.239856 0.969328
v 0.635366 0.229009 0.970583
v 0.628575 0.235796 0.966635
v 0.624507 0.230167 0.973097
v 0.621705 -0.095753 0.958672
v 0.643229 0.239950 0.957690
v 0.741665 0.203565 0.943430
v 0.756723 0.201375 0.935362
v 0.784582 0.187429 0.922005
v 0.782229 0.196511 0.918850
v 0.778846 0.183031 0.929056
v 0.804475 0.162272 0.917758
v 0.800093 0.156202 0.924355
v 0.820908 0.115923 0.915244
v 0.827993 0.117464 0.909338
v 0.835744 0.064907 0.906346
v 0.077069 0.169042 1.063049
v 0.179183 0.249109 1.029799
v 0.283699 0.264007 1.021114
v 0.292554 0.266601 1.015716
v 0.307901 0.265159 1.014398
v 0.339294 0.266758 1.003581
v 0.376571 0.254974 1.010219
v 0.391576 0.263785 0.995919
v 0.369529 -0.126413 0.991227
v 0.377219 -0.123541 0.995721
v 0.515171 0.261342 0.971272
v 0.497596 0.275056 0.952783
v 0.519866 -0.116825 0.956571
v 0.525056 -0.110759 0.966404
v 0.536472 -0.109540 0.965278
v 0.546847 -0.108786 0.963875
v 0.584736 -0.107838 0.955672
v 0.599595 -0.104544 0.955952
v 0.628386 -0.112264 0.936571
v 0.641023 0.257267 0.940926
v 0.665869 0.250737 0.940624
v 0.665847 0.236423 0.954049
v 0.657834 0.241088 0.952114
v 0.731288 0.231746 0.930139
v 0.723623 0.238422 0.929156
v 0.715392 0.237413 0.933977
v 0.700391 0.249476 0.930879
v 0.706406 0.236529 0.938831
v 0.739671 0.243288 0.917138
v 0.759875 -0.096218 0.916699
v 0.768897 -0.069137 0.925861
v 0.771637 0.213591 0.917051
v 0.772572 0.222056 0.910467
v 0.764777 0.221328 0.917124
v 0.775993 -0.073211 0.918353
v 0.774035 -0.059432 0.927112
v 0.783597 -0.075646 0.910596
v 0.796686 0.189690 0.909333
v 0.798443 -0.025200 0.921463
v 0.130435 -0.053252 1.035060
v 0.189601 -0.102573 1.027998
v 0.223946 -0.124923 1.012124
v 0.352639 -0.129861 0.987806
v 0.354371 -0.132220 0.980153
v 0.386142 -0.124196 0.989961
v 0.414821 -0.122525 0.985245
v 0.414358 -0.126582 0.974675
v 0.463973 -0.110395 0.985359
v 0.529044 0.265402 0.963025
v 0.518289 0.266510 0.963467
v 0.522813 0.270987 0.955633
v 0.550797 0.271331 0.947803
v 0.551303 0.262075 0.961392
v 0.551324 -0.116741 0.948384
v 0.567231 -0.113094 0.951710
v 0.576493 0.271088 0.941141
v 0.587914 0.263435 0.949256
v 0.613740 0.270946 0.931764
v 0.638478 -0.096579 0.953947
v 0.671016 -0.104598 0.937159
v 0.692088 0.268920 0.915979
v 0.687791 0.274563 0.911718
v 0.669364 0.265213 0.925618
v 0.664403 0.258839 0.933128
v 0.684470 0.237819 0.946385
v 0.687251 0.244583 0.939815
v 0.720029 0.251275 0.920834
v 0.707949 0.261601 0.917031
v 0.724824 -0.115611 0.921295
v 0.725667 -0.105557 0.926968
v 0.714118 -0.118597 0.921722
v 0.729201 -0.146913 0.900005
v 0.791670 -0.077043 0.901886
v 0.820156 -0.022486 0.898201
v 0.822413 0.020820 0.911893
v 0.818224 0.014372 0.915031
v 0.394174 0.074148 0.985919
v 0.407533 0.271793 0.975755
v 0.436876 -0.125885 0.967395
v 0.597627 -0.116312 0.936993
v 0.607355 -0.117338 0.932726
v 0.615590 -0.118223 0.929214
v 0.652342 -0.116220 0.926964
v 0.646691 -0.110495 0.935228
v 0.692336 -0.141683 0.906134
v 0.707161 -0.140960 0.907452
v 0.708288 -0.134337 0.911818
v 0.722365 -0.132557 0.911414
v 0.757394 -0.127019 0.898902
v 0.797099 -0.080632 0.893858
v 0.791031 0.209451 0.902143
v 0.799918 0.215145 0.888133
v 0.806863 0.198773 0.892387
v 0.809977 0.189225 0.895455
v 0.810941 0.204030 0.883348
v 0.819574 -0.041270 0.888550
v 0.790276 -0.056894 0.914092
v 0.819527 0.188486 0.883412
v 0.850193 0.034834 0.877825
v 0.455427 -0.124151 0.963332
v 0.619765 0.274789 0.923840
v 0.609955 0.276072 0.924178
v 0.785846 0.218178 0.901154
v 0.795179 0.223307 0.887237
v 0.791009 -0.095688 0.891136
v 0.803832 -0.074758 0.889580
v 0.840656 0.123420 0.893582
v 0.855370 0.090556 0.875368
v 0.327342 0.272941 0.995528
v 0.526572 -0.123278 0.937895
v 0.587773 -0.115131 0.941501
v 0.589493 -0.119171 0.931288
v 0.633063 0.273073 0.923779
v 0.636513 0.277127 0.917242
v 0.663790 -0.127154 0.915093
v 0.744957 -0.150666 0.890099
v 0.780055 0.243113 0.887197
v 0.780342 0.250342 0.880524
v 0.805374 0.221405 0.875686
v 0.847892 0.151263 0.863651
v 0.847066 0.026330 0.879499
v 0.847453 0.145381 0.867921
v 0.853759 0.075727 0.879908
v 0.727836 -0.153815 0.894926
v 0.746593 0.263906 0.896026
v 0.754821 0.263897 0.890336
v 0.733359 0.264578 0.902944
v 0.786881 -0.109790 0.885653
v 0.811267 -0.081557 0.874484
v 0.811117 0.212570 0.875482
v 0.817019 0.204155 0.874201
v 0.827413 -0.046973 0.871421
v 0.851867 0.013903 0.863759
v 0.815166 -0.072059 0.875077
v 0.293137 0.052879 1.121602
v 0.262336 0.059653 1.111904
v 0.335544 0.080935 1.084097
v 0.481717 0.041367 1.058603
v 0.492578 0.060704 1.061075
v 0.497494 0.052833 1.057217
v 0.516021 0.127317 1.054672
v 0.517780 0.092313 1.059019
v 0.508594 0.089696 1.062297
v 0.524764 0.048753 1.049195
v 0.558309 0.110620 1.045125
v 0.561062 0.102488 1.045364
v 0.204477 0.105421 1.107341
v 0.201247 0.095003 1.107633
v 0.190493 0.064791 1.108482
v 0.197221 0.084646 1.107931
v 0.173696 0.076483 1.108522
v 0.188140 0.055674 1.108704
v 0.183831 0.036701 1.109000
v 0.195683 0.048461 1.108533
v 0.225666 0.003068 1.104077
v 0.226457 0.013173 1.105268
v 0.245380 -0.018617 1.096160
v 0.272123 -0.014634 1.087760
v 0.452312 0.024282 1.060957
v 0.466530 0.155677 1.056114
v 0.477454 0.155607 1.053607
v 0.464878 0.019152 1.055702
v 0.518460 0.156814 1.043610
v 0.525730 0.144289 1.046804
v 0.564545 0.029048 1.037022
v 0.598606 0.106252 1.034907
v 0.604895 0.113962 1.032281
v 0.633687 0.083231 1.025331
v 0.614382 0.093675 1.031503
v 0.162518 0.125302 1.105423
v 0.216236 0.170870 1.096101
v 0.223565 0.162481 1.096689
v 0.292599 -0.023958 1.077802
v 0.362483 0.182094 1.064398
v 0.472096 -0.011929 1.041534
v 0.481643 -0.007976 1.040658
v 0.508174 0.168593 1.040777
v 0.609827 0.138968 1.025620
v 0.603166 0.147995 1.024752
v 0.598696 0.139312 1.028548
v 0.635690 0.002093 1.011843
v 0.631570 0.010860 1.015499
v 0.626053 0.002013 1.014652
v 0.635324 0.146241 1.016260
v 0.648293 0.148591 1.011250
v 0.652720 0.063878 1.017552
v 0.658411 0.034171 1.011970
v 0.659243 0.024882 1.010015
v 0.645356 0.020095 1.013635
v 0.706592 0.049897 0.995450
v 0.700448 0.045398 0.997432
v 0.684453 0.045391 1.003747
v 0.225000 0.204133 1.081914
v 0.236440 0.173396 1.091806
v 0.275846 0.187746 1.080160
v 0.462964 -0.043770 1.029139
v 0.512820 0.204037 1.020069
v 0.516324 0.174298 1.036238
v 0.530260 0.197091 1.020344
v 0.575468 -0.013613 1.022084
v 0.673280 0.127372 1.007006
v 0.718824 0.102367 0.990261
v 0.722964 0.093070 0.989097
v 0.703124 0.110728 0.996649
v 0.713117 0.083281 0.994475
v 0.206912 0.214008 1.078394
v 0.215656 0.209562 1.080213
v 0.253123 -0.079106 1.069592
v 0.309556 -0.071756 1.055307
v 0.313552 0.211420 1.059559
v 0.314836 0.202270 1.064326
v 0.356527 0.079851 1.048457
v 0.380713 0.191679 1.054792
v 0.371978 0.188616 1.058336
v 0.386833 0.184391 1.057767
v 0.407507 0.193156 1.048334
v 0.421437 0.201680 1.039641
v 0.447624 0.208151 1.029934
v 0.433413 -0.045218 1.034341
v 0.548731 -0.047495 1.013018
v 0.556304 -0.052125 1.009663
v 0.557122 0.177478 1.025024
v 0.625880 0.190817 0.999384
v 0.677861 0.188351 0.981271
v 0.700835 0.160394 0.985187
v 0.679059 -0.021612 0.989244
v 0.711881 0.033722 0.990707
v 0.703298 0.008945 0.989497
v 0.717463 0.007461 0.982883
v 0.760632 0.013169 0.961702
v 0.758282 0.047564 0.969221
v 0.225386 -0.096875 1.061476
v 0.327237 0.214415 1.054296
v 0.334976 0.226381 1.045024
v 0.514903 0.220685 1.008547
v 0.558976 -0.065759 1.001549
v 0.611714 0.204907 0.994882
v 0.609446 0.196713 1.000541
v 0.596130 0.219284 0.989525
v 0.579802 0.203849 1.004270
v 0.736860 0.101198 0.980684
v 0.762851 0.088533 0.966206
v 0.749897 0.089867 0.974134
v 0.332142 0.234733 1.039722
v 0.475819 0.220402 1.016357
v 0.466684 0.222235 1.016920
v 0.457829 0.224791 1.016905
v 0.767546 0.007476 0.956183
v 0.769068 -0.002347 0.952365
v 0.762180 0.079192 0.967515
v 0.773859 0.055337 0.960344
v 0.512478 0.233914 0.999165
v 0.586025 0.230895 0.983478
v 0.581505 0.236819 0.979662
v 0.774280 -0.009382 0.946721
v 0.419530 -0.106214 1.000246
v 0.419338 -0.096920 1.006765
v 0.785755 -0.022742 0.933643
v 0.783206 -0.032785 0.931702
v 0.748799 0.235828 0.917501
v 0.739909 0.233648 0.924067
v 0.820167 0.031153 0.917382
v 0.716453 0.244405 0.928013
v 0.795428 -0.034962 0.919840
v 0.512445 0.271925 0.955901
v 0.565607 0.267160 0.949955
v 0.677509 0.259986 0.928740
v 0.702963 0.256411 0.923787
v 0.734330 -0.117484 0.916957
v 0.728358 -0.124793 0.914762
v 0.802124 -0.051787 0.904293
v 0.829744 0.021135 0.902979
v 0.840672 0.038475 0.894071
v 0.702108 -0.129310 0.915532
v 0.751240 -0.135316 0.897246
v 0.843177 0.128842 0.886312
v 0.839976 0.139541 0.885740
v 0.828037 -0.038262 0.876634
v 0.843909 0.003229 0.873236
v 0.839906 -0.005499 0.875485
v 0.485150 0.031756 1.054692
v 0.491534 0.040792 1.055510
v 0.473540 0.078044 1.072194
v 0.501403 0.039166 1.051985
v 0.520258 0.069911 1.055667
v 0.512146 0.073913 1.058893
v 0.492116 0.102673 1.066628
v 0.490525 0.112692 1.064514
v 0.522288 0.100877 1.057036
v 0.521694 0.116966 1.055138
v 0.512296 0.026196 1.045493
v 0.523878 0.029936 1.044308
v 0.531118 0.032404 1.043636
v 0.532269 0.100043 1.053939
v 0.567470 0.097650 1.044191
v 0.553422 0.071256 1.048652
v 0.563291 0.116721 1.042979
v 0.554867 0.126027 1.044075
v 0.551054 0.104527 1.047926
v 0.543572 0.053268 1.046642
v 0.551240 0.055587 1.045637
v 0.554499 0.062925 1.046741
v 0.236524 0.051570 1.107126
v 0.242236 0.040715 1.106265
v 0.160893 0.019417 1.108952
v 0.230464 0.078783 1.107030
v 0.200562 0.127512 1.106609
v 0.179906 0.107524 1.107478
v 0.159132 0.046728 1.109034
v 0.209797 0.060094 1.107968
v 0.227056 0.070363 1.107301
v 0.160872 0.066446 1.108435
v 0.204615 0.133592 1.105336
v 0.211391 0.046790 1.108074
v 0.259051 0.125312 1.101888
v 0.228928 0.130646 1.102484
v 0.242113 0.009188 1.102185
v 0.250452 0.006479 1.100227
v 0.229836 -0.035664 1.095580
v 0.201084 -0.010962 1.104459
v 0.268071 0.008004 1.095989
v 0.488452 0.154591 1.051521
v 0.469558 0.178948 1.044217
v 0.486612 0.011159 1.047059
v 0.494297 0.005655 1.042995
v 0.534920 0.141236 1.045541
v 0.527353 0.134308 1.050164
v 0.517897 0.164975 1.040315
v 0.567684 0.049415 1.040956
v 0.601858 0.049506 1.032804
v 0.599821 0.039423 1.031325
v 0.591400 0.035347 1.032527
v 0.604408 0.023982 1.026653
v 0.613828 0.127809 1.027564
v 0.584117 0.118296 1.036947
v 0.573004 0.118558 1.039991
v 0.660753 0.097630 1.016076
v 0.636673 0.114438 1.022822
v 0.630883 0.123908 1.023185
v 0.596911 0.090164 1.037063
v 0.658339 0.088104 1.017181
v 0.178436 0.138796 1.105140
v 0.152292 0.138018 1.103496
v 0.142818 0.134018 1.102995
v 0.152236 0.127917 1.104402
v 0.149428 0.117593 1.104733
v 0.206801 0.142793 1.103487
v 0.224046 -0.042321 1.094368
v 0.206547 -0.026290 1.100733
v 0.250113 0.158263 1.093936
v 0.244225 0.168127 1.092582
v 0.207163 0.183361 1.094616
v 0.227626 0.171902 1.093959
v 0.280646 -0.052615 1.072391
v 0.266623 -0.057660 1.076185
v 0.263102 -0.049379 1.081267
v 0.252995 -0.047873 1.086422
v 0.289744 -0.043176 1.072575
v 0.302918 -0.023226 1.075491
v 0.304389 -0.014998 1.077825
v 0.479173 -0.033167 1.030472
v 0.492314 -0.004821 1.039264
v 0.501489 0.000736 1.039166
v 0.547884 0.132383 1.045224
v 0.542882 0.148986 1.040687
v 0.546217 0.157665 1.036448
v 0.544109 0.166585 1.033362
v 0.588701 0.140610 1.030862
v 0.583724 0.149788 1.029761
v 0.588954 0.158135 1.025420
v 0.594482 0.166725 1.021256
v 0.599043 0.157328 1.023013
v 0.604366 -0.017108 1.014888
v 0.613389 0.028340 1.025271
v 0.574340 0.006613 1.029473
v 0.571355 -0.001151 1.027442
v 0.630740 0.133130 1.021238
v 0.625790 0.150622 1.017657
v 0.630290 -0.020349 1.006102
v 0.654440 -0.013693 1.000953
v 0.637167 0.019890 1.016183
v 0.621620 0.033467 1.024010
v 0.631241 0.164524 1.011005
v 0.682487 0.028556 1.002170
v 0.672782 0.014087 1.003095
v 0.675473 0.059888 1.008787
v 0.670982 0.089218 1.012383
v 0.642629 0.029617 1.016539
v 0.672390 -0.017068 0.993509
v 0.657714 0.000210 1.004519
v 0.669195 0.007049 1.002543
v 0.690042 0.017760 0.997275
v 0.694549 0.078871 1.002651
v 0.203241 -0.059165 1.088801
v 0.196236 -0.052595 1.092062
v 0.206241 -0.051260 1.092566
v 0.247267 0.213284 1.073945
v 0.257926 0.211257 1.073049
v 0.268257 -0.067348 1.070684
v 0.273035 0.171062 1.086558
v 0.291195 0.195595 1.074221
v 0.313306 -0.019159 1.074232
v 0.288131 -0.052478 1.069840
v 0.301120 -0.065916 1.060447
v 0.332673 -0.062764 1.053196
v 0.411608 -0.029561 1.046819
v 0.421622 -0.024698 1.047141
v 0.428442 -0.017448 1.049111
v 0.432405 -0.009491 1.051875
v 0.427244 -0.002505 1.055672
v 0.468755 -0.051195 1.024446
v 0.538991 0.227328 0.998524
v 0.537393 0.214779 1.007830
v 0.485393 0.194082 1.031908
v 0.479295 0.178168 1.042632
v 0.541214 0.195416 1.018685
v 0.529768 -0.041567 1.018595
v 0.519723 -0.042347 1.019964
v 0.557757 -0.011093 1.025756
v 0.539135 -0.017749 1.026022
v 0.586014 -0.044391 1.007703
v 0.669979 0.154193 1.001318
v 0.657366 0.175454 0.996957
v 0.622393 0.169122 1.011702
v 0.647972 0.132477 1.015938
v 0.699749 0.132093 0.994666
v 0.684567 0.140297 0.999389
v 0.732701 0.091415 0.984130
v 0.676506 0.095294 1.010003
v 0.206394 0.206428 1.082804
v 0.205977 0.221613 1.073399
v 0.236875 0.215981 1.074023
v 0.214277 0.226266 1.069700
v 0.242022 -0.080117 1.071655
v 0.286299 0.228452 1.056194
v 0.287726 0.220390 1.061113
v 0.274025 0.217285 1.066140
v 0.318679 -0.090726 1.041538
v 0.361496 -0.042308 1.052116
v 0.355670 -0.050155 1.051096
v 0.383744 0.200111 1.049300
v 0.378243 0.215967 1.041156
v 0.369177 0.215403 1.043608
v 0.351483 0.202033 1.055087
v 0.391619 -0.048966 1.041810
v 0.393157 0.201717 1.046421
v 0.422540 0.217317 1.029293
v 0.413831 0.223748 1.027168
v 0.445655 0.181992 1.046928
v 0.459416 0.187815 1.040810
v 0.475329 0.192133 1.035148
v 0.451216 0.221575 1.020470
v 0.431785 0.219186 1.025988
v 0.420254 -0.066618 1.025519
v 0.434936 -0.037092 1.038316
v 0.486267 -0.056548 1.018995
v 0.501444 -0.061129 1.014725
v 0.562711 -0.057623 1.005625
v 0.519389 -0.058399 1.013452
v 0.571237 0.203051 1.007131
v 0.555906 0.215223 1.003286
v 0.616779 0.188211 1.003510
v 0.618996 -0.059919 0.990529
v 0.628212 -0.057746 0.988303
v 0.658483 -0.030712 0.992464
v 0.712474 0.142878 0.986119
v 0.685394 0.150892 0.995918
v 0.669332 -0.025847 0.991069
v 0.674904 0.001570 0.998971
v 0.717962 -0.018274 0.975049
v 0.695726 0.003830 0.991337
v 0.711291 -0.027028 0.974502
v 0.730312 -0.000970 0.974775
v 0.736219 0.060561 0.983113
v 0.739541 -0.002485 0.969776
v 0.768668 0.017138 0.957874
v 0.784907 0.034765 0.950537
v 0.758503 0.057521 0.970119
v 0.344053 0.224793 1.043795
v 0.358195 -0.078917 1.035862
v 0.363108 -0.070968 1.038987
v 0.374219 -0.069937 1.035938
v 0.486869 0.202300 1.026470
v 0.522932 0.215477 1.010475
v 0.540831 -0.084950 0.991742
v 0.534971 -0.078408 0.998091
v 0.653378 -0.058050 0.979894
v 0.645998 -0.061683 0.980196
v 0.741910 0.092309 0.978751
v 0.749075 0.123190 0.970219
v 0.758515 0.125231 0.964019
v 0.768889 0.106848 0.960366
v 0.348615 0.231064 1.038244
v 0.315760 0.239712 1.039765
v 0.329006 0.243754 1.033246
v 0.319181 0.231767 1.045131
v 0.374545 0.234784 1.029011
v 0.370674 0.250816 1.015756
v 0.363300 0.247300 1.021126
v 0.354357 0.252174 1.018558
v 0.385162 -0.070830 1.032046
v 0.484986 0.238701 1.000757
v 0.464522 0.241424 1.002579
v 0.482100 -0.074121 1.010330
v 0.662294 -0.057089 0.977536
v 0.695473 -0.051178 0.969454
v 0.754979 -0.011422 0.958641
v 0.748019 -0.005388 0.964386
v 0.784447 0.077337 0.952775
v 0.200449 0.257183 1.029305
v 0.522427 0.250804 0.981953
v 0.531745 0.247293 0.983035
v 0.505887 0.241742 0.993918
v 0.554657 0.230358 0.992281
v 0.548778 0.238056 0.987266
v 0.552572 0.249029 0.975946
v 0.569365 0.242624 0.977602
v 0.561399 0.252008 0.970372
v 0.544144 0.253487 0.973592
v 0.719679 -0.053808 0.958400
v 0.772124 0.179477 0.935943
v 0.800326 0.010234 0.932843
v 0.788252 0.010119 0.942665
v 0.789647 0.020395 0.944282
v 0.795305 0.029234 0.941583
v 0.786666 0.141710 0.940243
v 0.791519 0.159211 0.929991
v 0.352570 0.258040 1.012112
v 0.323419 0.265903 1.009689
v 0.325420 0.259671 1.017735
v 0.400987 0.250129 1.009574
v 0.427773 -0.092465 1.008282
v 0.406559 0.267909 0.985435
v 0.458896 0.246833 0.998937
v 0.486724 0.251815 0.987850
v 0.480206 0.261012 0.978172
v 0.505241 0.250176 0.986114
v 0.625963 0.254172 0.948785
v 0.657027 0.234789 0.958309
v 0.657254 0.254747 0.938965
v 0.737568 0.217293 0.936979
v 0.745960 0.218703 0.931073
v 0.757248 0.228712 0.917283
v 0.815089 0.050142 0.925719
v 0.815124 0.059239 0.925369
v 0.807432 0.009574 0.925772
v 0.649282 0.267870 0.927349
v 0.675412 0.237570 0.949790
v 0.714809 0.230602 0.939429
v 0.706322 0.229199 0.944442
v 0.697737 0.234489 0.944000
v 0.727452 0.261901 0.908273
v 0.757282 0.237342 0.911048
v 0.684829 0.280561 0.906586
v 0.691300 0.283610 0.902066
v 0.680317 0.250565 0.936794
v 0.694685 0.256988 0.926332
v 0.679652 -0.105216 0.935049
v 0.724948 0.269582 0.902562
v 0.731160 -0.133248 0.908506
v 0.759549 -0.105819 0.911231
v 0.807672 -0.048877 0.899670
v 0.816372 -0.007145 0.909854
v 0.812576 -0.001435 0.916507
v 0.828099 -0.021446 0.887034
v 0.424362 0.269726 0.977019
v 0.456984 0.263512 0.979720
v 0.576095 -0.112290 0.950667
v 0.695958 -0.148746 0.900612
v 0.710978 -0.146994 0.902699
v 0.720784 -0.147687 0.901399
v 0.691510 -0.115588 0.926074
v 0.810434 -0.054932 0.893134
v 0.805675 -0.065647 0.892824
v 0.852627 0.029851 0.871141
v 0.835174 0.149681 0.887379
v 0.836402 0.157136 0.880139
v 0.834087 0.171277 0.873572
v 0.827393 0.167656 0.887293
v 0.839418 0.148910 0.880616
v 0.825687 0.183920 0.877649
v 0.828413 -0.028962 0.882118
v 0.832445 -0.021762 0.879469
v 0.844728 0.106764 0.893278
v 0.854946 0.118928 0.864865
v 0.841116 -0.013066 0.868411
v 0.850405 0.020092 0.870417
v 0.321290 0.153441 1.097528
v 0.354339 0.074858 1.084977
v 0.223384 0.240874 1.055946
v 0.073036 -0.009757 1.052857
v 0.584259 0.274110 0.934441
v 0.609416 -0.120459 0.924460
v 0.450384 0.083319 1.079755
v 0.236723 0.122859 1.102564
v 0.459401 0.149568 1.060567
v 0.091188 0.114874 1.080553
v 0.079133 0.105001 1.055807
v 0.495812 0.247252 0.990763
v 0.812939 -0.060540 0.886397
v 0.471798 0.122249 1.066972
v 0.616350 -0.067481 0.985943
v 0.552655 0.255632 0.968889
v 0.810139 0.110059 0.924892
v 0.288508 0.034866 1.111801
v 0.296178 0.039106 1.114695
v 0.462849 0.121661 1.069673
v 0.189480 0.122589 1.106926
v 0.637208 0.169569 1.006818
v 0.670146 0.100910 1.012255
v 0.405616 0.229156 1.025474
v 0.821384 0.062046 0.919247
v 0.398385 0.067217 0.979110
v 0.694595 0.278073 0.906417
v 0.123820 0.216803 1.036683
v 0.681189 -0.119950 0.923116
v 0.406146 0.064007 0.975659
v 0.834869 0.177382 0.867372
v 0.822361 0.197632 0.871509
v 0.553298 -0.119974 0.939370
v 0.176339 -0.093929 1.030906
v 0.835829 -0.037382 0.862078
v 0.399161 -0.126681 0.978110
v 0.366536 0.271912 0.986053
v 0.078062 0.116362 1.058253
v 0.322514 -0.137603 0.987946
v 0.204392 -0.112188 1.023773
v 0.203394 -0.116526 1.017165
v 0.445807 -0.124958 0.965726
v 0.673463 -0.143336 0.901865
v 0.649686 -0.131059 0.907700
v 0.524553 -0.119735 0.948366
v 0.382374 -0.127653 0.981477
v 0.070022 0.146679 1.057366
v 0.068727 0.131952 1.050197
v 0.278930 -0.133178 1.003872
v 0.668065 0.278773 0.911537
v 0.852837 0.143886 0.857868
v 0.128211 -0.051580 1.044719
v 0.063277 0.005239 1.051534
v 0.856865 0.124504 0.856880
v 0.505832 0.276413 0.949821
v 0.074266 0.088230 1.048838
v 0.073960 0.060313 1.056523
v 0.448886 0.272074 0.965842
v 0.404342 -0.128731 0.967843
v 0.415711 -0.128607 0.965052
v 0.145816 0.231667 1.031240
v 0.163831 0.240558 1.026821
v 0.339351 0.097192 1.087115
v 0.545301 0.276013 0.941741
v 0.279476 0.133342 1.104325
v 0.380791 0.132883 1.100842
v 0.416399 0.174914 1.056947
v 0.102445 -0.008012 1.078774
v 0.217977 0.259836 1.032102
v 0.801316 0.171774 0.915697
v 0.494259 0.171112 1.042650
v 0.188199 0.001118 1.106973
v 0.194580 -0.037130 1.098132
v 0.400445 -0.042756 1.042834
v 0.359049 -0.031809 1.056509
v 0.724496 -0.009619 0.975121
v 0.485607 0.245050 0.994877
v 0.597103 -0.111793 0.946061
v 0.825306 0.038559 0.913462
v 0.743895 -0.098154 0.924113
v 0.831539 0.158316 0.887547
v 0.658123 0.114907 1.015323
v 0.735405 -0.140575 0.902081
v 0.774581 0.251532 0.885404
v 0.349265 0.099387 1.085927
v 0.377042 -0.039215 1.049263
v 0.185756 -0.089901 1.050175
v 0.681077 -0.082204 0.946641
v 0.637392 -0.111141 0.936195
v 0.164484 0.029788 1.109395
v 0.443223 0.020016 1.061909
v 0.627249 0.048803 1.024674
v 0.157809 0.200898 1.082075
v 0.438898 -0.067351 1.021258
v 0.426971 -0.078175 1.017350
v 0.679396 0.210543 0.966359
v 0.729755 0.211780 0.945157
v 0.632790 -0.102939 0.948225
v 0.619442 -0.120956 0.922472
v 0.847449 0.067122 0.891431
v 0.657573 -0.041247 0.987500
v 0.678114 0.265592 0.923127
v 0.208726 0.114455 1.106746
v 0.434320 -0.096761 1.004479
v 0.798014 -0.010502 0.927954
v 0.708136 -0.113339 0.926000
v 0.828451 0.174528 0.880558
v 0.450425 0.073339 1.079516
v 0.450334 0.095518 1.080049
v 0.830100 0.185202 0.869280
v 0.311260 0.156336 1.095399
v 0.404877 -0.081073 1.020449
v 0.558088 -0.107389 0.963171
v 0.290225 0.101768 1.116434
v 0.481953 0.101633 1.069255
v 0.196696 -0.002642 1.106016
v 0.128678 0.044511 1.103917
v 0.454236 0.241116 1.005218
v 0.732996 0.276265 0.892475
v 0.238235 -0.033738 1.094414
v 0.669059 -0.007127 0.998294
v 0.627299 0.217239 0.982363
v 0.517353 -0.066346 1.009649
v 0.320226 0.249272 1.030435
v 0.444101 0.091114 1.085196
v 0.796890 0.117694 0.938923
v 0.576291 -0.097169 0.971275
v 0.292074 0.092388 1.118177
v 0.326384 -0.003201 1.079815
v 0.515896 -0.016601 1.030276
v 0.686007 -0.055982 0.970234
v 0.314582 0.269327 1.006357
v 0.845234 0.056058 0.892661
v 0.690852 0.163999 0.988339
v 0.819953 -0.013721 0.902548
v 0.672163 0.080469 1.011726
v 0.404768 0.101080 1.097873
v 0.387624 0.095804 1.048210
v 0.113792 0.096345 1.096087
v 0.126935 0.114449 1.089598
v 0.340594 0.084353 1.039786
v 0.097969 0.089183 1.082776
v 0.619864 -0.079157 0.973792
v 0.629900 -0.076304 0.971788
v 0.732684 -0.036619 0.961064
v 0.347081 0.078389 1.020380
v 0.352324 0.079418 1.013898
v 0.343578 0.072664 1.023823
v 0.625641 -0.077441 0.965269
v 0.160858 -0.075420 1.047049
v 0.826916 0.082753 0.907438
v 0.366629 0.106919 1.106588
v 0.420428 0.093102 1.095547
v 0.388150 0.135010 1.096321
v 0.365245 0.052829 1.113910
v 0.362928 0.059616 1.115909
v 0.354573 0.054017 1.113846
v 0.397406 0.135038 1.092833
v 0.362705 0.152095 1.090379
v 0.395931 0.018238 1.080194
v 0.384298 0.095405 1.055291
v 0.113371 0.085048 1.095456
v 0.490205 -0.047816 1.022148
v 0.187571 -0.087873 1.059181
v 0.607584 -0.069128 0.986848
v 0.172791 -0.082248 1.055488
v 0.785475 0.108705 0.948832
v 0.092726 0.095448 1.075767
v 0.233895 0.249025 1.046621
v 0.421059 0.244389 1.010241
v 0.725122 -0.072633 0.945980
v 0.261275 0.278480 1.002968
v 0.545539 0.267689 0.955223
v 0.343218 0.276312 0.982868
v 0.844976 -0.004213 0.866437
v 0.412961 0.206531 1.038686
v 0.841495 0.029054 0.889575
v 0.467952 0.072598 1.072435
v 0.633722 0.155214 1.013801
v 0.667209 0.021991 1.006655
v 0.287522 0.185662 1.079342
v 0.226670 0.217926 1.074173
v 0.403639 0.202743 1.043424
v 0.495929 -0.054540 1.018580
v 0.175137 -0.057859 1.086128
v 0.508177 0.226642 1.005608
v 0.772075 0.098924 0.958805
v 0.521275 0.256693 0.975931
v 0.330114 0.268734 1.002829
v 0.462638 0.276190 0.953577
v 0.700790 -0.116476 0.924715
v 0.614936 0.279597 0.916221
v 0.366057 0.073966 1.057559
v 0.279206 0.150306 1.096087
v 0.737598 0.279943 0.886134
v 0.682842 0.180334 0.983769
v 0.193676 0.254575 1.025128
v 0.116957 0.210755 1.038406
v 0.690689 -0.105591 0.933526
v 0.651819 0.283751 0.907174
v 0.100994 0.202862 1.042516
v 0.236595 0.270262 1.015272
v 0.236331 0.271683 1.009086
v 0.858131 0.028272 0.856569
v 0.662825 0.285620 0.904475
v 0.111190 -0.037414 1.039781
v 0.437235 0.272827 0.966872
v 0.376355 0.014522 1.084496
v 0.256479 0.114320 1.104486
v 0.393638 0.094188 1.062892
v 0.614930 0.072459 1.031211
v 0.375121 0.097270 1.071316
v 0.356318 -0.013503 1.066611
v 0.376167 0.068787 1.059309
v 0.123367 0.116344 1.094404
v 0.127334 0.106524 1.092722
v 0.397281 0.094935 1.050428
v 0.157740 -0.053897 1.082885
v 0.376623 0.071467 1.045958
v 0.183351 -0.063822 1.083661
v 0.283960 0.236932 1.050521
v 0.204287 0.229920 1.066947
v 0.070023 0.008430 1.058349
v 0.255914 -0.121184 1.024823
v 0.830918 0.091634 0.902583
v 0.350725 -0.126118 0.996249
v 0.847347 0.111642 0.886690
v 0.389780 0.022186 1.086727
v 0.351485 0.045661 1.111896
v 0.343030 0.111782 1.111509
v 0.402619 0.126671 1.096685
v 0.410976 0.052668 1.100153
v 0.666932 0.029724 1.008181
v 0.650293 0.180389 0.997023
v 0.647553 0.115279 1.019212
v 0.494738 -0.038932 1.024980
v 0.499064 0.226402 1.007539
v 0.708701 0.182600 0.971293
v 0.244017 -0.126696 1.013332
v 0.242423 -0.129330 1.007592
v 0.070919 0.183551 1.049659
v 0.346485 0.269326 0.996940
v 0.336901 0.271616 0.995437
v 0.663723 0.230413 0.960078
v 0.840274 0.047893 0.897521
v 0.682091 -0.138191 0.907816
v 0.701656 -0.145120 0.904290
v 0.725370 -0.140657 0.905169
v 0.739947 0.269992 0.894533
v 0.222368 -0.023887 1.099388
v 0.513981 0.182659 1.032342
v 0.773533 0.046202 0.959837
v 0.819011 0.042260 0.920967
v 0.800348 -0.039584 0.912532
v 0.827333 -0.009242 0.894515
v 0.483076 0.107508 1.067653
v 0.584968 0.040604 1.035330
v 0.616127 0.083133 1.031343
v 0.271353 -0.024944 1.084991
v 0.681075 0.018968 1.001100
v 0.524270 -0.011407 1.030847
v 0.341227 0.185164 1.067087
v 0.467601 0.186276 1.040198
v 0.337232 0.212335 1.053027
v 0.524674 -0.070407 1.005730
v 0.543522 0.246116 0.981205
v 0.332524 0.263486 1.010469
v 0.731386 0.270548 0.898664
v 0.823416 -0.003768 0.902286
v 0.835008 0.040237 0.902130
v 0.834129 -0.005562 0.885601
v 0.561324 0.258164 0.963445
v 0.722027 0.278155 0.895981
v 0.786185 0.250014 0.874216
v 0.074542 0.110054 1.048770
v 0.557410 0.281144 0.930331
v 0.863401 0.093884 0.855276
v 0.658175 -0.134779 0.905615
v 0.508430 -0.124342 0.942345
v 0.823435 0.202705 0.865079
v 0.072848 0.050537 1.058333
v 0.801121 -0.106267 0.870553
v 0.098445 0.099390 1.084614
v 0.388698 0.095354 1.082776
v 0.684883 0.221190 0.957500
v 0.514800 -0.052049 1.016946
v 0.707924 0.191719 0.966421
v 0.677525 -0.081320 0.954238
v 0.332015 0.206783 1.057351
v 0.153483 -0.070173 1.059591
v 0.540784 0.272852 0.948438
v 0.092714 -0.027342 1.051045
v 0.569372 -0.103236 0.966304
v 0.666340 0.199328 0.980688
v 0.524340 -0.020775 1.027336
v 0.673748 0.181317 0.987149
v 0.120350 0.108429 1.092128
v 0.486411 -0.122628 0.955364
v 0.337371 0.117392 1.116620
v 0.348475 0.140433 1.104911
v 0.180513 0.199830 1.086481
v 0.332999 -0.095634 1.033162
v 0.339441 -0.087500 1.036749
v 0.133760 0.196162 1.077153
v 0.293079 0.232310 1.051715
v 0.770660 0.248970 0.891190
v 0.386341 0.098294 1.095129
v 0.458394 0.038121 1.064383
v 0.174183 0.033262 1.109372
v 0.374506 0.166702 1.074312
v 0.128916 0.030484 1.103540
v 0.123449 -0.013984 1.089571
v 0.151004 -0.001748 1.104032
v 0.337958 -0.047657 1.057664
v 0.352108 -0.040892 1.055384
v 0.449254 -0.019031 1.044328
v 0.178747 0.206052 1.082478
v 0.615236 -0.029628 1.007026
v 0.156547 -0.060814 1.076487
v 0.772317 0.162619 0.942925
v 0.645606 -0.078109 0.969084
v 0.443540 0.260216 0.987664
v 0.818291 0.142334 0.913046
v 0.160350 0.239599 1.035243
v 0.789306 0.193604 0.914232
v 0.668896 -0.098750 0.943193
v 0.641650 -0.115515 0.928814
v 0.171737 0.121581 1.106285
v 0.231646 0.196124 1.084514
v 0.447853 -0.051300 1.028195
v 0.460701 0.216098 1.022336
v 0.371263 0.115375 1.107244
v 0.429305 0.046070 1.084720
v 0.526244 0.108836 1.054837
v 0.218295 0.096170 1.106964
v 0.257062 -0.029105 1.090017
v 0.572157 0.068167 1.044044
v 0.344691 -0.023517 1.063700
v 0.441885 -0.025027 1.043185
v 0.196341 0.203134 1.085045
v 0.540264 -0.042327 1.016541
v 0.598667 0.174560 1.016059
v 0.648160 -0.029029 0.996612
v 0.174856 -0.049647 1.091464
v 0.340223 0.232202 1.039625
v 0.199350 0.253491 1.039038
v 0.624378 0.242176 0.961707
v 0.636755 0.263854 0.935028
v 0.718293 -0.098801 0.933348
v 0.458982 0.268366 0.971121
v 0.400713 -0.032983 1.047242
v 0.798515 0.134505 0.933680
v 0.820665 0.052951 0.920687
v 0.682336 -0.130560 0.914216
v 0.700188 -0.109084 0.930051
v 0.184347 -0.097739 1.030936
v 0.382337 0.160084 1.078037
v 0.598312 0.005140 1.023231
v 0.202926 -0.071274 1.081224
v 0.431300 0.152285 1.065677
v 0.170024 -0.077550 1.064339
v 0.799223 0.096987 0.939414
v 0.804101 0.185914 0.904166
v 0.775187 -0.111529 0.896287
v 0.780570 -0.125438 0.880729
v 0.384697 0.096909 1.087563
v 0.361509 0.113443 1.108317
v 0.424769 0.033653 1.077979
v 0.443012 0.144904 1.066524
v 0.115095 0.021634 1.097511
v 0.338212 -0.031914 1.062231
v 0.336167 -0.040691 1.060455
v 0.365060 -0.011719 1.065417
v 0.493934 0.187277 1.034209
v 0.117856 0.073872 1.098075
v 0.430155 0.202608 1.036769
v 0.701956 -0.025888 0.978723
v 0.125762 0.190437 1.077543
v 0.164444 -0.066480 1.074974
v 0.449155 -0.065287 1.020563
v 0.189135 0.232360 1.063410
v 0.774040 0.003745 0.950848
v 0.266890 0.251493 1.040071
v 0.336954 -0.121138 1.008219
v 0.326717 -0.116205 1.016959
v 0.742106 -0.070795 0.939909
v 0.096184 -0.025412 1.062734
v 0.444524 0.244041 1.004952
v 0.689657 0.263046 0.922418
v 0.796409 0.165662 0.923168
v 0.819578 0.003767 0.909985
v 0.746148 -0.122206 0.908579
v 0.577517 0.045135 1.038058
v 0.704310 0.066831 0.998174
v 0.566595 0.179122 1.021902
v 0.173140 -0.042147 1.094832
v 0.485911 0.209594 1.021730
v 0.476359 0.212848 1.021426
v 0.684188 0.257189 0.929704
v 0.433476 0.269912 0.974441
v 0.277706 0.020363 1.098515
v 0.453872 0.046165 1.068527
v 0.181910 0.027354 1.108927
v 0.180028 0.016858 1.108583
v 0.178116 0.098535 1.107902
v 0.165124 0.074105 1.108407
v 0.621101 0.121277 1.026983
v 0.171334 0.092856 1.107967
v 0.246547 0.151121 1.096060
v 0.254830 -0.038026 1.088406
v 0.650273 0.171614 1.001391
v 0.368894 -0.035300 1.052609
v 0.433861 0.225577 1.021339
v 0.505260 -0.053208 1.017912
v 0.572938 -0.055363 1.004804
v 0.543412 -0.025342 1.022430
v 0.692484 0.178118 0.980752
v 0.427194 -0.100927 1.002644
v 0.513077 0.254910 0.979788
v 0.811155 -0.039515 0.900702
v 0.450124 0.267550 0.974485
v 0.133443 0.187350 1.082687
v 0.544621 0.258899 0.967387
v 0.294296 0.047377 1.118921
v 0.663245 0.107146 1.014354
v 0.830150 0.179384 0.873913
v 0.071907 0.137320 1.057892
v 0.831559 0.010465 0.896707
v 0.851465 0.069211 0.884052
v 0.682431 0.165756 0.991366
v 0.297108 0.030187 1.109536
v 0.338773 0.104039 1.109249
v 0.327764 0.252566 1.025438
v 0.386804 0.076034 0.998638
v 0.718150 -0.063740 0.953444
v 0.153869 -0.070749 1.045340
v 0.375466 -0.000258 1.071353
v 0.829985 -0.000077 0.894647
v 0.286118 0.126959 1.109170
v 0.445221 0.028990 1.065236
v 0.668983 -0.086602 0.954513
v 0.671259 -0.078971 0.960318
v 0.817731 0.132769 0.916903
v 0.288933 0.275533 1.001964
v 0.479253 0.050983 1.062252
v 0.105223 0.068770 1.092331
v 0.152929 0.194293 1.084947
v 0.358251 0.231136 1.035834
v 0.701288 0.216860 0.954323
v 0.588988 -0.102201 0.962087
v 0.524428 0.260921 0.970005
v 0.762124 0.255682 0.892406
v 0.650268 0.238822 0.956594
v 0.599446 0.081152 1.036834
v 0.729172 0.064246 0.986839
v 0.232432 -0.077976 1.074962
v 0.729302 0.053913 0.985864
v 0.392609 0.237669 1.022356
v 0.460956 0.235574 1.008291
v 0.643920 0.273514 0.921590
v 0.671244 -0.110472 0.932069
v 0.829479 0.151469 0.895147
v 0.133309 -0.056688 1.053624
v 0.636553 -0.123406 0.917115
v 0.254844 0.088488 1.109137
v 0.172036 -0.071946 1.072746
v 0.178541 0.238451 1.054673
v 0.485433 0.269544 0.963693
v 0.409654 0.119386 1.097880
v 0.400919 0.117467 1.100283
v 0.615691 0.163585 1.015996
v 0.141623 0.175261 1.091671
v 0.461022 0.201585 1.031977
v 0.196698 0.234843 1.061595
v 0.357811 -0.105163 1.018082
v 0.506947 -0.069200 1.009602
v 0.794453 0.127654 0.938927
v 0.084597 0.171020 1.068819
v 0.350951 -0.112348 1.013795
v 0.595987 -0.097314 0.965476
v 0.630862 0.222885 0.977185
v 0.787005 0.179369 0.924194
v 0.765402 -0.060605 0.932557
v 0.808622 0.168467 0.910423
v 0.786248 0.225737 0.894999
v 0.586135 0.050409 1.037244
v 0.564586 0.169769 1.027052
v 0.657746 0.247721 0.945716
v 0.578761 0.064088 1.041699
v 0.692911 0.046268 1.000533
v 0.712942 0.043902 0.991851
v 0.192978 -0.061139 1.087200
v 0.482955 0.185557 1.037553
v 0.571143 -0.035875 1.013924
v 0.677901 0.157882 0.996606
v 0.736222 0.049099 0.981683
v 0.325387 0.200783 1.062232
v 0.138265 0.202478 1.074481
v 0.754407 0.079707 0.972384
v 0.402725 -0.113920 0.998217
v 0.739229 0.225257 0.930469
v 0.569262 -0.116628 0.942949
v 0.681316 -0.112296 0.929457
v 0.438601 0.035931 1.070835
v 0.842895 0.114901 0.893821
v 0.804175 0.113088 0.932453
v 0.562612 0.276280 0.936693
v 0.713746 0.216640 0.950207
v 0.665472 0.179313 0.991857
v 0.510682 -0.060644 1.013801
v 0.510209 0.188931 1.029748
v 0.664066 0.082429 1.014965
v 0.835050 0.127081 0.899709
v 0.586748 0.060184 1.039083
v 0.095046 -0.001752 1.076443
v 0.336732 0.248475 1.027054
v 0.326927 0.098779 1.105445
v 0.271345 0.104716 1.113392
v 0.379411 0.019929 1.088824
v 0.363484 0.158690 1.084130
v 0.449607 0.016375 1.058533
v 0.524941 -0.001062 1.034551
v 0.340396 -0.006748 1.074769
v 0.361835 0.075401 1.071906
v 0.380322 0.096975 1.045357
v 0.278544 -0.067054 1.067057
v 0.399062 0.071580 1.053243
v 0.592917 -0.052802 1.001519
v 0.173054 0.210950 1.078375
v 0.289569 0.245871 1.040801
v 0.568278 -0.085818 0.983972
v 0.299970 -0.117053 1.025031
v 0.792178 0.092402 0.945363
v 0.081781 0.133150 1.072295
v 0.528778 -0.098194 0.981758
v 0.111927 0.198967 1.064654
v 0.246614 -0.122479 1.022261
v 0.268885 -0.125949 1.015047
v 0.290357 -0.118817 1.025125
v 0.372814 0.073175 1.002424
v 0.375939 0.071100 1.001668
v 0.809595 0.093169 0.924947
v 0.264039 0.270703 1.015669
v 0.810944 0.076442 0.924648
v 0.254203 0.272825 1.013661
v 0.503956 -0.110373 0.972556
v 0.307189 -0.136319 0.997821
v 0.819451 0.160445 0.902963
v 0.854414 0.056826 0.875773
v 0.772316 -0.133321 0.882618
v 0.400349 0.034059 1.091667
v 0.353234 0.098535 1.075967
v 0.305051 0.142920 1.105561
v 0.405711 0.067723 1.101584
v 0.425023 0.082065 1.096363
v 0.364364 0.140023 1.100520
v 0.307599 0.129660 1.115871
v 0.295460 0.063119 1.121238
v 0.302215 0.115856 1.118036
v 0.317232 0.078176 1.120687
v 0.437402 0.112656 1.085395
v 0.241621 0.061345 1.107121
v 0.266853 0.045418 1.110166
v 0.257412 0.104461 1.107328
v 0.396299 0.149150 1.082274
v 0.410091 0.140688 1.084172
v 0.456806 0.110854 1.074984
v 0.458811 0.101934 1.076940
v 0.498017 0.023931 1.048377
v 0.489066 0.130685 1.060173
v 0.523346 0.086643 1.057518
v 0.535842 0.118767 1.050878
v 0.224780 0.035730 1.107236
v 0.258500 -0.004975 1.095689
v 0.293134 0.160603 1.091029
v 0.344365 0.173595 1.075771
v 0.450981 0.164904 1.055211
v 0.543412 0.008853 1.034845
v 0.589080 0.125084 1.034623
v 0.619091 0.043999 1.026606
v 0.236117 -0.053418 1.088682
v 0.271288 -0.035244 1.082023
v 0.278805 -0.019450 1.083442
v 0.320670 0.003791 1.085662
v 0.469178 -0.021095 1.038518
v 0.541307 -0.001267 1.031806
v 0.620645 -0.007015 1.013525
v 0.138417 0.024140 1.105840
v 0.147879 0.035894 1.108136
v 0.136763 0.048689 1.105878
v 0.132911 0.018365 1.103159
v 0.137260 0.094459 1.102622
v 0.348627 -0.031954 1.059399
v 0.310837 -0.045134 1.066234
v 0.360140 -0.006155 1.070853
v 0.381888 0.097068 1.054168
v 0.418442 0.161058 1.064426
v 0.403761 -0.017952 1.053131
v 0.687397 0.110054 1.003709
v 0.132644 0.170011 1.091262
v 0.192276 0.211776 1.079881
v 0.320557 0.194429 1.067061
v 0.419291 0.182646 1.051849
v 0.604016 -0.047669 1.001491
v 0.742155 0.013674 0.972012
v 0.102112 0.010454 1.087080
v 0.132263 -0.038384 1.081068
v 0.649255 -0.046030 0.987606
v 0.721207 0.171645 0.970420
v 0.715296 0.166644 0.975516
v 0.743394 0.148174 0.967733
v 0.748021 0.115903 0.971965
v 0.735381 0.070527 0.983813
v 0.197092 -0.075653 1.076755
v 0.249715 0.226615 1.064929
v 0.234551 -0.107551 1.049823
v 0.584342 -0.073594 0.989532
v 0.086865 0.011144 1.075451
v 0.165210 0.222970 1.066982
v 0.204998 0.237676 1.058960
v 0.311353 0.252603 1.028962
v 0.309904 0.258453 1.022804
v 0.463875 -0.088718 1.004686
v 0.533603 0.233964 0.994481
v 0.605070 0.228179 0.980420
v 0.651805 0.196817 0.987653
v 0.672603 0.205336 0.973763
v 0.683235 -0.064869 0.965742
v 0.693234 -0.067783 0.960072
v 0.722802 0.184647 0.963690
v 0.731271 0.184728 0.959392
v 0.747935 0.190115 0.947252
v 0.747852 -0.050458 0.947138
v 0.760161 -0.037749 0.945885
v 0.753032 -0.043288 0.947601
v 0.764040 0.185925 0.938792
v 0.792034 -0.005516 0.934694
v 0.773380 0.140856 0.950086
v 0.788809 0.060894 0.949705
v 0.086553 -0.010688 1.064035
v 0.113105 -0.020678 1.079744
v 0.276109 0.247562 1.042246
v 0.283633 0.250264 1.037618
v 0.326694 -0.122950 1.009186
v 0.692608 0.218075 0.956187
v 0.694217 -0.081182 0.949785
v 0.077231 0.084588 1.054070
v 0.164670 0.241226 1.040573
v 0.236513 0.267194 1.022973
v 0.219246 0.263475 1.022622
v 0.317450 -0.127018 1.006976
v 0.455286 -0.105948 0.991154
v 0.824215 0.108847 0.910915
v 0.305978 0.270939 1.005533
v 0.361365 0.269232 0.992888
v 0.450326 -0.118129 0.979174
v 0.723099 0.231053 0.934873
v 0.707429 0.243491 0.932836
v 0.768889 0.206502 0.923580
v 0.298973 0.274008 1.001994
v 0.278389 0.275841 1.004246
v 0.594938 0.258829 0.953103
v 0.683272 0.269706 0.917769
v 0.717343 -0.109079 0.927007
v 0.646153 -0.125774 0.914277
v 0.754272 -0.120104 0.905275
v 0.803760 0.207082 0.889817
v 0.850112 0.042582 0.880348
v 0.771826 0.231650 0.903987
v 0.779050 0.223418 0.903723
v 0.283910 0.059990 1.118857
v 0.501191 0.060315 1.058339
v 0.201795 0.034241 1.108281
v 0.193524 0.039556 1.108618
v 0.235313 -0.009897 1.099935
v 0.559936 0.034859 1.039187
v 0.624076 0.095763 1.028303
v 0.501192 0.172296 1.040601
v 0.565756 0.134468 1.039304
v 0.653143 0.017769 1.010508
v 0.699205 0.052721 0.998777
v 0.232574 0.179795 1.090525
v 0.574965 -0.022042 1.018859
v 0.714857 0.093011 0.993004
v 0.298638 0.195977 1.072233
v 0.402956 0.186429 1.053144
v 0.425369 -0.048290 1.034479
v 0.416591 -0.051493 1.034779
v 0.548309 -0.054142 1.010032
v 0.626657 0.199634 0.993869
v 0.693239 0.154636 0.990960
v 0.719911 0.038159 0.987762
v 0.750689 0.025189 0.969693
v 0.095734 0.140822 1.087279
v 0.339986 0.218614 1.048673
v 0.494376 0.214261 1.016941
v 0.589048 0.198994 1.004765
v 0.774816 0.064165 0.959783
v 0.649162 0.245200 0.950696
v 0.559973 0.271383 0.945074
v 0.831909 -0.039023 0.868619
v 0.278258 0.030092 1.104333
v 0.467551 0.059126 1.068298
v 0.464758 0.044632 1.064628
v 0.512753 0.066325 1.056675
v 0.503950 0.078462 1.062247
v 0.496702 0.117286 1.061873
v 0.525879 0.094309 1.056380
v 0.553807 0.081392 1.048640
v 0.541196 0.102229 1.051055
v 0.528308 0.066190 1.053030
v 0.218442 0.028309 1.107308
v 0.186324 0.100776 1.107775
v 0.171698 0.068581 1.108708
v 0.446816 0.001931 1.053353
v 0.527999 0.160634 1.039655
v 0.554756 0.028526 1.038647
v 0.597515 0.029773 1.029754
v 0.612793 0.118542 1.029528
v 0.624914 0.076480 1.028195
v 0.128055 0.132860 1.100727
v 0.474020 -0.026965 1.034632
v 0.543415 0.138799 1.044317
v 0.578973 0.158752 1.027998
v 0.580500 0.000351 1.025994
v 0.591928 0.012212 1.026742
v 0.610574 0.148857 1.022410
v 0.608623 0.156974 1.020323
v 0.647425 -0.020980 1.000311
v 0.657177 0.148492 1.008120
v 0.675888 0.043062 1.006684
v 0.666226 0.059513 1.012193
v 0.655716 0.008716 1.007487
v 0.696966 0.038220 0.997831
v 0.682065 0.068384 1.007044
v 0.143472 0.062336 1.106397
v 0.200280 0.187266 1.093148
v 0.275239 -0.059434 1.071758
v 0.282938 0.169834 1.085799
v 0.309980 -0.028846 1.071897
v 0.335296 -0.002111 1.079049
v 0.525120 -0.031725 1.023109
v 0.514580 -0.034994 1.023589
v 0.508302 -0.001678 1.037074
v 0.547010 -0.015613 1.025585
v 0.652698 0.140727 1.012077
v 0.222412 0.223544 1.070855
v 0.313167 0.192192 1.070438
v 0.326812 -0.068258 1.052185
v 0.375417 0.206864 1.047155
v 0.391437 -0.038797 1.046429
v 0.393220 0.177683 1.060601
v 0.424442 0.195932 1.042569
v 0.426458 0.188064 1.047085
v 0.447239 0.174215 1.051059
v 0.423217 -0.056995 1.030227
v 0.426935 -0.039664 1.038655
v 0.483364 -0.065213 1.015106
v 0.569904 0.195048 1.012092
v 0.639321 0.191594 0.994705
v 0.624940 -0.065652 0.984720
v 0.703579 0.000886 0.987218
v 0.734728 0.028037 0.978621
v 0.337088 0.190897 1.064630
v 0.354184 0.209616 1.050389
v 0.530269 -0.085422 0.993563
v 0.531132 -0.072742 1.002847
v 0.587160 0.190422 1.010425
v 0.749943 0.129434 0.968513
v 0.320727 0.243412 1.035461
v 0.354194 0.245326 1.025121
v 0.387397 0.231757 1.028113
v 0.359930 -0.091369 1.027291
v 0.469740 0.235500 1.006459
v 0.438173 0.238459 1.011059
v 0.507143 -0.078430 1.003469
v 0.495372 -0.098805 0.989942
v 0.780510 0.049509 0.955312
v 0.788567 0.052018 0.949531
v 0.554338 0.242041 0.982147
v 0.772719 0.170357 0.939507
v 0.794075 0.004432 0.936327
v 0.779569 0.146005 0.943805
v 0.410833 -0.109941 0.999188
v 0.455106 -0.093186 1.003135
v 0.446789 -0.103958 0.996335
v 0.420737 -0.086756 1.013243
v 0.552445 -0.102737 0.970533
v 0.478818 0.255658 0.985176
v 0.514344 0.247237 0.987127
v 0.595945 0.251368 0.961306
v 0.656458 0.228253 0.964352
v 0.808990 0.054643 0.931525
v 0.795528 0.049147 0.943720
v 0.353523 0.271481 0.990396
v 0.360555 -0.126292 0.993506
v 0.736128 0.257176 0.907927
v 0.765868 0.238409 0.903815
v 0.791981 0.184175 0.917177
v 0.824365 -0.026003 0.890263
v 0.417058 0.272280 0.972064
v 0.430317 0.266324 0.981649
v 0.640636 -0.105742 0.942647
v 0.699043 -0.137049 0.909984
v 0.832731 0.165363 0.880345
v 0.845737 0.016715 0.877255
v 0.841794 0.010985 0.881291
v 0.856587 0.098280 0.870349
v 0.848921 0.136109 0.869966
v 0.850752 0.126587 0.871226
v 0.741342 0.274716 0.888971
v 0.824126 -0.035646 0.884971
v 0.835819 -0.014356 0.877773
v 0.820196 -0.063130 0.872809
v 0.465592 -0.072956 1.013675
v 0.224930 0.246603 1.049571
v 0.333620 0.085466 1.066572
v 0.337121 0.085818 1.057127
v 0.449647 0.115144 1.076888
v 0.449755 0.107040 1.079657
v 0.248729 0.123900 1.102401
v 0.226498 0.120743 1.103692
v 0.141891 0.184111 1.087338
v 0.083303 0.099221 1.062026
v 0.742200 -0.115804 0.914403
v 0.583222 -0.112561 0.947858
v 0.759438 -0.135202 0.891728
v 0.455379 0.126449 1.070588
v 0.465835 0.115635 1.070454
v 0.528060 0.123935 1.052321
v 0.157299 0.037484 1.109051
v 0.150589 0.044551 1.108301
v 0.665725 0.114268 1.012337
v 0.383852 -0.052256 1.042121
v 0.383732 -0.043721 1.045870
v 0.825987 0.056772 0.915094
v 0.378865 0.073034 0.998600
v 0.815539 -0.064430 0.879760
v 0.629242 -0.121687 0.920232
v 0.793418 0.235691 0.878487
v 0.359173 0.273070 0.985510
v 0.074639 0.126979 1.057765
v 0.340647 0.025097 1.100212
v 0.333001 0.027947 1.103632
v 0.343609 0.040414 1.110906
v 0.326332 0.041820 1.114318
v 0.414426 0.068634 1.099966
v 0.346636 0.070441 1.106059
v 0.442679 0.070135 1.085735
v 0.278057 0.050937 1.117257
v 0.277061 0.045954 1.113596
v 0.424067 0.057735 1.098264
v 0.276777 0.125079 1.106175
v 0.288788 0.110715 1.114653
v 0.291805 0.015008 1.095343
v 0.386572 0.079607 1.076583
v 0.406290 0.149411 1.077705
v 0.417351 0.145305 1.076365
v 0.427778 0.130685 1.083291
v 0.504009 0.117759 1.059966
v 0.182085 0.073699 1.108518
v 0.248641 0.106101 1.104514
v 0.301327 0.165836 1.087232
v 0.302170 0.158652 1.093130
v 0.426934 0.020895 1.068503
v 0.418764 0.017147 1.069293
v 0.448730 0.037713 1.067325
v 0.284926 0.009253 1.093001
v 0.334818 0.098447 1.095341
v 0.410441 0.015028 1.071060
v 0.658841 0.043767 1.013085
v 0.668998 0.049879 1.010097
v 0.119427 0.118254 1.097702
v 0.190003 0.187093 1.093274
v 0.126219 0.155199 1.095310
v 0.149944 0.163559 1.098120
v 0.148501 0.171294 1.095105
v 0.182112 0.192354 1.090517
v 0.288655 -0.081992 1.056574
v 0.359310 0.096079 1.058193
v 0.379400 0.070155 1.051113
v 0.432419 -0.053712 1.029985
v 0.727111 0.025314 0.981951
v 0.094068 0.153463 1.082789
v 0.241192 -0.104286 1.054455
v 0.291153 0.239784 1.046120
v 0.317879 -0.109160 1.027081
v 0.349187 0.090205 1.045436
v 0.470636 -0.084022 1.006251
v 0.593841 -0.074865 0.985842
v 0.737649 -0.028877 0.961808
v 0.737461 -0.020012 0.965231
v 0.155602 0.220912 1.065676
v 0.306268 0.241805 1.040354
v 0.311828 -0.105691 1.032500
v 0.673072 -0.070850 0.965589
v 0.783226 0.126811 0.947166
v 0.082346 0.117590 1.067280
v 0.109871 -0.034303 1.068879
v 0.121078 0.209750 1.059487
v 0.259833 0.248019 1.044823
v 0.340135 0.080044 1.023031
v 0.361037 0.073243 1.013253
v 0.766946 -0.044102 0.939019
v 0.812868 0.100670 0.921231
v 0.262101 -0.123767 1.019404
v 0.310384 -0.124593 1.012536
v 0.385682 0.069550 0.999280
v 0.603989 0.255243 0.954630
v 0.611603 0.251721 0.956027
v 0.620915 -0.102760 0.951822
v 0.819310 0.100620 0.912997
v 0.809425 0.025986 0.927617
v 0.265233 0.264691 1.024180
v 0.490920 0.272687 0.957336
v 0.497288 0.259081 0.977131
v 0.810095 -0.024965 0.909109
v 0.262656 0.275535 1.007958
v 0.326917 -0.133722 0.992837
v 0.458386 -0.116789 0.977913
v 0.604115 0.261863 0.946710
v 0.477939 0.270633 0.962961
v 0.854276 0.040756 0.871494
v 0.548967 -0.113026 0.956399
v 0.541806 -0.116735 0.950362
v 0.855085 0.066095 0.875702
v 0.287569 0.145794 1.100341
v 0.384201 0.031625 1.097659
v 0.376306 0.074547 1.096494
v 0.306466 0.135649 1.110802
v 0.298675 0.136513 1.108745
v 0.312177 0.148893 1.102089
v 0.373774 0.068616 1.101550
v 0.320912 0.145526 1.105365
v 0.421272 0.102967 1.096748
v 0.414338 0.060937 1.100238
v 0.434998 0.079066 1.092353
v 0.364798 0.122642 1.108358
v 0.365197 0.062412 1.111204
v 0.335328 0.044539 1.113986
v 0.326321 0.109523 1.119835
v 0.320954 0.112906 1.120134
v 0.268484 0.095020 1.114125
v 0.273486 0.084772 1.115782
v 0.439860 0.085907 1.088117
v 0.260530 0.036806 1.104730
v 0.279673 0.038864 1.110017
v 0.335400 0.149043 1.100105
v 0.407540 0.038896 1.091475
v 0.323625 0.029521 1.106726
v 0.428325 0.123682 1.088124
v 0.457282 0.077575 1.077756
v 0.461926 0.092230 1.077567
v 0.488957 0.021744 1.050313
v 0.467738 0.034610 1.060597
v 0.481231 0.134159 1.061354
v 0.507893 0.108768 1.060881
v 0.536823 0.071172 1.052251
v 0.534195 0.109603 1.052328
v 0.529121 0.115554 1.053248
v 0.545179 0.075671 1.050297
v 0.546431 0.085777 1.050394
v 0.212891 0.036824 1.107935
v 0.172009 0.023247 1.109097
v 0.189218 0.111655 1.107407
v 0.154470 0.028536 1.108794
v 0.179956 0.062498 1.108788
v 0.229192 0.028273 1.106654
v 0.311001 0.164014 1.088587
v 0.292529 0.167632 1.085497
v 0.339886 0.017044 1.093689
v 0.329600 0.017154 1.095203
v 0.365936 0.000977 1.074922
v 0.347893 0.151569 1.094789
v 0.413545 0.023829 1.076779
v 0.417677 0.032366 1.081071
v 0.440882 0.152632 1.063350
v 0.441642 -0.007107 1.051046
v 0.447363 -0.012074 1.047668
v 0.457554 0.002082 1.050878
v 0.459877 0.163810 1.053787
v 0.473567 0.132710 1.063757
v 0.467539 0.003812 1.049069
v 0.462119 0.010923 1.053204
v 0.534950 0.166088 1.035721
v 0.515596 -0.000131 1.036498
v 0.551198 0.014446 1.035450
v 0.222161 0.151633 1.099144
v 0.232988 0.148917 1.098283
v 0.278324 -0.029395 1.080579
v 0.307567 0.010535 1.091884
v 0.405094 0.021690 1.078811
v 0.408747 -0.004075 1.058135
v 0.421827 0.003585 1.059573
v 0.585168 0.019236 1.030222
v 0.610141 -0.008952 1.015963
v 0.663062 0.074885 1.014795
v 0.671356 0.069407 1.011248
v 0.130298 0.052060 1.104189
v 0.141508 0.042472 1.107068
v 0.147065 0.097317 1.104915
v 0.135917 0.083209 1.103166
v 0.122386 0.082515 1.098997
v 0.164157 -0.026132 1.099615
v 0.156486 -0.021321 1.099662
v 0.216968 0.188133 1.090741
v 0.290461 0.175464 1.082886
v 0.340115 -0.055610 1.053958
v 0.328706 -0.028582 1.066989
v 0.323368 -0.051417 1.060605
v 0.405117 -0.025129 1.049858
v 0.679804 0.114018 1.006455
v 0.671790 0.109694 1.010460
v 0.719438 0.085831 0.991329
v 0.111603 0.066297 1.096345
v 0.127727 0.140573 1.099666
v 0.102295 0.001315 1.083176
v 0.158409 0.188955 1.089198
v 0.274643 -0.092604 1.056574
v 0.279081 0.209887 1.069141
v 0.285279 -0.060722 1.067598
v 0.367741 0.201740 1.051755
v 0.345998 0.189581 1.063259
v 0.417161 0.190765 1.047617
v 0.429233 0.240874 1.011187
v 0.419728 -0.034512 1.042808
v 0.566641 -0.041869 1.012179
v 0.558964 0.185445 1.020176
v 0.544186 0.186512 1.023062
v 0.611754 -0.053776 0.995914
v 0.629283 0.208620 0.987524
v 0.632837 -0.041846 0.995027
v 0.699765 0.022225 0.993978
v 0.742917 0.021936 0.973215
v 0.777769 0.030381 0.954737
v 0.102047 0.074682 1.088331
v 0.103937 0.083412 1.089309
v 0.149558 -0.055425 1.077652
v 0.202956 -0.097901 1.050141
v 0.326065 -0.075380 1.048495
v 0.532598 -0.065115 1.007232
v 0.565064 0.215862 1.000475
v 0.637376 -0.054433 0.986947
v 0.755934 0.115974 0.967110
v 0.116855 0.178040 1.081275
v 0.114922 0.169450 1.085418
v 0.110182 0.182641 1.075469
v 0.107888 0.173632 1.080102
v 0.117586 -0.040333 1.068658
v 0.129348 -0.048045 1.071175
v 0.133543 0.179070 1.087230
v 0.125704 0.181913 1.082667
v 0.126566 0.199602 1.071473
v 0.150809 0.214785 1.069321
v 0.179837 -0.077151 1.069766
v 0.221285 0.235423 1.061244
v 0.248098 0.253239 1.040609
v 0.320980 -0.103255 1.031203
v 0.315173 -0.098484 1.037330
v 0.349297 -0.105715 1.019851
v 0.412787 -0.083731 1.016915
v 0.420540 -0.076894 1.019410
v 0.393672 -0.064271 1.033397
v 0.473027 0.228424 1.011187
v 0.448210 -0.088138 1.007848
v 0.429390 -0.070398 1.021365
v 0.471993 -0.090233 1.001999
v 0.729755 -0.028145 0.965893
v 0.082944 0.018468 1.074727
v 0.082845 0.005722 1.069550
v 0.159216 0.215363 1.071690
v 0.196637 0.241347 1.054114
v 0.529592 0.226608 1.001182
v 0.613031 0.222426 0.982637
v 0.596870 0.243515 0.969053
v 0.682377 -0.073644 0.959316
v 0.711012 0.211045 0.954863
v 0.726554 0.177516 0.965122
v 0.747645 0.181702 0.951614
v 0.756039 0.183788 0.945407
v 0.733890 0.175881 0.962084
v 0.742076 -0.035347 0.956926
v 0.771347 0.148529 0.948852
v 0.770826 0.133599 0.954092
v 0.778513 0.133567 0.948550
v 0.792586 0.102725 0.944092
v 0.795916 0.057460 0.943684
v 0.795331 0.076379 0.943829
v 0.092740 0.161260 1.079069
v 0.119739 0.203046 1.065383
v 0.123558 -0.046601 1.066689
v 0.145524 0.219702 1.062657
v 0.197246 0.247466 1.046666
v 0.266257 -0.108845 1.045523
v 0.283395 0.243661 1.044469
v 0.361711 -0.111151 1.012397
v 0.494248 -0.105350 0.983843
v 0.653837 -0.099489 0.946972
v 0.652426 -0.087892 0.959228
v 0.654581 -0.073009 0.970205
v 0.758628 -0.046353 0.943148
v 0.775341 -0.037605 0.935822
v 0.078764 0.094543 1.054419
v 0.260671 -0.128034 1.010611
v 0.253443 -0.125766 1.015506
v 0.439704 0.255770 0.994046
v 0.432356 0.259875 0.990690
v 0.415448 0.268627 0.981133
v 0.442352 0.250461 0.999196
v 0.466935 0.248146 0.995659
v 0.610108 -0.102358 0.955478
v 0.621897 0.266151 0.936142
v 0.748749 0.203571 0.939111
v 0.805067 0.148106 0.923354
v 0.825621 0.144418 0.903895
v 0.367053 0.257793 1.008739
v 0.539806 -0.113411 0.957771
v 0.590608 -0.110528 0.949865
v 0.633238 -0.107480 0.942146
v 0.722310 0.224665 0.939976
v 0.697164 0.242760 0.937716
v 0.729936 0.247451 0.918967
v 0.759839 -0.068178 0.931883
v 0.777768 0.205673 0.917022
v 0.765256 0.229827 0.910825
v 0.776584 -0.065523 0.921926
v 0.782331 -0.041856 0.928508
v 0.786113 -0.049614 0.921657
v 0.187056 0.252177 1.031138
v 0.464003 -0.102622 0.993417
v 0.482882 -0.113537 0.975863
v 0.501486 -0.118354 0.958680
v 0.555787 0.266896 0.953117
v 0.592579 0.276384 0.928584
v 0.663585 -0.107216 0.936214
v 0.727548 0.255069 0.913976
v 0.812545 0.173972 0.902645
v 0.813726 0.008057 0.918278
v 0.493210 -0.110953 0.975826
v 0.655269 -0.109654 0.934991
v 0.797601 0.210058 0.894646
v 0.805540 0.213434 0.882380
v 0.816461 -0.037166 0.895240
v 0.819995 0.170047 0.896122
v 0.849866 0.051069 0.883275
v 0.461863 -0.120657 0.969327
v 0.779513 -0.116787 0.888411
v 0.626591 0.277153 0.918374
v 0.647112 0.278029 0.914963
v 0.655860 -0.129082 0.911465
v 0.767077 -0.131583 0.888549
v 0.850534 0.151314 0.858477
v 0.851525 0.137994 0.863028
v 0.744894 0.257628 0.902635
v 0.794075 -0.108625 0.877864
v 0.797466 -0.095573 0.883436
v 0.817726 0.196532 0.879598
v 0.824522 -0.054214 0.871425
v 0.506001 0.128660 1.056599
v 0.195522 0.016343 1.107809
v 0.211522 0.019361 1.107183
v 0.207538 0.028072 1.107836
v 0.195611 0.103247 1.107603
v 0.185321 0.046037 1.108923
v 0.222713 0.020008 1.106540
v 0.480911 0.162385 1.049684
v 0.470092 0.163357 1.051692
v 0.474069 0.149788 1.056942
v 0.470319 0.024433 1.056335
v 0.370098 0.180990 1.063516
v 0.560584 0.162830 1.030938
v 0.630798 -0.005883 1.010881
v 0.648849 0.038467 1.015883
v 0.680060 0.052332 1.006216
v 0.237368 0.187593 1.086967
v 0.536557 0.190081 1.022827
v 0.518155 -0.026463 1.026251
v 0.705540 0.091067 0.997425
v 0.706164 0.081218 0.997631
v 0.377213 -0.022706 1.056029
v 0.421928 0.208943 1.034805
v 0.413003 0.215349 1.032932
v 0.550499 -0.039460 1.015866
v 0.568494 0.186816 1.017138
v 0.696019 0.170007 0.983280
v 0.723255 0.017439 0.982332
v 0.743647 0.032966 0.974886
v 0.166769 -0.052014 1.087643
v 0.224595 -0.088475 1.068181
v 0.588095 0.218892 0.991977
v 0.585177 0.207839 1.000220
v 0.579352 0.197039 1.008529
v 0.345201 0.243803 1.028858
v 0.387879 0.244914 1.017506
v 0.396656 0.243827 1.016394
v 0.758620 0.069145 0.970224
v 0.767834 0.070729 0.964237
v 0.342699 0.261004 1.010886
v 0.618584 0.237322 0.968419
v 0.813791 0.033719 0.924689
v 0.630270 0.267544 0.932190
v 0.735033 -0.111349 0.920178
v 0.845870 0.036017 0.885294
v 0.751576 -0.143381 0.891349
v 0.374479 0.126024 1.104864
v 0.246567 0.068779 1.107883
v 0.495048 0.031514 1.051615
v 0.458672 0.061336 1.071847
v 0.507984 0.045220 1.051933
v 0.499096 0.087036 1.065145
v 0.498865 0.109425 1.063358
v 0.531988 0.090166 1.054755
v 0.564015 0.124802 1.041645
v 0.548238 0.095402 1.049729
v 0.560506 0.057080 1.044097
v 0.187836 0.011516 1.107900
v 0.223301 0.102777 1.106140
v 0.220356 0.078448 1.107332
v 0.216906 0.117022 1.105456
v 0.236013 0.070266 1.107059
v 0.253248 0.134028 1.099790
v 0.245200 -0.040888 1.090916
v 0.243555 0.000446 1.100412
v 0.228438 -0.006939 1.101718
v 0.235497 0.000233 1.101815
v 0.215636 0.000258 1.104736
v 0.204339 -0.019153 1.102533
v 0.438602 -0.016676 1.047551
v 0.457588 0.018357 1.057228
v 0.569318 0.021478 1.034364
v 0.608828 0.042858 1.029533
v 0.593446 0.045586 1.034344
v 0.606356 0.033628 1.028326
v 0.579584 0.126347 1.036954
v 0.603077 0.096426 1.034816
v 0.573679 0.083840 1.044066
v 0.585892 0.069824 1.040395
v 0.213966 0.159780 1.098712
v 0.226165 -0.051137 1.091021
v 0.197453 -0.027510 1.100932
v 0.176505 -0.035889 1.097778
v 0.190631 -0.045195 1.095021
v 0.197622 0.180431 1.095928
v 0.263627 -0.031775 1.086495
v 0.291521 -0.008885 1.082939
v 0.579682 0.173845 1.021469
v 0.538504 0.159252 1.037650
v 0.638948 -0.020067 1.003442
v 0.614105 0.036853 1.026881
v 0.637923 0.137293 1.017941
v 0.675262 0.033457 1.005635
v 0.663170 -0.021730 0.994877
v 0.681646 0.037406 1.003770
v 0.705566 0.040030 0.994521
v 0.686157 0.060729 1.004764
v 0.687065 0.077713 1.005604
v 0.150535 0.069520 1.107020
v 0.200686 -0.043829 1.095647
v 0.222092 0.196231 1.086090
v 0.230087 -0.071101 1.079940
v 0.238912 -0.071989 1.077338
v 0.280024 0.178432 1.083034
v 0.269276 0.200162 1.075892
v 0.331147 -0.054464 1.057266
v 0.314376 -0.035667 1.068501
v 0.419398 -0.015487 1.051442
v 0.530391 0.218851 1.006546
v 0.520326 0.197280 1.022555
v 0.498591 0.179378 1.037606
v 0.504540 0.184892 1.033295
v 0.518181 -0.007321 1.033348
v 0.539695 -0.010310 1.028759
v 0.657288 0.165302 1.001691
v 0.641643 0.183286 0.998521
v 0.660463 0.140957 1.009094
v 0.706792 0.129634 0.992063
v 0.733925 0.080332 0.984261
v 0.690650 0.085982 1.004210
v 0.690729 0.101521 1.003215
v 0.680380 0.103673 1.007560
v 0.214861 0.201934 1.084197
v 0.213730 0.233415 1.063468
v 0.269112 0.209099 1.071693
v 0.313226 -0.084828 1.046921
v 0.399556 0.164236 1.068044
v 0.391762 0.169435 1.066628
v 0.400040 -0.009698 1.057580
v 0.409432 0.180269 1.055340
v 0.407462 0.172077 1.060563
v 0.403841 0.212976 1.036798
v 0.452646 0.185034 1.043731
v 0.492353 -0.062515 1.015088
v 0.533067 -0.023698 1.024799
v 0.533437 -0.056997 1.011348
v 0.593304 0.182537 1.013215
v 0.577888 0.188912 1.013717
v 0.634876 0.215100 0.981602
v 0.667569 0.161310 0.999379
v 0.720830 -0.000868 0.979190
v 0.709218 0.024379 0.990251
v 0.733631 0.018099 0.977307
v 0.783068 0.024802 0.950007
v 0.349214 0.217575 1.046976
v 0.362681 -0.084499 1.030860
v 0.354661 -0.086224 1.032344
v 0.382413 -0.064010 1.036686
v 0.503422 0.201404 1.023647
v 0.525508 -0.062250 1.010337
v 0.596382 0.190368 1.007864
v 0.655108 -0.065368 0.975202
v 0.668790 0.192972 0.982522
v 0.764246 0.115811 0.962007
v 0.091707 0.124513 1.084645
v 0.352431 0.237962 1.031903
v 0.344733 0.237137 1.034593
v 0.361893 0.254122 1.014290
v 0.388200 -0.057728 1.038362
v 0.498503 -0.082481 1.002091
v 0.490520 -0.070648 1.010979
v 0.671582 -0.053325 0.976579
v 0.570771 0.249233 0.970694
v 0.589287 0.248418 0.966382
v 0.710567 -0.052162 0.962910
v 0.710487 -0.059574 0.958789
v 0.703078 -0.055550 0.964009
v 0.186416 0.244437 1.048512
v 0.488297 0.257596 0.980970
v 0.649744 0.257653 0.938046
v 0.763079 0.214207 0.923037
v 0.805470 0.045026 0.934406
v 0.811674 0.016768 0.923197
v 0.631130 0.247055 0.954480
v 0.638580 0.269203 0.927899
v 0.714292 0.223589 0.944793
v 0.799195 0.180650 0.912406
v 0.812652 -0.016326 0.910257
v 0.814735 -0.029859 0.901265
v 0.579248 0.265365 0.948913
v 0.737380 -0.093768 0.929568
v 0.731896 -0.088130 0.934830
v 0.830809 0.045340 0.908585
v 0.758778 -0.113346 0.906888
v 0.762274 -0.118704 0.901071
v 0.601016 0.277190 0.924671
v 0.736663 -0.148752 0.895871
v 0.737479 -0.154858 0.890403
v 0.822422 0.177983 0.887171
v 0.830542 -0.014918 0.886636
v 0.836077 0.005387 0.887780
v 0.818558 -0.056911 0.879991
v 0.837335 -0.022571 0.869608
v 0.856732 0.034612 0.863555
v 0.345072 0.077248 1.083928
v 0.371255 0.072717 1.051038
v 0.467607 0.146474 1.059950
v 0.455053 0.135061 1.067701
v 0.106992 0.166063 1.084175
v 0.086652 0.112711 1.072333
v 0.082764 0.109364 1.064078
v 0.563550 0.281065 0.928825
v 0.838322 0.109931 0.899494
v 0.536075 0.060781 1.050036
v 0.528081 0.057280 1.050761
v 0.671283 0.174496 0.991910
v 0.489180 0.178658 1.040170
v 0.643038 0.174663 1.002402
v 0.626241 0.182236 1.004013
v 0.198444 0.223380 1.071982
v 0.384075 -0.035606 1.049290
v 0.400624 0.223233 1.030812
v 0.310062 0.234241 1.045492
v 0.313544 0.225967 1.050658
v 0.569367 0.255419 0.964369
v 0.828405 0.064137 0.912664
v 0.811736 0.043668 0.928305
v 0.735416 0.250839 0.913494
v 0.816528 -0.051002 0.887176
v 0.720193 0.284718 0.890402
v 0.379612 0.274970 0.973942
v 0.373181 0.273504 0.980151
v 0.835803 -0.031221 0.866625
v 0.762004 0.262828 0.885819
v 0.505577 -0.121309 0.951023
v 0.395521 -0.123609 0.986850
v 0.511943 -0.117183 0.958086
v 0.347493 0.179439 1.069913
v 0.755927 -0.060454 0.938001
v 0.569095 0.160455 1.029879
v 0.337056 0.179296 1.071846
v 0.197354 -0.098328 1.042006
v 0.384120 0.025685 1.092518
v 0.373519 0.136879 1.099981
v 0.689698 0.225217 0.953210
v 0.560335 -0.035770 1.015687
v 0.134820 0.120394 1.101970
v 0.353882 -0.022463 1.061418
v 0.526848 -0.055463 1.013282
v 0.180120 0.127704 1.106205
v 0.612974 -0.073350 0.982568
v 0.553683 0.276280 0.939054
v 0.715843 0.196970 0.960792
v 0.240310 -0.025501 1.095757
v 0.257764 0.261648 1.029516
v 0.743910 0.048840 0.977463
v 0.714510 0.204106 0.957576
v 0.388393 0.074412 0.998582
v 0.510007 -0.044472 1.020678
v 0.634970 0.178000 1.003385
v 0.572267 -0.091842 0.977411
v 0.392589 0.094881 1.055015
v 0.367974 0.046447 1.109978
v 0.334714 0.109975 1.114249
v 0.213839 -0.029825 1.099067
v 0.476746 -0.122889 0.958632
v 0.464258 0.082412 1.076384
v 0.315520 0.041397 1.115759
v 0.325786 0.080212 1.100173
v 0.181567 -0.070997 1.076933
v 0.392290 -0.003625 1.063105
v 0.245230 0.259120 1.034181
v 0.582977 -0.034979 1.012417
v 0.679988 0.086077 1.008738
v 0.649218 0.251866 0.944045
v 0.398750 0.026408 1.085995
v 0.654582 0.210115 0.978896
v 0.342526 -0.130464 0.991179
v 0.384842 0.125866 1.101823
v 0.277411 0.068964 1.116889
v 0.457415 0.069306 1.075065
v 0.727793 0.043492 0.984900
v 0.721009 0.209914 0.951159
v 0.075264 0.188086 1.048613
v 0.587918 -0.087492 0.977426
v 0.151257 0.234237 1.038852
v 0.696891 0.060740 1.000539
v 0.195467 0.006679 1.107112
v 0.214780 0.106278 1.106595
v 0.573224 0.029647 1.035468
v 0.544451 -0.034273 1.018897
v 0.479316 0.199067 1.030083
v 0.780120 0.173207 0.932622
v 0.401324 -0.119939 0.992107
v 0.604581 -0.107781 0.950011
v 0.078725 0.157919 1.067446
v 0.690414 0.232072 0.948473
v 0.838876 0.056877 0.901591
v 0.430575 0.038513 1.077787
v 0.633065 -0.116035 0.929519
v 0.686859 0.172411 0.986374
v 0.389250 -0.030120 1.050564
v 0.636777 -0.119111 0.923574
v 0.773156 0.257598 0.880930
v 0.480698 0.277539 0.949147
v 0.386385 0.015264 1.081672
v 0.706744 0.198330 0.962988
v 0.373209 0.051296 1.110520
v 0.772099 0.261930 0.877671
v 0.580073 -0.102686 0.963959
v 0.531691 -0.015064 1.028253
v 0.825116 -0.017309 0.893691
v 0.728309 -0.080730 0.940357
v 0.415739 0.008780 1.064295
v 0.787983 -0.116266 0.879361
v 0.570285 0.059800 1.042639
v 0.582461 0.030519 1.033603
v 0.604120 0.058939 1.033650
v 0.815589 -0.020999 0.904578
v 0.515239 -0.120417 0.950040
v 0.111953 0.191088 1.070562
v 0.754183 -0.075092 0.931504
v 0.830699 0.134257 0.901936
v 0.379770 0.097173 1.080590
v 0.277454 0.012652 1.095756
v 0.372945 -0.009047 1.065139
v 0.426517 0.145685 1.071179
v 0.097017 -0.018805 1.068102
v 0.809844 0.181779 0.900554
v 0.331066 0.080100 1.092475
v 0.234576 0.202696 1.081048
v 0.368786 -0.026251 1.056081
v 0.551957 -0.030855 1.018936
v 0.248046 -0.029741 1.092855
v 0.577684 0.036786 1.036125
v 0.227714 0.188639 1.088403
v 0.583898 -0.025367 1.016128
v 0.686110 0.158717 0.992595
v 0.722118 0.059106 0.989698
v 0.502579 0.192627 1.029231
v 0.806353 0.131662 0.927781
v 0.575745 0.276562 0.932751
v 0.324282 0.237195 1.039728
v 0.709322 -0.104049 0.932037
v 0.076960 0.133778 1.064698
v 0.632913 0.280850 0.911811
v 0.684798 0.213399 0.961641
v 0.362022 -0.020855 1.060648
v 0.851327 0.094353 0.884051
v 0.802661 0.062437 0.937418
v 0.342911 0.125991 1.114220
v 0.577424 0.073912 1.043162
v 0.702054 -0.084326 0.945998
v 0.244077 -0.109837 1.046886
v 0.320144 -0.134836 0.994012
v 0.592393 0.075708 1.038910
v 0.149839 0.179159 1.092099
v 0.185315 -0.037276 1.097952
v 0.643963 0.141861 1.014778
v 0.632791 -0.126733 0.911857
v 0.401706 0.069166 0.972574
v 0.350602 0.125237 1.112249
v 0.388568 0.074261 1.000247
v 0.304684 0.123269 1.117599
v 0.695016 -0.088487 0.943679
v 0.404916 0.062926 0.975962
v 0.350856 0.071281 1.101508
v 0.444581 0.055789 1.079086
v 0.297768 0.021229 1.101468
v 0.173761 -0.003830 1.106354
v 0.328166 0.094590 1.089346
v 0.527763 0.007921 1.037077
v 0.108330 0.037447 1.097489
v 0.187260 0.204795 1.083876
v 0.096452 0.071802 1.083663
v 0.231904 -0.114314 1.036639
v 0.659386 -0.092057 0.953282
v 0.245420 0.273566 1.011724
v 0.843495 0.084762 0.897478
v 0.326650 0.057269 1.119710
v 0.349122 0.015671 1.091269
v 0.376003 0.144653 1.093432
v 0.405572 0.134522 1.090985
v 0.528997 0.082529 1.055561
v 0.240497 0.097494 1.105544
v 0.269055 0.138305 1.098671
v 0.345100 0.158478 1.089104
v 0.168900 0.163150 1.100903
v 0.637961 0.036760 1.019332
v 0.118224 0.012473 1.096451
v 0.164776 0.178050 1.095620
v 0.115381 0.036035 1.099675
v 0.437883 0.198588 1.037753
v 0.457015 0.208654 1.027926
v 0.772492 0.036893 0.959246
v 0.770847 0.027048 0.958554
v 0.286557 -0.100377 1.046497
v 0.345724 -0.068222 1.046215
v 0.732925 0.160670 0.969188
v 0.127156 -0.031013 1.082909
v 0.390813 -0.088690 1.019549
v 0.489231 -0.087120 1.000536
v 0.575383 -0.063458 0.999272
v 0.096547 0.015436 1.085412
v 0.702394 -0.076621 0.951086
v 0.479625 -0.106036 0.987299
v 0.272656 -0.117300 1.030291
v 0.777849 0.192067 0.925031
v 0.807026 0.154306 0.919032
v 0.809221 0.121225 0.926724
v 0.818759 0.151852 0.908363
v 0.125684 0.218827 1.042375
v 0.790684 -0.087370 0.896857
v 0.856593 0.082134 0.873403
v 0.344437 0.273867 0.988170
v 0.753435 0.257746 0.896972
v 0.503412 0.138854 1.054207
v 0.474666 0.170901 1.047097
v 0.357787 0.178497 1.068086
v 0.439006 0.205452 1.033230
v 0.710142 0.008311 0.986407
v 0.603945 0.203006 0.998175
v 0.778098 -0.001314 0.946540
v 0.705870 -0.121571 0.920718
v 0.845779 0.133342 0.878296
v 0.250631 0.078794 1.108740
v 0.516178 0.042730 1.049271
v 0.249895 0.034218 1.104679
v 0.268760 0.015914 1.097974
v 0.483312 0.147617 1.055883
v 0.255345 0.149619 1.095351
v 0.260704 0.155845 1.093378
v 0.499984 0.154885 1.048793
v 0.553946 0.169382 1.029792
v 0.628596 0.039238 1.022845
v 0.546065 0.215110 1.005664
v 0.692706 0.135728 0.996907
v 0.719685 0.129046 0.986123
v 0.712234 0.125251 0.990408
v 0.413672 -0.059493 1.031095
v 0.633656 -0.027575 1.001933
v 0.705916 0.137618 0.990598
v 0.684756 -0.022604 0.986654
v 0.685660 -0.030359 0.983178
v 0.763435 0.023364 0.962237
v 0.727016 0.127612 0.982537
v 0.394473 -0.072597 1.028382
v 0.741016 -0.011080 0.966502
v 0.379394 0.247431 1.017190
v 0.794241 -0.019714 0.927710
v 0.800679 0.037057 0.938027
v 0.751297 -0.102553 0.917848
v 0.804374 -0.043610 0.906125
v 0.400482 0.271093 0.979476
v 0.715849 -0.139722 0.907495
v 0.842088 0.153132 0.873029
v 0.212502 0.134958 1.103815
v 0.685928 -0.000286 0.994166
v 0.742686 0.250922 0.909530
v 0.715311 0.272649 0.903890
v 0.839079 0.169356 0.866427
v 0.579687 -0.119014 0.933958
v 0.288927 -0.135372 1.002674
v 0.407338 -0.126054 0.978386
v 0.288828 0.021080 1.101927
v 0.306852 0.025940 1.105402
v 0.389470 0.154779 1.080168
v 0.496968 0.069360 1.062137
v 0.551094 0.046788 1.043517
v 0.198119 0.165636 1.099851
v 0.195149 0.160028 1.101248
v 0.177401 0.170255 1.099405
v 0.176953 -0.020808 1.102865
v 0.341588 0.102162 1.101137
v 0.143079 -0.003413 1.101464
v 0.453367 -0.044215 1.030793
v 0.449734 -0.037173 1.035120
v 0.599288 -0.031419 1.010901
v 0.333549 0.093156 1.078403
v 0.347332 0.082180 1.055688
v 0.124958 -0.039267 1.076047
v 0.259624 -0.103315 1.053946
v 0.396192 -0.080605 1.023062
v 0.566665 -0.078027 0.990889
v 0.281209 -0.119680 1.025586
v 0.378686 -0.104766 1.013069
v 0.515230 -0.083264 0.998488
v 0.516387 -0.090774 0.992006
v 0.687542 0.204482 0.964044
v 0.724136 0.201146 0.954722
v 0.774651 -0.045553 0.933057
v 0.764315 0.194042 0.934347
v 0.492889 0.268113 0.964953
v 0.430899 -0.124852 0.973339
v 0.837152 0.101284 0.900028
v 0.831177 0.031183 0.904282
v 0.473275 0.263845 0.975594
v 0.794064 0.199124 0.906015
v 0.850163 0.113209 0.879836
v 0.343002 0.137749 1.109671
v 0.393362 0.054890 1.104288
v 0.329129 0.132593 1.118139
v 0.329872 0.140801 1.109178
v 0.336030 0.160501 1.089032
v 0.388395 0.148367 1.086371
v 0.521270 0.078196 1.057521
v 0.245226 0.024959 1.104213
v 0.447786 0.138469 1.068410
v 0.526307 0.170191 1.036048
v 0.161692 0.156417 1.101776
v 0.160693 0.148736 1.103071
v 0.203935 0.158843 1.100517
v 0.296182 -0.001540 1.085301
v 0.368211 0.164122 1.078161
v 0.188615 -0.031021 1.100072
v 0.531676 0.210856 1.011532
v 0.505740 -0.015486 1.032310
v 0.124458 0.173773 1.086668
v 0.395390 0.219039 1.035007
v 0.699027 0.140872 0.992777
v 0.108791 0.015109 1.092868
v 0.166186 -0.043772 1.092327
v 0.352190 -0.073492 1.041121
v 0.293288 0.260044 1.024458
v 0.303328 0.249130 1.034395
v 0.368076 0.229785 1.034347
v 0.334733 -0.102578 1.027027
v 0.477483 0.205827 1.025970
v 0.470158 -0.060047 1.019833
v 0.574390 -0.072148 0.993402
v 0.673069 -0.044275 0.980921
v 0.393621 -0.097021 1.013417
v 0.463670 -0.095838 0.999637
v 0.755936 0.157848 0.956430
v 0.776442 0.020491 0.953658
v 0.770485 -0.015853 0.947224
v 0.763015 -0.016983 0.951818
v 0.090653 0.177899 1.068557
v 0.118737 -0.029392 1.078628
v 0.421624 0.236383 1.016516
v 0.428706 -0.110339 0.995348
v 0.440393 -0.109887 0.992884
v 0.512639 -0.101012 0.982665
v 0.082170 0.089649 1.060401
v 0.103273 0.205542 1.050566
v 0.114795 -0.043962 1.053011
v 0.157161 0.236953 1.044006
v 0.250773 0.262143 1.030004
v 0.276125 -0.123395 1.019829
v 0.469657 0.253811 0.989211
v 0.604855 0.247577 0.962669
v 0.307111 0.274335 0.999139
v 0.377752 -0.126247 0.988378
v 0.506380 0.260529 0.973815
v 0.624613 -0.108029 0.944002
v 0.421759 -0.126749 0.970831
v 0.423888 -0.123613 0.979436
v 0.475370 -0.111323 0.981848
v 0.631926 -0.090730 0.960317
v 0.659818 0.266502 0.926494
v 0.714418 0.265301 0.910997
v 0.805970 0.177123 0.907753
v 0.662628 -0.120439 0.922263
v 0.465658 -0.123745 0.960434
v 0.801012 0.221296 0.881725
v 0.861045 0.068608 0.862271
v 0.854555 0.023906 0.863431
v 0.512561 0.099724 1.060267
v 0.533012 0.042463 1.045964
v 0.209527 0.096700 1.107331
v 0.206277 0.086707 1.107616
v 0.628803 0.067185 1.026096
v 0.463495 -0.005871 1.046237
v 0.603893 0.130927 1.029595
v 0.640842 0.011878 1.012970
v 0.608221 0.007702 1.021302
v 0.645771 0.056692 1.019268
v 0.568689 -0.009173 1.024887
v 0.683315 0.130111 1.002214
v 0.199626 0.210387 1.080737
v 0.351446 0.079008 1.063601
v 0.233007 -0.084902 1.070243
v 0.331043 0.219980 1.050062
v 0.523155 0.221953 1.005927
v 0.760928 0.002720 0.958987
v 0.805828 -0.020545 0.915920
v 0.829716 0.036974 0.907825
v 0.822765 -0.046753 0.880094
v 0.509809 0.036051 1.048824
v 0.520087 0.023355 1.043220
v 0.504092 0.029868 1.048326
v 0.477123 0.006872 1.047812
v 0.474509 -0.002322 1.044870
v 0.480641 0.015054 1.050082
v 0.584825 0.102000 1.039060
v 0.628103 0.058556 1.025531
v 0.644238 0.067570 1.020878
v 0.644095 0.078229 1.021667
v 0.190849 -0.008796 1.105504
v 0.206371 0.174750 1.096784
v 0.246450 -0.056882 1.084977
v 0.478693 -0.017392 1.037488
v 0.484319 -0.023826 1.033034
v 0.591268 -0.012201 1.019682
v 0.618270 0.144901 1.021525
v 0.615739 0.012637 1.020557
v 0.656516 0.057796 1.015569
v 0.636377 0.062313 1.023103
v 0.666111 -0.000770 1.001352
v 0.231415 0.210282 1.077832
v 0.269154 0.181041 1.083350
v 0.318883 -0.027496 1.070066
v 0.418096 -0.005562 1.055797
v 0.548613 -0.006001 1.029110
v 0.650855 0.156920 1.007508
v 0.628276 0.173732 1.007700
v 0.693251 0.125482 0.998788
v 0.720110 0.121117 0.987330
v 0.699359 0.084319 1.000512
v 0.365320 0.194397 1.056431
v 0.398704 0.194154 1.049599
v 0.397261 -0.056405 1.036810
v 0.476801 -0.058143 1.019662
v 0.618950 0.197610 0.997342
v 0.639203 -0.060716 0.982870
v 0.693905 -0.012133 0.986944
v 0.706391 0.016037 0.989831
v 0.702906 0.030975 0.994219
v 0.754300 0.008991 0.964354
v 0.758504 0.038497 0.967779
v 0.749824 0.042345 0.973219
v 0.106085 0.109166 1.094126
v 0.356199 -0.064704 1.044577
v 0.761532 -0.006752 0.955938
v 0.549043 0.223685 0.998949
v 0.543907 0.232395 0.993384
v 0.537172 0.251534 0.977441
v 0.621703 0.223588 0.979276
v 0.576884 0.242705 0.975442
v 0.701803 -0.069568 0.955896
v 0.796465 0.149746 0.929886
v 0.346161 0.255850 1.016457
v 0.404379 0.244136 1.014298
v 0.412078 -0.092344 1.011405
v 0.458588 0.252875 0.992703
v 0.471749 0.259362 0.982050
v 0.648023 0.233874 0.962049
v 0.729136 0.218598 0.940795
v 0.760174 0.208935 0.928448
v 0.358500 0.260347 1.007456
v 0.691225 0.238773 0.943138
v 0.805387 -0.005995 0.922538
v 0.504599 0.272121 0.956708
v 0.664905 0.272587 0.918951
v 0.721168 0.265803 0.907667
v 0.715670 -0.089937 0.939337
v 0.845396 0.045186 0.889185
v 0.810388 -0.069094 0.884552
v 0.838071 0.163027 0.873007
v 0.853133 0.129103 0.863976
v 0.353803 0.073635 1.091401
v 0.239388 0.130282 1.101655
v 0.205960 0.244242 1.051724
v 0.146054 -0.066182 1.046551
v 0.213895 0.240039 1.056743
v 0.153439 0.051775 1.108370
v 0.249784 0.142761 1.097824
v 0.400245 0.084571 1.058281
v 0.397948 0.078020 1.059729
v 0.646257 0.166071 1.005336
v 0.324357 -0.096333 1.035656
v 0.793646 0.143195 0.934523
v 0.802123 0.141055 0.928566
v 0.503971 0.255600 0.980481
v 0.823698 0.069122 0.915568
v 0.816683 0.069604 0.921579
v 0.529532 0.274401 0.947485
v 0.277264 -0.128250 1.011533
v 0.699467 0.282620 0.900498
v 0.620053 0.055249 1.027844
v 0.211735 -0.057736 1.089361
v 0.649908 0.085523 1.019988
v 0.362541 -0.129383 0.985293
v 0.804097 -0.058316 0.898647
v 0.511047 0.195803 1.025522
v 0.662611 -0.014394 0.997971
v 0.200633 -0.065230 1.085240
v 0.313073 0.099206 1.120527
v 0.335106 0.172266 1.077468
v 0.798545 0.107458 0.938704
v 0.637355 -0.074743 0.973201
v 0.212477 -0.111837 1.029568
v 0.351771 0.112742 1.109732
v 0.551686 0.183196 1.023196
v 0.422223 0.251541 1.003081
v 0.602221 0.014219 1.024676
v 0.428503 -0.031002 1.042841
v 0.561802 -0.119911 0.936541
v 0.658789 0.278579 0.913051
v 0.442351 0.269421 0.972892
v 0.456743 -0.076856 1.013005
v 0.249031 -0.118191 1.031104
v 0.196683 -0.107164 1.026010
v 0.353374 0.103568 1.100151
v 0.433431 0.105985 1.089906
v 0.734611 0.038078 0.980550
v 0.452350 -0.057851 1.023964
v 0.795400 0.066044 0.944140
v 0.577733 0.253914 0.963802
v 0.614021 -0.096054 0.961043
v 0.488196 -0.116257 0.968655
v 0.765209 0.247286 0.897114
v 0.357095 0.077919 1.056991
v 0.807379 -0.034277 0.907571
v 0.797850 -0.049454 0.910078
v 0.837606 0.013366 0.889164
v 0.481554 0.116828 1.065601
v 0.611323 0.181052 1.009043
v 0.756858 0.086918 0.970153
v 0.322666 0.270123 1.002563
v 0.835660 0.049498 0.903923
v 0.697269 -0.122647 0.920389
v 0.323004 -0.083131 1.044887
v 0.535248 0.258648 0.970156
v 0.105884 0.101728 1.093017
v 0.826079 0.003980 0.901686
v 0.753246 -0.083437 0.927545
v 0.343470 -0.039987 1.058371
v 0.631742 0.193441 0.996070
v 0.423119 0.039462 1.083587
v 0.728371 -0.097041 0.931189
v 0.824612 0.190310 0.874159
v 0.760778 -0.077115 0.926644
v 0.381807 0.007916 1.076721
v 0.378115 0.098550 1.088800
v 0.347021 -0.088927 1.033138
v 0.780831 0.006476 0.946999
v 0.091516 -0.024757 1.057191
v 0.560438 -0.116816 0.945418
v 0.701754 0.075157 0.999640
v 0.435716 -0.029732 1.042051
v 0.540979 -0.051567 1.012554
v 0.444306 -0.096622 1.002821
v 0.690299 0.250285 0.933887
v 0.286200 0.043056 1.115613
v 0.600875 -0.024556 1.013168
v 0.372378 0.007096 1.078691
v 0.417875 0.123478 1.096559
v 0.657078 0.221135 0.969976
v 0.789521 0.122094 0.943881
v 0.356785 -0.116670 1.008322
v 0.758832 0.251618 0.898508
v 0.567403 -0.028395 1.017479
v 0.148263 0.199397 1.080260
v 0.792094 -0.102872 0.884737
v 0.321329 0.049801 1.117936
v 0.347381 0.022142 1.097039
v 0.219365 -0.117045 1.024351
v 0.805790 0.101609 0.931098
v 0.314606 0.107983 1.120647
v 0.311921 0.117081 1.120612
v 0.264219 0.102425 1.111239
v 0.135390 0.008778 1.102096
v 0.686498 -0.010364 0.990552
v 0.586501 -0.080337 0.983758
v 0.202353 0.076981 1.107922
v 0.495134 0.206573 1.022024
v 0.591717 0.212675 0.995230
v 0.326741 0.160523 1.090317
v 0.203365 0.042748 1.108307
v 0.396558 0.082203 1.065173
v 0.576627 -0.006124 1.024584
v 0.583714 0.009047 1.027907
v 0.629034 0.019695 1.018544
v 0.225598 -0.082273 1.072881
v 0.620938 0.215505 0.985421
v 0.755064 -0.002431 0.961113
v 0.650245 -0.104840 0.941622
v 0.326362 -0.108530 1.024636
v 0.481058 0.126665 1.063376
v 0.211587 0.078251 1.107612
v 0.563950 -0.003650 1.027784
v 0.751221 0.144406 0.964077
v 0.746522 0.138379 0.968668
v 0.343663 -0.102401 1.024275
v 0.406213 -0.088369 1.015457
v 0.457016 -0.085493 1.008057
v 0.085886 0.153658 1.075878
v 0.113668 0.206916 1.058306
v 0.547277 -0.098865 0.976486
v 0.838767 0.072158 0.903648
v 0.778648 -0.051074 0.927466
v 0.673451 -0.130520 0.913341
v 0.557843 0.095989 1.047030
v 0.180782 0.117491 1.106938
v 0.755995 0.019677 0.965713
v 0.758069 0.029096 0.966393
v 0.586941 0.025879 1.031431
v 0.223275 0.179962 1.092554
v 0.670082 -0.060016 0.973339
v 0.757792 0.245570 0.904245
v 0.809313 -0.010999 0.916377
v 0.841939 0.019958 0.885296
v 0.533066 -0.116978 0.952206
v 0.192606 -0.094448 1.045827
v 0.574369 0.167065 1.025798
v 0.741183 0.076415 0.980466
v 0.192254 -0.069587 1.080959
v 0.408168 0.031056 1.085074
v 0.685493 -0.099692 0.937768
v 0.232998 -0.092688 1.065090
v 0.328810 0.049018 1.116748
v 0.701130 -0.100168 0.935986
v 0.456689 0.086122 1.078611
v 0.399378 0.089366 1.040626
v 0.277620 0.094874 1.115668
v 0.452100 -0.028653 1.038926
v 0.111036 0.133454 1.097321
v 0.266363 -0.113982 1.037143
v 0.744625 0.211011 0.937018
v 0.302083 -0.074462 1.055971
v 0.386517 -0.021822 1.054533
v 0.702430 0.148505 0.988890
v 0.556384 -0.075113 0.995567
v 0.743835 -0.136057 0.901059
v 0.233800 0.010714 1.103737
v 0.156897 0.119473 1.105371
v 0.156062 0.111886 1.105752
v 0.288210 -0.033166 1.076144
v 0.296751 -0.015763 1.079401
v 0.599608 -0.011522 1.017910
v 0.265485 0.192032 1.079916
v 0.500847 -0.020934 1.030923
v 0.572423 0.221211 0.994641
v 0.372434 0.243116 1.022671
v 0.788952 0.029899 0.946710
v 0.634505 0.253161 0.947131
v 0.833333 0.141889 0.895055
v 0.363620 0.076188 1.051015
v 0.114954 -0.041871 1.044349
v 0.355926 0.146137 1.097665
v 0.380850 0.074020 1.073043
v 0.244414 -0.065376 1.080115
v 0.383642 0.067967 1.057226
v 0.464526 -0.081243 1.009178
v 0.639188 0.207136 0.985514
v 0.080476 0.072507 1.062504
v 0.785359 -0.102872 0.892411
v 0.804700 -0.090236 0.877738
v 0.281863 0.078444 1.117157
v 0.503771 0.010045 1.042217
v 0.476197 0.060515 1.066086
v 0.178146 0.053365 1.109025
v 0.225579 0.053379 1.107470
v 0.424597 0.012211 1.063496
v 0.324679 -0.020411 1.071120
v 0.410644 -0.011924 1.054510
v 0.544031 0.202130 1.014157
v 0.141057 -0.026317 1.092289
v 0.359013 0.216156 1.045523
v 0.241611 -0.114763 1.037900
v 0.302177 0.256069 1.027315
v 0.401256 -0.067586 1.029576
v 0.462620 -0.058186 1.022061
v 0.318523 0.255886 1.023911
v 0.528358 0.240383 0.990247
v 0.767512 -0.010494 0.950932
v 0.365690 -0.117196 1.005997
v 0.672272 0.253205 0.936532
v 0.714945 -0.131510 0.913181
v 0.790976 0.230671 0.885773
v 0.799131 -0.072951 0.896140
v 0.860728 0.078936 0.863853
v 0.606127 0.068094 1.033820
v 0.163922 0.137747 1.104419
v 0.170705 0.130620 1.105513
v 0.647793 0.011994 1.010842
v 0.695087 0.108238 1.000558
v 0.327179 0.228586 1.045373
v 0.736137 0.117003 0.979036
v 0.790987 -0.028868 0.926775
v 0.737530 -0.124898 0.911150
v 0.355697 0.120128 1.110737
v 0.240902 0.016764 1.103613
v 0.259251 0.003075 1.097296
v 0.519686 0.138000 1.050760
v 0.540263 0.035193 1.042704
v 0.505452 0.146279 1.051139
v 0.576849 0.014732 1.031050
v 0.660096 -0.006759 1.001500
v 0.297728 0.187667 1.076611
v 0.321508 0.185160 1.071603
v 0.320285 -0.042798 1.064529
v 0.538788 0.221213 1.003157
v 0.296010 0.224067 1.056653
v 0.281476 0.216607 1.064854
v 0.283774 -0.074096 1.061999
v 0.294649 -0.058290 1.065630
v 0.371617 0.222051 1.038841
v 0.423979 0.175611 1.054920
v 0.400825 -0.049943 1.039297
v 0.474342 -0.068098 1.014968
v 0.474922 0.184235 1.039978
v 0.193989 0.254845 1.032922
v 0.540044 0.263838 0.962362
v 0.080469 0.012763 1.070002
v 0.076376 0.018952 1.066937
v 0.428395 0.247367 1.005630
v 0.528914 0.254596 0.976259
v 0.793521 0.175583 0.920613
v 0.789035 -0.038354 0.924229
v 0.468588 0.138629 1.062874
v 0.706862 0.269036 0.910594
v 0.740501 -0.131741 0.905448
v 0.710103 0.280659 0.898497
v 0.665388 -0.132999 0.909484
v 0.436149 -0.075499 1.017215
v 0.284918 0.095714 1.116515
v 0.367506 0.097352 1.063516
v 0.528040 0.189531 1.025157
v 0.674454 0.023941 1.004415
v 0.363539 0.078050 1.042984
v 0.371675 0.103089 1.099634
v 0.197671 0.026510 1.108170
v 0.697894 0.271640 0.911458
v 0.467248 0.066408 1.070658
v 0.606853 0.086997 1.034234
v 0.693186 -0.024870 0.982525
v 0.561249 -0.100028 0.971697
v 0.772565 -0.125045 0.888745
v 0.370444 -0.017396 1.060259
v 0.444294 0.043239 1.071243
v 0.717592 -0.071013 0.949530
v 0.333881 0.124957 1.116939
v 0.316451 -0.077337 1.050281
v 0.739639 -0.086263 0.932726
v 0.473460 0.041917 1.061249
v 0.402766 -0.105834 1.004560
v 0.718951 -0.080817 0.943530
v 0.693910 -0.096352 0.938870
v 0.427309 0.053402 1.092184
v 0.334483 -0.109499 1.021136
v 0.827266 0.100934 0.906144
v 0.546587 0.028444 1.039885
v 0.329530 0.004960 1.085268
v 0.374641 0.197233 1.052856
v 0.651911 0.189889 0.991476
v 0.724249 0.244675 0.924038
v 0.312332 0.070386 1.121888
v 0.132598 0.160139 1.095217
v 0.606209 -0.030777 1.009136
v 0.297308 0.244154 1.040545
v 0.858337 0.062387 0.867699
v 0.359361 0.099927 1.084817
v 0.345324 0.100908 1.094036
v 0.484840 0.170114 1.045201
v 0.567427 0.012614 1.032585
v 0.163525 0.106666 1.106672
v 0.617180 0.154459 1.018793
v 0.686986 0.118721 1.002635
v 0.293161 0.252077 1.033732
v 0.646816 -0.084125 0.963987
v 0.247024 0.186258 1.085482
v 0.242100 0.178362 1.089219
v 0.378636 -0.030139 1.052603
v 0.394978 0.186227 1.054930
v 0.634815 0.199862 0.991314
v 0.807563 0.035413 0.931281
v 0.320416 0.175175 1.076492
v 0.235672 0.138907 1.100531
v 0.635890 -0.013211 1.006940
v 0.273046 0.195063 1.077507
v 0.205925 0.199247 1.086709
v 0.269024 0.223483 1.063462
v 0.429244 0.179703 1.051396
v 0.438679 0.176906 1.051112
v 0.560823 0.222309 0.996931
v 0.752028 0.210527 0.932741
v 0.799708 0.045085 0.939776
v 0.689242 -0.135209 0.910997
v 0.265130 0.146534 1.095689
v 0.792304 0.136434 0.937920
v 0.215901 0.218074 1.075204
v 0.563412 -0.093192 0.978364
v 0.555006 -0.096008 0.977469
v 0.349673 -0.012959 1.068526
v 0.213390 0.195491 1.087816
v 0.494287 0.197347 1.028146
v 0.456255 -0.012148 1.045524
v 0.450669 -0.081125 1.011616
v 0.710396 -0.126881 0.916761
v 0.545330 0.064271 1.048993
v 0.791460 -0.014788 0.931911
v 0.843069 0.160821 0.865963
v 0.524454 0.015202 1.039995
v 0.402873 -0.073815 1.025428
v 0.306672 -0.002513 1.083355
v 0.436867 -0.103003 0.999481
v 0.216924 0.143556 1.101403
v 0.704245 0.275921 0.905184
v 0.331481 0.166139 1.084009
v 0.709373 -0.069018 0.953607
v 0.319552 0.017083 1.096303
v 0.229603 -0.123221 1.017021
v 0.603881 0.268255 0.938418
v 0.620929 0.111964 1.027976
v 0.292473 -0.095680 1.047485
v 0.592110 -0.046634 1.005075
v 0.378609 0.183089 1.060563
v 0.221278 0.135776 1.102188
v 0.589536 0.085290 1.039528
v 0.489320 -0.031517 1.028823
v 0.296327 0.179694 1.080413
v 0.218235 -0.099414 1.056638
v 0.321608 0.209247 1.058567
v 0.766658 0.061416 0.965009
v 0.644664 0.263370 0.933221
v 0.808503 0.002434 0.922118
v 0.274550 0.143724 1.097839
v 0.390316 -0.126653 0.980179
v 0.121514 0.004507 1.095359
v 0.295779 -0.123387 1.017692
v 0.405096 0.157450 1.071112
v 0.354459 0.173509 1.073321
v 0.119657 0.062500 1.100040
v 0.120780 0.130161 1.099289
v 0.407196 -0.054153 1.035588
v 0.758054 0.140886 0.960599
v 0.748985 0.153837 0.962341
v 0.741877 0.110466 0.976480
v 0.730149 -0.051308 0.955150
v 0.525670 -0.092008 0.988853
v 0.258039 -0.116382 1.034002
v 0.084715 0.162674 1.072353
v 0.257370 0.069476 1.110499
v 0.565900 -0.069575 0.997371
v 0.699498 0.264016 0.918041
v 0.510578 0.005836 1.039485
v 0.517346 0.032570 1.046269
v 0.222927 -0.032569 1.097185
v 0.229864 -0.016420 1.099648
v 0.257210 -0.056485 1.080976
v 0.496533 -0.013452 1.034502
v 0.605345 0.166131 1.017832
v 0.646367 0.124084 1.018182
v 0.727830 0.100277 0.985798
v 0.413537 0.232355 1.021327
v 0.440606 0.213531 1.027806
v 0.317912 0.217361 1.054973
v 0.776342 0.073526 0.958484
v 0.563964 0.238046 0.983155
v 0.794169 0.012844 0.938641
v 0.403735 0.261851 0.995487
v 0.677945 0.276158 0.912513
v 0.781880 -0.058396 0.921007
v 0.824560 0.011449 0.906233
v 0.694836 0.190174 0.970773
v 0.305854 0.035503 1.112736
v 0.755524 0.219192 0.924851
v 0.498776 -0.029762 1.027888
v 0.484115 0.217319 1.016809
v 0.394451 0.126111 1.098721
v 0.400617 0.178998 1.057990
v 0.850124 0.104335 0.884153
v 0.277574 0.233238 1.054767
v 0.276561 0.241157 1.048409
v 0.607765 0.077458 1.033949
v 0.606360 0.174472 1.013751
v 0.812259 0.129752 0.922656
v 0.348803 0.092850 1.056605
v 0.190838 -0.097840 1.036345
v 0.167042 -0.034138 1.097050
v 0.433498 0.053982 1.087541
v 0.169607 0.145447 1.103978
v 0.145163 0.028859 1.107462
v 0.237841 -0.017201 1.098018
v 0.593245 0.099885 1.036996
v 0.702757 0.122186 0.995221
v 0.277899 0.224756 1.060617
v 0.677910 -0.058619 0.971493
v 0.300124 0.236770 1.046071
v 0.115935 -0.013086 1.085403
v 0.471491 0.013744 1.051915
v 0.156816 -0.029496 1.096488
v 0.171807 -0.026935 1.100315
v 0.122895 0.163623 1.091006
v 0.235501 -0.111363 1.043139
v 0.678093 -0.036535 0.983042
v 0.317942 -0.120815 1.014626
v 0.771938 0.188272 0.931721
v 0.299798 0.268761 1.010730
v 0.232439 0.104393 1.104982
v 0.306497 -0.037731 1.069858
v 0.859638 0.089743 0.865295
v 0.215686 -0.039540 1.096126
v 0.333370 0.022131 1.098772
v 0.554138 -0.021634 1.022097
v 0.653912 -0.080467 0.964992
v 0.482241 -0.119501 0.964457
v 0.348924 -0.081937 1.037042
v 0.294953 -0.103441 1.040872
v 0.342289 -0.077797 1.041800
v 0.579414 0.110100 1.039390
v 0.404891 0.074102 0.990278
v 0.856890 0.051428 0.869035
v 0.478618 0.022507 1.053426
v 0.510901 0.152399 1.047283
v 0.409355 -0.067016 1.027867
v 0.460617 0.272739 0.961821
v 0.797605 -0.058604 0.905560
v 0.432007 -0.023900 1.045580
v 0.685639 -0.145380 0.902083
v 0.464274 -0.014812 1.042390
v 0.218294 0.010958 1.105988
v 0.623237 0.128685 1.024485
v 0.134239 -0.004806 1.097903
v 0.712899 0.256711 0.919351
v 0.205150 0.052704 1.108209
v 0.367161 -0.063745 1.041502
v 0.454109 0.177095 1.048260
v 0.202638 -0.093001 1.059080
v 0.367441 0.144930 1.095630
v 0.549765 0.004401 1.032502
v 0.166127 -0.019057 1.102202
v 0.523918 0.152335 1.044071
v 0.569765 0.144184 1.035493
v 0.469561 0.215798 1.020771
v 0.493615 0.078070 1.065397
v 0.206424 -0.002016 1.105311
v 0.568795 0.261721 0.956852
v 0.658504 -0.103959 0.940906
v 0.328810 0.147394 1.102698
v 0.384286 0.103928 1.101028
v 0.139393 -0.019756 1.094488
v 0.087607 0.102437 1.070077
v 0.181648 0.091805 1.108097
v 0.693141 0.068981 1.002767
v 0.380486 0.138790 1.096608
v 0.395231 -0.103426 1.008709
v 0.671961 -0.116531 0.926359
v 0.223864 -0.120811 1.019668
v 0.364513 0.101005 1.090785
v 0.389807 0.103268 1.100133
v 0.303071 0.069150 1.121980
v 0.388076 -0.104887 1.010019
v 0.815379 0.180901 0.894562
v 0.783129 0.233999 0.891571
v 0.346338 0.210468 1.051800
v 0.646632 0.002673 1.008700
v 0.078201 0.002040 1.063733
v 0.355715 0.266131 0.999510
v 0.366373 0.173176 1.070683
v 0.242775 -0.008219 1.098896
v 0.452265 -0.005193 1.049253
v 0.171797 0.112010 1.106914
v 0.852801 0.115736 0.872005
v 0.262303 -0.041715 1.084182
v 0.580740 0.091618 1.041428
v 0.180767 -0.029654 1.100284
v 0.083699 0.143442 1.075201
v 0.306484 0.017757 1.097972
v 0.594750 0.116117 1.034640
v 0.610572 -0.038513 1.004319
v 0.584655 -0.059019 0.999694
v 0.468030 -0.116281 0.976032
v 0.624216 0.088106 1.028540
v 0.709865 -0.078354 0.947815
v 0.087513 0.093007 1.068226
v 0.631962 0.093335 1.025787
v 0.072635 0.152629 1.061104
v 0.387031 0.096703 1.039071
v 0.166434 -0.009943 1.104615
v 0.145038 0.051518 1.107333
v 0.086319 0.053141 1.080863
v 0.709608 -0.094455 0.938115
v 0.127306 0.077923 1.101137
v 0.142003 -0.049558 1.078460
v 0.142413 -0.056224 1.072637
v 0.091039 0.055222 1.085184
v 0.586525 0.268280 0.942870
v 0.718985 0.258283 0.915208
v 0.581951 0.224140 0.989854
v 0.254706 -0.020945 1.093215
v 0.606864 0.123145 1.030494
v 0.330791 -0.014395 1.071870
v 0.374881 -0.063205 1.039337
v 0.746041 0.082924 0.977186
v 0.159050 -0.005092 1.104762
v 0.306343 0.096727 1.120305
v 0.308897 -0.092939 1.043403
v 0.441939 0.221570 1.022335
v 0.306344 0.106920 1.120273
v 0.230810 0.043432 1.107161
v 0.769278 0.081120 0.962650
v 0.782887 0.067343 0.954154
v 0.356587 0.084906 1.035807
v 0.551112 0.022370 1.037668
v 0.333986 -0.116589 1.014230
v 0.773503 0.199985 0.923933
v 0.391445 0.251344 1.010686
v 0.146128 0.005187 1.104502
v 0.629254 0.030204 1.020994
v 0.359192 0.201724 1.053571
v 0.632906 -0.063853 0.982817
v 0.378980 -0.058470 1.040521
v 0.075923 0.010683 1.064548
v 0.680381 0.243667 0.942880
v 0.376108 0.096438 1.051589
v 0.640908 0.088518 1.022926
v 0.206853 0.068041 1.107942
v 0.572336 0.091919 1.043554
v 0.313963 0.032053 1.109693
v 0.578099 -0.115940 0.942098
v 0.352876 0.096413 1.065711
v 0.581460 0.249240 0.967683
v 0.332110 -0.008723 1.075200
v 0.694131 0.115875 0.999946
v 0.311293 0.019266 1.099097
v 0.362639 0.087547 1.040439
v 0.391002 0.070920 1.051717
v 0.093380 0.064751 1.083053
v 0.160937 0.088228 1.107295
v 0.369984 0.019253 1.090620
v 0.336076 0.137789 1.110965
v 0.133179 0.040218 1.105054
v 0.251163 0.196823 1.080636
v 0.147642 -0.017772 1.098359
v 0.584791 0.259668 0.954887
v 0.642322 0.151830 1.012146
v 0.732371 0.108204 0.982372
v 0.590683 0.225860 0.986166
v 0.703352 -0.063573 0.959145
v 0.646470 0.226762 0.968827
v 0.743071 -0.108064 0.918556
v 0.474065 0.113248 1.068525
v 0.101002 0.108004 1.090032
v 0.337885 0.075536 1.100967
v 0.633445 0.240961 0.959899
v 0.257892 0.252913 1.039703
v 0.163894 0.097801 1.107074
v 0.569453 0.271107 0.942879
v 0.727363 0.008533 0.978457
v 0.749435 0.197287 0.942296
v 0.620317 0.260505 0.943524
v 0.230732 0.061729 1.107268
v 0.846860 0.011005 0.872189
v 0.128372 0.095154 1.098982
v 0.583676 0.181694 1.016306
v 0.362279 0.187649 1.061035
v 0.388732 0.224862 1.032686
v 0.254769 0.256974 1.035486
v 0.339507 0.076960 1.093541
v 0.734461 0.124078 0.978891
v 0.639258 0.235073 0.963702
v 0.080049 0.064593 1.065241
v 0.097293 0.124928 1.089323
v 0.397037 0.230524 1.026568
v 0.581567 -0.054575 1.003264
v 0.407912 0.075465 0.981114
v 0.775181 -0.089990 0.909686
v 0.240972 0.244451 1.050880
v 0.497723 0.046456 1.055264
v 0.073883 0.160794 1.061863
v 0.196142 0.118958 1.107170
v 0.777002 -0.094630 0.905528
v 0.786079 0.203593 0.910968
v 0.313356 0.175162 1.079263
v 0.219394 0.061948 1.107647
v 0.153978 0.144900 1.102875
v 0.720273 0.068859 0.991259
v 0.702307 0.189135 0.969622
v 0.727303 -0.065799 0.948790
v 0.660026 0.214669 0.973559
v 0.438241 0.264855 0.981962
v 0.572934 0.265499 0.950391
v 0.570149 0.275912 0.935259
v 0.454993 0.232741 1.011732
v 0.735178 -0.102697 0.925280
v 0.678727 0.078108 1.008989
v 0.096442 -0.009970 1.073026
v 0.210363 0.260471 1.025363
v 0.736629 0.210214 0.942213
v 0.434930 0.067856 1.092631
v 0.783963 0.119208 0.948400
v 0.326484 0.125266 1.118768
v 0.411339 0.001019 1.060548
v 0.252547 0.249345 1.044344
v 0.648494 -0.094445 0.953934
v 0.529380 -0.114813 0.958025
v 0.816065 0.186383 0.889782
v 0.739521 0.263207 0.900884
v 0.180500 0.005195 1.107563
v 0.681155 -0.015749 0.990685
v 0.787630 0.044801 0.949701
v 0.512181 0.134049 1.053692
v 0.679483 -0.125969 0.917953
v 0.461983 0.230276 1.012081
v 0.209577 -0.106292 1.038116
v 0.273299 -0.050250 1.076257
v 0.280770 -0.045971 1.074676
v 0.400473 0.169870 1.063782
v 0.801217 -0.086052 0.885347
v 0.203398 0.120860 1.106830
v 0.627164 0.103267 1.026867
v 0.103380 0.117399 1.094201
v 0.576562 -0.048523 1.007518
v 0.519517 -0.113546 0.963010
v 0.520339 0.274906 0.948614
v 0.435968 0.163778 1.058946
v 0.436955 0.158070 1.061580
v 0.126334 0.036842 1.103113
v 0.265926 0.053166 1.112739
v 0.665914 0.216296 0.970125
v 0.283684 0.268218 1.015009
v 0.290089 0.270939 1.009363
v 0.777973 0.214724 0.910866
v 0.551422 0.140309 1.041735
v 0.241100 0.207660 1.077664
v 0.554787 0.119503 1.045034
v 0.707746 0.219450 0.950527
v 0.138834 0.223365 1.053209
v 0.350199 -0.006208 1.073193
v 0.668027 0.210498 0.972950
v 0.660619 -0.098450 0.946146
v 0.478371 -0.116405 0.972307
v 0.507553 0.051963 1.053967
v 0.407297 0.059837 1.101662
v 0.271894 -0.121402 1.023451
v 0.587315 0.255182 0.959694
v 0.624874 0.272119 0.926870
v 0.296180 -0.038412 1.072295
v 0.646178 0.189037 0.993899
v 0.639384 0.245133 0.953781
v 0.675387 -0.135516 0.909135
v 0.746476 -0.063418 0.941554
v 0.144101 0.229737 1.044528
v 0.126816 0.021692 1.101672
v 0.690312 -0.017667 0.986367
v 0.655033 0.272854 0.920534
v 0.385247 0.070538 1.066582
v 0.518175 0.146985 1.047644
v 0.511994 0.143296 1.050574
v 0.296173 -0.047926 1.069131
vn 0.5640 0.3891 0.7284
vn 0.6138 0.0990 0.7832
vn 0.2022 0.0618 0.9774
vn 0.2092 0.0790 0.9747
vn 0.3331 0.2124 0.9186
vn 0.2090 -0.2566 0.9436
vn 0.8746 -0.2536 -0.4132
vn 0.9400 -0.3328 0.0748
vn 0.9826 0.1773 -0.0547
vn 0.7633 -0.1757 0.6216
vn 0.6138 0.0991 0.7832
vn 0.5639 0.3892 0.7284
vn 0.7361 0.6737 0.0654
vn 0.5639 0.3891 0.7284
vn 0.4780 0.7198 0.5034
vn 0.6352 -0.6153 0.4669
vn 0.7634 -0.1757 0.6216
vn 0.3331 0.2125 0.9186
vn 0.1827 0.6520 0.7358
vn -0.2514 0.0047 0.9679
vn -0.3088 -0.0080 0.9511
vn -0.3090 -0.0122 0.9510
vn 0.8043 0.5036 -0.3153
vn 0.5506 0.8325 0.0618
vn 0.4139 0.0617 0.9082
vn 0.5233 0.1450 0.8397
vn 0.5624 0.0754 0.8235
vn 0.8044 0.5036 -0.3153
vn 0.9895 -0.0087 -0.1445
vn 0.6202 -0.7842 -0.0196
vn 0.6351 -0.6153 0.4669
vn 0.9400 -0.3328 0.0749
vn 0.9895 -0.0086 -0.1445
vn 0.6688 -0.7270 0.1552
vn 0.9433 0.0604 0.3265
vn 0.5506 0.8324 0.0618
vn 0.1811 -0.6679 0.7219
vn 0.1725 -0.6604 0.7309
vn 0.1965 -0.6570 0.7278
vn -0.5168 0.7942 0.3196
vn -0.4885 0.8568 -0.1652
vn -0.3714 0.9176 0.1417
vn 0.4066 0.4061 0.8184
vn 0.2637 0.6389 0.7227
vn 0.4346 0.5772 0.6914
vn -0.2005 0.2321 0.9518
vn -0.0348 0.1139 0.9929
vn -0.1207 0.1351 0.9835
vn 0.0331 0.2378 0.9708
vn -0.0088 0.2133 0.9769
vn 0.0304 0.1950 0.9803
vn 0.2386 -0.3375 0.9106
vn 0.2458 -0.3837 0.8901
vn 0.1601 -0.4386 0.8843
vn 0.0108 -0.9984 0.0547
vn -0.3378 -0.9412 0.0014
vn -0.1134 -0.9920 0.0550
vn 0.2823 -0.6027 0.7464
vn 0.2672 -0.5807 0.7690
vn 0.3016 -0.6130 0.7303
vn 0.7832 0.3790 0.4929
vn 0.5662 -0.7208 0.3999
vn 0.7383 0.6108 0.2860
vn 0.7832 0.3790 0.4930
vn -0.2074 0.9648 -0.1619
vn -0.5497 0.8318 -0.0768
vn -0.1066 0.8567 0.5047
vn 0.1495 -0.4158 0.8971
vn -0.1480 -0.0817 0.9856
vn -0.0643 -0.2621 0.9629
vn -0.3426 0.1001 0.9341
vn -0.2828 0.0706 0.9566
vn -0.3079 0.0975 0.9464
vn 0.2294 -0.4272 0.8746
vn 0.2760 -0.4094 0.8696
vn 0.2236 -0.4429 0.8682
vn -0.5589 0.7212 0.4092
vn -0.5230 0.7401 0.4227
vn -0.8713 0.4223 -0.2498
vn 0.4058 0.3573 0.8412
vn 0.3991 0.3454 0.8493
vn 0.4062 0.3230 0.8548
vn 0.4219 -0.1649 0.8915
vn 0.4120 -0.1865 0.8919
vn 0.4278 -0.1808 0.8856
vn -0.3479 -0.7049 0.6181
vn -0.4405 -0.2763 0.8542
vn -0.1518 -0.6386 0.7544
vn -0.1894 0.4930 0.8492
vn -0.7402 0.3390 0.5807
vn -0.0202 0.4730 0.8808
vn -0.1490 -0.7204 0.6774
vn -0.2318 -0.7958 0.5594
vn -0.2546 -0.8149 0.5207
vn -0.4679 0.8327 -0.2960
vn 0.5339 0.7014 -0.4722
vn 0.0658 0.9730 -0.2213
vn 0.8492 -0.3481 0.3971
vn 0.8784 -0.4732 0.0668
vn 0.9966 0.0617 -0.0552
vn 0.2358 0.9560 -0.1745
vn 0.5338 0.7014 -0.4722
vn -0.9573 0.2262 0.1800
vn 0.1061 0.9191 0.3795
vn 0.0473 -0.7507 0.6590
vn -0.9573 0.2263 0.1800
vn -0.0512 -0.8605 0.5069
vn 0.2131 -0.8830 0.4181
vn 0.2032 -0.9544 0.2189
vn 0.2247 -0.1106 0.9681
vn 0.4708 -0.7415 0.4780
vn 0.1441 -0.4407 0.8860
vn 0.2564 -0.5009 0.8267
vn 0.2540 -0.5171 0.8173
vn 0.2492 -0.5104 0.8231
vn 0.4856 0.4343 0.7587
vn 0.5043 0.4764 0.7202
vn 0.5226 0.4147 0.7449
vn 0.1615 -0.6107 0.7752
vn 0.1751 -0.6623 0.7285
vn 0.1742 -0.6860 0.7064
vn 0.2831 0.5211 0.8052
vn 0.3702 0.3594 0.8566
vn 0.5225 0.4147 0.7450
vn 0.1662 0.4395 0.8827
vn 0.1946 0.4538 0.8696
vn 0.2505 0.4067 0.8786
vn 0.2831 0.5212 0.8051
vn 0.1492 0.5519 0.8204
vn 0.3722 -0.4073 0.8340
vn 0.3985 -0.3906 0.8299
vn 0.3986 -0.3655 0.8411
vn 0.5631 0.2762 0.7789
vn 0.5631 0.2883 0.7744
vn 0.5537 0.2798 0.7843
vn -0.8246 -0.0941 0.5578
vn -0.7507 0.0051 0.6606
vn -0.7665 0.0470 0.6406
vn -0.7637 0.2144 0.6090
vn -0.7408 0.2953 0.6034
vn -0.6973 0.2813 0.6593
vn -0.5327 -0.4404 0.7227
vn -0.5627 -0.4033 0.7216
vn -0.5932 -0.4585 0.6618
vn -0.4222 0.8404 0.3397
vn -0.4331 0.7695 0.4692
vn -0.3212 0.7271 0.6067
vn -0.5262 -0.8486 0.0559
vn -0.4906 -0.8599 0.1411
vn -0.4683 -0.8276 0.3095
vn -0.2033 0.8439 0.4965
vn -0.3409 0.8954 0.2864
vn -0.2351 0.8040 0.5462
vn 0.6718 -0.5451 0.5016
vn 0.0768 -0.7717 0.6313
vn -0.1796 -0.9565 -0.2301
vn -0.3299 -0.9170 -0.2244
vn -0.3323 0.8596 -0.3881
vn -0.6759 -0.2630 -0.6885
vn 0.3408 -0.5219 0.7820
vn 0.4739 -0.1999 0.8576
vn 0.6990 -0.5558 0.4500
vn -0.0356 -0.4482 0.8932
vn -0.1156 -0.7672 0.6309
vn 0.1068 -0.4686 0.8769
vn 0.7956 0.0230 0.6054
vn 0.6908 0.0364 0.7221
vn 0.7445 0.0827 0.6625
vn 0.8235 0.0237 0.5669
vn 0.8074 -0.0137 0.5898
vn -0.8283 0.1015 0.5510
vn -0.8096 -0.0364 0.5859
vn -0.8578 0.0368 0.5126
vn -0.5557 -0.8295 -0.0553
vn -0.5382 -0.7764 0.3279
vn -0.5920 -0.8059 -0.0071
vn -0.1038 -0.8930 0.4380
vn -0.1762 -0.8853 0.4302
vn -0.1435 -0.8802 0.4525
vn 0.1852 -0.7593 0.6238
vn 0.1295 -0.8035 0.5811
vn 0.1115 -0.7921 0.6001
vn -0.3298 -0.9170 -0.2244
vn 0.2721 -0.8630 0.4256
vn -0.5205 0.6100 -0.5974
vn 0.2720 -0.8630 0.4257
vn -0.3299 -0.9169 -0.2245
vn 0.5224 0.5696 0.6346
vn 0.5223 0.5696 0.6346
vn -0.2175 0.7304 -0.6475
vn 0.0501 0.9187 -0.3918
vn -0.0357 -0.4481 0.8933
vn -0.3248 -0.7077 0.6274
vn 0.2068 -0.7734 0.5993
vn 0.3794 -0.9251 0.0162
vn -0.0008 -0.3729 0.9279
vn -0.3248 -0.7078 0.6274
vn 0.1519 0.0756 0.9855
vn -0.4301 0.9028 -0.0009
vn -0.4608 0.8704 0.1736
vn -0.4071 0.9012 -0.1484
vn -0.5617 -0.8025 0.2014
vn -0.4753 -0.6033 0.6405
vn -0.5829 -0.6933 0.4238
vn -0.1060 -0.8439 0.5260
vn -0.0645 -0.8718 0.4856
vn -0.0271 -0.8891 0.4570
vn 0.1109 0.8440 0.5247
vn 0.0649 0.8613 0.5039
vn 0.1010 0.8370 0.5378
vn 0.1027 0.8438 0.5267
vn 0.0997 0.8646 0.4925
vn 0.1122 0.8041 0.5838
vn 0.0817 0.9471 -0.3104
vn -0.1596 0.9016 -0.4020
vn 0.6173 0.7655 0.1817
vn 0.3690 -0.2582 0.8928
vn 0.6852 -0.5805 0.4400
vn -0.3249 -0.7078 0.6273
vn 0.4576 -0.4313 0.7775
vn 0.5786 -0.4195 0.6995
vn 0.5658 -0.4113 0.7146
vn 0.5141 -0.4400 0.7363
vn 0.6696 0.2128 0.7116
vn 0.6306 0.0034 0.7761
vn 0.8049 -0.0515 0.5912
vn 0.6684 0.2625 0.6959
vn 0.5421 0.3580 0.7602
vn 0.7010 0.2923 0.6506
vn -0.5134 0.7172 0.4712
vn -0.5227 0.8224 0.2246
vn -0.3648 -0.5983 0.7134
vn -0.4305 -0.7986 0.4205
vn -0.3946 -0.6938 0.6025
vn -0.0032 0.8812 0.4728
vn -0.1457 0.9009 0.4089
vn 0.0302 0.8695 0.4930
vn -0.1477 0.8974 0.4158
vn 0.1319 0.8554 0.5008
vn 0.1333 0.8555 0.5003
vn 0.1404 0.8644 0.4828
vn 0.1347 -0.7768 0.6151
vn 0.0596 -0.7954 0.6032
vn -0.0331 -0.7823 0.6221
vn 0.1011 0.8940 0.4365
vn 0.1175 0.8805 0.4593
vn 0.0952 0.9363 0.3381
vn 0.1903 -0.8951 0.4031
vn 0.2162 -0.7829 0.5834
vn 0.1843 -0.8497 0.4941
vn 0.7871 -0.1915 0.5864
vn 0.7700 -0.1859 0.6104
vn 0.7721 -0.2015 0.6027
vn -0.3749 0.9270 0.0090
vn -0.2813 0.9419 0.1834
vn -0.3605 0.9327 0.0069
vn 0.2174 -0.7691 0.6010
vn 0.2722 -0.8046 0.5277
vn 0.2360 -0.7864 0.5708
vn 0.7618 -0.5560 0.3325
vn 0.0454 -0.9974 0.0561
vn 0.8057 -0.4693 0.3615
vn -0.0389 -0.9975 0.0595
vn 0.0535 0.9420 0.3313
vn 0.0693 0.9311 0.3581
vn 0.0624 0.9422 0.3291
vn 0.1969 0.8849 0.4222
vn 0.2144 0.9378 0.2731
vn 0.1279 0.9723 0.1958
vn 0.5876 -0.4382 0.6803
vn 0.6370 -0.4115 0.6518
vn 0.8138 0.0768 0.5760
vn 0.9144 0.0131 0.4047
vn 0.9091 0.0969 0.4052
vn 0.9333 -0.3579 0.0305
vn 0.9389 -0.2279 0.2578
vn 0.8305 0.5464 0.1084
vn -0.2503 0.6226 -0.7414
vn -0.3808 0.9197 -0.0957
vn 0.0942 0.9496 0.2989
vn 0.0810 0.9471 0.3106
vn -0.1084 -0.7148 0.6908
vn -0.1075 -0.6631 0.7407
vn -0.1073 -0.6681 0.7363
vn 0.4330 0.6373 0.6374
vn 0.4390 0.6263 0.6442
vn 0.4792 0.6139 0.6273
vn 0.6689 -0.7270 0.1552
vn -0.2215 -0.6098 0.7610
vn -0.4187 -0.5814 0.6976
vn -0.3869 -0.5215 0.7605
vn -0.6469 0.1051 0.7553
vn -0.2542 -0.1527 0.9550
vn -0.5362 -0.5704 0.6222
vn -0.0886 -0.5641 0.8209
vn -0.0003 0.9858 0.1680
vn -0.1438 0.9027 0.4055
vn -0.3713 0.9176 0.1417
vn -0.4355 0.5505 0.7123
vn -0.9005 0.3664 0.2342
vn -0.1261 0.2414 0.9622
vn 0.1350 0.2180 0.9666
vn -0.0596 0.3643 0.9294
vn -0.1616 0.5287 0.8333
vn 0.1795 -0.5309 0.8282
vn 0.1479 -0.4929 0.8574
vn 0.1541 -0.5674 0.8089
vn 0.1167 -0.5750 0.8098
vn 0.1269 -0.5045 0.8541
vn 0.1959 -0.0309 0.9801
vn 0.1082 -0.1181 0.9871
vn 0.1233 0.0284 0.9920
vn 0.4256 -0.0640 0.9027
vn 0.1903 -0.1107 0.9755
vn 0.1867 0.0060 0.9824
vn 0.0586 -0.2548 0.9652
vn 0.2174 -0.1975 0.9559
vn 0.3524 -0.5206 0.7777
vn 0.3435 -0.5715 0.7452
vn 0.2615 -0.3345 0.9054
vn 0.1958 -0.0309 0.9801
vn 0.2258 0.2134 0.9505
vn 0.2717 -0.4365 0.8577
vn 0.3036 -0.3546 0.8843
vn 0.3215 -0.2516 0.9128
vn 0.2194 -0.4133 0.8838
vn 0.3216 -0.2516 0.9128
vn 0.3128 -0.3909 0.8657
vn 0.2128 0.6822 0.6995
vn 0.4463 -0.0052 0.8949
vn 0.2419 0.1946 0.9506
vn 0.2128 0.6823 0.6995
vn 0.2912 0.1670 0.9420
vn 0.4463 -0.0052 0.8948
vn 0.1151 0.8317 0.5432
vn 0.2051 0.8413 0.5001
vn 0.1117 0.3558 0.9279
vn 0.0363 -0.2742 0.9610
vn 0.0758 -0.4116 0.9082
vn 0.0408 0.3346 0.9415
vn 0.3649 -0.1038 0.9252
vn 0.3968 -0.0870 0.9138
vn -0.1883 0.2504 0.9497
vn -0.2610 0.6304 0.7311
vn -0.3365 0.5101 0.7915
vn -0.1670 0.0516 0.9846
vn -0.3174 0.1466 0.9369
vn -0.2847 0.1549 0.9460
vn 0.3332 0.2124 0.9186
vn 0.1038 -0.1618 0.9814
vn 0.2844 -0.0661 0.9564
vn -0.2122 0.0290 0.9768
vn -0.3425 0.0408 0.9386
vn 0.4808 0.2906 0.8273
vn 0.6234 0.2456 0.7423
vn 0.5233 0.1451 0.8397
vn -0.3642 0.1991 0.9098
vn -0.3232 0.3209 0.8903
vn -0.5885 0.4034 0.7007
vn -0.2420 0.3649 0.8991
vn 0.3042 0.5774 0.7577
vn 0.2804 0.6134 0.7384
vn 0.3101 0.6218 0.7191
vn 0.5396 0.4103 0.7352
vn 0.5327 0.5391 0.6524
vn 0.4100 0.3239 0.8527
vn 0.4094 0.1031 0.9065
vn 0.3917 -0.3113 0.8658
vn 0.4213 -0.2427 0.8738
vn 0.6000 -0.2487 0.7604
vn 0.2708 0.1518 0.9506
vn 0.2632 0.2003 0.9437
vn 0.3032 0.1303 0.9440
vn 0.0174 -0.0416 0.9990
vn 0.0242 -0.0123 0.9996
vn -0.0221 -0.0189 0.9996
vn 0.0428 -0.0258 0.9988
vn 0.0581 -0.0380 0.9976
vn 0.0468 -0.0110 0.9988
vn 0.2027 -0.1879 0.9611
vn 0.1311 -0.1791 0.9751
vn 0.1639 -0.1677 0.9721
vn -0.5939 0.3922 0.7024
vn -0.1629 0.3204 0.9332
vn -0.2154 0.3723 0.9028
vn 0.2287 -0.1799 0.9567
vn 0.3150 -0.1976 0.9283
vn 0.2730 -0.2283 0.9345
vn 0.0622 0.6756 0.7347
vn 0.0929 0.6888 0.7190
vn 0.1136 0.6884 0.7164
vn 0.1328 -0.6542 0.7445
vn 0.1666 -0.6235 0.7638
vn 0.3083 0.0365 0.9506
vn 0.3152 0.0318 0.9485
vn 0.3098 0.0699 0.9482
vn 0.0927 0.1964 0.9761
vn 0.0048 0.1456 0.9893
vn 0.0690 -0.5242 0.8488
vn 0.0180 -0.6014 0.7987
vn 0.1275 -0.4807 0.8675
vn 0.0689 -0.5242 0.8488
vn 0.1509 -0.4503 0.8800
vn 0.1116 -0.5069 0.8548
vn 0.1813 -0.3663 0.9127
vn 0.2328 -0.3877 0.8919
vn 0.2346 -0.3803 0.8946
vn 0.2591 0.3131 0.9137
vn 0.2252 0.3497 0.9094
vn 0.2194 0.3500 0.9107
vn 0.1319 -0.3441 0.9296
vn 0.1282 -0.3069 0.9431
vn 0.1353 -0.3235 0.9365
vn -0.1873 0.0168 0.9822
vn -0.1148 0.0247 0.9931
vn -0.1534 0.0454 0.9871
vn -0.3868 -0.3412 0.8567
vn -0.4032 -0.3028 0.8636
vn -0.4474 -0.3612 0.8182
vn -0.1498 0.0507 0.9874
vn -0.1837 0.0641 0.9809
vn -0.1198 0.0534 0.9914
vn -0.2406 0.0891 0.9665
vn -0.2258 0.0805 0.9708
vn -0.1468 -0.1614 0.9759
vn -0.2585 -0.1780 0.9495
vn -0.2376 -0.2143 0.9474
vn -0.1187 0.4339 0.8931
vn -0.1828 0.4193 0.8892
vn -0.1171 0.3713 0.9211
vn 0.1635 0.3440 0.9246
vn 0.1658 0.3490 0.9223
vn 0.1699 0.3492 0.9215
vn 0.0625 -0.5120 0.8567
vn 0.0746 -0.5722 0.8167
vn 0.1459 -0.5359 0.8316
vn -0.5047 -0.8352 -0.2186
vn -0.3525 -0.9302 -0.1022
vn 0.1548 -0.3953 0.9054
vn 0.1610 -0.3938 0.9050
vn 0.1882 -0.4363 0.8799
vn 0.1850 0.5240 0.8314
vn 0.1994 0.4931 0.8468
vn 0.1941 0.5083 0.8391
vn -0.3602 0.1105 0.9263
vn -0.3426 0.1002 0.9341
vn -0.4273 0.1368 0.8937
vn -0.3156 -0.1176 0.9416
vn -0.2815 -0.0426 0.9586
vn -0.3069 -0.0727 0.9490
vn -0.2983 0.0476 0.9533
vn -0.3603 0.1105 0.9263
vn -0.3235 0.0223 0.9460
vn -0.1641 0.1430 0.9760
vn -0.1983 0.2462 0.9487
vn -0.1844 0.1749 0.9672
vn -0.0974 0.4774 0.8732
vn -0.1649 0.4933 0.8541
vn 0.3141 -0.4609 0.8300
vn 0.2456 -0.5024 0.8290
vn 0.2638 -0.6351 0.7260
vn 0.2256 0.4844 0.8453
vn 0.2194 0.4930 0.8419
vn 0.2101 0.4783 0.8527
vn 0.2995 -0.4665 0.8322
vn 0.3218 -0.4742 0.8195
vn 0.2987 -0.5302 0.7935
vn 0.2996 -0.4666 0.8322
vn 0.2767 -0.4781 0.8336
vn 0.2756 -0.4448 0.8522
vn 0.1951 -0.4480 0.8725
vn 0.1826 -0.4271 0.8856
vn 0.1975 -0.4442 0.8739
vn 0.2024 0.4887 0.8486
vn 0.1941 0.5083 0.8390
vn 0.2009 0.4883 0.8493
vn 0.2798 -0.4049 0.8705
vn 0.2815 -0.3927 0.8755
vn 0.2747 -0.4305 0.8598
vn 0.3648 -0.2921 0.8841
vn 0.3494 -0.3200 0.8806
vn 0.3580 -0.3143 0.8792
vn -0.3414 -0.4298 0.8359
vn -0.3914 -0.4994 0.7729
vn -0.3356 -0.4863 0.8068
vn -0.3915 -0.4994 0.7729
vn -0.3988 -0.4506 0.7987
vn -0.4302 -0.4968 0.7537
vn -0.2340 0.4591 0.8570
vn -0.1855 0.4706 0.8626
vn -0.2224 0.5027 0.8354
vn -0.0275 -0.6377 0.7698
vn -0.0897 -0.6536 0.7515
vn 0.0513 -0.7277 0.6839
vn 0.1415 -0.5534 0.8208
vn 0.0593 -0.6081 0.7917
vn 0.2137 0.4622 0.8607
vn 0.2123 0.4632 0.8604
vn 0.2125 0.4666 0.8586
vn -0.1999 0.8591 0.4712
vn -0.2407 0.3942 0.8869
vn -0.2428 0.4995 0.8316
vn 0.1534 0.6146 0.7738
vn 0.1543 0.6027 0.7829
vn 0.1543 0.5826 0.7980
vn 0.1757 -0.5356 0.8260
vn 0.1606 -0.4660 0.8701
vn 0.1688 -0.5337 0.8287
vn 0.2695 -0.4645 0.8436
vn 0.2698 -0.4532 0.8496
vn 0.2692 -0.4561 0.8482
vn 0.4545 0.2633 0.8509
vn 0.4358 0.3225 0.8403
vn 0.4266 0.2955 0.8548
vn 0.4207 0.3565 0.8342
vn 0.4114 0.3711 0.8325
vn 0.4086 0.3673 0.8356
vn 0.4971 0.2342 0.8355
vn 0.4545 0.2632 0.8509
vn 0.4818 0.1922 0.8549
vn 0.5232 0.0998 0.8463
vn 0.5219 0.1105 0.8459
vn 0.5192 0.1130 0.8471
vn -0.2990 0.6233 0.7226
vn -0.3045 0.5657 0.7663
vn -0.2490 0.5837 0.7728
vn -0.4342 -0.7208 0.5403
vn -0.4278 -0.7557 0.4959
vn -0.3550 -0.6521 0.6699
vn -0.5177 -0.8140 0.2634
vn -0.5121 -0.8301 0.2205
vn -0.0715 -0.5923 0.8025
vn -0.1467 -0.6484 0.7470
vn 0.0665 0.6330 0.7713
vn 0.0789 0.6605 0.7466
vn 0.0341 0.6875 0.7253
vn 0.0978 0.6668 0.7388
vn 0.0986 0.6860 0.7209
vn 0.0779 0.7114 0.6985
vn 0.1249 0.6233 0.7719
vn 0.1246 0.6221 0.7729
vn 0.1608 0.5758 0.8016
vn 0.1564 0.6338 0.7576
vn 0.2124 -0.5394 0.8148
vn 0.2470 -0.5490 0.7985
vn 0.2380 -0.5611 0.7928
vn 0.1634 -0.5369 0.8277
vn 0.1741 -0.5403 0.8233
vn 0.3521 -0.4173 0.8378
vn 0.3754 -0.3749 0.8477
vn 0.3580 -0.3799 0.8529
vn 0.4612 -0.3354 0.8215
vn 0.4837 -0.2932 0.8247
vn 0.4449 -0.3169 0.8376
vn -0.6463 -0.1413 0.7499
vn -0.7151 0.0895 0.6933
vn -0.7848 -0.0556 0.6172
vn -0.8051 -0.1139 0.5821
vn -0.8655 0.0352 0.4996
vn -0.7013 -0.2247 0.6765
vn -0.5720 -0.2748 0.7729
vn -0.2407 0.6840 0.6886
vn -0.3233 0.7812 0.5341
vn -0.0574 0.7312 0.6797
vn -0.1033 0.7573 0.6448
vn -0.0988 0.7201 0.6868
vn 0.1473 0.7419 0.6542
vn 0.1338 0.7985 0.5870
vn 0.1415 0.7616 0.6324
vn 0.2415 -0.7033 0.6686
vn 0.2101 -0.7449 0.6333
vn 0.2341 -0.7087 0.6655
vn 0.2017 -0.5670 0.7986
vn 0.2310 -0.5455 0.8056
vn 0.1966 -0.5996 0.7758
vn 0.1370 -0.6215 0.7713
vn 0.1671 -0.5582 0.8127
vn 0.1593 -0.5479 0.8212
vn 0.2614 0.5032 0.8237
vn 0.2666 0.4869 0.8317
vn 0.2882 0.4714 0.8335
vn 0.3918 -0.4034 0.8269
vn 0.3683 -0.4205 0.8292
vn 0.4977 0.3125 0.8091
vn 0.5308 0.3169 0.7860
vn 0.4864 0.3528 0.7993
vn 0.5518 0.2522 0.7949
vn 0.5343 0.2640 0.8030
vn 0.5554 0.2981 0.7763
vn 0.5534 0.3168 0.7703
vn 0.5587 0.2169 0.8005
vn 0.5632 0.2325 0.7930
vn 0.5670 0.2540 0.7836
vn 0.5783 0.0751 0.8124
vn 0.5730 0.0702 0.8165
vn 0.5996 0.0767 0.7966
vn 0.6734 0.0175 0.7391
vn 0.7031 0.0431 0.7098
vn -0.8732 0.1756 0.4546
vn -0.8102 0.2682 0.5212
vn -0.8574 0.2242 0.4632
vn -0.4094 0.4481 0.7947
vn -0.3940 0.5067 0.7668
vn -0.4842 0.4208 0.7671
vn -0.5355 -0.5830 0.6111
vn -0.6075 -0.6598 0.4423
vn -0.5327 -0.7914 0.2998
vn -0.5764 -0.7664 0.2835
vn -0.5966 -0.8020 0.0295
vn -0.1322 0.6037 0.7862
vn -0.1148 0.6660 0.7370
vn -0.1717 0.6649 0.7269
vn 0.1845 -0.6097 0.7709
vn 0.1932 -0.5656 0.8017
vn 0.2365 -0.5766 0.7821
vn 0.1918 -0.6854 0.7025
vn 0.1643 -0.6430 0.7481
vn 0.1561 -0.7282 0.6674
vn 0.2144 -0.7936 0.5694
vn 0.2001 -0.7338 0.6492
vn 0.2200 -0.7524 0.6209
vn 0.4578 -0.4091 0.7893
vn 0.4896 -0.3928 0.7785
vn 0.4411 -0.4021 0.8023
vn 0.5711 -0.2900 0.7680
vn 0.5413 -0.2748 0.7946
vn 0.5304 -0.3107 0.7888
vn -0.8030 0.0897 0.5891
vn -0.8024 0.1820 0.5684
vn -0.7637 0.2144 0.6089
vn -0.8345 0.1879 0.5179
vn -0.8698 0.1685 0.4637
vn -0.4840 0.7039 0.5198
vn -0.5069 0.6337 0.5843
vn -0.4418 0.6883 0.5753
vn -0.3717 0.8561 0.3590
vn -0.3409 0.8954 0.2865
vn -0.4248 0.8958 0.1307
vn 0.2110 -0.7837 0.5842
vn 0.2518 -0.6255 0.7385
vn 0.2416 -0.7522 0.6130
vn 0.1671 0.7703 0.6154
vn 0.1423 0.8406 0.5227
vn 0.1436 0.8229 0.5497
vn 0.1402 -0.8331 0.5351
vn 0.1707 -0.7906 0.5881
vn 0.1734 -0.8353 0.5217
vn 0.2850 -0.6435 0.7104
vn 0.3824 -0.6392 0.6673
vn 0.4844 -0.6937 0.5331
vn 0.2246 0.6680 0.7095
vn 0.2245 0.6947 0.6834
vn 0.2151 0.6710 0.7096
vn 0.2104 -0.6605 0.7207
vn 0.2539 -0.6885 0.6793
vn 0.0518 -0.6371 0.7690
vn -0.0356 -0.4481 0.8933
vn 0.1239 -0.6257 0.7701
vn 0.6789 -0.0606 0.7317
vn 0.6737 0.0052 0.7390
vn 0.6985 0.1044 0.7079
vn -0.6855 0.2681 0.6769
vn -0.6996 0.1758 0.6925
vn -0.6111 0.3850 0.6916
vn -0.8141 0.1515 0.5606
vn -0.8451 0.1398 0.5159
vn -0.8165 0.1616 0.5543
vn -0.5022 0.8498 0.1604
vn -0.4275 0.8236 0.3726
vn -0.5649 0.8241 0.0429
vn -0.4044 0.9130 -0.0541
vn -0.4369 0.8994 0.0176
vn -0.3217 0.9033 0.2838
vn 0.1201 0.8001 0.5877
vn 0.1230 0.8165 0.5640
vn 0.1301 0.7841 0.6068
vn 0.1251 0.7752 0.6192
vn 0.1164 0.8219 0.5577
vn 0.1330 0.7368 0.6629
vn 0.1338 0.7684 0.6258
vn 0.1270 0.8874 0.4432
vn 0.1098 0.8756 0.4704
vn 0.1189 0.9021 0.4147
vn 0.0862 -0.8339 0.5452
vn 0.1085 -0.9194 0.3780
vn 0.1599 -0.8678 0.4706
vn 0.1373 -0.8376 0.5287
vn 0.1377 -0.8333 0.5355
vn 0.1489 -0.7894 0.5956
vn 0.3940 0.5418 0.7424
vn 0.3710 0.5595 0.7411
vn 0.3805 0.5495 0.7439
vn 0.3551 0.5698 0.7411
vn 0.3221 0.5929 0.7381
vn 0.3274 0.5801 0.7459
vn 0.4625 -0.4403 0.7696
vn 0.5146 -0.4191 0.7480
vn 0.4673 -0.4253 0.7751
vn 0.5561 0.4548 0.6956
vn 0.5123 0.4669 0.7208
vn 0.5447 0.4413 0.7131
vn 0.5659 0.4777 0.6720
vn 0.5186 0.4808 0.7070
vn 0.6243 -0.3761 0.6847
vn 0.5708 -0.3904 0.7223
vn 0.5704 -0.3987 0.7181
vn -0.7805 0.1140 0.6147
vn -0.7194 -0.0101 0.6945
vn -0.7515 -0.0300 0.6591
vn -0.8990 0.1709 0.4033
vn -0.8597 0.1899 0.4742
vn -0.8828 0.1493 0.4454
vn -0.1048 -0.8909 0.4419
vn -0.1434 -0.8802 0.4525
vn -0.1598 -0.8710 0.4645
vn 0.1495 0.8772 0.4562
vn 0.1306 0.8632 0.4876
vn 0.1911 -0.8990 0.3940
vn 0.1057 0.7970 0.5947
vn 0.1508 0.7505 0.6435
vn 0.1365 0.7799 0.6108
vn 0.1578 0.8357 0.5261
vn 0.1260 0.8517 0.5086
vn 0.1645 0.8208 0.5470
vn 0.1392 -0.8321 0.5368
vn 0.1120 -0.8648 0.4894
vn 0.1299 -0.8865 0.4442
vn 0.1891 0.6752 0.7130
vn 0.1639 0.6989 0.6962
vn 0.1771 0.6914 0.7004
vn 0.6262 -0.3894 0.6755
vn 0.6690 -0.3677 0.6460
vn 0.5798 -0.2608 0.7719
vn 0.7930 -0.5206 0.3165
vn -0.3458 -0.5838 -0.7345
vn 0.8929 0.0670 0.4453
vn 0.0813 -0.9105 0.4055
vn 0.0784 -0.9114 0.4040
vn 0.1193 -0.8623 0.4921
vn 0.1355 -0.8606 0.4909
vn 0.0802 -0.9041 0.4197
vn 0.1024 -0.8738 0.4754
vn 0.0215 -0.7857 0.6183
vn 0.1003 -0.7932 0.6006
vn 0.0685 -0.8295 0.5543
vn 0.0430 -0.5641 0.8246
vn 0.1014 -0.5661 0.8181
vn 0.0965 -0.5554 0.8259
vn 0.4813 -0.4875 0.7285
vn 0.4897 -0.4826 0.7261
vn 0.4534 -0.4814 0.7501
vn 0.6918 0.4238 0.5846
vn 0.6667 0.4136 0.6200
vn 0.6975 0.4074 0.5895
vn 0.7228 0.4378 0.5346
vn 0.6875 0.4433 0.5752
vn 0.6937 0.3953 0.6021
vn 0.7208 0.3942 0.5702
vn 0.6875 0.3998 0.6062
vn 0.1524 0.8264 0.5420
vn 0.1230 0.8554 0.5032
vn 0.1366 0.8637 0.4852
vn 0.1584 0.8951 0.4169
vn 0.1421 0.8930 0.4270
vn 0.1430 0.9120 0.3845
vn 0.1334 0.9004 0.4142
vn 0.1171 0.9155 0.3849
vn 0.1243 0.9031 0.4110
vn 0.1014 0.9121 0.3972
vn 0.1184 0.9040 0.4109
vn 0.0790 -0.9484 0.3069
vn 0.0914 -0.9422 0.3224
vn 0.0970 -0.9384 0.3318
vn 0.5282 -0.5133 0.6763
vn 0.5068 -0.5131 0.6927
vn 0.4696 -0.5411 0.6976
vn 0.5830 0.5454 0.6023
vn 0.6140 0.5108 0.6018
vn 0.6211 0.5322 0.5753
vn 0.8477 0.2568 0.4642
vn 0.8303 0.3111 0.4623
vn 0.8635 0.2500 0.4381
vn 0.8965 -0.0636 0.4385
vn 0.9102 -0.0600 0.4097
vn 0.9101 -0.0235 0.4138
vn 0.0084 -0.7385 0.6743
vn 0.0422 -0.7074 0.7055
vn -0.0243 -0.7068 0.7070
vn 0.0084 -0.7385 0.6742
vn -0.0243 -0.7069 0.7069
vn -0.0625 -0.7372 0.6728
vn 0.7360 0.4557 0.5007
vn 0.7229 0.4378 0.5346
vn 0.7560 0.4375 0.4869
vn 0.9034 -0.2239 0.3656
vn 0.8835 -0.2456 0.3988
vn 0.8847 -0.2561 0.3895
vn 0.1406 -0.9195 0.3670
vn 0.1579 -0.9159 0.3690
vn 0.1607 -0.9115 0.3787
vn 0.6640 -0.4612 0.5886
vn 0.6835 -0.4475 0.5767
vn 0.6412 -0.4684 0.6078
vn 0.8240 -0.3337 0.4580
vn 0.8004 -0.3485 0.4878
vn 0.8076 -0.3500 0.4746
vn 0.9197 -0.1845 0.3465
vn 0.9027 -0.2108 0.3752
vn 0.9356 -0.1041 0.3374
vn 0.9340 -0.0766 0.3490
vn 0.9297 -0.0864 0.3581
vn 0.2775 -0.2792 0.9193
vn 0.2710 -0.2830 0.9200
vn 0.2748 -0.2780 0.9204
vn 0.0916 -0.1149 0.9891
vn 0.1433 -0.1536 0.9777
vn 0.1346 -0.1273 0.9827
vn 0.3535 -0.2323 0.9061
vn 0.3813 -0.2592 0.8874
vn 0.3703 -0.2759 0.8870
vn 0.1195 0.6746 0.7285
vn 0.1882 0.6535 0.7331
vn 0.1855 0.6538 0.7336
vn 0.1954 0.4489 0.8720
vn 0.1883 0.4216 0.8870
vn 0.1970 0.4116 0.8898
vn 0.2758 -0.2665 0.9235
vn 0.2747 -0.2501 0.9284
vn 0.2687 -0.2670 0.9255
vn 0.3319 -0.1150 0.9363
vn 0.3230 -0.1398 0.9360
vn 0.3358 -0.1185 0.9344
vn 0.1664 0.2562 0.9522
vn 0.1550 0.3057 0.9394
vn 0.1864 0.3070 0.9333
vn 0.1528 -0.3492 0.9245
vn 0.1373 -0.3639 0.9213
vn 0.1424 -0.3618 0.9213
vn 0.4414 0.0909 0.8927
vn 0.4178 0.0860 0.9044
vn 0.4244 0.0718 0.9026
vn 0.2755 -0.4210 0.8642
vn 0.2536 -0.4361 0.8634
vn 0.2495 -0.4058 0.8792
vn 0.2282 0.4823 0.8458
vn 0.2256 0.4843 0.8453
vn 0.2368 0.4744 0.8479
vn 0.1781 0.4994 0.8479
vn 0.1722 0.5090 0.8434
vn 0.1759 0.5341 0.8269
vn 0.1494 0.5296 0.8350
vn 0.1375 0.5333 0.8347
vn 0.1513 0.5318 0.8332
vn 0.1681 -0.4747 0.8639
vn 0.1630 -0.4190 0.8932
vn 0.1561 -0.4241 0.8920
vn -0.2669 -0.4304 0.8622
vn -0.3356 -0.4864 0.8068
vn -0.2933 -0.5138 0.8062
vn 0.1751 0.5498 0.8167
vn 0.1618 0.5660 0.8084
vn 0.1672 0.5486 0.8192
vn 0.2145 0.5685 0.7942
vn 0.2185 0.5644 0.7960
vn 0.2209 0.5424 0.8106
vn 0.2237 0.5233 0.8223
vn 0.2302 0.5286 0.8171
vn 0.2272 0.5091 0.8302
vn 0.1593 0.5546 0.8167
vn 0.1551 0.5597 0.8141
vn 0.1602 0.5606 0.8124
vn 0.1716 -0.5765 0.7988
vn 0.1825 -0.6113 0.7701
vn 0.1588 -0.5683 0.8073
vn 0.5147 0.0294 0.8568
vn 0.5340 0.0125 0.8454
vn 0.5263 0.0630 0.8480
vn 0.5549 -0.2441 0.7953
vn 0.5421 -0.2385 0.8058
vn 0.5336 -0.2393 0.8112
vn -0.0565 0.5942 0.8023
vn -0.0551 0.6631 0.7465
vn 0.6006 -0.2841 0.7474
vn 0.5711 -0.2900 0.7679
vn 0.6010 -0.3086 0.7373
vn 0.2291 0.6906 0.6860
vn 0.2215 0.7066 0.6720
vn 0.4339 0.5275 0.7304
vn 0.3980 0.5544 0.7310
vn 0.4110 0.5337 0.7391
vn 0.3451 0.5821 0.7362
vn 0.3550 0.5698 0.7411
vn 0.6615 -0.3225 0.6770
vn 0.6915 -0.3147 0.6502
vn 0.6672 -0.3047 0.6797
vn 0.0972 0.8243 0.5577
vn 0.1023 0.8607 0.4987
vn 0.0958 0.8605 0.5004
vn 0.3229 -0.4770 0.8174
vn 0.2344 -0.4983 0.8347
vn 0.2576 -0.5060 0.8232
vn 0.0881 0.9220 0.3769
vn 0.4333 -0.4862 0.7588
vn 0.4010 -0.4959 0.7703
vn 0.4635 -0.4986 0.7325
vn 0.8309 -0.3161 0.4579
vn 0.8358 -0.3292 0.4395
vn 0.8440 -0.3186 0.4314
vn 0.8517 -0.2668 0.4510
vn 0.8465 -0.2724 0.4574
vn 0.8609 -0.2754 0.4278
vn -0.3154 -0.0351 0.9483
vn -0.2433 -0.0560 0.9683
vn -0.2812 -0.2265 0.9325
vn -0.3868 -0.5215 0.7605
vn -0.1399 -0.5196 0.8429
vn 0.2703 -0.2914 0.9176
vn 0.2795 -0.2754 0.9198
vn 0.2715 -0.3125 0.9103
vn 0.2745 -0.2917 0.9163
vn 0.3362 -0.3248 0.8840
vn 0.2329 0.2433 0.9416
vn 0.2264 0.2389 0.9443
vn 0.2288 0.2445 0.9423
vn 0.3114 -0.0776 0.9471
vn 0.3323 -0.0911 0.9388
vn 0.2907 0.1104 0.9504
vn 0.1743 -0.2904 0.9409
vn 0.1869 -0.2731 0.9436
vn 0.2263 -0.2861 0.9311
vn 0.2882 0.1019 0.9521
vn 0.2803 0.1003 0.9547
vn 0.2855 0.1050 0.9526
vn 0.0040 0.0651 0.9979
vn 0.0599 0.0808 0.9949
vn 0.0395 0.0377 0.9985
vn -0.0140 0.0107 0.9998
vn -0.0085 0.0255 0.9996
vn -0.0613 0.0250 0.9978
vn 0.0327 0.0103 0.9994
vn 0.0258 0.0060 0.9996
vn 0.0294 0.0156 0.9994
vn 0.0849 0.1415 0.9863
vn 0.0966 0.1955 0.9759
vn 0.1209 0.1736 0.9774
vn 0.1654 -0.1613 0.9729
vn 0.1944 -0.1787 0.9645
vn 0.2214 -0.2158 0.9510
vn 0.1838 -0.2266 0.9565
vn 0.2690 -0.2346 0.9341
vn 0.3400 -0.2589 0.9041
vn 0.2991 -0.2523 0.9202
vn 0.2040 0.4049 0.8913
vn 0.2041 0.4053 0.8911
vn 0.2022 0.3815 0.9020
vn 0.2325 0.3452 0.9093
vn 0.2339 0.3516 0.9065
vn 0.2255 0.2874 0.9309
vn 0.3035 0.1513 0.9408
vn 0.2988 0.1120 0.9477
vn 0.3231 0.1183 0.9389
vn 0.3236 -0.0630 0.9441
vn 0.3214 -0.0132 0.9469
vn 0.3211 -0.0465 0.9459
vn -0.1960 0.0246 0.9803
vn -0.1223 0.1022 0.9872
vn -0.0881 0.0761 0.9932
vn -0.1320 0.0380 0.9905
vn -0.0902 0.0639 0.9939
vn -0.0824 0.0478 0.9955
vn -0.1026 0.0473 0.9936
vn -0.1184 0.0348 0.9924
vn 0.1062 -0.2988 0.9484
vn 0.0765 -0.3677 0.9268
vn 0.1121 -0.3651 0.9242
vn 0.1226 0.2219 0.9673
vn 0.1395 0.2795 0.9500
vn 0.1313 0.2105 0.9687
vn 0.3919 -0.3246 0.8608
vn 0.3671 -0.3883 0.8452
vn 0.3728 -0.3290 0.8677
vn 0.3919 -0.3247 0.8608
vn 0.3384 -0.3089 0.8888
vn 0.3522 -0.4102 0.8412
vn 0.2291 -0.3006 0.9258
vn 0.2109 -0.3356 0.9181
vn 0.2251 -0.3113 0.9233
vn 0.1753 -0.4360 0.8827
vn 0.1744 -0.4027 0.8986
vn 0.2267 -0.3725 0.8999
vn 0.2335 -0.3747 0.8973
vn 0.1980 -0.3550 0.9136
vn 0.2327 -0.3564 0.9049
vn 0.1969 0.4116 0.8898
vn 0.2069 0.3974 0.8940
vn 0.2025 0.4389 0.8754
vn 0.2695 0.2547 0.9287
vn 0.2666 0.2687 0.9256
vn 0.2732 0.2887 0.9176
vn 0.2555 0.3673 0.8943
vn 0.2502 0.3024 0.9198
vn 0.2622 0.2999 0.9172
vn 0.2458 -0.2302 0.9416
vn 0.2588 -0.2445 0.9345
vn 0.2639 -0.2174 0.9398
vn 0.2483 0.2335 0.9401
vn 0.2508 0.2746 0.9283
vn 0.2553 0.2900 0.9223
vn 0.2546 0.3064 0.9172
vn 0.2575 0.3156 0.9133
vn 0.2619 0.2960 0.9186
vn 0.2840 0.2805 0.9169
vn 0.2807 0.3188 0.9053
vn 0.3564 -0.1130 0.9275
vn 0.3537 -0.1045 0.9295
vn 0.3496 -0.1174 0.9295
vn 0.3379 -0.1533 0.9286
vn 0.3279 -0.1449 0.9335
vn 0.3179 -0.1819 0.9305
vn 0.3661 0.0076 0.9306
vn 0.3345 -0.0029 0.9424
vn 0.3501 -0.0389 0.9359
vn 0.2839 -0.1894 0.9399
vn 0.3035 -0.1543 0.9402
vn 0.2953 -0.1480 0.9439
vn 0.3016 -0.2136 0.9292
vn 0.3142 -0.1778 0.9325
vn 0.3102 -0.1776 0.9339
vn 0.1450 0.4660 0.8728
vn 0.1610 0.4019 0.9014
vn 0.1751 0.4485 0.8764
vn 0.0739 0.4732 0.8779
vn 0.0220 0.4546 0.8904
vn 0.0951 0.4434 0.8913
vn 0.1616 0.3263 0.9314
vn 0.0844 0.4402 0.8939
vn 0.1717 0.4209 0.8907
vn 0.1278 0.3832 0.9148
vn 0.2374 -0.3069 0.9217
vn 0.2429 -0.3190 0.9161
vn 0.2393 -0.3197 0.9168
vn 0.2653 -0.4115 0.8719
vn 0.2824 -0.4131 0.8658
vn 0.2873 -0.3589 0.8881
vn 0.1594 -0.3866 0.9084
vn 0.1677 -0.4067 0.8980
vn 0.1638 -0.4057 0.8992
vn 0.1757 0.5255 0.8324
vn 0.2007 0.4827 0.8525
vn 0.1976 0.4698 0.8604
vn 0.1998 0.4823 0.8529
vn 0.1367 -0.3636 0.9215
vn 0.1434 -0.3585 0.9224
vn 0.2485 0.4113 0.8770
vn 0.2545 0.3523 0.9006
vn 0.2651 0.3944 0.8799
vn 0.3838 0.1444 0.9120
vn 0.3822 0.1734 0.9077
vn 0.3729 0.1627 0.9135
vn 0.4792 0.0829 0.8738
vn 0.4484 0.0789 0.8903
vn 0.4536 0.0522 0.8897
vn 0.4435 0.1810 0.8778
vn 0.4177 0.1586 0.8946
vn 0.4479 0.1374 0.8835
vn 0.4003 0.0269 0.9160
vn 0.4059 0.0571 0.9121
vn 0.3904 0.0107 0.9206
vn 0.1211 0.4955 0.8601
vn 0.1308 0.5491 0.8255
vn 0.1442 -0.5462 0.8251
vn 0.0937 -0.5494 0.8303
vn 0.1750 -0.4950 0.8511
vn 0.3165 -0.4163 0.8524
vn 0.2761 -0.4095 0.8696
vn 0.3061 -0.3982 0.8647
vn 0.2186 0.5336 0.8170
vn 0.2056 0.5134 0.8332
vn 0.3513 0.9162 0.1928
vn 0.3532 0.9202 0.1691
vn 0.8949 0.2749 0.3515
vn 0.1860 0.4784 0.8582
vn 0.1975 0.4709 0.8598
vn 0.1807 0.4870 0.8545
vn 0.1789 0.4941 0.8508
vn 0.1791 0.4916 0.8522
vn 0.1837 0.5018 0.8453
vn 0.1956 0.5033 0.8417
vn 0.1951 0.5128 0.8360
vn 0.2103 0.5267 0.8236
vn 0.1389 -0.3493 0.9267
vn 0.1388 -0.3496 0.9266
vn 0.1305 -0.3551 0.9257
vn 0.1622 -0.4102 0.8975
vn 0.1630 -0.4189 0.8933
vn 0.1766 -0.4727 0.8634
vn 0.2837 -0.4089 0.8673
vn 0.2891 -0.3696 0.8831
vn 0.2844 -0.3554 0.8904
vn 0.2801 -0.3993 0.8730
vn 0.3050 -0.4357 0.8468
vn 0.2899 -0.4137 0.8630
vn 0.2660 -0.4480 0.8535
vn 0.3443 0.5866 0.7330
vn 0.3698 0.4793 0.7959
vn 0.3580 0.4780 0.8021
vn 0.4137 0.2663 0.8706
vn 0.3309 -0.3490 0.8768
vn 0.3369 -0.3451 0.8760
vn 0.3405 -0.3291 0.8808
vn 0.3745 -0.2533 0.8920
vn 0.3623 -0.2865 0.8869
vn 0.3771 -0.2578 0.8896
vn 0.3581 -0.3453 0.8675
vn 0.3447 -0.3766 0.8599
vn 0.3708 -0.3123 0.8746
vn 0.4550 -0.1341 0.8803
vn 0.4323 -0.1115 0.8948
vn 0.4332 -0.1515 0.8885
vn 0.3861 -0.2135 0.8974
vn 0.3903 -0.1757 0.9038
vn 0.3749 -0.1896 0.9075
vn 0.4841 -0.0859 0.8708
vn 0.4907 -0.0113 0.8713
vn 0.4611 -0.0653 0.8849
vn -0.0838 -0.4041 0.9109
vn -0.1625 -0.4056 0.8995
vn -0.1789 -0.4845 0.8563
vn 0.1974 0.5010 0.8427
vn 0.1954 0.5059 0.8402
vn 0.2004 0.5403 0.8172
vn 0.2738 -0.4818 0.8324
vn 0.2701 -0.5059 0.8192
vn 0.2741 -0.4719 0.8380
vn 0.1572 0.5651 0.8099
vn 0.1563 0.5714 0.8057
vn 0.1643 0.5909 0.7898
vn 0.1559 0.5862 0.7950
vn 0.1759 -0.6280 0.7580
vn 0.1696 -0.5854 0.7928
vn 0.1613 -0.6276 0.7617
vn 0.2300 0.5128 0.8271
vn 0.2264 0.5388 0.8114
vn 0.2193 0.4998 0.8379
vn 0.2255 0.5549 0.8007
vn 0.2134 0.5860 0.7817
vn 0.2139 0.5806 0.7856
vn 0.4161 0.5207 0.7455
vn 0.4207 0.5975 0.6827
vn 0.5086 0.0934 0.8559
vn 0.4980 0.1045 0.8609
vn 0.5203 0.1257 0.8447
vn 0.5219 0.1105 0.8458
vn 0.5259 0.1302 0.8405
vn -0.2042 0.5405 0.8162
vn -0.1939 0.5742 0.7954
vn 0.1553 0.7079 0.6891
vn 0.1776 0.6811 0.7103
vn 0.1771 0.6510 0.7381
vn 0.2460 -0.4871 0.8380
vn 0.2647 -0.4740 0.8398
vn 0.2627 -0.5184 0.8138
vn 0.2651 -0.5276 0.8071
vn 0.2518 -0.5371 0.8051
vn 0.1672 0.6544 0.7375
vn 0.1724 0.6406 0.7483
vn 0.1661 0.6136 0.7720
vn 0.1568 -0.5389 0.8277
vn 0.1404 -0.5045 0.8519
vn 0.1497 -0.5047 0.8502
vn 0.2023 -0.6643 0.7195
vn 0.1914 -0.6280 0.7543
vn 0.1843 -0.6879 0.7021
vn 0.2947 -0.4778 0.8276
vn 0.3001 -0.4412 0.8457
vn 0.2853 -0.4562 0.8429
vn 0.2873 -0.4210 0.8604
vn 0.3033 -0.3781 0.8747
vn 0.2838 -0.4089 0.8673
vn 0.6020 -0.0748 0.7950
vn 0.6153 -0.0464 0.7869
vn 0.5791 -0.0675 0.8125
vn -0.1357 0.8852 0.4450
vn -0.2651 0.9581 0.1085
vn -0.1362 0.8667 0.4800
vn 0.1978 0.6509 0.7330
vn 0.1952 0.6820 0.7048
vn 0.1934 0.6783 0.7089
vn 0.2725 -0.5270 0.8050
vn 0.2296 -0.5839 0.7787
vn 0.2290 -0.5399 0.8100
vn 0.3418 -0.4454 0.8275
vn 0.3319 -0.4555 0.8261
vn 0.4865 0.3527 0.7993
vn 0.4567 0.3462 0.8195
vn 0.5639 0.3496 0.7482
vn 0.5467 0.3433 0.7637
vn 0.5646 0.3220 0.7600
vn 0.6002 -0.1799 0.7793
vn 0.5674 -0.2017 0.7983
vn 0.5940 -0.2180 0.7744
vn 0.1703 0.6808 0.7124
vn 0.1582 0.7327 0.6619
vn 0.1622 0.6867 0.7086
vn 0.1572 0.7018 0.6948
vn 0.1597 0.6744 0.7208
vn 0.1224 0.8809 0.4572
vn 0.1424 0.8039 0.5775
vn 0.1733 0.6855 0.7072
vn 0.1666 0.6959 0.6986
vn 0.1304 0.7031 0.6990
vn 0.1490 0.6803 0.7176
vn 0.1280 0.7406 0.6596
vn 0.1981 0.7431 0.6392
vn 0.2026 0.7327 0.6497
vn 0.2113 0.7144 0.6671
vn 0.4202 0.5242 0.7407
vn 0.4729 0.4896 0.7326
vn 0.4762 0.5038 0.7207
vn 0.7018 -0.2140 0.6795
vn 0.6915 -0.1663 0.7029
vn 0.6530 -0.2152 0.7261
vn -0.6546 0.2651 0.7080
vn -0.6997 0.1758 0.6925
vn -0.7202 0.1051 0.6858
vn 0.1085 -0.9194 0.3781
vn 0.1017 -0.8923 0.4399
vn 0.1271 -0.9371 0.3252
vn 0.2218 0.6977 0.6812
vn 0.2174 0.6916 0.6888
vn 0.2085 0.7059 0.6769
vn 0.2712 0.5958 0.7560
vn 0.2371 0.6365 0.7339
vn 0.2580 0.6192 0.7417
vn 0.2426 0.6454 0.7243
vn 0.3132 0.5830 0.7497
vn 0.1842 0.6918 0.6982
vn 0.1929 0.6784 0.7089
vn 0.3635 0.5568 0.7469
vn 0.3247 0.5521 0.7679
vn 0.3557 0.5498 0.7558
vn 0.2909 0.5525 0.7811
vn 0.2789 0.5945 0.7542
vn 0.2974 0.5701 0.7658
vn 0.5332 0.5225 0.6654
vn 0.5294 0.5412 0.6534
vn 0.4893 0.5458 0.6802
vn 0.4338 0.5275 0.7305
vn 0.4812 0.5264 0.7010
vn 0.0392 0.8553 0.5166
vn 0.0718 0.8439 0.5317
vn 0.1189 0.8586 0.4986
vn 0.1325 0.7304 0.6701
vn 0.1528 0.7152 0.6820
vn 0.2865 0.6209 0.7297
vn 0.2812 0.6412 0.7140
vn 0.2549 0.6513 0.7147
vn 0.1736 -0.5440 0.8209
vn 0.2810 -0.5232 0.8045
vn 0.2577 -0.5060 0.8232
vn 0.7673 -0.2854 0.5743
vn 0.7755 -0.3064 0.5520
vn 0.7978 -0.2920 0.5276
vn 0.6543 -0.2410 0.7168
vn 0.7022 -0.2272 0.6747
vn 0.0894 0.9329 0.3488
vn 0.0938 0.9304 0.3544
vn -0.0362 -0.6298 0.7759
vn -0.0757 -0.6259 0.7762
vn -0.0890 -0.6890 0.7192
vn 0.1154 -0.6120 0.7824
vn 0.1987 -0.5475 0.8128
vn 0.1154 -0.6119 0.7824
vn 0.1725 -0.6748 0.7175
vn 0.2379 -0.5690 0.7872
vn 0.4898 -0.4827 0.7261
vn 0.5183 -0.4631 0.7189
vn 0.4670 -0.4809 0.7420
vn 0.1405 0.8696 0.4733
vn 0.1152 0.8697 0.4799
vn 0.8121 0.2310 0.5358
vn 0.8740 0.2215 0.4325
vn 0.8555 0.2553 0.4504
vn 0.0360 0.8580 0.5124
vn 0.0248 0.8743 0.4847
vn 0.4084 -0.5235 0.7478
vn 0.3154 -0.5250 0.7905
vn 0.3232 -0.5782 0.7492
vn 0.8136 0.3369 0.4739
vn 0.8269 0.3118 0.4680
vn 0.7873 0.3730 0.4909
vn 0.7781 0.3909 0.4917
vn 0.7573 0.3858 0.5269
vn 0.8223 -0.3008 0.4831
vn 0.8378 -0.2852 0.4655
vn 0.8129 -0.2822 0.5095
vn 0.9178 0.1439 0.3702
vn 0.9191 0.0763 0.3866
vn 0.9181 0.1201 0.3778
vn 0.3898 0.6505 0.6518
vn 0.4067 0.6435 0.6484
vn 0.8711 -0.2693 0.4106
vn 0.8692 -0.2668 0.4164
vn 0.8683 -0.2351 0.4368
vn 0.8563 -0.2560 0.4485
vn 0.8838 -0.1952 0.4253
vn 0.7780 -0.3766 0.5029
vn 0.8077 -0.3499 0.4746
vn 0.7817 -0.3678 0.5036
vn 0.8350 -0.3273 0.4424
vn 0.8207 -0.3338 0.4637
vn 0.0525 0.6871 0.7247
vn 0.0047 0.6640 0.7477
vn 0.3513 0.9162 0.1929
vn 0.8566 0.3086 0.4136
vn 0.3377 0.9107 0.2377
vn 0.3740 0.3748 0.8483
vn 0.4100 0.3239 0.8526
vn 0.3144 0.2861 0.9052
vn 0.2869 0.1516 0.9459
vn 0.2837 0.2270 0.9317
vn 0.2936 0.1199 0.9484
vn 0.3793 0.9065 0.1852
vn 0.3990 0.8987 0.1817
vn 0.3957 0.9148 0.0815
vn -0.2351 0.8040 0.5461
vn -0.3232 0.7812 0.5341
vn 0.0348 0.7464 0.6646
vn 0.0083 0.7492 0.6623
vn 0.0567 0.7105 0.7014
vn 0.0324 -0.9316 0.3620
vn 0.8565 0.3086 0.4137
vn 0.5578 -0.7837 0.2734
vn 0.8986 0.2677 0.3477
vn 0.5762 -0.7643 0.2896
vn 0.5619 -0.7830 0.2667
vn 0.4474 -0.0285 0.8939
vn 0.3708 0.2876 0.8831
vn 0.4272 0.3034 0.8517
vn 0.4127 0.1991 0.8888
vn -0.0336 0.1093 0.9934
vn -0.0126 0.1069 0.9942
vn -0.3059 0.3919 0.8677
vn -0.3386 0.4484 0.8272
vn -0.4219 0.3465 0.8378
vn 0.1730 0.7105 0.6821
vn 0.1797 0.7541 0.6316
vn 0.1598 0.7759 0.6103
vn 0.1435 0.6813 0.7178
vn 0.1368 0.6922 0.7086
vn 0.1354 0.7239 0.6765
vn 0.1120 0.8219 0.5586
vn 0.1022 0.8497 0.5173
vn 0.1197 0.7993 0.5889
vn 0.5054 -0.5028 0.7013
vn 0.8072 0.1709 0.5650
vn 0.0780 0.7257 0.6836
vn 0.1036 0.7194 0.6869
vn 0.1360 0.7026 0.6985
vn -0.9941 0.0129 -0.1077
vn -0.3817 0.9242 0.0115
vn -0.8110 0.5647 -0.1532
vn 0.3315 0.6605 0.6737
vn 0.3612 0.6498 0.6688
vn 0.3898 0.6506 0.6518
vn 0.5748 -0.4943 0.6521
vn 0.6126 -0.4800 0.6280
vn 0.5895 -0.4874 0.6442
vn 0.2335 -0.4999 0.8340
vn 0.1750 -0.4949 0.8511
vn 0.3444 0.5866 0.7330
vn 0.3699 0.4793 0.7959
vn 0.8321 0.2903 0.4726
vn 0.8091 0.3187 0.4937
vn 0.2488 0.2927 0.9233
vn 0.2611 0.3550 0.8977
vn -0.0711 0.0063 0.9974
vn -0.1371 -0.0062 0.9905
vn -0.0194 0.0671 0.9976
vn -0.0127 0.1069 0.9942
vn -0.0387 0.0813 0.9959
vn 0.2866 0.4033 0.8690
vn 0.2727 0.4209 0.8651
vn 0.2770 0.3727 0.8856
vn 0.3854 0.1232 0.9145
vn 0.3767 0.1354 0.9164
vn 0.0444 0.6093 0.7917
vn -0.0088 0.6678 0.7443
vn 0.0172 0.5811 0.8136
vn 0.2227 -0.4062 0.8862
vn 0.1990 -0.4166 0.8870
vn 0.2032 -0.3870 0.8994
vn 0.1848 -0.4168 0.8900
vn 0.1986 -0.4387 0.8764
vn -0.8023 -0.2180 0.5556
vn -0.7387 -0.1037 0.6660
vn -0.8249 -0.1714 0.5386
vn 0.1483 0.6561 0.7399
vn 0.7091 -0.1159 0.6955
vn 0.7261 -0.0950 0.6810
vn 0.6980 -0.0136 0.7160
vn 0.3202 0.6368 0.7014
vn 0.3092 0.6526 0.6918
vn 0.2889 0.6500 0.7029
vn -0.4368 0.8836 -0.1686
vn -0.6353 0.7604 -0.1350
vn -0.6027 0.7714 -0.2042
vn 0.1001 -0.9359 0.3376
vn 0.0995 -0.9391 0.3288
vn 0.1004 -0.9324 0.3472
vn 0.8039 0.3639 0.4704
vn 0.8112 0.3470 0.4706
vn 0.8060 0.3616 0.4686
vn 0.8711 -0.2693 0.4107
vn 0.8634 -0.2757 0.4224
vn -0.4467 -0.6364 0.6288
vn -0.4181 -0.5715 0.7061
vn -0.3694 -0.6855 0.6274
vn 0.0349 -0.9046 0.4248
vn -0.0091 -0.8858 0.4640
vn 0.0362 -0.8671 0.4969
vn 0.6551 0.5041 0.5627
vn 0.6809 0.4946 0.5401
vn 0.6479 0.5195 0.5571
vn 0.1428 0.8469 0.5122
vn 0.1389 0.8520 0.5048
vn 0.1488 0.8604 0.4875
vn 0.0943 0.9496 0.2989
vn 0.0916 0.9368 0.3377
vn -0.7456 0.0302 0.6657
vn -0.7356 0.0629 0.6745
vn -0.4514 -0.7980 0.3993
vn -0.3729 -0.7145 0.5920
vn -0.3759 -0.7425 0.5545
vn -0.5542 0.8288 0.0766
vn -0.6541 0.7538 -0.0623
vn -0.4753 -0.6032 0.6405
vn 0.8440 -0.3187 0.4315
vn 0.8417 -0.3266 0.4300
vn 0.8470 -0.3163 0.4273
vn 0.8036 0.3721 0.4645
vn 0.8034 0.3708 0.4659
vn 0.8036 0.3722 0.4645
vn 0.7996 0.3831 0.4625
vn -0.0423 0.8806 0.4720
vn -0.2487 0.9287 0.2750
vn 0.6212 0.5322 0.5753
vn 0.1274 0.9140 0.3852
vn 0.0537 -0.9400 0.3368
vn 0.0591 -0.9479 0.3131
vn 0.0281 -0.9434 0.3305
vn 0.0282 -0.9434 0.3304
vn -0.0011 -0.9210 0.3896
vn -0.0092 -0.8858 0.4640
vn 0.1725 -0.6748 0.7176
vn 0.0816 -0.7378 0.6701
vn 0.2200 -0.7027 0.6767
vn 0.4709 0.6039 0.6431
vn -0.3103 -0.7872 0.5330
vn -0.3023 -0.7504 0.5878
vn -0.2690 -0.7926 0.5472
vn -0.4876 0.8607 0.1466
vn -0.5099 0.8513 0.1236
vn 0.1888 -0.8953 0.4035
vn 0.1536 -0.9391 0.3074
vn 0.1450 -0.9303 0.3370
vn -0.5227 0.8224 0.2247
vn -0.4608 0.8704 0.1737
vn 0.1363 -0.9385 0.3173
vn 0.1051 -0.9643 0.2429
vn 0.1338 -0.9499 0.2824
vn -0.0626 -0.7372 0.6728
vn -0.0890 -0.6890 0.7193
vn 0.0078 1.0000 -0.0060
vn -0.8828 0.1493 0.4453
vn 0.8305 0.5464 0.1083
vn 0.9333 -0.3578 0.0305
vn -0.1597 0.9016 -0.4020
vn -0.4911 0.8367 -0.2424
vn -0.4249 0.9028 0.0661
vn 0.5454 -0.5006 0.6723
vn 0.5749 -0.4943 0.6520
vn 0.6944 0.4834 0.5331
vn 0.6679 0.4761 0.5720
vn 0.7005 0.4656 0.5409
vn -0.8094 -0.0711 0.5829
vn -0.8003 -0.0831 0.5938
vn -0.8274 -0.1842 0.5305
vn -0.8333 -0.2494 0.4934
vn -0.8476 -0.2416 0.4725
vn 0.1120 -0.9313 0.3465
vn 0.1063 -0.9459 0.3065
vn 0.0885 -0.9376 0.3364
vn -0.1069 0.9941 -0.0176
vn -0.3809 0.9197 -0.0957
vn 0.7709 0.4205 0.4785
vn 0.7859 0.4064 0.4661
vn 0.7712 0.4325 0.4671
vn -0.6757 -0.7277 0.1174
vn -0.5762 -0.7964 0.1838
vn -0.5473 -0.7568 -0.3574
vn -0.5978 -0.6168 0.5121
vn -0.5674 -0.6895 0.4502
vn -0.5289 -0.7945 -0.2983
vn -0.5540 -0.7968 -0.2412
vn -0.5493 -0.7950 -0.2572
vn -0.5978 -0.6167 0.5121
vn -0.5752 -0.5664 0.5902
vn 0.1537 -0.9391 0.3075
vn 0.1227 -0.9597 0.2529
vn 0.1285 -0.9479 0.2915
vn -0.8536 -0.4768 0.2098
vn -0.6038 -0.2998 0.7386
vn -0.6832 -0.1458 0.7155
vn 0.9014 0.1817 0.3930
vn 0.9064 0.1972 0.3735
vn 0.9163 0.1820 0.3566
vn 0.1190 0.8586 0.4986
vn 0.0730 0.9191 0.3871
vn 0.0745 0.9295 0.3612
vn 0.0913 0.9068 0.4116
vn 0.0622 -0.9562 0.2859
vn 0.0601 -0.9727 0.2241
vn 0.0784 -0.9495 0.3038
vn -0.7467 -0.6433 -0.1690
vn -0.4870 0.8683 0.0946
vn -0.4755 0.8762 0.0793
vn -0.4475 0.8938 0.0291
vn -0.4752 0.8790 -0.0381
vn -0.4706 0.8823 0.0040
vn -0.4577 0.8843 -0.0926
vn -0.4361 -0.8068 0.3987
vn -0.5959 -0.7467 0.2954
vn -0.5465 -0.6923 0.4713
vn -0.5464 -0.6923 0.4713
vn 0.2339 0.6692 0.7053
vn 0.2716 0.6579 0.7024
vn 0.2456 0.6633 0.7069
vn 0.1525 -0.5478 0.8226
vn 0.1653 -0.3895 0.9061
vn 0.1499 -0.4113 0.8991
vn 0.0771 0.9220 0.3794
vn 0.0374 0.8189 0.5727
vn 0.1603 0.0133 0.9870
vn 0.1504 0.1245 0.9808
vn 0.1474 0.0657 0.9869
vn 0.1676 -0.2711 0.9479
vn -0.0045 -0.1384 0.9904
vn 0.0247 -0.4651 0.8849
vn 0.1117 0.3557 0.9279
vn 0.1827 0.6521 0.7358
vn 0.0771 0.9220 0.3795
vn 0.2352 0.8953 0.3782
vn -0.0596 0.3644 0.9294
vn -0.2277 -0.4817 0.8462
vn -0.2498 -0.2367 0.9389
vn -0.3208 -0.2548 0.9122
vn 0.6567 -0.2995 0.6921
vn 0.5619 -0.4882 0.6677
vn 0.5954 -0.4495 0.6659
vn 0.5619 -0.4882 0.6678
vn 0.4989 -0.5378 0.6796
vn 0.5274 -0.4851 0.6975
vn -0.2187 0.2854 0.9331
vn -0.2169 0.2182 0.9515
vn -0.3170 0.2669 0.9101
vn 0.0490 -0.6965 0.7159
vn -0.3391 -0.6511 0.6790
vn 0.0306 -0.6101 0.7917
vn 0.1359 -0.6526 0.7454
vn 0.1731 -0.6831 0.7096
vn 0.1974 -0.6300 0.7511
vn 0.1424 -0.6618 0.7360
vn 0.1425 -0.6618 0.7360
vn 0.1724 -0.6604 0.7309
vn -0.3049 0.7417 0.5975
vn -0.0674 0.9898 -0.1252
vn 0.2395 0.6591 0.7129
vn 0.2296 0.6401 0.7332
vn 0.2930 0.6440 0.7067
vn -0.4223 0.7529 -0.5047
vn 0.5327 0.5390 0.6524
vn -0.1337 0.6873 0.7140
vn -0.1338 0.6873 0.7140
vn 0.3740 0.3749 0.8483
vn 0.4864 0.7236 0.4897
vn 0.5954 -0.4496 0.6659
vn 0.3136 0.0829 0.9459
vn 0.2918 0.1505 0.9446
vn 0.3088 0.0830 0.9475
vn 0.0563 -0.0907 0.9943
vn 0.0581 -0.0789 0.9952
vn 0.0511 -0.0602 0.9969
vn 0.0266 0.0183 0.9995
vn 0.0200 0.0219 0.9996
vn 0.0159 0.0206 0.9997
vn -0.3443 0.7240 -0.5978
vn -0.7086 0.4281 -0.5609
vn -0.7225 -0.3248 -0.6103
vn -0.5046 -0.8352 -0.2185
vn -0.1852 -0.8886 -0.4197
vn 0.3448 -0.4195 0.8397
vn 0.2705 -0.4327 0.8600
vn 0.2752 -0.3893 0.8790
vn 0.1874 0.4422 0.8771
vn 0.1632 0.4927 0.8548
vn 0.1657 0.4820 0.8603
vn 0.1766 -0.2145 0.9606
vn 0.1858 -0.2206 0.9575
vn 0.1862 -0.2272 0.9559
vn -0.0127 0.1514 0.9884
vn 0.0005 -0.2642 0.9645
vn 0.0004 -0.2134 0.9770
vn -0.0597 -0.2718 0.9605
vn 0.6688 -0.7270 0.1551
vn 0.2696 -0.9217 0.2790
vn 0.2974 -0.9326 0.2046
vn 0.2772 -0.9383 0.2068
vn 0.0665 -0.9868 0.1477
vn -0.0271 -0.9908 0.1326
vn -0.0494 -0.9944 0.0931
vn 0.2959 -0.6331 0.7153
vn 0.2824 -0.6027 0.7463
vn 0.2823 -0.6027 0.7463
vn 0.2496 -0.5242 0.8142
vn 0.2254 -0.2857 0.9314
vn 0.2496 -0.2738 0.9288
vn 0.2384 -0.2601 0.9357
vn -0.3151 -0.2487 0.9159
vn -0.3115 -0.2153 0.9255
vn -0.3640 -0.2603 0.8943
vn -0.2139 0.0605 0.9750
vn -0.1936 0.0370 0.9804
vn -0.2546 0.0785 0.9639
vn -0.1838 0.0641 0.9809
vn -0.1867 0.0750 0.9796
vn -0.1395 -0.1919 0.9714
vn -0.2116 -0.2272 0.9506
vn -0.1503 -0.2255 0.9626
vn 0.2860 -0.4935 0.8214
vn 0.3314 -0.4513 0.8286
vn 0.2595 0.9538 0.1516
vn 0.1403 0.9788 0.1489
vn 0.1877 0.9822 -0.0028
vn 0.3043 0.9501 0.0685
vn 0.3608 0.9285 -0.0872
vn 0.0884 0.8925 -0.4423
vn -0.1065 0.8567 0.5047
vn 0.0454 0.9286 0.3682
vn 0.1863 -0.4355 0.8807
vn 0.1841 -0.4474 0.8752
vn 0.1727 -0.4456 0.8784
vn 0.1039 0.0576 0.9929
vn -0.3759 -0.1808 0.9089
vn -0.3460 -0.0698 0.9356
vn -0.3069 -0.0727 0.9489
vn -0.4308 0.1386 0.8917
vn -0.4175 0.0183 0.9085
vn -0.3435 -0.1452 0.9279
vn -0.4588 -0.1683 0.8724
vn -0.2218 -0.2090 0.9524
vn -0.6376 -0.1461 0.7564
vn -0.1894 0.4929 0.8492
vn -0.5267 0.1711 0.8326
vn -0.2326 0.3435 0.9099
vn -0.1908 0.2983 0.9352
vn -0.2198 0.3528 0.9095
vn -0.2539 0.3987 0.8812
vn -0.2313 0.4056 0.8843
vn 0.1540 -0.4777 0.8649
vn 0.2953 -0.4061 0.8648
vn 0.2799 -0.4603 0.8425
vn 0.3060 -0.3982 0.8647
vn 0.3137 -0.4088 0.8570
vn 0.2643 -0.4927 0.8291
vn 0.2530 -0.4746 0.8431
vn 0.2568 -0.4631 0.8483
vn 0.5775 -0.7389 0.3471
vn 0.5661 -0.7208 0.3999
vn 0.1321 -0.9832 0.1263
vn 0.1422 -0.9574 0.2512
vn 0.4709 -0.7415 0.4780
vn 0.0810 0.9584 0.2738
vn 0.0637 0.9495 0.3071
vn -0.2357 0.7979 0.5549
vn -0.8713 0.4224 -0.2498
vn -0.9906 -0.1187 -0.0683
vn 0.1798 -0.4760 0.8609
vn 0.1648 -0.4659 0.8694
vn 0.1852 -0.4680 0.8641
vn 0.4151 0.3448 0.8419
vn 0.3997 0.3754 0.8363
vn -0.2276 0.2587 0.9388
vn -0.2711 0.3353 0.9023
vn -0.2819 0.2628 0.9228
vn -0.2819 0.2628 0.9227
vn -0.3507 0.3159 0.8816
vn -0.4232 0.2465 0.8719
vn -0.5601 -0.0159 0.8282
vn -0.5730 0.1542 0.8049
vn -0.2861 -0.6060 0.7422
vn -0.2631 -0.5365 0.8019
vn -0.3211 -0.5780 0.7502
vn -0.1192 -0.6984 0.7057
vn -0.2401 -0.7813 0.5761
vn -0.1708 -0.7034 0.6900
vn -0.4680 0.8327 -0.2960
vn 0.5339 0.7015 -0.4722
vn 0.9267 0.2365 0.2919
vn 0.1424 0.5708 0.8087
vn 0.2248 -0.1106 0.9681
vn -0.2412 -0.0940 0.9659
vn -0.2413 -0.0940 0.9659
vn 0.0724 -0.7412 0.6674
vn 0.4715 0.2965 0.8305
vn 0.4473 0.3362 0.8288
vn 0.4473 0.3361 0.8288
vn 0.4275 0.3617 0.8285
vn 0.5160 0.2118 0.8300
vn 0.5027 0.2712 0.8208
vn -0.6440 0.0395 0.7640
vn -0.8114 -0.2020 0.5485
vn -0.7627 -0.1492 0.6293
vn -0.7584 -0.2189 0.6139
vn -0.2659 -0.7503 0.6052
vn -0.2160 -0.6760 0.7046
vn 0.1027 0.5806 0.8077
vn 0.1117 0.6166 0.7794
vn 0.5339 0.7014 -0.4723
vn 0.9267 0.2366 0.2920
vn 0.0474 -0.7507 0.6590
vn 0.3125 -0.9263 0.2106
vn 0.2247 -0.1107 0.9681
vn 0.0723 -0.7412 0.6674
vn 0.2678 -0.5014 0.8227
vn 0.2540 -0.5172 0.8173
vn 0.2541 -0.5172 0.8173
vn 0.2394 -0.5228 0.8181
vn 0.2412 -0.5046 0.8290
vn 0.2273 -0.5109 0.8291
vn 0.2270 -0.4971 0.8375
vn 0.1465 -0.4784 0.8658
vn 0.1494 -0.4684 0.8708
vn 0.1594 -0.4750 0.8654
vn 0.1624 -0.6304 0.7591
vn 0.1631 -0.5869 0.7931
vn 0.1571 -0.6024 0.7826
vn 0.2245 -0.5801 0.7830
vn 0.2050 -0.5703 0.7955
vn 0.5783 0.1015 0.8095
vn 0.5730 0.0703 0.8165
vn 0.5794 0.0889 0.8102
vn 0.0154 0.6897 0.7239
vn -0.0120 0.7275 0.6860
vn -0.0316 0.7320 0.6806
vn 0.2193 -0.7054 0.6740
vn 0.1323 -0.7955 0.5913
vn 0.2025 -0.7352 0.6469
vn 0.2512 -0.6764 0.6923
vn 0.2576 -0.6653 0.7007
vn 0.2722 -0.6401 0.7185
vn 0.1698 -0.6479 0.7426
vn 0.1624 -0.6060 0.7787
vn 0.1751 -0.6623 0.7284
vn 0.2918 -0.8885 0.3543
vn 0.3136 -0.6687 0.6742
vn 0.2917 -0.8885 0.3543
vn 0.2182 -0.6952 0.6849
vn 0.2499 0.5478 0.7984
vn 0.2506 0.5176 0.8181
vn 0.4872 0.3947 0.7790
vn 0.5225 0.4147 0.7449
vn 0.4856 0.4344 0.7587
vn 0.2505 0.4067 0.8785
vn 0.3604 0.4208 0.8325
vn 0.4014 0.3906 0.8284
vn 0.3950 0.4117 0.8212
vn 0.4288 0.4196 0.8001
vn 0.4276 0.4682 0.7732
vn 0.3997 0.4503 0.7984
vn 0.4276 0.4683 0.7732
vn 0.4287 0.4196 0.8001
vn 0.4602 0.4359 0.7735
vn 0.4278 -0.3723 0.8236
vn 0.4269 -0.3525 0.8328
vn 0.6044 0.1047 0.7897
vn 0.5698 0.1481 0.8083
vn 0.6272 -0.0913 0.7735
vn 0.6689 -0.0970 0.7370
vn 0.6658 -0.0641 0.7433
vn 0.7030 0.0253 0.7108
vn 0.6223 0.0664 0.7799
vn -0.7926 0.2637 0.5498
vn -0.5867 0.5005 0.6366
vn -0.5144 0.5761 0.6352
vn -0.5931 -0.4585 0.6618
vn -0.6187 -0.4236 0.6616
vn -0.4331 0.7695 0.4693
vn -0.3443 0.6770 0.6505
vn -0.2009 0.7170 0.6675
vn -0.1474 0.7653 0.6266
vn 0.1982 -0.8263 0.5271
vn 0.1642 -0.7775 0.6071
vn 0.1942 -0.7646 0.6146
vn 0.4820 0.4889 0.7271
vn 0.4116 0.7743 0.4807
vn 0.1669 -0.7798 0.6034
vn 0.1911 -0.7314 0.6546
vn 0.1521 -0.7811 0.6057
vn 0.1598 -0.7398 0.6536
vn 0.1489 -0.7893 0.5956
vn 0.1635 -0.6828 0.7121
vn 0.1617 -0.7360 0.6573
vn 0.4740 -0.1999 0.8576
vn -0.2560 -0.7519 0.6076
vn 0.6990 -0.5558 0.4499
vn 0.2917 -0.8884 0.3543
vn 0.6990 -0.5557 0.4500
vn -0.2561 -0.7519 0.6076
vn 0.5364 -0.3520 0.7671
vn 0.5681 -0.3209 0.7578
vn 0.5162 -0.3310 0.7899
vn 0.7905 0.1245 0.5997
vn 0.7228 0.1462 0.6754
vn 0.7905 0.1246 0.5997
vn -0.6777 -0.1515 0.7195
vn -0.8107 0.1522 0.5653
vn -0.8113 0.2038 0.5479
vn -0.3943 0.5637 0.7258
vn -0.4476 0.5804 0.6803
vn -0.6084 -0.7458 -0.2713
vn -0.3868 0.7131 0.5847
vn -0.6789 -0.7211 -0.1378
vn -0.5842 -0.8111 0.0285
vn 0.0017 -0.9010 0.4339
vn 0.0199 -0.8936 0.4485
vn -0.0269 -0.8996 0.4359
vn -0.0426 -0.8563 0.5147
vn -0.0157 -0.8839 0.4674
vn 0.0300 -0.8698 0.4925
vn 0.0142 -0.8926 0.4507
vn 0.1465 -0.7808 0.6073
vn 0.1115 -0.7921 0.6002
vn 0.0596 -0.7953 0.6032
vn 0.1603 -0.7726 0.6143
vn -0.3340 0.6606 -0.6724
vn 0.3409 -0.5219 0.7820
vn 0.1727 -0.7014 0.6915
vn 0.2025 -0.7372 0.6446
vn 0.6620 0.2361 0.7113
vn 0.6691 0.2880 0.6850
vn 0.6338 0.2826 0.7200
vn 0.8169 0.0806 0.5712
vn 0.8346 -0.0440 0.5491
vn 0.7923 -0.0943 0.6028
vn 0.6930 0.1806 0.6979
vn 0.7229 0.2173 0.6559
vn 0.6799 -0.1331 0.7211
vn 0.6420 -0.1753 0.7464
vn 0.6916 -0.1663 0.7029
vn -0.7638 -0.0522 0.6433
vn -0.5607 -0.8241 0.0807
vn -0.5829 -0.6933 0.4237
vn -0.4306 -0.7986 0.4205
vn -0.4753 -0.6033 0.6404
vn -0.4467 -0.6364 0.6289
vn -0.5607 -0.8240 0.0807
vn -0.5044 -0.8365 0.2141
vn -0.4572 -0.7369 0.4979
vn -0.3729 -0.7145 0.5921
vn -0.3220 -0.8326 0.4507
vn -0.2713 -0.8167 0.5094
vn 0.0824 0.8242 0.5603
vn 0.1216 0.7999 0.5877
vn 0.1345 0.7678 0.6264
vn 0.1027 0.8438 0.5268
vn 0.0882 0.9041 0.4180
vn 0.1122 0.8041 0.5839
vn 0.1178 0.8265 0.5505
vn 0.0544 0.8447 -0.5324
vn 0.5799 -0.2608 0.7718
vn 0.0746 0.8467 0.5268
vn 0.0533 0.8679 0.4939
vn 0.0854 0.8490 0.5214
vn 0.1423 -0.7082 0.6915
vn 0.1239 -0.6258 0.7701
vn 0.4577 -0.4313 0.7775
vn 0.3794 -0.9251 0.0163
vn 0.1518 0.0756 0.9855
vn -0.0007 -0.3728 0.9279
vn 0.2571 -0.5382 0.8026
vn 0.2571 -0.5382 0.8027
vn 0.5001 -0.5517 0.6675
vn 0.4244 -0.4430 0.7897
vn 0.4328 -0.4312 0.7917
vn 0.5318 0.4083 0.7420
vn 0.5581 0.4084 0.7223
vn 0.5304 0.4350 0.7276
vn 0.5137 -0.4122 0.7525
vn 0.7268 -0.2831 0.6258
vn 0.6985 -0.2966 0.6513
vn 0.7153 -0.3040 0.6292
vn 0.8169 0.0805 0.5712
vn 0.8169 0.0805 0.5711
vn 0.5317 0.2082 0.8210
vn 0.4496 0.0964 0.8880
vn 0.4683 0.3117 0.8268
vn -0.0033 0.8812 0.4728
vn 0.0302 0.8695 0.4931
vn 0.2573 -0.8450 0.4687
vn 0.2461 -0.8742 0.4187
vn 0.2327 -0.8492 0.4741
vn 0.2124 -0.8117 0.5441
vn 0.1990 -0.8097 0.5521
vn 0.0882 0.9042 0.4180
vn -0.4912 0.8367 -0.2423
vn -0.7687 -0.3194 -0.5542
vn 0.1334 -0.7581 0.6383
vn 0.2149 -0.7498 0.6258
vn 0.1850 -0.8393 0.5112
vn 0.1346 -0.8702 0.4739
vn 0.1814 -0.8664 0.4653
vn 0.1426 0.8169 0.5589
vn 0.1607 0.7916 0.5896
vn 0.1385 0.8277 0.5438
vn 0.1533 0.8069 0.5705
vn 0.1416 0.8459 0.5143
vn 0.4496 0.0965 0.8880
vn 0.5692 -0.1884 0.8003
vn 0.7142 -0.2001 0.6707
vn 0.7984 0.2736 0.5364
vn 0.7836 0.2941 0.5472
vn 0.7472 0.2535 0.6143
vn 0.5399 0.1346 0.8309
vn 0.6767 0.0780 0.7321
vn 0.8138 0.0769 0.5761
vn 0.1511 -0.9575 0.2457
vn 0.1396 -0.9491 0.2825
vn 0.1416 -0.9503 0.2772
vn -0.0261 -0.9876 -0.1551
vn -0.7941 -0.5756 -0.1952
vn -0.7467 -0.6433 -0.1689
vn 0.0929 0.8735 0.4780
vn 0.1208 0.8283 0.5472
vn 0.1113 0.8278 0.5499
vn 0.0629 0.8984 0.4346
vn 0.0929 0.8734 0.4780
vn 0.0779 0.8804 0.4678
vn 0.1636 -0.8040 0.5717
vn 0.0159 -0.6464 0.7629
vn 0.0217 -0.6866 0.7267
vn -0.0476 -0.6868 0.7253
vn 0.6274 0.4030 0.6663
vn 0.6478 0.4177 0.6371
vn 0.6175 0.4299 0.6587
vn 0.7014 0.3694 0.6096
vn 0.7239 0.3476 0.5960
vn 0.7364 0.3800 0.5597
vn 0.5876 -0.4381 0.6803
vn 0.5184 -0.4631 0.7189
vn 0.5838 -0.4594 0.6694
vn 0.6482 0.4936 0.5799
vn 0.6783 0.4903 0.5473
vn 0.1120 -0.8649 0.4894
vn 0.1128 -0.8702 0.4797
vn 0.1046 -0.9098 0.4017
vn 0.0885 -0.9375 0.3364
vn 0.8986 0.2677 0.3478
vn 0.2635 -0.6218 0.7375
vn 0.2539 -0.6493 0.7169
vn -0.5683 0.3883 0.7255
vn -0.2613 0.3540 0.8980
vn -0.5927 0.4235 0.6851
vn 0.2657 -0.5809 0.7694
vn 0.3646 -0.5139 0.7765
vn -0.5363 -0.5704 0.6222
vn -0.9005 0.3663 0.2342
vn 0.1795 -0.5310 0.8282
vn -0.0002 0.9858 0.1680
vn -0.1438 0.9027 0.4054
vn -0.1439 0.9027 0.4055
vn -0.1977 0.8782 0.4354
vn -0.2187 0.5658 0.7950
vn -0.1187 0.5671 0.8150
vn -0.2131 0.4820 0.8499
vn -0.0786 0.6122 0.7868
vn -0.1188 0.5671 0.8150
vn -0.0434 0.6416 0.7658
vn -0.1776 0.5230 0.8336
vn -0.1125 0.5802 0.8067
vn 0.3645 -0.5139 0.7765
vn 0.3036 -0.3547 0.8843
vn -0.4355 0.5505 0.7122
vn -0.3049 0.7416 0.5975
vn 0.0023 0.7321 0.6812
vn 0.0035 0.6162 0.7876
vn 0.1018 -0.6455 0.7569
vn 0.1974 -0.6301 0.7511
vn 0.1269 -0.5044 0.8541
vn 0.0964 -0.4165 0.9040
vn 0.0873 -0.5999 0.7953
vn 0.1379 -0.4467 0.8840
vn 0.1186 -0.5831 0.8037
vn 0.0998 -0.6185 0.7794
vn 0.1182 -0.3422 0.9321
vn 0.0796 -0.6928 0.7167
vn 0.0644 -0.5845 0.8088
vn 0.1468 -0.1772 0.9732
vn 0.0347 -0.5488 0.8352
vn 0.0429 -0.5589 0.8281
vn 0.0546 -0.6445 0.7626
vn 0.0982 0.1680 0.9809
vn 0.1096 0.1720 0.9790
vn 0.0340 0.0124 0.9993
vn 0.1747 0.1339 0.9755
vn 0.2000 -0.0390 0.9790
vn 0.1861 -0.0346 0.9819
vn 0.2979 -0.3698 0.8800
vn 0.1504 0.1246 0.9807
vn 0.1097 0.1720 0.9790
vn 0.4187 0.0985 0.9027
vn 0.2790 0.1900 0.9413
vn 0.5601 0.0984 0.8225
vn 0.1321 0.1623 0.9779
vn 0.2466 -0.3150 0.9165
vn 0.2637 -0.1623 0.9508
vn 0.2729 0.4166 0.8671
vn 0.3083 0.2594 0.9153
vn 0.2490 0.0978 0.9636
vn 0.2729 0.4166 0.8672
vn 0.2286 0.6009 0.7659
vn 0.2503 0.5656 0.7857
vn 0.2420 0.1946 0.9506
vn 0.4464 -0.0053 0.8948
vn 0.2666 0.3996 0.8771
vn 0.2213 0.4074 0.8860
vn 0.2649 0.0526 0.9628
vn 0.2317 -0.0050 0.9728
vn 0.3024 -0.0560 0.9515
vn 0.1669 -0.2765 0.9464
vn 0.0173 0.3927 0.9195
vn -0.0531 0.7194 0.6926
vn 0.0028 0.6939 0.7201
vn -0.1476 0.6285 0.7637
vn -0.1475 0.6285 0.7637
vn -0.2186 0.5658 0.7951
vn -0.1799 0.0697 0.9812
vn -0.2112 0.0682 0.9751
vn -0.1868 0.0913 0.9781
vn 0.3968 -0.0871 0.9138
vn 0.0917 0.0686 0.9934
vn -0.1935 0.1437 0.9705
vn -0.2187 0.0974 0.9709
vn -0.0290 0.0707 0.9971
vn 0.0618 0.0277 0.9977
vn -0.1278 0.0743 0.9890
vn 0.1722 0.0891 0.9810
vn 0.1038 -0.1617 0.9814
vn 0.1079 0.0464 0.9931
vn 0.2022 0.0619 0.9774
vn 0.0618 0.0276 0.9977
vn -0.2118 0.0733 0.9746
vn -0.1277 0.0743 0.9890
vn -0.2434 0.2387 0.9401
vn -0.2855 0.0963 0.9535
vn -0.1428 0.0975 0.9849
vn -0.2514 0.0048 0.9679
vn -0.3088 -0.0081 0.9511
vn -0.3089 -0.0080 0.9511
vn -0.3066 0.0200 0.9516
vn -0.2813 -0.2265 0.9325
vn -0.2789 -0.3934 0.8761
vn -0.3436 -0.1615 0.9251
vn 0.2986 -0.3853 0.8732
vn 0.3435 -0.5715 0.7453
vn 0.4165 -0.5745 0.7046
vn 0.3713 -0.5810 0.7243
vn 0.3678 -0.5624 0.7405
vn 0.3916 -0.5686 0.7234
vn -0.3189 0.1151 0.9408
vn -0.3425 0.0407 0.9387
vn -0.2856 0.0963 0.9535
vn -0.4048 0.1404 0.9036
vn -0.1311 0.1101 0.9852
vn -0.3188 0.1151 0.9408
vn -0.2324 0.1557 0.9601
vn -0.2666 0.4074 0.8735
vn -0.5927 0.4234 0.6851
vn 0.0831 -0.6465 0.7584
vn 0.1018 -0.6368 0.7642
vn 0.1049 -0.6488 0.7537
vn 0.1150 -0.6398 0.7599
vn 0.1477 -0.6104 0.7782
vn 0.1329 -0.6542 0.7445
vn 0.2366 0.5328 0.8125
vn 0.2148 0.6069 0.7652
vn 0.2098 0.6283 0.7492
vn 0.3101 0.6218 0.7192
vn 0.3080 0.6337 0.7096
vn 0.2678 0.5806 0.7689
vn 0.3000 0.6253 0.7204
vn 0.3012 0.5958 0.7445
vn 0.3825 0.6253 0.6803
vn 0.4467 0.6090 0.6554
vn 0.5247 -0.0827 0.8473
vn 0.6513 -0.0400 0.7577
vn 0.2452 -0.2822 0.9275
vn 0.2745 -0.2835 0.9188
vn 0.2836 -0.2772 0.9180
vn 0.3006 -0.2617 0.9172
vn 0.2858 -0.2770 0.9174
vn 0.2958 -0.2922 0.9095
vn 0.2853 -0.2843 0.9153
vn 0.2798 -0.2815 0.9178
vn 0.3006 -0.0014 0.9538
vn 0.2852 0.1570 0.9455
vn 0.3072 0.2107 0.9280
vn 0.2495 0.2067 0.9461
vn 0.2341 0.2753 0.9324
vn 0.2454 0.2577 0.9345
vn 0.2296 0.2567 0.9388
vn 0.3249 0.0502 0.9444
vn 0.3323 -0.0910 0.9388
vn 0.2606 -0.1545 0.9530
vn 0.2591 -0.1457 0.9548
vn 0.3043 -0.0404 0.9517
vn 0.2995 -0.0093 0.9541
vn 0.2989 0.0176 0.9541
vn 0.2882 0.1020 0.9521
vn 0.2792 0.1115 0.9537
vn 0.2763 0.1185 0.9537
vn 0.2812 0.1102 0.9533
vn 0.2439 0.1681 0.9551
vn 0.2568 0.2269 0.9395
vn 0.2008 -0.1909 0.9609
vn 0.2245 -0.0599 0.9726
vn 0.2547 -0.1453 0.9560
vn 0.0704 -0.1128 0.9911
vn 0.0768 -0.1097 0.9910
vn -0.0105 0.0299 0.9995
vn -0.0610 0.0378 0.9974
vn -0.2324 0.1558 0.9601
vn -0.0055 0.1249 0.9922
vn 0.0039 0.0651 0.9979
vn 0.2213 -0.2158 0.9510
vn 0.2026 -0.1879 0.9611
vn 0.0295 -0.3521 0.9355
vn 0.1434 -0.1371 0.9801
vn 0.0865 -0.0598 0.9945
vn 0.0918 -0.0745 0.9930
vn 0.1227 -0.1012 0.9873
vn 0.1340 -0.1264 0.9829
vn 0.1112 -0.1733 0.9786
vn 0.1462 -0.1880 0.9712
vn 0.1332 -0.1747 0.9756
vn 0.0326 0.4355 0.8996
vn -0.0128 0.3616 0.9323
vn -0.1607 0.4473 0.8798
vn 0.2288 -0.1799 0.9567
vn 0.2561 -0.2140 0.9427
vn 0.3151 -0.1976 0.9283
vn 0.1135 0.6884 0.7164
vn 0.0352 0.6609 0.7497
vn 0.0622 0.6755 0.7347
vn -0.0358 0.6374 0.7697
vn -0.0574 0.6126 0.7883
vn 0.1315 -0.6173 0.7757
vn 0.1115 -0.6324 0.7665
vn 0.1476 -0.6104 0.7782
vn 0.1666 -0.6236 0.7638
vn 0.1886 -0.6312 0.7523
vn 0.1848 0.6578 0.7301
vn 0.1899 0.6631 0.7241
vn 0.1514 0.6780 0.7193
vn 0.1673 0.6632 0.7295
vn 0.1126 0.6835 0.7212
vn 0.2099 0.6283 0.7491
vn 0.1785 0.6539 0.7352
vn 0.1872 0.6621 0.7256
vn 0.3402 -0.4965 0.7986
vn 0.2499 -0.4957 0.8318
vn 0.4259 -0.4792 0.7674
vn 0.3877 -0.5278 0.7557
vn 0.2239 0.3898 0.8933
vn 0.2020 0.4120 0.8885
vn 0.2126 0.4189 0.8828
vn 0.1903 0.4309 0.8821
vn 0.1915 0.4336 0.8805
vn 0.1971 0.4246 0.8837
vn 0.1988 -0.3856 0.9010
vn 0.2427 -0.3807 0.8923
vn 0.1990 -0.4160 0.8873
vn 0.2010 0.4202 0.8849
vn 0.1903 0.4308 0.8821
vn 0.1989 0.4273 0.8820
vn 0.1862 0.4396 0.8787
vn 0.1863 0.4396 0.8787
vn 0.1825 0.4618 0.8680
vn 0.2209 -0.3584 0.9071
vn 0.2290 -0.3558 0.9061
vn 0.2268 -0.3536 0.9075
vn 0.1693 -0.3117 0.9350
vn 0.1642 -0.3280 0.9303
vn 0.1242 -0.2871 0.9498
vn 0.1340 -0.2821 0.9500
vn 0.2095 -0.1548 0.9655
vn 0.2338 -0.1390 0.9623
vn 0.2248 -0.0231 0.9741
vn 0.2517 0.1427 0.9572
vn 0.2441 0.1700 0.9547
vn 0.2660 0.1737 0.9482
vn 0.2430 0.1355 0.9605
vn 0.2485 0.1267 0.9603
vn 0.3122 0.0017 0.9500
vn 0.3151 0.0317 0.9485
vn 0.2730 0.0928 0.9575
vn 0.2988 0.0757 0.9513
vn 0.2800 0.1163 0.9529
vn 0.2630 0.1417 0.9543
vn 0.2928 0.1002 0.9509
vn 0.2834 0.1609 0.9454
vn -0.2218 -0.2089 0.9525
vn -0.1961 0.0246 0.9803
vn -0.1931 0.0479 0.9800
vn -0.0612 -0.1715 0.9833
vn -0.0563 -0.1335 0.9894
vn 0.0089 -0.0824 0.9966
vn -0.0504 -0.0702 0.9963
vn 0.1419 0.2221 0.9646
vn 0.1058 0.2099 0.9720
vn 0.0786 0.2198 0.9724
vn 0.0737 0.2548 0.9642
vn 0.0367 0.3289 0.9436
vn -0.0043 0.3331 0.9429
vn -0.0301 0.2877 0.9573
vn -0.0645 0.2414 0.9683
vn -0.0508 0.1716 0.9839
vn -0.0908 0.1966 0.9763
vn 0.2522 -0.4397 0.8620
vn 0.2307 -0.3246 0.9173
vn 0.1623 -0.3990 0.9025
vn 0.1290 0.2023 0.9708
vn 0.1408 0.1967 0.9703
vn 0.1185 0.2182 0.9687
vn 0.1290 0.2022 0.9708
vn 0.1312 0.2105 0.9687
vn 0.1369 0.2388 0.9614
vn -0.0129 0.3616 0.9323
vn 0.1336 0.3267 0.9356
vn 0.0840 0.2605 0.9618
vn 0.1472 0.2897 0.9457
vn 0.2956 -0.2851 0.9118
vn 0.2694 -0.3062 0.9131
vn 0.3403 -0.2961 0.8925
vn -0.0448 -0.5559 0.8300
vn 0.0371 -0.5977 0.8008
vn 0.0902 -0.5549 0.8270
vn 0.0794 -0.6115 0.7872
vn 0.1881 0.6500 0.7363
vn 0.1826 0.6514 0.7365
vn 0.3335 -0.6054 0.7227
vn 0.3012 -0.5930 0.7468
vn 0.2435 -0.5641 0.7890
vn 0.2497 -0.5242 0.8142
vn 0.1597 -0.4087 0.8986
vn 0.1528 -0.4077 0.9002
vn 0.1887 -0.4553 0.8701
vn 0.2498 -0.4957 0.8318
vn 0.1990 -0.4161 0.8873
vn 0.1861 -0.3750 0.9082
vn 0.2175 0.3658 0.9049
vn 0.1503 -0.3086 0.9393
vn 0.1759 -0.2545 0.9509
vn 0.2719 0.2311 0.9342
vn 0.2563 0.2279 0.9394
vn 0.2648 -0.3068 0.9142
vn 0.2691 -0.2831 0.9206
vn 0.2552 -0.2858 0.9237
vn 0.2828 -0.3324 0.8998
vn 0.2873 -0.2980 0.9103
vn 0.2764 -0.2942 0.9149
vn 0.3484 -0.1358 0.9275
vn 0.3445 -0.1240 0.9306
vn 0.3432 -0.0895 0.9350
vn 0.3466 -0.0708 0.9353
vn 0.3310 -0.0749 0.9406
vn -0.3214 -0.1574 0.9338
vn -0.3542 -0.2007 0.9134
vn -0.2178 0.0273 0.9756
vn -0.2098 0.0573 0.9761
vn -0.2545 0.0357 0.9664
vn -0.1642 -0.0879 0.9825
vn -0.2621 -0.0995 0.9599
vn -0.4087 -0.2327 0.8825
vn -0.4377 -0.2908 0.8508
vn -0.3542 -0.2008 0.9134
vn -0.1430 0.0618 0.9878
vn -0.3053 0.1181 0.9449
vn -0.2458 0.1846 0.9516
vn -0.3310 0.0910 0.9392
vn -0.1867 0.0750 0.9795
vn -0.1641 -0.0879 0.9825
vn -0.3234 -0.3105 0.8939
vn -0.3512 -0.2860 0.8916
vn -0.3867 -0.3412 0.8567
vn -0.3436 0.0199 0.9389
vn -0.5267 0.1710 0.8327
vn -0.3143 0.0908 0.9450
vn -0.1313 0.2630 0.9558
vn -0.0919 0.3140 0.9450
vn -0.1743 0.3446 0.9225
vn -0.1743 0.3445 0.9225
vn -0.0839 -0.4041 0.9108
vn -0.1086 -0.4910 0.8644
vn -0.0333 -0.3853 0.9222
vn 0.0034 -0.5830 0.8125
vn 0.0113 -0.5128 0.8584
vn 0.1267 -0.5085 0.8517
vn 0.0800 -0.4424 0.8933
vn 0.1472 0.2896 0.9457
vn 0.1657 0.3490 0.9223
vn 0.1657 0.3490 0.9224
vn 0.1374 0.3438 0.9289
vn 0.0625 -0.5119 0.8567
vn 0.2901 -0.3013 0.9083
vn 0.2884 -0.2775 0.9164
vn 0.2872 -0.3156 0.9044
vn 0.1845 -0.4541 0.8716
vn 0.1399 -0.5407 0.8295
vn 0.1762 -0.5710 0.8018
vn 0.2107 -0.5981 0.7732
vn 0.2222 -0.6273 0.7464
vn -0.5211 -0.8529 0.0322
vn 0.2031 0.4528 0.8682
vn 0.1852 0.4447 0.8763
vn 0.1843 0.4788 0.8584
vn 0.2032 0.4528 0.8682
vn 0.2264 0.4900 0.8418
vn 0.1591 -0.3877 0.9079
vn 0.1554 -0.3848 0.9098
vn 0.1685 -0.3851 0.9074
vn 0.1884 -0.4286 0.8836
vn 0.1983 -0.4402 0.8757
vn 0.2027 -0.3999 0.8939
vn 0.2034 0.4141 0.8872
vn 0.2070 0.4341 0.8768
vn 0.3461 0.1660 0.9234
vn 0.3577 0.1292 0.9248
vn 0.3908 0.1322 0.9109
vn 0.3673 0.2073 0.9067
vn 0.3521 0.2087 0.9124
vn 0.4311 0.0561 0.9006
vn 0.4249 0.0128 0.9051
vn -0.3855 0.0951 0.9178
vn -0.4299 0.0195 0.9026
vn -0.5246 0.1018 0.8452
vn -0.1492 0.1708 0.9740
vn -0.1406 0.2061 0.9684
vn -0.1994 0.2708 0.9418
vn -0.1983 0.2461 0.9487
vn -0.2392 0.3260 0.9146
vn -0.5140 -0.3341 0.7901
vn -0.5760 -0.3372 0.7447
vn -0.5318 -0.3498 0.7713
vn -0.5047 -0.3552 0.7869
vn -0.4535 -0.3269 0.8292
vn -0.4635 -0.3205 0.8261
vn -0.0502 0.4124 0.9096
vn -0.0076 0.4091 0.9124
vn -0.0433 0.4503 0.8918
vn -0.1416 0.5297 0.8363
vn -0.0978 0.5315 0.8414
vn -0.1478 0.5611 0.8144
vn -0.0974 0.4775 0.8732
vn 0.0219 0.4546 0.8904
vn -0.0202 0.4663 0.8844
vn 0.0226 0.4074 0.9130
vn 0.0951 0.4434 0.8912
vn 0.0096 0.4924 0.8703
vn 0.0125 0.5147 0.8573
vn -0.0265 0.5308 0.8471
vn -0.0855 0.5470 0.8327
vn 0.3194 -0.5727 0.7550
vn 0.1538 -0.6924 0.7049
vn 0.3218 -0.4743 0.8195
vn 0.3137 -0.4088 0.8571
vn 0.1008 0.5554 0.8255
vn 0.2269 0.5209 0.8229
vn 0.2666 0.4361 0.8595
vn 0.2123 0.4595 0.8625
vn 0.2271 0.4774 0.8488
vn 0.2255 0.4843 0.8453
vn 0.2211 0.5124 0.8298
vn 0.2194 0.4929 0.8419
vn 0.2063 0.4788 0.8533
vn 0.3002 -0.4252 0.8539
vn 0.2789 -0.3871 0.8788
vn 0.2633 -0.4012 0.8773
vn 0.2668 -0.3556 0.8958
vn 0.2351 -0.3776 0.8956
vn 0.2385 -0.3469 0.9071
vn 0.2011 0.4714 0.8587
vn 0.1948 0.4918 0.8486
vn 0.1969 0.5225 0.8296
vn 0.1988 0.5321 0.8230
vn 0.1881 0.5079 0.8407
vn 0.1729 0.6143 0.7699
vn 0.1816 0.6244 0.7597
vn 0.1788 0.5785 0.7958
vn 0.1746 0.5522 0.8152
vn 0.1738 0.5725 0.8013
vn 0.1780 -0.3795 0.9079
vn 0.1613 -0.4045 0.9002
vn 0.1426 -0.3788 0.9144
vn 0.1575 -0.3960 0.9046
vn 0.1444 -0.3734 0.9164
vn 0.1528 -0.3772 0.9135
vn 0.2196 0.3746 0.9008
vn 0.2277 0.4505 0.8633
vn 0.2149 0.4360 0.8739
vn 0.2348 0.4746 0.8483
vn 0.2186 0.4710 0.8546
vn 0.2025 0.4887 0.8486
vn 0.2062 0.5206 0.8285
vn 0.1940 0.5083 0.8390
vn 0.2009 0.4882 0.8493
vn 0.1955 0.4969 0.8455
vn 0.1785 -0.4078 0.8955
vn 0.2060 -0.4626 0.8623
vn 0.2434 -0.4282 0.8703
vn 0.2303 -0.4934 0.8387
vn 0.2069 -0.5079 0.8362
vn 0.2955 -0.4462 0.8447
vn 0.2895 -0.4395 0.8503
vn 0.2946 -0.4212 0.8578
vn 0.2888 -0.3927 0.8732
vn 0.2887 -0.3927 0.8732
vn 0.2773 -0.3449 0.8967
vn 0.2721 -0.3839 0.8824
vn 0.3350 0.3298 0.8826
vn 0.3554 0.2640 0.8967
vn 0.3559 0.3213 0.8776
vn 0.3555 0.2639 0.8967
vn 0.3785 0.2173 0.8997
vn 0.3755 0.2751 0.8850
vn 0.3200 -0.4129 0.8527
vn 0.3446 -0.3767 0.8599
vn 0.3320 -0.3690 0.8681
vn 0.3469 -0.3416 0.8735
vn 0.4747 -0.2021 0.8566
vn 0.4714 -0.1796 0.8634
vn 0.4623 -0.1768 0.8689
vn 0.4457 -0.1721 0.8785
vn 0.4601 -0.1668 0.8721
vn 0.4477 -0.1926 0.8732
vn 0.4256 -0.1986 0.8828
vn 0.4782 -0.1393 0.8672
vn 0.4944 -0.1018 0.8632
vn 0.4770 -0.1294 0.8693
vn 0.4944 -0.1017 0.8632
vn 0.5112 -0.0323 0.8588
vn -0.3662 -0.0302 0.9300
vn -0.1479 -0.0817 0.9856
vn -0.3124 0.1269 0.9414
vn -0.5105 0.1275 0.8504
vn -0.4231 0.2464 0.8719
vn -0.7150 0.0895 0.6933
vn -0.1624 0.0391 0.9860
vn -0.4231 0.2465 0.8719
vn -0.4956 0.2490 0.8321
vn -0.5575 0.2576 0.7892
vn -0.6469 0.0197 0.7623
vn -0.7409 0.1086 0.6628
vn -0.6486 0.1457 0.7471
vn -0.3599 -0.5523 0.7520
vn -0.2916 -0.8347 0.4671
vn -0.2983 -0.8051 0.5127
vn -0.3695 -0.8398 0.3977
vn -0.3694 -0.8397 0.3981
vn 0.1541 -0.4777 0.8649
vn 0.2123 0.4632 0.8605
vn 0.2828 -0.4519 0.8460
vn 0.2755 -0.4951 0.8240
vn 0.2690 -0.4678 0.8419
vn 0.0811 0.9584 0.2738
vn 0.1497 0.6464 0.7482
vn 0.1588 0.5806 0.7985
vn 0.1820 -0.5814 0.7930
vn 0.1757 -0.5357 0.8259
vn 0.1688 -0.5337 0.8286
vn 0.1705 -0.4910 0.8543
vn 0.2238 0.5451 0.8079
vn 0.2128 0.5751 0.7899
vn 0.2185 0.5380 0.8142
vn 0.3337 0.4566 0.8247
vn 0.3619 0.4660 0.8074
vn 0.3983 0.4743 0.7851
vn 0.4716 0.2965 0.8305
vn 0.4799 0.3090 0.8211
vn 0.4799 0.3089 0.8211
vn 0.4566 0.3462 0.8195
vn 0.3980 0.3891 0.8308
vn 0.4114 0.3710 0.8325
vn 0.4171 0.3759 0.8275
vn 0.5342 0.2640 0.8030
vn 0.5078 0.2841 0.8133
vn 0.5191 0.2472 0.8182
vn 0.5128 0.1689 0.8417
vn 0.4818 0.1922 0.8550
vn 0.4442 0.2276 0.8666
vn 0.5175 0.1058 0.8491
vn 0.5126 0.1149 0.8509
vn 0.5193 0.1130 0.8471
vn 0.5454 0.0903 0.8333
vn 0.5203 0.1258 0.8447
vn -0.5245 -0.3873 0.7582
vn -0.5474 -0.3828 0.7441
vn -0.5626 -0.4033 0.7216
vn -0.3388 0.4788 0.8100
vn -0.3656 0.5086 0.7796
vn -0.3498 0.4881 0.7996
vn -0.5049 -0.6765 0.5362
vn -0.5382 -0.7926 0.2866
vn -0.5719 -0.7012 0.4258
vn -0.4830 -0.5595 0.6736
vn -0.5368 -0.6286 0.5627
vn -0.4396 -0.5625 0.7002
vn -0.3984 -0.5819 0.7090
vn -0.4808 -0.6749 0.5597
vn -0.3388 0.4787 0.8100
vn -0.3090 0.4364 0.8450
vn -0.3317 0.4701 0.8179
vn -0.2328 0.6167 0.7520
vn -0.2661 0.6312 0.7286
vn -0.2991 0.6233 0.7226
vn -0.3387 0.6227 0.7053
vn -0.3044 0.5657 0.7664
vn -0.4352 -0.6790 0.5912
vn -0.3768 -0.6166 0.6913
vn -0.3550 -0.6520 0.6699
vn -0.3305 -0.6708 0.6639
vn -0.3596 -0.8086 0.4656
vn -0.2777 -0.7286 0.6261
vn -0.3803 -0.8127 0.4415
vn -0.2160 -0.6759 0.7046
vn -0.0715 -0.5923 0.8026
vn 0.0664 0.6330 0.7713
vn 0.1026 0.5806 0.8077
vn 0.0201 0.7151 0.6987
vn 0.1585 0.5272 0.8348
vn 0.1411 0.5842 0.7992
vn 0.0978 0.6669 0.7387
vn 0.1116 0.6166 0.7793
vn 0.0238 -0.8800 0.4744
vn -0.0125 -0.8429 0.5379
vn -0.0549 -0.8885 0.4556
vn 0.1607 0.5758 0.8016
vn 0.1497 0.5719 0.8066
vn 0.1479 0.7225 0.6754
vn 0.1329 0.7604 0.6358
vn 0.1507 0.7215 0.6758
vn 0.1825 0.6651 0.7241
vn 0.1647 0.6920 0.7029
vn 0.1988 0.5581 0.8056
vn 0.1976 0.5765 0.7929
vn 0.1995 0.5399 0.8178
vn 0.2004 0.5404 0.8172
vn 0.1944 0.5840 0.7881
vn 0.1988 0.5392 0.8184
vn 0.2667 -0.6265 0.7323
vn 0.2750 -0.5849 0.7631
vn 0.2295 -0.5241 0.8201
vn 0.2405 -0.5151 0.8227
vn 0.2457 -0.5271 0.8135
vn 0.2273 -0.5108 0.8291
vn 0.2499 -0.5189 0.8175
vn 0.1537 0.6151 0.7733
vn 0.1617 0.5872 0.7931
vn 0.1639 -0.5854 0.7940
vn 0.1402 -0.5325 0.8347
vn 0.1345 -0.5303 0.8371
vn 0.1476 -0.5955 0.7897
vn 0.1402 -0.5326 0.8347
vn 0.1470 -0.5556 0.8184
vn 0.1237 -0.5115 0.8503
vn 0.1360 -0.5650 0.8138
vn 0.1588 -0.5684 0.8073
vn 0.1440 -0.5377 0.8308
vn 0.1716 -0.5765 0.7989
vn 0.1569 -0.5389 0.8277
vn 0.1913 -0.6285 0.7539
vn 0.1918 -0.6071 0.7711
vn 0.1880 -0.5842 0.7895
vn 0.1819 -0.5814 0.7930
vn 0.2080 -0.5796 0.7879
vn 0.2058 -0.5395 0.8164
vn 0.1900 -0.5656 0.8025
vn 0.1869 -0.5446 0.8176
vn 0.2181 -0.5468 0.8083
vn 0.1796 -0.5788 0.7954
vn 0.2111 -0.6556 0.7250
vn 0.1796 -0.5788 0.7955
vn 0.1803 -0.6191 0.7643
vn 0.2191 -0.5645 0.7958
vn 0.1114 -0.6571 0.7455
vn 0.2199 -0.5682 0.7930
vn 0.2740 -0.4491 0.8504
vn 0.2827 -0.4393 0.8527
vn 0.5045 -0.3010 0.8092
vn 0.4023 -0.3412 0.8496
vn 0.4196 -0.3321 0.8447
vn 0.4292 -0.3080 0.8491
vn 0.4047 -0.3119 0.8596
vn 0.4286 -0.2687 0.8626
vn 0.3976 -0.2682 0.8775
vn -0.7848 -0.0557 0.6172
vn -0.8222 0.1407 0.5516
vn -0.6231 -0.3141 0.7163
vn -0.5382 -0.7925 0.2867
vn -0.2615 0.6468 0.7164
vn -0.2200 0.6504 0.7270
vn -0.1925 0.6089 0.7696
vn -0.3212 0.7271 0.6068
vn -0.4222 0.8404 0.3398
vn -0.0831 0.7621 0.6420
vn 0.1721 -0.7936 0.5836
vn 0.2576 -0.6653 0.7008
vn 0.2342 -0.7087 0.6655
vn 0.2181 -0.7121 0.6673
vn 0.2423 -0.6591 0.7119
vn 0.2059 -0.7835 0.5863
vn 0.2108 -0.7472 0.6302
vn 0.1961 -0.7682 0.6094
vn 0.2016 -0.5670 0.7986
vn 0.1063 -0.6918 0.7142
vn 0.1491 -0.6260 0.7654
vn 0.1470 -0.5556 0.8183
vn 0.1516 -0.4951 0.8555
vn 0.2029 0.6172 0.7602
vn 0.2044 0.6145 0.7620
vn 0.2210 0.5884 0.7778
vn 0.2194 0.6329 0.7425
vn 0.2114 0.6124 0.7618
vn 0.2761 -0.5495 0.7886
vn 0.2955 -0.5352 0.7914
vn 0.2939 -0.6119 0.7343
vn 0.3901 0.5354 0.7491
vn 0.3916 0.4887 0.7796
vn 0.4226 0.5007 0.7555
vn 0.4532 0.3742 0.8090
vn 0.4806 0.3793 0.7907
vn 0.4560 0.3958 0.7971
vn 0.3950 0.4118 0.8212
vn 0.4264 0.3858 0.8181
vn 0.5191 0.3491 0.7802
vn 0.4784 0.4082 0.7775
vn 0.4602 0.4359 0.7734
vn 0.4060 -0.4055 0.8190
vn 0.4376 -0.3788 0.8155
vn 0.4247 -0.3812 0.8212
vn 0.4376 -0.3787 0.8155
vn 0.4674 -0.3503 0.8117
vn 0.5607 0.3803 0.7355
vn 0.5409 0.3757 0.7525
vn 0.4864 0.3527 0.7993
vn 0.5384 0.2059 0.8172
vn 0.5518 0.2522 0.7950
vn 0.5355 0.2369 0.8106
vn 0.5517 0.2522 0.7950
vn 0.5537 0.2797 0.7843
vn 0.4977 0.3126 0.8091
vn 0.5328 0.2900 0.7950
vn 0.5691 -0.2660 0.7781
vn 0.5954 -0.2644 0.7587
vn 0.5767 -0.2541 0.7764
vn 0.5767 -0.2542 0.7764
vn 0.6133 -0.2524 0.7485
vn 0.5843 -0.2431 0.7743
vn 0.5433 -0.2609 0.7980
vn 0.5587 0.2168 0.8005
vn 0.5518 0.2523 0.7949
vn -0.5434 0.3189 0.7765
vn -0.6811 0.1780 0.7102
vn -0.8222 0.1406 0.5516
vn -0.8102 0.2682 0.5213
vn -0.5942 0.2527 0.7636
vn -0.6855 0.2611 0.6796
vn -0.7515 0.2492 0.6109
vn -0.4741 0.5356 0.6989
vn -0.5485 0.4412 0.7103
vn -0.4602 0.4980 0.7350
vn -0.8129 -0.0752 0.5775
vn -0.7733 -0.0063 0.6340
vn -0.6441 -0.5018 0.5774
vn -0.5981 -0.4663 0.6517
vn -0.5158 -0.4045 0.7552
vn -0.3884 0.7153 0.5809
vn -0.3674 0.6125 0.6999
vn -0.5382 -0.7925 0.2866
vn -0.5966 -0.8020 0.0294
vn -0.5719 -0.7011 0.4259
vn -0.2661 0.6312 0.7285
vn -0.1351 0.7201 0.6806
vn 0.0725 0.7308 0.6787
vn 0.0778 0.7114 0.6984
vn -0.0436 0.8012 0.5969
vn -0.1303 0.8853 0.4464
vn -0.1356 0.8852 0.4450
vn 0.0764 -0.8203 0.5669
vn 0.0909 -0.8640 0.4953
vn 0.1677 0.6911 0.7030
vn 0.1692 0.6854 0.7082
vn 0.1990 -0.8096 0.5522
vn 0.1941 -0.7646 0.6145
vn 0.2005 -0.7661 0.6107
vn 0.2309 -0.5775 0.7831
vn 0.2108 -0.6219 0.7542
vn 0.1966 -0.5995 0.7758
vn 0.1639 -0.6480 0.7438
vn 0.1628 -0.6724 0.7221
vn 0.1698 -0.6479 0.7425
vn 0.1590 -0.7800 0.6053
vn 0.1706 -0.7152 0.6778
vn 0.1843 -0.6879 0.7020
vn 0.2338 -0.6781 0.6967
vn 0.2555 -0.6268 0.7361
vn 0.2054 -0.6546 0.7275
vn 0.4003 -0.4324 0.8079
vn 0.4260 -0.4121 0.8054
vn 0.3849 -0.4241 0.8198
vn 0.5045 -0.3010 0.8093
vn -0.8909 0.1082 0.4412
vn -0.8943 0.1682 0.4148
vn -0.8170 0.0923 0.5691
vn -0.8323 0.0687 0.5501
vn -0.8459 0.0411 0.5318
vn -0.8163 0.1403 0.5603
vn -0.4740 0.5356 0.6989
vn -0.5069 0.6337 0.5844
vn -0.4477 0.5804 0.6803
vn -0.5134 0.7173 0.4712
vn -0.4150 0.5301 0.7395
vn -0.4840 0.7039 0.5199
vn -0.4608 0.8703 0.1737
vn -0.3809 0.7515 0.5387
vn -0.4276 0.8236 0.3726
vn 0.0180 0.8196 0.5727
vn -0.1034 0.8839 0.4561
vn -0.0654 0.7883 0.6118
vn -0.0436 0.8012 0.5968
vn -0.1299 0.8738 0.4686
vn -0.2904 0.9382 0.1885
vn -0.2959 0.9473 0.1225
vn -0.0435 -0.9007 0.4322
vn -0.0081 -0.8977 0.4406
vn -0.0063 -0.9020 0.4316
vn 0.1420 0.7485 0.6477
vn 0.1329 0.7603 0.6358
vn 0.0198 -0.8936 0.4485
vn 0.0472 -0.8787 0.4749
vn 0.0773 -0.8488 0.5230
vn 0.2306 -0.8089 0.5408
vn 0.2416 -0.7523 0.6130
vn 0.2436 -0.6120 0.7524
vn 0.1671 -0.7248 0.6684
vn 0.1594 0.7451 0.6477
vn 0.1456 0.7813 0.6069
vn 0.1467 0.7969 0.5860
vn 0.1614 0.7502 0.6412
vn 0.1507 0.7505 0.6435
vn 0.1583 0.7088 0.6874
vn 0.1590 -0.7800 0.6052
vn 0.1707 -0.7905 0.5881
vn 0.1850 -0.6796 0.7098
vn 0.3408 -0.5219 0.7819
vn 0.1731 0.7819 0.5988
vn 0.1766 0.7757 0.6059
vn 0.2263 0.6375 0.7365
vn 0.2331 0.6696 0.7052
vn 0.2104 -0.6606 0.7207
vn 0.4579 0.4629 0.7590
vn 0.4701 0.4532 0.7574
vn 0.4519 0.4838 0.7494
vn 0.6019 0.3844 0.7000
vn 0.6274 0.4029 0.6663
vn 0.5950 0.4117 0.6903
vn 0.6691 0.2880 0.6851
vn 0.6787 0.3302 0.6560
vn 0.6458 0.3056 0.6997
vn 0.6919 -0.0616 0.7193
vn 0.7126 -0.1311 0.6892
vn 0.6789 -0.0605 0.7317
vn 0.6941 0.0541 0.7179
vn 0.6441 -0.1747 0.7447
vn 0.6737 0.0051 0.7390
vn 0.7184 0.1784 0.6724
vn 0.6991 0.2611 0.6656
vn 0.6992 0.2612 0.6656
vn 0.7417 0.2794 0.6098
vn 0.7083 0.3064 0.6359
vn -0.6318 0.2501 0.7336
vn -0.5634 0.3834 0.7318
vn -0.5046 0.8377 0.2090
vn -0.3751 0.9265 0.0297
vn -0.4044 0.9130 -0.0540
vn -0.2905 0.9382 0.1884
vn -0.0424 0.8806 0.4720
vn 0.1252 0.7752 0.6192
vn 0.1281 0.8358 0.5340
vn 0.1217 0.8236 0.5540
vn 0.1226 0.8457 0.5194
vn 0.1972 -0.7882 0.5830
vn 0.1501 0.8685 0.4724
vn 0.1304 0.8922 0.4324
vn 0.1308 0.8215 0.5550
vn 0.1010 0.8940 0.4365
vn 0.1270 0.8873 0.4433
vn 0.1373 0.8457 0.5157
vn 0.1098 0.8756 0.4703
vn 0.1084 0.9053 0.4107
vn 0.1599 -0.8678 0.4705
vn 0.1496 -0.9347 0.3225
vn 0.0844 0.8293 0.5524
vn 0.0972 0.7980 0.5948
vn 0.1256 -0.8678 0.4807
vn 0.1376 -0.8333 0.5355
vn 0.1521 -0.7810 0.6057
vn 0.1924 -0.7191 0.6677
vn 0.1907 -0.7068 0.6812
vn 0.1777 -0.7603 0.6248
vn 0.1776 -0.7824 0.5969
vn 0.1520 -0.8232 0.5470
vn 0.1771 -0.7951 0.5801
vn 0.1501 -0.7566 0.6364
vn 0.1535 -0.7959 0.5857
vn 0.2426 0.6455 0.7243
vn 0.2634 0.6251 0.7348
vn 0.2144 0.6656 0.7148
vn 0.2120 0.6750 0.7067
vn 0.3841 0.5472 0.7437
vn 0.3804 0.5494 0.7439
vn 0.3856 0.5550 0.7371
vn 0.3711 0.5595 0.7411
vn 0.4674 -0.4253 0.7751
vn 0.5140 -0.4400 0.7363
vn 0.5364 -0.3519 0.7671
vn 0.5667 -0.3700 0.7362
vn 0.5172 -0.4012 0.7560
vn 0.6244 -0.3761 0.6847
vn 0.6217 -0.3603 0.6955
vn 0.5582 0.4084 0.7223
vn 0.5791 0.3967 0.7122
vn 0.5654 0.4250 0.7069
vn 0.6358 -0.2878 0.7162
vn 0.6304 -0.3077 0.7127
vn -0.8490 -0.5284 -0.0059
vn -0.7346 -0.6119 0.2932
vn -0.7110 -0.6967 0.0954
vn -0.4490 0.8816 -0.1458
vn -0.4368 0.8994 0.0176
vn -0.3379 -0.7607 0.5542
vn -0.3119 -0.7357 0.6012
vn -0.3023 -0.7504 0.5879
vn -0.3302 -0.7188 0.6118
vn -0.3464 -0.7536 0.5587
vn -0.2324 -0.8350 0.4988
vn -0.1884 -0.8633 0.4682
vn -0.1034 0.8839 0.4560
vn 0.1326 0.7955 0.5912
vn 0.1507 -0.8600 0.4875
vn 0.2094 -0.8810 0.4243
vn 0.2182 -0.9071 0.3599
vn 0.1582 -0.9136 0.3747
vn 0.2095 -0.8810 0.4243
vn 0.2111 -0.7837 0.5842
vn 0.0790 -0.9729 0.2173
vn 0.1115 -0.9590 0.2606
vn 0.0948 -0.9553 0.2801
vn 0.0947 -0.9553 0.2801
vn 0.1406 -0.8602 0.4901
vn 0.1410 -0.9072 0.3964
vn 0.1363 -0.9385 0.3174
vn 0.1235 0.8462 0.5183
vn 0.0845 0.8784 0.4705
vn 0.1024 0.8607 0.4987
vn 0.1299 0.8097 0.5723
vn 0.1351 0.8388 0.5275
vn 0.1598 0.7867 0.5964
vn 0.1703 0.7714 0.6131
vn 0.1816 0.7576 0.6270
vn 0.1816 0.7575 0.6270
vn 0.1986 0.7349 0.6484
vn 0.1783 0.7653 0.6185
vn 0.1352 -0.7600 0.6358
vn 0.1636 -0.7284 0.6653
vn 0.1732 -0.7296 0.6616
vn 0.1690 -0.6399 0.7496
vn 0.2660 -0.6497 0.7121
vn 0.1772 0.6914 0.7005
vn 0.3421 0.6012 0.7221
vn 0.3705 0.5769 0.7280
vn 0.3505 0.5996 0.7194
vn 0.1536 -0.5276 0.8355
vn 0.1356 -0.5310 0.8365
vn 0.6641 -0.3526 0.6593
vn 0.6378 0.3391 0.6915
vn 0.6336 0.3784 0.6748
vn 0.6071 0.3426 0.7170
vn 0.6132 0.3093 0.7268
vn 0.7930 -0.5206 0.3164
vn 0.0703 0.9439 0.3228
vn 0.1536 -0.9391 0.3075
vn 0.1734 -0.8353 0.5218
vn 0.2119 -0.8331 0.5110
vn 0.1814 -0.8663 0.4653
vn 0.1244 -0.8587 0.4971
vn 0.0813 -0.9105 0.4054
vn 0.0433 -0.7338 0.6780
vn 0.0972 -0.7619 0.6404
vn 0.5232 -0.4921 0.6958
vn 0.4897 -0.4827 0.7261
vn 0.6903 -0.3464 0.6352
vn 0.6730 -0.3867 0.6305
vn 0.6262 -0.3893 0.6755
vn 0.6659 0.4294 0.6101
vn 0.6690 0.4397 0.5993
vn 0.6416 0.4377 0.6300
vn 0.6871 0.4510 0.5696
vn 0.7280 0.4124 0.5477
vn 0.7087 0.4559 0.5384
vn 0.7861 -0.3184 0.5299
vn 0.8057 -0.3119 0.5035
vn 0.7755 -0.3063 0.5520
vn 0.6576 -0.3422 0.6711
vn 0.8677 -0.1274 0.4805
vn 0.8346 -0.1643 0.5258
vn 0.8638 -0.1521 0.4803
vn 0.1584 -0.9494 0.2713
vn 0.1731 0.7819 0.5989
vn 0.1230 0.8553 0.5032
vn 0.0846 0.8542 0.5129
vn 0.5762 0.5137 0.6357
vn 0.5557 0.5383 0.6336
vn 0.5838 -0.4594 0.6695
vn 0.5492 -0.4809 0.6835
vn 0.6280 -0.4657 0.6235
vn 0.6412 -0.4684 0.6079
vn 0.5820 -0.4878 0.6507
vn 0.6078 0.4499 0.6544
vn 0.6207 0.4622 0.6334
vn 0.5952 0.4770 0.6468
vn 0.6415 0.4377 0.6300
vn 0.6544 0.4555 0.6036
vn 0.5936 0.4919 0.6369
vn 0.6289 0.4813 0.6106
vn 0.6227 0.4936 0.6071
vn 0.9188 0.0677 0.3888
vn 0.9091 0.0969 0.4051
vn 0.0719 -0.9363 0.3437
vn -0.1171 -0.7817 0.6126
vn -0.1260 -0.7558 0.6426
vn -0.0618 -0.8015 0.5948
vn 0.5232 -0.4922 0.6958
vn 0.5495 -0.4968 0.6718
vn 0.5820 -0.4878 0.6506
vn 0.5917 0.5561 0.5837
vn 0.5720 0.5690 0.5908
vn 0.6551 0.5041 0.5628
vn 0.6227 0.4936 0.6070
vn 0.5761 0.5137 0.6358
vn 0.6482 0.4936 0.5798
vn 0.6679 0.4761 0.5721
vn 0.6543 0.4555 0.6036
vn 0.8691 0.1998 0.4526
vn 0.8908 0.1973 0.4093
vn 0.9186 0.0191 0.3948
vn 0.4304 0.6077 0.6675
vn 0.5069 0.5757 0.6415
vn 0.5029 0.5967 0.6253
vn 0.4473 0.5740 0.6859
vn 0.4610 0.5919 0.6612
vn 0.4148 0.5942 0.6891
vn 0.4304 0.6077 0.6674
vn 0.3959 0.6297 0.6684
vn 0.3586 0.6176 0.7000
vn 0.3880 0.6100 0.6909
vn 0.3478 0.6317 0.6928
vn 0.8836 -0.2456 0.3988
vn 0.9259 -0.0548 0.3738
vn 0.9283 -0.0348 0.3701
vn 0.9212 0.0006 0.3891
vn 0.2546 -0.2645 0.9302
vn 0.2712 -0.2482 0.9300
vn 0.2766 -0.2660 0.9234
vn 0.2970 -0.0083 0.9548
vn 0.3088 0.0831 0.9475
vn 0.3289 -0.0768 0.9412
vn 0.2631 0.1219 0.9570
vn 0.2700 0.1176 0.9556
vn 0.2670 0.1176 0.9565
vn 0.2701 0.1175 0.9556
vn 0.2729 0.1116 0.9555
vn 0.2641 0.1032 0.9590
vn 0.2633 0.0738 0.9619
vn 0.0429 -0.0751 0.9963
vn 0.0330 0.0066 0.9994
vn 0.0342 0.0083 0.9994
vn 0.0364 -0.0050 0.9993
vn 0.0368 -0.0224 0.9991
vn 0.0422 -0.0217 0.9989
vn 0.1579 -0.1483 0.9763
vn 0.1770 -0.1921 0.9653
vn 0.2095 -0.2230 0.9520
vn 0.1882 0.6535 0.7332
vn 0.4241 -0.4249 0.7998
vn 0.3099 -0.3709 0.8755
vn 0.3265 -0.3338 0.8843
vn 0.2314 -0.3517 0.9070
vn 0.2322 -0.3504 0.9074
vn 0.2415 -0.3356 0.9105
vn 0.1767 -0.2145 0.9606
vn 0.1702 -0.2284 0.9586
vn 0.1721 -0.2189 0.9605
vn 0.2523 0.1282 0.9591
vn 0.2487 0.1144 0.9618
vn 0.2731 0.0928 0.9575
vn 0.3173 0.0167 0.9482
vn 0.3137 -0.0030 0.9495
vn 0.3016 0.0505 0.9521
vn -0.0724 0.0786 0.9943
vn -0.0726 0.0621 0.9954
vn -0.0521 0.0717 0.9961
vn -0.0565 0.0873 0.9946
vn -0.0386 0.0813 0.9959
vn 0.1012 -0.2896 0.9518
vn 0.1418 0.2045 0.9685
vn 0.1569 0.2078 0.9655
vn 0.1504 0.2070 0.9667
vn 0.2370 -0.2978 0.9247
vn 0.2411 -0.2941 0.9249
vn 0.2768 -0.2795 0.9194
vn 0.2319 -0.3643 0.9019
vn 0.2335 -0.3747 0.8972
vn 0.2305 -0.3617 0.9034
vn 0.1961 0.4191 0.8865
vn 0.1953 0.4073 0.8922
vn 0.1884 0.4215 0.8870
vn 0.2461 0.3089 0.9187
vn 0.2242 0.3634 0.9043
vn 0.2041 0.4634 0.8623
vn 0.2126 0.4051 0.8892
vn 0.2134 0.4308 0.8768
vn 0.2343 -0.2373 0.9428
vn 0.2326 -0.2511 0.9396
vn 0.2437 -0.2494 0.9372
vn 0.2508 0.2745 0.9283
vn 0.2550 0.2833 0.9245
vn 0.2585 0.2810 0.9243
vn 0.2724 -0.2880 0.9181
vn 0.2748 -0.2501 0.9284
vn 0.2689 -0.2515 0.9298
vn 0.3323 -0.0944 0.9385
vn 0.3251 -0.0808 0.9422
vn 0.3289 -0.1020 0.9388
vn 0.2984 -0.2405 0.9236
vn 0.3118 -0.2123 0.9261
vn 0.3044 -0.2120 0.9287
vn 0.3044 -0.2120 0.9286
vn 0.3142 -0.1778 0.9326
vn 0.3916 -0.1373 0.9098
vn 0.4011 -0.1368 0.9058
vn 0.3850 -0.1159 0.9156
vn 0.3800 -0.0949 0.9201
vn 0.3699 -0.1025 0.9234
vn 0.1793 -0.4568 0.8713
vn 0.1765 -0.4625 0.8689
vn 0.1632 -0.4569 0.8744
vn 0.1638 0.5479 0.8203
vn 0.1727 0.5244 0.8338
vn 0.1756 0.5255 0.8324
vn 0.1534 -0.3493 0.9244
vn 0.1533 -0.3454 0.9258
vn 0.1508 -0.3473 0.9256
vn 0.4701 0.1014 0.8767
vn 0.4413 0.0909 0.8927
vn 0.4712 0.0951 0.8769
vn 0.4220 0.1030 0.9007
vn 0.4150 0.0386 0.9090
vn 0.4044 0.0243 0.9143
vn 0.4133 0.0594 0.9087
vn 0.0912 0.4791 0.8730
vn 0.0723 0.5361 0.8411
vn 0.0430 0.5236 0.8509
vn 0.2064 0.4789 0.8533
vn 0.1883 0.4656 0.8647
vn 0.2495 -0.4058 0.8793
vn 0.2412 -0.4420 0.8640
vn 0.2358 -0.4014 0.8850
vn 0.2255 0.4653 0.8560
vn 0.2228 0.4740 0.8519
vn 0.2282 0.4823 0.8457
vn 0.2596 0.9538 0.1516
vn 0.3521 0.9232 0.1540
vn 0.3599 0.9155 0.1797
vn 0.3830 0.9025 0.1970
vn 0.1791 0.4915 0.8522
vn 0.1781 0.4993 0.8479
vn 0.1892 0.5172 0.8347
vn 0.1790 0.4891 0.8536
vn 0.1924 0.6026 0.7745
vn 0.1760 0.5341 0.8269
vn 0.1752 0.5633 0.8075
vn 0.2051 0.5284 0.8239
vn 0.2054 0.5362 0.8187
vn 0.2076 0.5336 0.8199
vn 0.2148 0.5319 0.8191
vn 0.2022 0.5197 0.8301
vn 0.1955 -0.4732 0.8590
vn 0.1853 -0.4680 0.8641
vn 0.1942 -0.4620 0.8654
vn 0.1870 -0.4613 0.8673
vn 0.1869 -0.4533 0.8715
vn 0.1586 -0.3743 0.9136
vn 0.1561 -0.3856 0.9094
vn 0.2018 0.4861 0.8503
vn 0.2029 0.4806 0.8531
vn 0.2045 0.4808 0.8526
vn 0.2399 0.5241 0.8172
vn 0.2348 0.5200 0.8212
vn 0.2431 0.5051 0.8281
vn 0.3883 0.3904 0.8347
vn 0.3972 0.2645 0.8788
vn 0.3991 0.2448 0.8836
vn 0.4006 0.2935 0.8680
vn 0.3965 0.3202 0.8604
vn 0.3991 0.3454 0.8494
vn 0.3881 0.3591 0.8488
vn 0.3227 -0.3734 0.8697
vn 0.3386 -0.3429 0.8762
vn 0.4083 -0.2157 0.8870
vn 0.3943 -0.2222 0.8917
vn -0.5910 0.1573 0.7912
vn -0.0842 -0.6920 0.7169
vn 0.0008 -0.6143 0.7890
vn 0.1727 0.5579 0.8117
vn 0.1709 0.5703 0.8034
vn 0.1822 -0.5345 0.8253
vn 0.2280 0.5179 0.8245
vn 0.2185 0.5379 0.8142
vn 0.2248 0.5160 0.8265
vn 0.2308 0.5024 0.8333
vn 0.2278 0.5044 0.8329
vn 0.2727 -0.4398 0.8557
vn 0.2740 -0.4490 0.8505
vn 0.5404 0.0839 0.8372
vn 0.5455 0.0903 0.8333
vn 0.1563 0.5519 0.8191
vn 0.1588 0.5521 0.8185
vn 0.1474 0.5437 0.8262
vn 0.2993 -0.4106 0.8613
vn 0.5178 -0.2200 0.8267
vn 0.4921 -0.1932 0.8488
vn 0.5049 -0.2200 0.8347
vn 0.5415 0.0584 0.8387
vn 0.5466 0.0259 0.8370
vn 0.5845 -0.0260 0.8110
vn 0.5822 0.0105 0.8130
vn 0.5556 0.0065 0.8314
vn 0.5504 -0.0369 0.8341
vn 0.5380 -0.0125 0.8429
vn 0.5239 -0.0685 0.8490
vn 0.1565 0.6192 0.7694
vn 0.1686 0.6211 0.7653
vn 0.2084 0.6197 0.7567
vn 0.2071 0.6510 0.7303
vn 0.1944 0.6474 0.7370
vn 0.5691 -0.2659 0.7781
vn 0.5511 -0.2514 0.7957
vn 0.6010 -0.3086 0.7372
vn 0.5672 -0.3157 0.7607
vn 0.2087 0.7034 0.6795
vn 0.2176 0.7161 0.6632
vn 0.4368 0.5508 0.7112
vn 0.3980 0.5543 0.7310
vn 0.7098 -0.1414 0.6901
vn 0.7306 -0.1626 0.6632
vn 0.7105 -0.1315 0.6913
vn 0.1476 0.7843 0.6025
vn 0.1297 0.8280 0.5455
vn 0.6615 -0.3225 0.6771
vn 0.6852 -0.3272 0.6508
vn 0.0958 0.8605 0.5003
vn 0.0509 0.9165 0.3967
vn 0.1578 0.8357 0.5260
vn 0.1623 0.8195 0.5496
vn 0.1496 0.8312 0.5355
vn 0.2123 0.6666 0.7145
vn 0.1771 0.6838 0.7079
vn 0.1535 -0.5276 0.8355
vn 0.6938 -0.3356 0.6371
vn 0.6968 -0.3300 0.6369
vn 0.6825 -0.3356 0.6493
vn 0.8174 -0.1998 0.5404
vn 0.8335 -0.1854 0.5205
vn 0.8044 -0.1838 0.5649
vn 0.7746 -0.1757 0.6076
vn 0.7614 -0.1705 0.6255
vn 0.8720 0.2484 0.4218
vn 0.8436 -0.3030 0.4432
vn 0.8298 -0.3320 0.4485
vn 0.3082 0.2594 0.9153
vn 0.2820 -0.0710 0.9568
vn 0.1125 -0.3946 0.9119
vn 0.1868 0.0116 0.9823
vn 0.2721 0.2484 0.9297
vn 0.2111 0.1552 0.9651
vn 0.2784 0.2862 0.9168
vn -0.0810 -0.1322 0.9879
vn -0.2434 -0.0560 0.9683
vn -0.2794 -0.0189 0.9600
vn -0.1570 -0.0166 0.9875
vn 0.3815 -0.5764 0.7227
vn 0.2535 -0.3100 0.9163
vn 0.2784 -0.2837 0.9176
vn 0.2749 -0.2780 0.9204
vn 0.2813 -0.2748 0.9194
vn 0.2985 -0.2909 0.9090
vn 0.2854 -0.2843 0.9153
vn 0.4667 -0.3676 0.8044
vn 0.2984 -0.2909 0.9090
vn 0.3918 -0.3114 0.8658
vn 0.2797 -0.2730 0.9205
vn 0.2783 -0.2718 0.9212
vn 0.2548 -0.2693 0.9287
vn 0.2165 -0.2515 0.9433
vn 0.2216 -0.2462 0.9436
vn 0.2522 -0.2547 0.9335
vn 0.2549 -0.2343 0.9382
vn 0.3064 -0.2384 0.9216
vn 0.2347 0.2299 0.9445
vn 0.2680 0.2239 0.9370
vn 0.2454 0.2915 0.9245
vn 0.2472 0.2403 0.9387
vn 0.2345 0.2846 0.9295
vn 0.3074 0.0457 0.9505
vn 0.3017 0.0892 0.9492
vn 0.2316 0.2292 0.9454
vn 0.2633 0.2004 0.9437
vn 0.3017 0.0893 0.9492
vn 0.3136 0.0828 0.9459
vn 0.2316 0.2293 0.9454
vn 0.2928 0.1119 0.9496
vn 0.2673 0.1673 0.9490
vn 0.2586 0.1951 0.9461
vn 0.3248 0.0502 0.9444
vn 0.1743 -0.2903 0.9409
vn 0.1740 -0.2887 0.9415
vn 0.1779 -0.2691 0.9465
vn 0.1869 -0.2732 0.9436
vn 0.2451 -0.2822 0.9275
vn 0.1782 -0.2590 0.9493
vn 0.1747 -0.2556 0.9509
vn 0.1812 -0.2557 0.9496
vn 0.2964 0.0599 0.9532
vn 0.2904 0.0890 0.9528
vn 0.1958 -0.0966 0.9759
vn 0.2145 -0.0112 0.9767
vn 0.2630 0.1219 0.9571
vn 0.2672 0.1309 0.9547
vn 0.2701 0.1244 0.9548
vn 0.2700 0.1175 0.9556
vn 0.2701 0.1243 0.9548
vn 0.2815 0.1243 0.9515
vn 0.1933 -0.2363 0.9523
vn 0.1961 -0.2322 0.9527
vn 0.1874 -0.2430 0.9518
vn 0.1964 -0.2219 0.9551
vn 0.1956 -0.2320 0.9529
vn 0.1992 -0.2149 0.9561
vn 0.2048 -0.2429 0.9482
vn 0.0329 -0.0240 0.9992
vn 0.0381 0.0020 0.9993
vn 0.0568 -0.0279 0.9980
vn 0.0897 -0.0812 0.9927
vn 0.0428 -0.0258 0.9987
vn 0.0450 -0.0431 0.9981
vn 0.0561 -0.0491 0.9972
vn 0.0475 -0.0430 0.9979
vn 0.0422 -0.0216 0.9989
vn 0.0390 -0.0289 0.9988
vn 0.0428 -0.0751 0.9963
vn 0.0361 -0.1143 0.9928
vn -0.0780 0.0321 0.9964
vn 0.0167 0.0252 0.9995
vn 0.0569 0.0460 0.9973
vn 0.0355 0.0219 0.9991
vn 0.0283 0.0187 0.9994
vn 0.0161 0.0218 0.9996
vn 0.0202 0.0228 0.9995
vn 0.0161 0.0217 0.9996
vn -0.0086 0.0384 0.9992
vn 0.0069 0.0326 0.9994
vn 0.0059 0.0285 0.9996
vn 0.0071 0.0327 0.9994
vn -0.0139 0.0412 0.9991
vn 0.0241 0.0120 0.9996
vn 0.0312 0.0131 0.9994
vn 0.0328 0.0103 0.9994
vn 0.0302 0.0169 0.9994
vn 0.0293 0.0157 0.9994
vn 0.0203 0.0202 0.9996
vn -0.0755 0.0413 0.9963
vn 0.0173 0.0217 0.9996
vn -0.0099 0.0261 0.9996
vn 0.0321 0.0022 0.9995
vn 0.0352 0.0104 0.9993
vn 0.0320 -0.0031 0.9995
vn 0.0329 0.0066 0.9994
vn 0.0305 0.0099 0.9995
vn -0.0553 -0.0278 0.9981
vn -0.0830 0.2958 0.9516
vn -0.0560 0.3059 0.9504
vn 0.0871 0.2543 0.9632
vn 0.1559 -0.1545 0.9756
vn 0.0885 -0.0913 0.9919
vn 0.1945 -0.1787 0.9645
vn 0.0934 -0.1162 0.9888
vn -0.0858 -0.2370 0.9677
vn -0.0952 -0.3106 0.9458
vn 0.1160 -0.2077 0.9713
vn 0.1108 -0.2514 0.9615
vn 0.1458 -0.2159 0.9655
vn 0.0820 -0.2103 0.9742
vn 0.1019 -0.1479 0.9837
vn 0.0904 -0.1407 0.9859
vn 0.0820 -0.1719 0.9817
vn 0.0669 -0.1299 0.9893
vn 0.0273 -0.3119 0.9497
vn 0.2362 -0.2715 0.9330
vn 0.2729 -0.2283 0.9345
vn 0.1898 0.6631 0.7241
vn 0.2041 0.4049 0.8913
vn 0.1997 0.4082 0.8908
vn 0.2021 0.4118 0.8886
vn 0.2040 0.4053 0.8911
vn 0.2068 0.3875 0.8984
vn 0.2309 -0.3451 0.9097
vn 0.2311 -0.3530 0.9067
vn 0.2328 -0.3564 0.9049
vn 0.2314 -0.3518 0.9070
vn 0.2317 -0.3563 0.9052
vn 0.2568 0.2268 0.9395
vn 0.2326 0.3452 0.9093
vn 0.2265 0.3578 0.9059
vn 0.2143 -0.2311 0.9490
vn 0.2006 -0.2207 0.9545
vn 0.1935 -0.2280 0.9542
vn 0.1845 -0.2392 0.9533
vn 0.1724 -0.2467 0.9536
vn 0.2531 -0.2048 0.9455
vn 0.2513 -0.2031 0.9464
vn 0.2378 -0.2186 0.9464
vn 0.2799 0.1163 0.9529
vn 0.2523 0.1283 0.9591
vn 0.2605 0.1690 0.9506
vn 0.2766 0.0756 0.9580
vn 0.2714 0.0803 0.9591
vn 0.2590 0.1115 0.9594
vn 0.2656 0.1028 0.9586
vn 0.2645 -0.0522 0.9630
vn 0.2730 0.0177 0.9618
vn 0.2534 0.0603 0.9655
vn 0.3453 0.0467 0.9373
vn 0.3306 0.0809 0.9403
vn 0.3023 0.0353 0.9526
vn 0.3160 -0.0377 0.9480
vn 0.2998 0.0064 0.9540
vn 0.3208 -0.1101 0.9407
vn 0.3223 -0.0904 0.9423
vn 0.3163 -0.0989 0.9435
vn 0.3188 -0.0441 0.9468
vn 0.3310 -0.0748 0.9406
vn 0.3169 -0.0677 0.9460
vn -0.0840 0.1382 0.9868
vn -0.0907 0.1967 0.9763
vn -0.0933 0.1069 0.9899
vn -0.1549 0.0185 0.9878
vn -0.1492 0.1707 0.9740
vn -0.1320 0.0381 0.9905
vn -0.0726 0.0622 0.9954
vn -0.0067 0.0282 0.9996
vn -0.0490 0.0415 0.9979
vn -0.0626 0.0439 0.9971
vn 0.1642 -0.2947 0.9414
vn 0.1122 -0.3651 0.9242
vn 0.1622 -0.3990 0.9025
vn 0.0382 -0.2625 0.9642
vn 0.0788 -0.2399 0.9676
vn 0.0440 -0.2214 0.9742
vn 0.0820 -0.1718 0.9817
vn 0.0386 -0.1666 0.9853
vn -0.0839 -0.4041 0.9109
vn -0.1035 -0.3462 0.9324
vn 0.1472 0.2896 0.9458
vn 0.0839 0.2605 0.9618
vn 0.1219 0.2293 0.9657
vn 0.0359 0.2622 0.9643
vn 0.0904 0.2402 0.9665
vn 0.1136 0.2566 0.9598
vn 0.1176 0.2203 0.9683
vn 0.1789 0.2731 0.9452
vn 0.0992 0.3367 0.9364
vn 0.1569 0.2079 0.9655
vn 0.3577 -0.2594 0.8971
vn 0.2957 -0.2851 0.9118
vn 0.2523 -0.4397 0.8620
vn 0.3432 -0.2478 0.9060
vn 0.2665 -0.2485 0.9313
vn 0.3384 -0.3089 0.8889
vn 0.2457 -0.3837 0.8902
vn 0.3072 -0.3187 0.8967
vn 0.2362 -0.3493 0.9067
vn -0.6600 -0.7097 -0.2465
vn -0.8249 0.1160 -0.5532
vn 0.1874 -0.4085 0.8933
vn 0.2152 -0.3891 0.8957
vn 0.2267 -0.3726 0.8999
vn 0.2336 -0.3747 0.8972
vn 0.2434 -0.3832 0.8910
vn 0.2305 -0.3617 0.9033
vn 0.1737 -0.3584 0.9173
vn 0.2097 -0.3249 0.9222
vn 0.1979 -0.4185 0.8864
vn 0.1954 0.4488 0.8720
vn 0.2037 0.3933 0.8966
vn 0.2070 0.3974 0.8940
vn 0.2398 0.3277 0.9138
vn 0.2220 0.3481 0.9108
vn 0.2439 0.3044 0.9208
vn 0.2221 0.3481 0.9108
vn 0.2170 0.3626 0.9063
vn 0.2178 0.3642 0.9055
vn 0.2218 0.3717 0.9015
vn 0.2149 0.3766 0.9011
vn 0.2426 0.3378 0.9094
vn 0.2584 0.2810 0.9243
vn 0.2502 0.3024 0.9197
vn 0.2661 0.3675 0.8911
vn 0.2754 -0.1740 0.9454
vn 0.2665 0.2687 0.9256
vn 0.2563 0.2278 0.9394
vn 0.2561 0.2392 0.9366
vn 0.2669 0.2204 0.9382
vn 0.2832 0.2274 0.9317
vn 0.2945 0.1744 0.9396
vn 0.2985 0.2004 0.9331
vn 0.2782 0.2292 0.9328
vn 0.2665 0.2507 0.9307
vn 0.2782 0.2291 0.9328
vn 0.2683 0.2639 0.9265
vn 0.2621 0.2999 0.9173
vn 0.2568 -0.3445 0.9030
vn 0.2648 -0.3067 0.9142
vn 0.2311 -0.3014 0.9251
vn 0.2553 -0.2858 0.9237
vn 0.2635 -0.2656 0.9274
vn 0.2691 -0.2830 0.9206
vn 0.2807 -0.3502 0.8936
vn 0.2758 -0.3071 0.9108
vn 0.2784 -0.3171 0.9066
vn 0.2783 -0.3171 0.9066
vn 0.2764 -0.2941 0.9149
vn 0.2839 -0.2615 0.9225
vn 0.2847 -0.2450 0.9268
vn 0.2638 -0.2174 0.9397
vn 0.2730 -0.1831 0.9444
vn 0.2899 0.2458 0.9250
vn 0.2839 0.2805 0.9169
vn 0.3282 -0.2113 0.9207
vn 0.3286 -0.1803 0.9271
vn 0.3465 -0.1092 0.9317
vn 0.3444 -0.1241 0.9306
vn 0.3405 -0.1078 0.9340
vn 0.3461 -0.0985 0.9330
vn 0.3371 -0.1018 0.9359
vn 0.3102 -0.1777 0.9339
vn 0.3135 -0.1550 0.9369
vn 0.3159 -0.1329 0.9394
vn 0.3095 -0.1245 0.9427
vn 0.2991 -0.3657 0.8814
vn 0.3057 -0.3327 0.8921
vn 0.3193 -0.3038 0.8976
vn 0.3145 -0.2770 0.9079
vn 0.3055 -0.3021 0.9030
vn 0.3193 -0.3037 0.8976
vn 0.3316 -0.2715 0.9035
vn 0.3316 -0.2714 0.9035
vn 0.3508 -0.2351 0.9065
vn 0.3176 -0.2475 0.9153
vn 0.3177 -0.2476 0.9153
vn 0.3506 -0.1813 0.9188
vn 0.3758 -0.1522 0.9141
vn 0.3915 -0.1535 0.9073
vn 0.3760 -0.1332 0.9170
vn 0.3761 -0.1332 0.9170
vn 0.3752 -0.1200 0.9191
vn 0.3640 -0.1286 0.9225
vn 0.3661 -0.1135 0.9236
vn 0.3989 -0.1066 0.9108
vn 0.4043 -0.0151 0.9145
vn 0.4211 -0.0361 0.9063
vn 0.3537 -0.1044 0.9295
vn 0.3525 -0.0951 0.9310
vn 0.3616 -0.0716 0.9296
vn 0.3699 -0.0476 0.9279
vn 0.3542 -0.0778 0.9319
vn -0.1209 0.0544 0.9912
vn -0.1662 0.0673 0.9838
vn -0.2098 0.0574 0.9761
vn -0.0078 -0.4700 0.8826
vn -0.0284 -0.4285 0.9031
vn -0.0916 -0.5326 0.8414
vn 0.0072 -0.3208 0.9471
vn 0.0164 -0.3517 0.9360
vn 0.1751 0.4486 0.8764
vn 0.1756 0.3949 0.9018
vn 0.1284 0.4506 0.8835
vn 0.1694 0.3904 0.9049
vn 0.0992 0.3366 0.9364
vn 0.1779 0.3637 0.9144
vn 0.1937 0.2981 0.9347
vn 0.1395 0.2795 0.9499
vn 0.1466 -0.4426 0.8846
vn 0.1895 -0.5007 0.8446
vn 0.1311 0.3485 0.9281
vn 0.1139 0.3428 0.9325
vn 0.1036 0.3613 0.9267
vn 0.1153 0.3507 0.9294
vn 0.1661 0.4261 0.8893
vn 0.1622 0.4379 0.8843
vn 0.1305 0.3940 0.9098
vn 0.1498 0.4124 0.8986
vn 0.2590 -0.3183 0.9119
vn 0.2533 -0.4064 0.8779
vn 0.2585 -0.3133 0.9138
vn 0.2833 -0.3309 0.9001
vn 0.2384 -0.3141 0.9190
vn 0.3379 -0.3023 0.8913
vn 0.2889 -0.3321 0.8979
vn 0.2815 -0.3003 0.9114
vn 0.2358 -0.4015 0.8850
vn 0.2420 -0.3482 0.9057
vn 0.2388 -0.3573 0.9029
vn 0.2419 -0.3482 0.9056
vn 0.2484 -0.3933 0.8852
vn 0.2685 -0.3548 0.8956
vn 0.2541 -0.3384 0.9060
vn 0.2413 -0.3086 0.9201
vn 0.2213 -0.3296 0.9178
vn 0.1806 -0.4350 0.8821
vn 0.1628 -0.3898 0.9064
vn 0.1529 -0.4077 0.9002
vn 0.1598 -0.4087 0.8986
vn 0.1831 -0.4413 0.8785
vn 0.1753 -0.4319 0.8847
vn 0.1597 -0.4449 0.8812
vn 0.1627 -0.4290 0.8885
vn 0.1752 -0.4319 0.8847
vn 0.2042 -0.4252 0.8818
vn 0.2317 -0.3996 0.8869
vn 0.2310 -0.3920 0.8905
vn 0.1935 0.5863 0.7867
vn 0.1784 0.6013 0.7788
vn 0.1790 0.5707 0.8014
vn 0.1721 0.5918 0.7875
vn 0.1757 0.5256 0.8324
vn 0.1756 0.5256 0.8324
vn 0.1927 0.4984 0.8452
vn 0.1722 0.5130 0.8409
vn 0.1780 0.5002 0.8474
vn 0.1816 0.4938 0.8504
vn 0.1865 0.4597 0.8683
vn 0.2003 0.4882 0.8494
vn 0.2015 0.4838 0.8517
vn 0.1449 -0.3520 0.9247
vn 0.1508 -0.3472 0.9256
vn 0.1980 -0.3550 0.9137
vn 0.1736 -0.3584 0.9173
vn 0.1513 -0.3507 0.9242
vn 0.1553 -0.3393 0.9278
vn 0.1471 -0.3471 0.9262
vn 0.1506 -0.3458 0.9262
vn 0.3193 0.4164 0.8513
vn 0.3061 0.4069 0.8606
vn 0.3251 0.3779 0.8669
vn 0.3888 0.1815 0.9033
vn 0.3875 0.2307 0.8925
vn 0.3289 0.2544 0.9095
vn 0.3448 0.2458 0.9059
vn 0.3295 0.2865 0.8996
vn 0.3786 0.2173 0.8997
vn 0.3554 0.2639 0.8967
vn 0.3673 0.2074 0.9067
vn 0.3927 0.1651 0.9047
vn 0.3935 0.2101 0.8950
vn 0.4008 0.1479 0.9041
vn 0.4028 0.1840 0.8966
vn 0.3940 0.1966 0.8978
vn 0.3990 0.2448 0.8836
vn 0.3521 0.2086 0.9124
vn 0.3208 0.2183 0.9216
vn 0.4955 0.0692 0.8658
vn 0.4750 0.0459 0.8788
vn 0.4470 0.1106 0.8877
vn 0.4008 0.1480 0.9041
vn 0.4176 0.1586 0.8947
vn 0.4028 0.1839 0.8966
vn 0.4133 0.0593 0.9087
vn 0.4020 0.0946 0.9108
vn 0.3978 0.1182 0.9098
vn 0.3954 0.1021 0.9128
vn 0.0172 0.5812 0.8136
vn -0.0165 0.6060 0.7953
vn 0.0620 0.4836 0.8731
vn 0.1210 0.4955 0.8601
vn 0.0997 0.5217 0.8473
vn 0.1413 0.4278 0.8928
vn 0.1450 0.4661 0.8728
vn 0.0808 0.5685 0.8187
vn 0.2003 -0.5212 0.8296
vn 0.2968 -0.3701 0.8803
vn 0.3347 -0.3760 0.8640
vn 0.3061 -0.3964 0.8655
vn 0.2760 -0.4095 0.8696
vn 0.2953 -0.4062 0.8648
vn 0.1893 0.4429 0.8764
vn 0.2059 0.4631 0.8621
vn 0.1908 0.4955 0.8474
vn 0.1894 0.4670 0.8637
vn 0.1954 0.4961 0.8460
vn 0.1953 0.4961 0.8460
vn 0.2754 -0.4210 0.8642
vn 0.2814 -0.3972 0.8735
vn 0.2968 -0.4040 0.8653
vn 0.2463 -0.4451 0.8609
vn 0.2544 -0.4461 0.8581
vn 0.2564 -0.4784 0.8399
vn 0.2484 0.4642 0.8502
vn 0.2367 0.4744 0.8479
vn 0.2596 0.9537 0.1516
vn 0.2003 0.5635 0.8015
vn 0.1876 0.4933 0.8494
vn 0.1875 0.4933 0.8494
vn 0.1834 0.4846 0.8553
vn 0.1967 0.5175 0.8327
vn 0.1994 0.5399 0.8177
vn 0.1811 0.4897 0.8529
vn 0.1860 0.4783 0.8582
vn 0.1827 0.5426 0.8199
vn 0.1826 0.5339 0.8256
vn 0.1674 -0.4003 0.9010
vn 0.1717 -0.3833 0.9075
vn 0.1799 -0.3967 0.9002
vn 0.1667 0.4980 0.8510
vn 0.1699 0.5187 0.8379
vn 0.1809 0.5019 0.8458
vn 0.1862 0.4928 0.8500
vn 0.1844 0.4905 0.8517
vn 0.1780 0.4946 0.8507
vn 0.1937 0.5173 0.8336
vn 0.1813 0.4989 0.8475
vn 0.1836 0.5018 0.8453
vn 0.1829 0.4925 0.8509
vn 0.1939 0.5080 0.8393
vn 0.1827 0.4926 0.8508
vn 0.1780 0.4925 0.8519
vn 0.1950 0.5345 0.8224
vn 0.1870 0.5528 0.8120
vn 0.1985 0.5473 0.8130
vn 0.1988 0.5322 0.8230
vn 0.1605 0.4761 0.8646
vn 0.1498 0.5218 0.8398
vn 0.1510 0.5218 0.8396
vn 0.1986 -0.4386 0.8764
vn 0.2091 -0.4554 0.8654
vn 0.1319 -0.4951 0.8588
vn 0.1216 -0.4552 0.8821
vn 0.1365 -0.4624 0.8761
vn 0.1287 -0.3633 0.9227
vn 0.1213 -0.4054 0.9061
vn 0.1444 -0.3733 0.9164
vn 0.1436 -0.3677 0.9188
vn 0.1393 -0.3636 0.9211
vn 0.1832 -0.4740 0.8613
vn 0.1766 -0.4727 0.8633
vn 0.1555 -0.3493 0.9240
vn 0.1531 -0.3506 0.9239
vn 0.1545 -0.3473 0.9250
vn 0.1599 -0.4058 0.8998
vn 0.1603 -0.3894 0.9070
vn 0.1639 -0.4332 0.8863
vn 0.1561 -0.3856 0.9093
vn 0.1561 -0.3579 0.9206
vn 0.1575 -0.3626 0.9186
vn 0.1545 -0.3559 0.9217
vn 0.1572 -0.3791 0.9119
vn 0.1998 0.4822 0.8530
vn 0.1998 0.4844 0.8517
vn 0.2196 0.3747 0.9008
vn 0.2555 0.3672 0.8943
vn 0.2193 0.4997 0.8380
vn 0.2062 0.5205 0.8286
vn 0.1963 0.5522 0.8103
vn 0.2696 0.4594 0.8464
vn 0.2698 0.4740 0.8382
vn 0.2582 0.4869 0.8344
vn 0.2319 0.5605 0.7950
vn 0.2430 0.5513 0.7981
vn 0.2358 0.5982 0.7659
vn 0.2922 -0.4502 0.8437
vn 0.2342 -0.5086 0.8285
vn 0.3044 -0.4722 0.8273
vn 0.2947 -0.4212 0.8578
vn 0.2801 -0.3994 0.8730
vn 0.2923 -0.4502 0.8437
vn 0.2700 -0.4209 0.8660
vn 0.4151 0.3447 0.8419
vn 0.4085 0.3673 0.8356
vn 0.3682 0.3394 0.8656
vn 0.3876 0.2307 0.8925
vn 0.3867 0.2963 0.8733
vn 0.3310 -0.3489 0.8768
vn 0.3033 -0.3782 0.8746
vn 0.3144 -0.3826 0.8688
vn 0.3775 -0.3481 0.8581
vn 0.3535 -0.3119 0.8819
vn 0.3776 -0.3481 0.8581
vn 0.3580 -0.3799 0.8530
vn 0.3581 -0.3452 0.8675
vn 0.3995 -0.2382 0.8853
vn 0.4083 -0.2158 0.8870
vn 0.4136 -0.1305 0.9011
vn 0.3844 -0.2566 0.8868
vn 0.4038 -0.1698 0.8990
vn 0.4072 -0.1525 0.9005
vn 0.3915 -0.1534 0.9073
vn 0.3730 -0.2394 0.8964
vn 0.4504 -0.2272 0.8634
vn 0.4476 -0.1926 0.8732
vn 0.4601 -0.1668 0.8720
vn 0.4622 -0.1601 0.8722
vn 0.4498 -0.1640 0.8779
vn 0.4378 -0.1666 0.8835
vn 0.5435 -0.1785 0.8202
vn 0.5701 -0.1639 0.8051
vn 0.5496 -0.1463 0.8225
vn 0.4997 -0.1089 0.8593
vn 0.5110 -0.1154 0.8518
vn 0.4473 -0.1601 0.8799
vn 0.4646 -0.1505 0.8727
vn 0.5207 -0.0501 0.8522
vn 0.4841 -0.0858 0.8708
vn 0.5112 -0.0323 0.8589
vn 0.4907 -0.0114 0.8713
vn -0.3662 -0.0302 0.9301
vn -0.5399 0.0260 0.8413
vn -0.5188 -0.1052 0.8484
vn -0.1541 -0.7978 0.5829
vn -0.2125 -0.7668 0.6057
vn -0.1541 -0.7978 0.5828
vn -0.0172 -0.7145 0.6994
vn -0.0842 -0.6920 0.7170
vn -0.2400 -0.7813 0.5762
vn -0.0276 -0.6377 0.7698
vn 0.2186 0.5003 0.8378
vn 0.2223 0.4632 0.8579
vn 0.1823 0.4780 0.8592
vn 0.2038 0.4805 0.8530
vn 0.2137 0.4621 0.8607
vn 0.2039 0.4804 0.8530
vn 0.2010 0.4714 0.8587
vn 0.2125 0.4666 0.8585
vn 0.2111 0.4809 0.8510
vn 0.2650 -0.5276 0.8071
vn 0.2628 -0.5184 0.8138
vn 0.2700 -0.5059 0.8192
vn 0.2474 -0.4582 0.8537
vn 0.2597 -0.4418 0.8587
vn 0.1551 0.5596 0.8141
vn 0.1603 0.5606 0.8124
vn 0.1559 0.5862 0.7951
vn 0.1759 -0.6281 0.7580
vn 0.1696 -0.5284 0.8319
vn 0.1755 -0.4613 0.8697
vn 0.1706 -0.4910 0.8543
vn 0.1698 -0.5445 0.8214
vn 0.2565 0.4421 0.8595
vn 0.2416 0.4572 0.8560
vn 0.2416 0.4795 0.8436
vn 0.2369 0.5027 0.8314
vn 0.2317 0.4869 0.8422
vn 0.2313 0.4903 0.8403
vn 0.2277 0.4910 0.8409
vn 0.2201 0.4999 0.8377
vn 0.2115 0.4854 0.8483
vn 0.2238 0.5452 0.8079
vn 0.2288 0.5530 0.8011
vn 0.2128 0.5751 0.7900
vn 0.2145 0.5686 0.7942
vn 0.2106 0.6104 0.7636
vn 0.2174 0.5926 0.7756
vn 0.2066 0.4895 0.8472
vn 0.2193 0.4997 0.8379
vn 0.2299 0.5128 0.8272
vn 0.2264 0.5389 0.8114
vn 0.2134 0.5861 0.7817
vn 0.2062 0.5206 0.8286
vn 0.2111 0.5631 0.7990
vn 0.2734 -0.4367 0.8571
vn 0.2837 -0.4090 0.8673
vn 0.2592 -0.4850 0.8352
vn 0.3620 0.4660 0.8074
vn 0.4980 0.1046 0.8608
vn 0.5175 0.1057 0.8491
vn 0.5137 0.1334 0.8475
vn 0.5187 0.1420 0.8431
vn 0.5191 0.1686 0.8379
vn 0.5246 0.1546 0.8372
vn 0.4990 0.1444 0.8545
vn 0.5794 0.0888 0.8102
vn 0.5702 0.0716 0.8184
vn 0.5707 0.0800 0.8173
vn 0.5488 0.0961 0.8304
vn 0.5400 0.1667 0.8250
vn 0.5129 0.0710 0.8555
vn 0.1859 0.6245 0.7586
vn 0.1850 0.6589 0.7292
vn 0.1904 0.6210 0.7604
vn 0.1991 0.6446 0.7381
vn 0.2020 0.6130 0.7638
vn 0.2007 0.5814 0.7885
vn 0.1984 0.5462 0.8138
vn 0.2043 0.5381 0.8177
vn 0.2009 0.5827 0.7875
vn 0.1693 0.6655 0.7270
vn 0.1845 0.6385 0.7472
vn 0.1847 0.6219 0.7610
vn 0.2061 0.5135 0.8330
vn 0.1985 0.5608 0.8038
vn 0.2095 0.5300 0.8217
vn 0.2078 0.6167 0.7593
vn 0.1964 0.5981 0.7770
vn 0.1913 0.5995 0.7772
vn 0.1820 0.6230 0.7607
vn 0.1820 0.6230 0.7608
vn 0.1597 0.6745 0.7208
vn 0.1859 0.6246 0.7585
vn 0.1964 0.5818 0.7892
vn 0.2273 -0.4408 0.8683
vn 0.2449 -0.4220 0.8729
vn 0.2564 -0.5009 0.8266
vn 0.2518 -0.5370 0.8051
vn 0.2524 -0.5603 0.7889
vn 0.1643 0.5385 0.8264
vn 0.1625 0.5511 0.8184
vn 0.1627 0.5676 0.8071
vn 0.1629 0.5648 0.8090
vn 0.1617 0.5871 0.7932
vn 0.1536 0.6151 0.7733
vn 0.1497 0.6463 0.7482
vn 0.1486 0.6400 0.7538
vn 0.1639 0.6195 0.7677
vn 0.1498 0.6612 0.7351
vn 0.1733 0.6855 0.7071
vn 0.1734 0.6069 0.7756
vn 0.1440 -0.5669 0.8111
vn 0.1645 -0.5238 0.8358
vn 0.1404 -0.5045 0.8520
vn 0.1404 -0.5044 0.8520
vn 0.1404 -0.4721 0.8703
vn 0.2199 -0.7524 0.6210
vn 0.1933 -0.7883 0.5841
vn 0.2775 -0.4614 0.8427
vn 0.2730 -0.4653 0.8420
vn 0.2784 -0.4749 0.8348
vn 0.3363 -0.4288 0.8385
vn 0.4953 -0.2555 0.8303
vn 0.4595 -0.2817 0.8424
vn 0.4740 -0.2359 0.8483
vn 0.4740 -0.2359 0.8484
vn 0.4471 -0.2703 0.8527
vn 0.5674 0.0902 0.8185
vn 0.5563 0.0692 0.8281
vn 0.5587 0.0458 0.8281
vn -0.7030 -0.2342 0.6715
vn -0.7139 -0.2399 0.6578
vn -0.7603 -0.1478 0.6325
vn -0.7603 -0.1479 0.6325
vn -0.7139 -0.2399 0.6579
vn -0.8051 -0.1139 0.5822
vn 0.1594 0.6490 0.7439
vn 0.1889 0.6971 0.6916
vn 0.1801 0.6826 0.7083
vn 0.1941 0.6683 0.7181
vn 0.1899 0.7049 0.6834
vn 0.1842 0.7316 0.6564
vn 0.1890 0.7043 0.6843
vn 0.1778 0.7187 0.6722
vn 0.1735 0.7066 0.6860
vn 0.1944 0.6474 0.7369
vn 0.1978 0.6509 0.7329
vn 0.2071 0.6510 0.7302
vn 0.2151 0.6709 0.7096
vn 0.2044 0.6842 0.7000
vn 0.1964 0.7043 0.6822
vn 0.4533 0.3742 0.8090
vn 0.4275 0.3618 0.8285
vn 0.4323 0.3708 0.8220
vn 0.6190 -0.2361 0.7490
vn 0.6175 -0.2079 0.7586
vn 0.5674 -0.2017 0.7984
vn 0.6366 -0.1344 0.7594
vn 0.5827 -0.1207 0.8037
vn 0.5992 -0.1400 0.7883
vn 0.6272 -0.0914 0.7735
vn 0.5625 0.2707 0.7812
vn 0.5635 0.2328 0.7926
vn 0.5628 0.2676 0.7821
vn 0.5633 0.2891 0.7740
vn 0.5707 0.2900 0.7682
vn -0.6492 -0.2988 0.6995
vn -0.6409 -0.3009 0.7062
vn 0.1656 0.7750 0.6099
vn 0.1605 0.8209 0.5480
vn 0.1689 0.7941 0.5839
vn 0.1796 0.7187 0.6717
vn 0.1756 0.7564 0.6301
vn 0.1793 0.6190 0.7646
vn 0.1717 0.6463 0.7435
vn 0.1746 0.6516 0.7382
vn 0.1615 -0.6886 0.7069
vn 0.1543 -0.5883 0.7938
vn 0.1596 -0.7376 0.6561
vn 0.2113 -0.6603 0.7206
vn 0.1616 -0.6886 0.7069
vn 0.1928 -0.6804 0.7070
vn 0.1660 -0.6612 0.7316
vn 0.2205 -0.6351 0.7403
vn 0.1894 -0.5263 0.8289
vn 0.2094 -0.5321 0.8203
vn 0.1913 -0.5458 0.8158
vn 0.1360 -0.8243 0.5495
vn 0.1566 -0.7669 0.6224
vn 0.3384 -0.4450 0.8291
vn 0.3683 -0.4206 0.8292
vn 0.6467 -0.2629 0.7160
vn 0.6147 -0.2705 0.7409
vn 0.5954 -0.2644 0.7586
vn 0.5692 0.3124 0.7605
vn 0.5856 0.3119 0.7482
vn 0.6132 0.3092 0.7268
vn 0.1692 0.6706 0.7223
vn 0.1658 0.7269 0.6664
vn 0.1774 0.6781 0.7132
vn 0.1743 0.7089 0.6834
vn 0.1424 0.8038 0.5775
vn 0.1113 0.8949 0.4321
vn 0.1224 0.8809 0.4573
vn 0.1675 0.6577 0.7344
vn 0.1486 0.6401 0.7538
vn 0.1419 0.7379 0.6598
vn 0.1418 0.7064 0.6935
vn 0.1311 0.7543 0.6433
vn 0.2267 -0.6945 0.6828
vn 0.3824 -0.6392 0.6672
vn 0.1882 0.7338 0.6527
vn 0.2113 0.7143 0.6671
vn 0.2461 0.6281 0.7382
vn 0.2264 0.6601 0.7163
vn 0.2417 0.6279 0.7398
vn 0.2672 0.5871 0.7641
vn 0.3153 0.5718 0.7574
vn 0.1954 0.7119 0.6745
vn 0.1828 0.7067 0.6835
vn 0.1679 0.7310 0.6614
vn 0.4376 0.4904 0.7536
vn 0.4408 0.5119 0.7374
vn 0.5274 0.5007 0.6864
vn 0.7258 -0.1754 0.6651
vn -0.7630 0.0595 0.6437
vn -0.7790 0.0159 0.6268
vn 0.1498 0.7957 0.5868
vn 0.1495 0.8293 0.5384
vn 0.1463 0.8604 0.4881
vn 0.1404 0.8722 0.4685
vn 0.1272 -0.9371 0.3252
vn 0.2580 0.6191 0.7417
vn 0.3077 0.5383 0.7845
vn 0.2122 0.6573 0.7231
vn 0.2144 0.6656 0.7149
vn 0.1771 0.6914 0.7005
vn 0.1650 0.7079 0.6867
vn 0.3842 0.5472 0.7437
vn 0.3421 0.6013 0.7221
vn 0.3159 0.6102 0.7265
vn 0.2543 0.6253 0.7378
vn 0.2892 0.6044 0.7423
vn 0.2864 0.5192 0.8053
vn 0.4338 0.5275 0.7304
vn 0.5274 0.5007 0.6865
vn 0.4368 0.5508 0.7113
vn 0.4269 0.5096 0.7470
vn 0.4459 0.5024 0.7408
vn 0.6476 0.4021 0.6473
vn 0.6255 0.3870 0.6775
vn 0.7363 -0.3055 0.6038
vn 0.7565 -0.3129 0.5743
vn 0.1546 0.8198 0.5514
vn 0.1648 0.7990 0.5784
vn 0.1680 0.7868 0.5939
vn 0.1605 0.6941 0.7018
vn 0.1859 0.6833 0.7061
vn 0.0633 0.7483 0.6603
vn 0.1037 0.7346 0.6706
vn 0.2965 0.6410 0.7080
vn 0.3105 0.6344 0.7079
vn 0.3158 0.6103 0.7265
vn 0.3507 -0.4912 0.7973
vn 0.4138 -0.4622 0.7843
vn 0.3787 -0.4651 0.8002
vn 0.7108 -0.3330 0.6196
vn 0.7507 -0.3237 0.5759
vn 0.7233 -0.3185 0.6127
vn 0.6576 -0.3422 0.6712
vn 0.6162 -0.3523 0.7044
vn 0.6640 -0.3312 0.6704
vn 0.6335 -0.3370 0.6965
vn 0.6543 -0.2411 0.7167
vn 0.6882 -0.2468 0.6822
vn 0.7023 -0.2272 0.6747
vn 0.7111 -0.2710 0.6487
vn 0.7459 -0.2508 0.6170
vn 0.7625 -0.2662 0.5897
vn 0.7753 -0.2370 0.5854
vn 0.7459 -0.2508 0.6171
vn 0.7400 -0.1542 0.6547
vn 0.7522 -0.1495 0.6418
vn 0.7211 -0.0751 0.6888
vn 0.7738 -0.1258 0.6209
vn 0.6920 -0.0211 0.7216
vn 0.0678 0.9316 0.3571
vn 0.1113 0.8950 0.4321
vn 0.0692 0.9311 0.3580
vn 0.0937 0.8972 0.4316
vn 0.1152 0.8890 0.4432
vn 0.1377 0.8486 0.5107
vn 0.1506 0.7910 0.5930
vn -0.0519 -0.8249 0.5628
vn -0.0619 -0.8015 0.5948
vn 0.0015 -0.8338 0.5521
vn 0.1534 -0.7959 0.5857
vn 0.1207 -0.8133 0.5692
vn 0.1428 -0.7801 0.6092
vn 0.0684 -0.6239 0.7785
vn 0.1204 -0.5822 0.8041
vn 0.0876 -0.6664 0.7405
vn 0.0228 -0.5768 0.8165
vn -0.0110 -0.5988 0.8008
vn -0.0205 -0.5863 0.8098
vn 0.0272 -0.5788 0.8150
vn 0.0375 -0.6345 0.7720
vn 0.0422 -0.7074 0.7056
vn 0.0423 -0.7074 0.7056
vn 0.3155 -0.5250 0.7905
vn 0.1987 -0.5475 0.8129
vn 0.2378 -0.5691 0.7872
vn 0.4640 -0.4628 0.7553
vn 0.7371 -0.3362 0.5863
vn 0.6857 -0.3386 0.6444
vn 0.7236 -0.3474 0.5963
vn 0.7255 -0.3686 0.5812
vn 0.7647 -0.3548 0.5378
vn 0.8596 -0.0829 0.5043
vn 0.8343 -0.1349 0.5346
vn 0.8840 -0.0966 0.4574
vn 0.8677 -0.1274 0.4804
vn 0.1405 0.8697 0.4732
vn 0.1421 0.8651 0.4811
vn 0.7756 0.3209 0.5436
vn 0.7947 0.3456 0.4990
vn 0.8903 0.2225 0.3974
vn 0.3031 -0.6386 0.7074
vn 0.3231 -0.5782 0.7492
vn 0.7873 0.3730 0.4910
vn 0.7966 0.3771 0.4725
vn 0.8057 -0.3119 0.5036
vn 0.8212 -0.2690 0.5032
vn 0.8347 -0.2592 0.4860
vn 0.8352 -0.2477 0.4909
vn 0.8031 -0.2361 0.5470
vn 0.8264 -0.2575 0.5007
vn 0.8164 -0.2452 0.5228
vn 0.7985 -0.2112 0.5638
vn 0.7913 -0.2232 0.5692
vn 0.8121 -0.2369 0.5333
vn 0.8031 -0.2360 0.5470
vn 0.9206 0.1256 0.3698
vn 0.9184 0.1133 0.3791
vn 0.8720 0.2485 0.4218
vn 0.8988 0.2121 0.3837
vn 0.8860 0.2280 0.4037
vn 0.9105 0.1929 0.3657
vn 0.8988 0.2121 0.3836
vn 0.8557 -0.2801 0.4351
vn 0.8512 -0.2905 0.4372
vn 0.8437 -0.3030 0.4432
vn 0.8484 -0.3072 0.4311
vn 0.8564 -0.2560 0.4485
vn 0.8692 -0.2667 0.4164
vn 0.8576 -0.2837 0.4289
vn 0.8435 -0.2746 0.4616
vn 0.0351 0.6609 0.7497
vn 0.3520 0.2848 0.8916
vn -0.2420 0.3648 0.8991
vn -0.5948 0.4052 0.6942
vn -0.4656 0.8571 0.2204
vn -0.6038 -0.2998 0.7387
vn -0.8536 -0.4768 0.2099
vn -0.5961 -0.4307 0.6777
vn 0.2755 0.1811 0.9441
vn 0.0593 0.1108 0.9921
vn 0.0426 0.1024 0.9938
vn 0.1150 0.1060 0.9877
vn 0.2419 0.4176 0.8758
vn 0.2124 0.3968 0.8930
vn 0.2183 0.3813 0.8983
vn 0.2137 0.3528 0.9110
vn 0.1989 0.4273 0.8819
vn 0.1997 0.4196 0.8855
vn 0.2868 -0.3821 0.8785
vn -0.3152 0.4494 0.8359
vn -0.7100 -0.1494 0.6882
vn -0.0190 0.7585 0.6514
vn -0.0538 0.7562 0.6521
vn -0.0831 0.7621 0.6421
vn -0.0316 0.7320 0.6805
vn -0.8600 -0.1848 0.4757
vn -0.8556 -0.0686 0.5130
vn -0.8361 -0.1492 0.5278
vn -0.8675 -0.1106 0.4851
vn -0.8549 -0.0032 0.5188
vn -0.6790 -0.7211 -0.1378
vn 0.1223 0.8248 0.5520
vn 0.1375 0.7759 0.6157
vn 0.1367 0.6922 0.7086
vn 0.1221 0.7411 0.6602
vn 0.1107 0.7876 0.6062
vn 0.1280 0.7714 0.6233
vn 0.0997 -0.9090 0.4047
vn 0.1195 -0.8757 0.4678
vn 0.1370 0.8392 0.5262
vn 0.1419 0.8358 0.5304
vn 0.1403 0.8383 0.5269
vn 0.3270 -0.4829 0.8123
vn 0.3260 -0.4776 0.8158
vn 0.3716 -0.4745 0.7980
vn 0.7310 0.1152 0.6726
vn 0.6287 -0.0994 0.7713
vn 0.1390 -0.8326 0.5362
vn -0.1019 -0.7210 0.6854
vn -0.0981 -0.6736 0.7326
vn 0.7860 0.1052 0.6092
vn 0.6967 0.0193 0.7171
vn 0.2648 0.2364 0.9349
vn 0.2455 0.2915 0.9245
vn 0.2221 0.3500 0.9100
vn 0.2276 0.3098 0.9231
vn 0.2276 0.3099 0.9231
vn 0.2137 0.3527 0.9110
vn 0.1067 -0.5227 0.8458
vn 0.2822 -0.5499 0.7862
vn 0.7526 -0.0331 0.6576
vn 0.7923 -0.0943 0.6029
vn 0.6639 0.1357 0.7354
vn 0.7349 0.0370 0.6772
vn 0.7080 0.0418 0.7050
vn 0.8541 0.2723 0.4431
vn 0.8269 0.3119 0.4680
vn 0.7761 0.3688 0.5116
vn 0.8011 0.3570 0.4803
vn -0.2215 -0.6097 0.7610
vn -0.2853 -0.5258 0.8013
vn -0.2615 -0.5260 0.8093
vn -0.1821 -0.1954 0.9637
vn -0.0945 -0.4658 0.8798
vn 0.2716 0.2482 0.9299
vn 0.0495 0.0996 0.9938
vn -0.0194 0.0672 0.9976
vn 0.0264 0.0323 0.9991
vn 0.0087 0.0502 0.9987
vn -0.1039 0.0415 0.9937
vn -0.1038 0.0415 0.9937
vn 0.0551 0.1437 0.9881
vn 0.1253 0.1535 0.9802
vn 0.1560 0.1714 0.9728
vn 0.1347 0.1068 0.9851
vn 0.1687 0.1641 0.9719
vn 0.1659 0.1990 0.9659
vn 0.1558 0.1784 0.9715
vn 0.1180 0.2416 0.9632
vn -0.0334 0.0600 0.9976
vn 0.2549 -0.3137 0.9147
vn 0.2693 -0.3111 0.9114
vn 0.3750 0.0771 0.9238
vn 0.3626 0.1047 0.9261
vn 0.3578 0.1291 0.9248
vn 0.3729 0.1628 0.9135
vn -0.0264 0.5308 0.8471
vn -0.0049 0.5570 0.8305
vn 0.0444 0.6094 0.7917
vn 0.2026 -0.3676 0.9076
vn 0.2649 -0.3276 0.9069
vn 0.2225 -0.3454 0.9117
vn 0.2065 0.5340 0.8199
vn 0.2037 0.5527 0.8081
vn 0.2055 0.5418 0.8150
vn 0.1837 0.5977 0.7804
vn 0.1946 0.5639 0.8026
vn 0.1906 0.5707 0.7987
vn 0.3549 -0.2777 0.8927
vn 0.1847 0.6220 0.7610
vn 0.2084 0.5499 0.8088
vn 0.1640 0.6817 0.7130
vn 0.1856 0.6402 0.7454
vn 0.2035 -0.5604 0.8028
vn 0.3128 -0.4583 0.8319
vn 0.2947 -0.4778 0.8275
vn 0.3036 -0.4993 0.8115
vn 0.5867 0.2744 0.7619
vn 0.6228 0.2571 0.7390
vn 0.5967 0.2892 0.7486
vn -0.5607 -0.8241 0.0806
vn -0.5073 -0.8617 -0.0123
vn 0.1281 0.7846 0.6066
vn 0.1483 0.6561 0.7400
vn 0.1842 0.7315 0.6564
vn 0.1791 0.7413 0.6468
vn 0.6919 -0.0617 0.7193
vn 0.6533 0.0657 0.7542
vn 0.6693 0.1127 0.7344
vn 0.6996 0.0052 0.7145
vn 0.6094 0.2319 0.7582
vn 0.6956 -0.1088 0.7101
vn 0.6922 -0.0793 0.7173
vn 0.6870 -0.0613 0.7240
vn 0.4026 0.5760 0.7114
vn -0.1595 0.9015 -0.4024
vn 0.8120 0.5339 0.2358
vn 0.3102 0.6646 0.6798
vn 0.2859 0.6587 0.6960
vn 0.3091 0.6526 0.6918
vn -0.5238 0.8511 0.0354
vn -0.5648 0.8241 0.0429
vn 0.0858 -0.5603 0.8238
vn 0.0561 -0.6036 0.7953
vn 0.0991 -0.5697 0.8159
vn -0.3746 0.9244 0.0716
vn -0.4249 0.9028 0.0660
vn 0.7946 0.3873 0.4676
vn 0.8059 -0.3367 0.4869
vn 0.7982 -0.3409 0.4967
vn 0.8004 -0.3484 0.4878
vn 0.7982 -0.3408 0.4967
vn 0.1010 0.9447 0.3121
vn 0.1083 0.9290 0.3538
vn -0.3302 -0.7189 0.6117
vn 0.0820 -0.9443 0.3186
vn -0.3649 -0.5983 0.7134
vn 0.8516 -0.2991 0.4305
vn 0.7024 0.4833 0.5225
vn 0.0622 -0.9562 0.2860
vn 0.0948 -0.8868 0.4523
vn 0.1226 -0.9041 0.4094
vn -0.8343 -0.2217 0.5047
vn -0.8516 -0.2345 0.4687
vn -0.8034 -0.0464 0.5936
vn -0.8386 -0.1583 0.5212
vn -0.8628 -0.2226 0.4539
vn -0.8502 -0.2540 0.4612
vn 0.1547 -0.9093 0.3864
vn 0.1387 -0.9195 0.3677
vn 0.0281 -0.9434 0.3304
vn 0.9187 0.1735 0.3548
vn 0.1174 -0.9367 0.3300
vn 0.1339 -0.9499 0.2824
vn 0.1228 -0.9597 0.2529
vn -0.7804 0.1140 0.6147
vn -0.7515 -0.0300 0.6590
vn -0.1170 -0.7817 0.6126
vn -0.1793 -0.7212 0.6691
vn -0.1260 -0.7558 0.6425
vn 0.1250 -0.9505 0.2846
vn 0.1511 -0.9575 0.2456
vn 0.1404 -0.9593 0.2452
vn 0.7413 0.4574 0.4913
vn 0.7221 0.4698 0.5078
vn 0.7212 0.4657 0.5129
vn 0.7359 0.4557 0.5007
vn 0.7570 0.4483 0.4753
vn -0.5612 -0.6797 -0.4723
vn -0.6428 -0.6487 -0.4075
vn -0.6000 -0.7313 -0.3244
vn -0.8109 -0.1643 0.5616
vn -0.0406 -0.8192 0.5721
vn -0.0332 -0.7823 0.6221
vn 0.0393 -0.7666 0.6410
vn -0.1179 -0.7850 0.6082
vn -0.1076 -0.8208 0.5610
vn -0.1179 -0.7849 0.6082
vn 0.0970 -0.9384 0.3317
vn 0.0789 -0.9484 0.3069
vn 0.0632 0.7483 0.6603
vn 0.1375 -0.9254 0.3532
vn 0.1281 -0.9140 0.3850
vn 0.1268 -0.9235 0.3620
vn 0.8140 0.2606 0.5191
vn 0.6318 0.1180 0.7661
vn 0.2742 0.0056 0.9617
vn -0.7152 -0.6533 -0.2485
vn -0.8942 0.1682 0.4148
vn 0.7044 -0.4337 0.5619
vn 0.7271 -0.4198 0.5432
vn 0.7026 -0.4357 0.5626
vn 0.7487 -0.3915 0.5349
vn 0.7248 -0.4162 0.5491
vn 0.7526 -0.3960 0.5260
vn 0.1584 0.8951 0.4168
vn 0.1391 0.8782 0.4576
vn -0.7497 -0.6301 -0.2023
vn -0.8535 -0.4769 0.2099
vn -0.7497 -0.6301 -0.2024
vn 0.9191 0.1723 0.3544
vn 0.9200 0.1818 0.3472
vn 0.9159 0.1874 0.3550
vn 0.9200 0.1819 0.3472
vn 0.1969 0.8849 0.4221
vn -0.8164 0.1616 0.5544
vn -0.8163 0.1402 0.5603
vn -0.8142 0.1515 0.5605
vn -0.3866 0.9222 -0.0094
vn -0.8452 0.1399 0.5159
vn -0.8904 0.1402 0.4330
vn 0.9316 -0.1415 0.3349
vn 0.9248 -0.1243 0.3597
vn 0.0737 -0.9691 0.2353
vn -0.4577 0.8843 -0.0925
vn -0.5960 -0.7467 0.2954
vn 0.2551 -0.9290 0.2682
vn -0.4770 -0.0917 0.8741
vn -0.6634 -0.1889 0.7240
vn 0.7058 0.0509 0.7066
vn 0.7915 0.0148 0.6110
vn 0.6799 0.0807 0.7288
vn -0.2637 0.4345 0.8612
vn 0.2785 0.5216 0.8065
vn 0.3446 0.6256 0.6999
vn 0.3513 0.5546 0.7543
vn -0.3336 -0.8503 0.4072
vn -0.3481 -0.8605 0.3720
vn -0.5474 -0.3829 0.7441
vn 0.2897 0.4879 0.8234
vn 0.3358 0.5326 0.7769
vn -0.5769 -0.8128 0.0810
vn 0.1595 -0.9355 0.3154
vn 0.1983 0.4161 0.8874
vn 0.1998 0.4081 0.8908
vn 0.3345 -0.0028 0.9424
vn 0.2137 0.5884 0.7798
vn 0.1806 0.6254 0.7591
vn 0.1954 0.5586 0.8061
vn 0.3975 -0.2682 0.8775
vn 0.3445 0.6256 0.6999
vn 0.3825 0.6252 0.6803
vn 0.1998 0.4082 0.8908
vn -0.2714 0.1455 0.9514
vn -0.7402 0.3390 0.5806
vn -0.1519 -0.6386 0.7544
vn -0.6599 -0.7097 -0.2465
vn -0.6253 -0.7616 0.1700
vn -0.6959 -0.6735 0.2492
vn 0.2027 -0.3676 0.9076
vn 0.1519 -0.4898 0.8585
vn 0.2550 0.4830 0.8377
vn 0.2340 0.5483 0.8029
vn 0.3493 0.4406 0.8270
vn -0.4292 -0.8704 0.2413
vn -0.4329 -0.8699 0.2365
vn -0.4248 -0.8501 0.3111
vn -0.4228 -0.7903 0.4435
vn -0.4129 -0.8336 0.3669
vn -0.5939 0.3922 0.7025
vn 0.3101 -0.1133 0.9439
vn -0.2786 0.5069 0.8157
vn -0.2606 0.5445 0.7972
vn 0.2245 -0.4754 0.8507
vn 0.2152 -0.4914 0.8440
vn 0.2120 -0.4763 0.8533
vn 0.1715 -0.4878 0.8560
vn -0.2659 -0.7503 0.6053
vn -0.5261 -0.8486 0.0559
vn -0.3482 -0.8605 0.3719
vn 0.1884 0.7004 0.6884
vn 0.1798 0.7541 0.6316
vn 0.1358 0.8488 0.5109
vn 0.0824 0.8550 0.5121
vn -0.0044 -0.8117 0.5841
vn -0.0603 -0.7717 0.6331
vn 0.8965 -0.0637 0.4385
vn 0.2752 -0.3893 0.8791
vn 0.2426 -0.3807 0.8923
vn 0.2444 -0.3674 0.8974
vn 0.2154 0.3695 0.9039
vn 0.2136 0.4024 0.8902
vn 0.2176 0.3809 0.8987
vn 0.2013 0.4839 0.8517
vn 0.1975 0.4698 0.8604
vn 0.1491 -0.3620 0.9202
vn 0.2727 -0.4399 0.8557
vn 0.1375 -0.5746 0.8068
vn 0.0941 0.0517 0.9942
vn 0.1378 0.0961 0.9858
vn 0.3152 -0.0162 0.9489
vn 0.3525 -0.1271 0.9271
vn -0.6375 -0.1461 0.7564
vn -0.2712 -0.0211 0.9623
vn -0.2746 -0.1014 0.9562
vn 0.1864 -0.3114 0.9318
vn 0.1745 -0.3292 0.9280
vn 0.1931 -0.4886 0.8509
vn 0.1807 -0.5078 0.8423
vn 0.1714 -0.4878 0.8560
vn 0.1535 -0.3493 0.9244
vn 0.2628 -0.5047 0.8224
vn 0.2692 -0.4489 0.8521
vn 0.1374 0.5333 0.8347
vn 0.1409 0.5373 0.8316
vn 0.1475 0.5437 0.8262
vn 0.6075 -0.3192 0.7273
vn 0.2144 0.6742 0.7067
vn 0.2275 -0.5090 0.8302
vn 0.2420 -0.4940 0.8351
vn 0.1786 -0.5231 0.8333
vn 0.8850 -0.0375 0.4641
vn 0.8541 0.2723 0.4430
vn 0.4475 -0.0285 0.8938
vn 0.6277 -0.0094 0.7784
vn 0.3020 -0.1667 0.9386
vn 0.4475 -0.0285 0.8939
vn 0.2799 0.0719 0.9573
vn 0.3412 0.1898 0.9206
vn 0.1924 -0.2457 0.9501
vn 0.2171 -0.2602 0.9408
vn 0.3136 -0.6687 0.6741
vn 0.3577 0.1291 0.9248
vn 0.3766 0.1355 0.9164
vn 0.2118 -0.5755 0.7899
vn 0.2143 0.6742 0.7067
vn 0.2582 0.6621 0.7036
vn -0.6601 -0.7335 0.1618
vn -0.6374 -0.7480 -0.1848
vn 0.5623 0.0754 0.8235
vn 0.5327 0.0992 0.8405
vn -0.1457 0.1083 0.9834
vn -0.1464 0.2095 0.9668
vn -0.4809 -0.6749 0.5597
vn 0.2919 -0.3337 0.8963
vn -0.3743 0.9127 -0.1638
vn -0.2883 0.9395 0.1848
vn 0.2483 -0.9440 0.2173
vn 0.1422 -0.9574 0.2513
vn -0.3208 0.5361 0.7808
vn -0.3438 0.5124 0.7869
vn -0.3123 0.4820 0.8186
vn 0.0826 0.7742 0.6275
vn 0.1392 -0.8321 0.5369
vn 0.1590 -0.8231 0.5452
vn 0.1528 -0.7662 0.6241
vn 0.1784 -0.7118 0.6793
vn 0.1600 -0.7108 0.6850
vn 0.1529 -0.7662 0.6241
vn 0.4500 -0.6939 0.5622
vn -0.2848 0.1549 0.9460
vn -0.2084 0.1007 0.9729
vn -0.2638 0.0030 0.9646
vn -0.2712 -0.0212 0.9623
vn 0.1389 -0.3496 0.9266
vn 0.1493 -0.3441 0.9270
vn 0.1428 -0.3474 0.9268
vn 0.3958 0.0519 0.9168
vn 0.3832 0.0495 0.9223
vn 0.2005 0.4697 0.8597
vn 0.3331 0.4382 0.8349
vn 0.3171 0.4592 0.8298
vn -0.2380 0.8724 0.4270
vn 0.0502 0.9187 -0.3917
vn -0.2176 0.7304 -0.6474
vn -0.2177 0.7304 -0.6474
vn 0.1519 -0.3139 0.9372
vn 0.1573 -0.2897 0.9441
vn 0.1700 -0.3064 0.9366
vn 0.1336 -0.3538 0.9257
vn 0.1287 -0.3634 0.9227
vn 0.1380 -0.3585 0.9233
vn 0.1533 -0.3433 0.9266
vn 0.2907 0.4210 0.8592
vn 0.2836 0.4457 0.8490
vn 0.2784 0.4333 0.8572
vn 0.1413 -0.3465 0.9273
vn 0.1511 -0.3354 0.9299
vn 0.1518 -0.3447 0.9263
vn 0.1492 -0.3441 0.9270
vn 0.1628 0.5648 0.8090
vn 0.1618 0.5872 0.7931
vn 0.5026 0.4598 0.7321
vn 0.4940 0.4433 0.7480
vn 0.7980 -0.2563 0.5454
vn 0.7931 -0.2732 0.5443
vn 0.1495 0.8293 0.5385
vn 0.1668 0.8104 0.5617
vn 0.4160 0.5207 0.7455
vn 0.3665 0.4443 0.8175
vn 0.4610 -0.2029 0.8639
vn 0.3730 -0.6016 0.7064
vn 0.3025 -0.0560 0.9515
vn 0.3086 -0.1634 0.9370
vn 0.1998 0.9796 0.0232
vn 0.7419 -0.6699 -0.0292
vn -0.2110 -0.5724 0.7924
vn -0.2631 -0.5364 0.8019
vn -0.5497 -0.8343 0.0418
vn 0.1411 -0.9168 0.3737
vn 0.2437 0.4599 0.8539
vn 0.2255 0.4653 0.8559
vn 0.3417 0.4241 0.8387
vn -0.6374 -0.7480 -0.1849
vn -0.1059 -0.8631 0.4937
vn 0.0426 -0.7334 0.6784
vn 0.3706 0.8959 0.2449
vn -0.1390 -0.9884 -0.0616
vn -0.1906 -0.9807 -0.0446
vn 0.1393 -0.4992 0.8552
vn 0.3985 -0.3655 0.8412
vn -0.6760 -0.2630 -0.6884
vn 0.0769 -0.7717 0.6313
vn 0.0769 -0.7718 0.6312
vn -0.6759 -0.2629 -0.6885
vn 0.1998 0.9796 0.0231
vn 0.2358 0.9560 -0.1746
vn 0.1068 -0.4685 0.8770
vn -0.4906 -0.8599 0.1410
vn -0.2561 -0.7519 0.6075
vn 0.4740 -0.1998 0.8576
vn -0.3769 -0.8038 0.4603
vn -0.3103 -0.7871 0.5330
vn 0.2891 -0.1146 0.9504
vn 0.1997 -0.3323 0.9218
vn 0.1097 0.1719 0.9790
vn 0.0364 -0.2742 0.9610
vn 0.0409 0.3346 0.9415
vn 0.0759 -0.4116 0.9082
vn 0.2913 0.1670 0.9419
vn 0.4506 0.0059 0.8927
vn 0.4691 0.0024 0.8831
vn 0.1740 -0.5403 0.8233
vn -0.4719 -0.8587 0.1997
vn -0.4292 -0.8704 0.2414
vn -0.4719 -0.8587 0.1998
vn -0.5144 0.5760 0.6352
vn 0.4685 -0.4187 0.7779
vn -0.4490 0.8816 -0.1457
vn -0.3870 0.8985 -0.2071
vn 0.0424 0.8655 0.4991
vn 0.5654 0.4977 0.6577
vn 0.1184 0.9040 0.4108
vn 0.0816 -0.7377 0.6701
vn 0.0817 -0.7377 0.6701
vn 0.2013 0.4838 0.8517
vn 0.2007 0.4826 0.8525
vn 0.1458 -0.3605 0.9213
vn 0.8173 -0.1998 0.5404
vn 0.0624 0.9422 0.3290
vn 0.2347 0.2298 0.9445
vn 0.2265 0.2389 0.9443
vn -0.0102 0.0288 0.9995
vn 0.2108 -0.2113 0.9544
vn 0.2518 -0.3163 0.9146
vn -0.0505 0.0602 0.9969
vn -0.0570 0.0536 0.9969
vn -0.0217 0.0510 0.9985
vn 0.2592 0.2693 0.9275
vn 0.2385 -0.3113 0.9199
vn 0.2549 -0.2576 0.9320
vn 0.2648 -0.2530 0.9305
vn 0.3552 -0.1463 0.9233
vn 0.3395 -0.1641 0.9262
vn -0.0552 0.0405 0.9977
vn 0.1806 -0.4349 0.8822
vn 0.1733 -0.4400 0.8811
vn 0.0997 0.5218 0.8473
vn 0.1258 0.4598 0.8791
vn 0.1936 0.5173 0.8336
vn 0.1807 0.4937 0.8506
vn 0.5489 0.0961 0.8304
vn 0.1286 -0.5336 0.8359
vn 0.1988 0.6940 0.6920
vn 0.0636 0.9120 0.4052
vn 0.0812 0.9050 0.4176
vn -0.4042 0.8541 -0.3272
vn 0.3954 0.1022 0.9128
vn 0.2679 -0.5298 0.8047
vn 0.2690 -0.5811 0.7681
vn 0.2677 -0.5361 0.8006
vn 0.1633 -0.5369 0.8277
vn 0.2034 -0.5604 0.8028
vn -0.4361 -0.8067 0.3987
vn -0.5045 -0.8587 0.0896
vn 0.7946 0.3874 0.4676
vn 0.1071 -0.9343 0.3400
vn -0.3352 0.9081 0.2511
vn 0.9171 -0.1611 0.3646
vn 0.0773 0.7632 0.6415
vn -0.6304 -0.7147 -0.3030
vn -0.6427 -0.6487 -0.4075
vn 0.1097 0.8694 0.4817
vn 0.1160 0.8821 0.4566
vn 0.1351 -0.3097 0.9412
vn 0.0972 -0.4470 0.8893
vn -0.0053 -0.9451 0.3268
vn 0.2920 0.9333 0.2089
vn 0.2086 -0.6707 0.7118
vn 0.0117 0.1838 0.9829
vn -0.7226 -0.3249 -0.6102
vn -0.5212 -0.8529 0.0322
vn 0.0468 0.9801 -0.1930
vn 0.3763 0.9190 0.1175
vn 0.1794 -0.4568 0.8713
vn 0.1906 -0.4557 0.8695
vn 0.1849 -0.4583 0.8693
vn -0.3479 -0.7049 0.6182
vn -0.4700 -0.7377 0.4846
vn -0.6254 -0.7616 0.1700
vn -0.0447 -0.9963 -0.0728
vn 0.0800 0.9588 0.2726
vn 0.0638 0.9495 0.3071
vn -0.3439 0.5124 0.7869
vn -0.3652 0.5468 0.7534
vn -0.3561 0.5040 0.7869
vn -0.2328 0.6166 0.7520
vn -0.1758 -0.6000 0.7805
vn -0.2187 -0.6711 0.7084
vn -0.1494 -0.6189 0.7711
vn 0.1693 0.6854 0.7082
vn 0.1985 0.6467 0.7364
vn 0.1425 -0.4685 0.8719
vn 0.1451 -0.4816 0.8643
vn 0.1631 -0.5869 0.7930
vn 0.2491 0.5951 0.7640
vn 0.2568 0.5816 0.7719
vn 0.2789 0.5315 0.7998
vn 0.2068 -0.7733 0.5993
vn 0.2939 -0.6120 0.7343
vn 0.5960 0.0760 0.7994
vn -0.8035 -0.0464 0.5935
vn -0.1796 -0.9565 -0.2300
vn -0.9573 0.2263 0.1801
vn -0.6602 -0.7335 0.1618
vn -0.5359 -0.8341 0.1304
vn 0.0002 -0.8986 0.4387
vn 0.1949 -0.7463 0.6364
vn 0.3259 -0.6517 0.6849
vn 0.3492 -0.6413 0.6832
vn 0.5509 0.2121 0.8072
vn 0.1813 -0.8915 0.4152
vn 0.1548 -0.9093 0.3864
vn 0.1470 -0.8917 0.4282
vn 0.8783 0.1852 0.4407
vn 0.9007 0.1974 0.3869
vn -0.2868 0.3815 0.8788
vn 0.3181 -0.6462 0.6937
vn 0.2354 -0.6756 0.6987
vn 0.2857 -0.6555 0.6991
vn -0.0623 -0.8971 0.4374
vn -0.1450 -0.9564 0.2535
vn 0.1866 -0.7163 0.6724
vn 0.0677 -0.9481 0.3107
vn 0.1182 -0.3422 0.9322
vn 0.2930 -0.4138 0.8619
vn 0.1083 -0.1180 0.9871
vn 0.1903 -0.1106 0.9755
vn 0.2986 -0.3853 0.8731
vn 0.4188 0.0986 0.9027
vn 0.2467 -0.3150 0.9165
vn 0.1333 0.4213 0.8971
vn 0.2595 0.5362 0.8032
vn 0.2455 0.3893 0.8878
vn -0.2083 0.1007 0.9729
vn -0.1804 0.0517 0.9822
vn -0.2481 0.0276 0.9683
vn 0.4284 0.1164 0.8960
vn 0.6781 0.0112 0.7348
vn 0.2595 0.5361 0.8033
vn 0.3042 0.5773 0.7577
vn 0.0908 -0.6239 0.7762
vn 0.1018 -0.6368 0.7643
vn 0.2125 0.4189 0.8828
vn -0.1997 -0.2776 0.9397
vn -0.1107 -0.2258 0.9679
vn -0.1503 -0.2256 0.9626
vn 0.3247 -0.6341 0.7017
vn 0.2824 -0.6027 0.7464
vn 0.1353 -0.3234 0.9365
vn 0.3014 -0.2687 0.9149
vn 0.1466 -0.4426 0.8847
vn 0.0800 -0.4423 0.8933
vn 0.2785 0.5216 0.8064
vn 0.2032 0.4527 0.8682
vn 0.3578 0.1292 0.9248
vn -0.4849 0.1851 0.8548
vn -0.5489 0.1748 0.8174
vn -0.6469 0.0197 0.7624
vn -0.5246 0.1019 0.8452
vn -0.5601 -0.0159 0.8283
vn -0.3054 -0.3691 0.8778
vn -0.2890 -0.3177 0.9031
vn -0.3585 -0.3620 0.8605
vn 0.1849 -0.4583 0.8694
vn 0.1457 -0.3605 0.9213
vn 0.1428 -0.3593 0.9223
vn 0.1511 -0.3531 0.9233
vn 0.2102 0.4528 0.8665
vn 0.2094 0.4528 0.8667
vn 0.1564 0.5713 0.8057
vn 0.3991 0.3831 0.8330
vn 0.5128 0.0710 0.8555
vn 0.4922 0.0390 0.8696
vn 0.5147 0.0294 0.8569
vn -0.3823 -0.7507 0.5387
vn 0.1500 -0.4493 0.8807
vn 0.1523 -0.4587 0.8755
vn 0.1720 -0.7936 0.5836
vn 0.2549 -0.7057 0.6611
vn 0.3028 0.5490 0.7791
vn 0.2789 0.5316 0.7998
vn 0.3483 0.5006 0.7925
vn 0.5009 0.4127 0.7608
vn -0.0013 0.7692 0.6390
vn 0.1800 0.6488 0.7394
vn 0.1793 0.6191 0.7646
vn -0.4975 0.6620 0.5606
vn -0.0496 -0.9024 0.4279
vn 0.0472 -0.8788 0.4749
vn 0.2721 -0.8630 0.4257
vn -0.4047 0.3733 -0.8348
vn -0.5205 0.6101 -0.5974
vn 0.1879 -0.6746 0.7139
vn 0.1929 -0.6533 0.7321
vn 0.1536 0.8407 0.5193
vn 0.0987 0.8205 0.5631
vn 0.2338 -0.6782 0.6967
vn 0.2269 0.6595 0.7166
vn 0.5824 -0.3733 0.7221
vn 0.7502 -0.1910 0.6330
vn 0.7548 -0.1872 0.6286
vn 0.1737 -0.5440 0.8209
vn 0.5936 0.4920 0.6369
vn 0.7565 0.2254 0.6140
vn 0.5495 -0.4968 0.6717
vn 0.1457 -0.2159 0.9655
vn 0.1715 -0.2079 0.9630
vn 0.1692 -0.1928 0.9665
vn 0.1886 -0.2144 0.9584
vn 0.2950 0.3499 0.8891
vn 0.2985 0.3052 0.9043
vn 0.3141 0.3351 0.8883
vn 0.1994 0.4932 0.8468
vn 0.2043 0.4721 0.8576
vn 0.1509 -0.3473 0.9255
vn 0.3044 0.9501 0.0685
vn 0.3785 0.9121 0.1573
vn 0.1611 -0.3854 0.9086
vn 0.1840 -0.3578 0.9155
vn 0.3508 0.3812 0.8554
vn 0.3528 0.4252 0.8335
vn 0.3464 0.4216 0.8380
vn 0.1668 0.8103 0.5617
vn 0.1798 0.7542 0.6316
vn 0.7336 -0.1606 0.6604
vn 0.7105 -0.1314 0.6913
vn 0.6967 -0.3300 0.6369
vn 0.7065 -0.3160 0.6333
vn 0.2144 0.6742 0.7068
vn 0.1912 0.6875 0.7006
vn 0.2394 0.6677 0.7049
vn 0.8279 -0.2222 0.5150
vn 0.4333 -0.4862 0.7589
vn 0.3722 -0.4970 0.7839
vn 0.2606 -0.3007 0.9174
vn 0.2469 -0.3292 0.9114
vn 0.2417 0.2352 0.9414
vn 0.2668 0.2331 0.9351
vn 0.2093 -0.0184 0.9777
vn 0.0318 -0.0635 0.9975
vn 0.0564 -0.0907 0.9943
vn 0.0923 0.0872 0.9919
vn 0.1178 0.1102 0.9869
vn 0.0848 0.0639 0.9943
vn 0.1461 -0.1880 0.9712
vn 0.2370 -0.3441 0.9085
vn 0.2311 -0.3530 0.9066
vn 0.3306 0.0808 0.9403
vn 0.3160 -0.0376 0.9480
vn 0.3578 -0.2594 0.8970
vn 0.3404 -0.2961 0.8925
vn 0.3974 -0.2654 0.8785
vn 0.3974 -0.2654 0.8784
vn 0.3867 -0.2621 0.8842
vn 0.2623 -0.3748 0.8892
vn 0.2259 -0.3423 0.9120
vn 0.2951 0.3500 0.8891
vn 0.3505 -0.1813 0.9188
vn 0.3664 -0.0636 0.9283
vn 0.3737 -0.0333 0.9270
vn 0.0648 -0.3288 0.9422
vn 0.0592 -0.2884 0.9557
vn 0.1624 -0.3305 0.9297
vn 0.1445 0.4209 0.8955
vn 0.1081 0.4562 0.8833
vn 0.1284 0.4505 0.8835
vn 0.1254 0.4397 0.8894
vn 0.1064 0.5763 0.8103
vn 0.1201 0.5432 0.8309
vn 0.1741 0.4717 0.8644
vn 0.1865 0.4581 0.8691
vn 0.1717 0.5041 0.8464
vn 0.1213 -0.4054 0.9060
vn 0.1273 -0.3893 0.9122
vn 0.1128 -0.4481 0.8868
vn 0.1551 -0.3821 0.9110
vn 0.1435 -0.3677 0.9188
vn 0.2497 0.4828 0.8394
vn 0.2615 0.4523 0.8527
vn 0.3724 0.4256 0.8247
vn 0.3039 0.5315 0.7907
vn 0.3697 0.3719 0.8515
vn 0.3855 0.3395 0.8580
vn 0.1563 0.5714 0.8056
vn 0.1588 0.5807 0.7985
vn 0.5279 0.0873 0.8448
vn 0.5263 0.0629 0.8480
vn 0.5644 0.0865 0.8210
vn 0.1642 0.5113 0.8436
vn 0.1675 0.5123 0.8423
vn 0.1441 -0.4826 0.8639
vn 0.5444 -0.0892 0.8341
vn 0.1804 0.6587 0.7304
vn 0.1913 0.6512 0.7344
vn -0.1471 0.8049 0.5749
vn 0.1596 -0.7376 0.6560
vn 0.2113 -0.6604 0.7206
vn 0.1499 -0.8021 0.5781
vn 0.1327 -0.5617 0.8166
vn 0.1356 -0.5428 0.8289
vn 0.1920 -0.6445 0.7401
vn 0.1885 -0.6485 0.7375
vn 0.1786 -0.6751 0.7158
vn 0.2264 0.6600 0.7163
vn 0.2179 0.6775 0.7025
vn 0.2217 0.6815 0.6974
vn 0.4007 0.5353 0.7436
vn 0.1352 0.7747 0.6177
vn 0.1355 0.7387 0.6602
vn 0.0941 0.7913 0.6041
vn 0.3059 0.4960 0.8127
vn 0.4269 0.5096 0.7471
vn 0.6851 -0.3272 0.6508
vn 0.1585 0.7956 0.5848
vn 0.1907 0.6814 0.7067
vn 0.3744 0.5978 0.7089
vn 0.3752 0.5797 0.7233
vn 0.7588 -0.2134 0.6154
vn 0.7346 -0.2060 0.6464
vn 0.7900 -0.0927 0.6061
vn 0.7738 -0.1258 0.6208
vn 0.1040 0.8741 0.4745
vn 0.0733 -0.5795 0.8116
vn 0.0991 -0.5697 0.8158
vn 0.2246 0.3665 0.9029
vn 0.1151 -0.7230 0.6812
vn 0.1370 -0.7277 0.6721
vn 0.1060 -0.8167 0.5672
vn 0.1584 0.7332 0.6614
vn 0.0980 -0.8518 0.5146
vn 0.4814 -0.4875 0.7285
vn 0.3528 0.4253 0.8335
vn 0.3721 0.4143 0.8306
vn 0.2615 0.4522 0.8527
vn 0.2454 -0.3444 0.9062
vn 0.2208 -0.4357 0.8726
vn 0.1076 -0.5377 0.8362
vn 0.0528 -0.5091 0.8591
vn 0.0496 -0.8464 0.5302
vn -0.8662 -0.1591 0.4737
vn 0.5383 0.5742 0.6169
vn -0.1792 -0.7212 0.6691
vn -0.1787 -0.6712 0.7194
vn -0.1550 -0.6984 0.6988
vn 0.1014 0.8565 0.5061
vn 0.1268 -0.9235 0.3621
vn 0.1283 -0.9121 0.3895
vn 0.1386 -0.9195 0.3677
vn -0.8990 0.1708 0.4033
vn 0.7271 -0.4198 0.5433
vn -0.7194 -0.0102 0.6945
vn -0.3873 0.9120 -0.1351
vn 0.0881 0.9220 0.3770
vn 0.0913 0.9068 0.4115
vn 0.3077 0.5384 0.7845
vn 0.3479 0.4758 0.8078
vn 0.3058 0.4960 0.8127
vn 0.1666 0.6645 0.7285
vn 0.1774 0.5920 0.7862
vn 0.1445 -0.3797 0.9138
vn 0.1273 -0.3894 0.9122
vn 0.1256 0.6585 0.7420
vn 0.1730 0.6194 0.7658
vn 0.1624 -0.3306 0.9297
vn -0.1518 -0.6387 0.7543
vn 0.3604 0.4209 0.8325
vn 0.3301 -0.6097 0.7206
vn 0.4499 -0.6939 0.5622
vn 0.2854 -0.6473 0.7068
vn 0.3127 -0.3909 0.8657
vn 0.2961 0.5829 0.7567
vn -0.3336 -0.8503 0.4071
vn -0.4328 -0.8699 0.2365
vn -0.2176 0.7304 -0.6475
vn 0.1948 -0.7463 0.6364
vn 0.2040 -0.7329 0.6490
vn 0.3375 0.3962 0.8539
vn 0.2119 -0.5755 0.7899
vn 0.5674 0.5790 0.5855
vn -0.3752 0.9265 0.0297
vn 0.2636 -0.6218 0.7375
vn 0.1216 -0.8053 0.5803
vn 0.1784 -0.7118 0.6794
vn 0.1736 -0.7661 0.6188
vn -0.7026 -0.6263 0.3378
vn 0.3986 0.4380 0.8058
vn 0.1399 0.6981 0.7022
vn 0.1140 0.6776 0.7265
vn 0.1115 -0.6571 0.7455
vn -0.3217 0.9033 0.2839
vn -0.1471 0.8049 0.5748
vn 0.3751 0.5009 0.7800
vn 0.1544 -0.3473 0.9250
vn 0.1517 -0.3447 0.9264
vn 0.8212 -0.2690 0.5033
vn 0.3664 0.4443 0.8175
vn 0.1039 0.0577 0.9929
vn -0.0643 -0.2620 0.9629
vn 0.1494 -0.4158 0.8971
vn 0.4609 -0.2029 0.8639
vn 0.1302 -0.4414 0.8878
vn 0.3086 -0.1633 0.9370
vn 0.2730 0.1002 0.9568
vn -0.5047 -0.8352 -0.2185
vn 0.3125 -0.9263 0.2107
vn 0.8784 -0.4732 0.0669
vn 0.0517 -0.6371 0.7690
vn -0.1155 -0.7672 0.6309
vn 0.6718 -0.5451 0.5015
vn 0.3086 -0.1633 0.9371
vn 0.3086 -0.1634 0.9371
vn 0.4182 -0.3983 0.8164
vn 0.3402 -0.7203 0.6045
vn -0.2452 -0.6399 0.7283
vn -0.6244 -0.0798 0.7771
vn -0.6244 -0.0798 0.7770
vn 0.1545 -0.3473 0.9249
vn 0.1533 -0.3454 0.9259
vn 0.4161 0.5208 0.7455
vn -0.5612 -0.6796 -0.4723
vn -0.6374 -0.7481 -0.1848
vn -0.4331 0.7696 0.4692
vn -0.4731 0.8562 0.2075
vn -0.0689 0.4981 0.8644
vn -0.0974 0.4774 0.8733
vn 0.2668 -0.5806 0.7692
vn 0.2735 -0.5339 0.8001
vn 0.2697 -0.5006 0.8226
vn 0.2677 -0.5360 0.8006
vn -0.5363 -0.5703 0.6222
vn -0.1555 -0.8556 0.4937
vn -0.2440 -0.9569 0.1572
vn 0.2292 0.6298 0.7421
vn 0.2690 0.6292 0.7292
vn -0.2956 -0.0809 0.9519
vn 0.2893 -0.3254 0.9002
vn 0.2868 -0.3152 0.9046
vn -0.4049 -0.2827 0.8696
vn -0.3832 -0.2547 0.8878
vn 0.2722 -0.3839 0.8824
vn 0.1367 -0.6735 0.7264
vn 0.1719 -0.6332 0.7546
vn 0.5950 0.4116 0.6903
vn 0.6174 0.4299 0.6588
vn 0.5820 0.4340 0.6877
vn 0.1297 -0.7065 0.6958
vn 0.2235 0.6731 0.7050
vn 0.2583 0.6597 0.7058
vn 0.2230 0.6774 0.7010
vn 0.6835 -0.4474 0.5767
vn 0.6803 -0.4485 0.5797
vn 0.1597 -0.4450 0.8812
vn 0.1752 -0.4320 0.8847
vn 0.1627 0.5675 0.8071
vn 0.1646 0.5697 0.8052
vn 0.4375 -0.5341 0.7234
vn 0.4749 -0.5213 0.7090
vn 0.4374 -0.5624 0.7017
vn 0.3361 -0.3248 0.8841
vn 0.1963 -0.2219 0.9551
vn 0.2023 -0.2049 0.9577
vn 0.3030 -0.1372 0.9431
vn 0.3181 -0.0975 0.9430
vn 0.3109 -0.1198 0.9429
vn 0.1434 -0.2375 0.9607
vn 0.1259 -0.2444 0.9615
vn 0.1884 -0.4286 0.8837
vn 0.1905 -0.4558 0.8695
vn 0.1603 -0.3893 0.9070
vn 0.1575 -0.3626 0.9185
vn 0.2580 0.4389 0.8607
vn 0.3444 0.5867 0.7330
vn 0.3756 0.2751 0.8850
vn 0.2009 0.5826 0.7875
vn 0.1916 0.5943 0.7811
vn -0.2883 0.9395 0.1849
vn 0.1051 0.7582 0.6435
vn 0.2287 0.6866 0.6901
vn 0.7268 -0.2832 0.6258
vn 0.7374 -0.2895 0.6102
vn 0.1826 -0.4272 0.8856
vn 0.7761 0.4038 0.4844
vn -0.3302 -0.7188 0.6117
vn 0.1282 -0.9140 0.3851
vn 0.1247 -0.8915 0.4355
vn 0.6716 -0.4468 0.5911
vn 0.4164 -0.5745 0.7046
vn 0.4844 -0.5762 0.6583
vn 0.2396 0.6591 0.7129
vn 0.1810 0.6642 0.7253
vn -0.6116 -0.3310 0.7186
vn -0.5732 -0.3681 0.7321
vn -0.3850 0.5260 0.7583
vn -0.3755 0.5355 0.7565
vn -0.4719 -0.8588 0.1997
vn 0.2240 -0.6005 0.7676
vn -0.4248 0.8958 0.1308
vn 0.0746 0.8467 0.5269
vn 0.1120 0.8219 0.5585
vn 0.4378 -0.4189 0.7955
vn 0.0382 0.9013 0.4316
vn 0.0487 0.8859 0.4613
vn 0.6649 0.4044 0.6279
vn 0.6406 0.3968 0.6574
vn 0.5876 -0.4381 0.6802
vn 0.6312 -0.4477 0.6333
vn -0.1058 -0.8632 0.4937
vn -0.1977 -0.9596 0.2003
vn -0.1059 -0.8632 0.4937
vn -0.2440 -0.9570 0.1572
vn -0.1917 -0.9769 0.0942
vn 0.1576 0.6958 0.7007
vn 0.2358 0.6532 0.7195
vn 0.1849 0.6750 0.7143
vn 0.2183 0.2184 0.9511
vn 0.2091 -0.2566 0.9436
vn 0.1245 -0.3391 0.9325
vn 0.1162 -0.5478 0.8285
vn 0.0597 -0.6013 0.7968
vn -0.1667 0.0695 0.9835
vn -0.2117 0.0735 0.9746
vn -0.2499 -0.2367 0.9389
vn -0.2550 0.0492 0.9657
vn -0.3208 -0.2548 0.9123
vn 0.0809 -0.6507 0.7551
vn 0.1049 -0.6489 0.7537
vn 0.1122 -0.6365 0.7630
vn 0.0809 -0.6507 0.7550
vn 0.2432 -0.3358 0.9100
vn 0.2716 -0.3125 0.9103
vn 0.2755 -0.3381 0.8999
vn 0.1881 -0.2518 0.9493
vn 0.2172 -0.2602 0.9408
vn 0.2026 -0.2607 0.9439
vn 0.2013 0.6524 0.7307
vn 0.2614 -0.5410 0.7994
vn -0.3156 -0.1177 0.9416
vn 0.2815 -0.2883 0.9152
vn 0.2222 -0.6272 0.7465
vn 0.2299 -0.5724 0.7871
vn 0.2255 0.4515 0.8633
vn -0.2737 0.3882 0.8800
vn -0.0387 0.5104 0.8591
vn 0.2721 -0.3838 0.8824
vn -0.4849 0.1851 0.8547
vn 0.2708 -0.5415 0.7959
vn 0.2599 -0.5783 0.7733
vn 0.2317 0.4868 0.8422
vn -0.6116 -0.3309 0.7186
vn -0.6042 -0.3820 0.6993
vn -0.3439 0.5123 0.7869
vn -0.3208 0.5361 0.7809
vn -0.3478 0.5678 0.7461
vn -0.3824 -0.7507 0.5387
vn 0.1451 -0.4815 0.8643
vn -0.4914 -0.2960 0.8191
vn -0.3823 -0.7507 0.5388
vn 0.5087 0.3767 0.7742
vn 0.1195 0.7365 0.6658
vn 0.1581 0.7110 0.6852
vn 0.1941 -0.7646 0.6146
vn 0.1948 -0.7107 0.6759
vn 0.2045 -0.7132 0.6704
vn 0.1755 -0.6733 0.7182
vn 0.1528 0.7516 0.6417
vn 0.2590 -0.5699 0.7798
vn 0.2706 -0.5123 0.8151
vn 0.2434 -0.5586 0.7929
vn -0.6983 -0.6069 0.3795
vn -0.6758 -0.7277 0.1174
vn 0.1143 0.7664 0.6322
vn 0.1675 0.6576 0.7345
vn 0.1675 0.6577 0.7345
vn 0.1666 0.6958 0.6986
vn 0.6620 0.2362 0.7113
vn 0.6991 0.2612 0.6656
vn 0.1015 0.8565 0.5061
vn 0.1271 0.8512 0.5091
vn 0.1470 -0.8916 0.4282
vn 0.1176 -0.9162 0.3831
vn 0.1004 -0.7932 0.6006
vn 0.1208 -0.8133 0.5692
vn 0.4670 -0.4809 0.7421
vn 0.6621 0.3987 0.6345
vn 0.3187 0.9173 0.2388
vn 0.2227 -0.2210 0.9495
vn 0.2270 -0.2156 0.9497
vn 0.2107 -0.2172 0.9531
vn -0.0505 0.0603 0.9969
vn -0.0522 0.0717 0.9961
vn 0.3629 -0.1008 0.9264
vn 0.3667 -0.0910 0.9259
vn 0.2266 -0.4878 0.8430
vn 0.2164 -0.3966 0.8921
vn 0.1867 -0.4075 0.8939
vn 0.1900 0.5257 0.8292
vn 0.2149 0.5319 0.8191
vn 0.1511 -0.3530 0.9234
vn 0.1625 0.5512 0.8184
vn 0.1622 0.5555 0.8156
vn 0.1624 0.5557 0.8154
vn 0.1646 0.5698 0.8052
vn 0.1622 0.5561 0.8151
vn 0.5421 -0.2384 0.8058
vn 0.5608 -0.2330 0.7945
vn -0.4227 -0.7903 0.4435
vn 0.1410 0.8390 0.5255
vn 0.1426 0.8391 0.5249
vn 0.1403 0.8353 0.5316
vn 0.1124 -0.3946 0.9119
vn -0.0223 -0.4092 0.9122
vn 0.3032 0.1302 0.9440
vn 0.0399 -0.0061 0.9992
vn 0.2665 -0.2485 0.9312
vn 0.1748 -0.1871 0.9667
vn 0.1716 -0.1707 0.9703
vn 0.1646 -0.1838 0.9691
vn 0.2305 -0.3616 0.9034
vn 0.2310 -0.3531 0.9066
vn 0.2323 -0.3503 0.9074
vn 0.2067 -0.2122 0.9551
vn 0.2079 -0.1981 0.9579
vn 0.1878 -0.2090 0.9597
vn 0.2380 -0.1501 0.9596
vn 0.2108 -0.2172 0.9531
vn 0.3026 0.1096 0.9468
vn 0.2826 -0.1764 0.9429
vn -0.0890 0.0476 0.9949
vn -0.1214 0.0465 0.9915
vn -0.1020 0.0503 0.9935
vn 0.3912 -0.2694 0.8800
vn 0.3868 -0.2621 0.8842
vn 0.2254 -0.2857 0.9315
vn 0.2384 -0.2602 0.9357
vn 0.2184 -0.2744 0.9365
vn -0.1197 0.0534 0.9914
vn 0.1784 -0.4473 0.8764
vn 0.1905 -0.4557 0.8695
vn 0.1950 0.4875 0.8511
vn 0.1874 0.4837 0.8549
vn 0.1722 -0.3619 0.9162
vn 0.1550 -0.3618 0.9193
vn 0.3061 0.4070 0.8606
vn 0.3001 0.4343 0.8493
vn 0.3787 -0.0116 0.9254
vn 0.3904 0.0108 0.9206
vn 0.2797 -0.5952 0.7534
vn 0.2799 -0.5264 0.8029
vn 0.2845 -0.5296 0.7991
vn 0.1966 -0.4758 0.8573
vn 0.1802 -0.3741 0.9097
vn 0.1826 0.5313 0.8273
vn 0.1741 -0.4349 0.8835
vn 0.1428 -0.3592 0.9223
vn 0.1434 -0.3586 0.9224
vn 0.1505 -0.3504 0.9244
vn 0.1544 -0.3472 0.9250
vn 0.2430 0.5513 0.7982
vn 0.2734 -0.4366 0.8571
vn 0.2845 -0.3638 0.8870
vn 0.3883 0.3904 0.8348
vn 0.3721 0.4144 0.8306
vn 0.4038 -0.0638 0.9126
vn 0.4160 -0.0849 0.9054
vn 0.4550 -0.1341 0.8804
vn 0.1803 0.5036 0.8449
vn 0.1853 0.5056 0.8426
vn 0.1727 0.5243 0.8338
vn 0.1804 0.5036 0.8449
vn 0.2043 0.5382 0.8177
vn 0.2007 0.5813 0.7885
vn 0.2172 0.5678 0.7940
vn 0.3128 -0.4582 0.8320
vn -0.1362 0.8667 0.4799
vn 0.1754 0.7568 0.6296
vn 0.1600 0.7541 0.6370
vn 0.1571 -0.5564 0.8159
vn 0.0948 -0.8868 0.4522
vn 0.1584 0.7332 0.6613
vn 0.1653 0.6999 0.6949
vn 0.1679 0.7869 0.5939
vn 0.1791 0.7575 0.6278
vn 0.1791 0.7575 0.6277
vn 0.1679 0.7868 0.5939
vn 0.1648 0.7989 0.5784
vn 0.3744 0.5977 0.7089
vn 0.3881 0.6100 0.6909
vn 0.7233 -0.3185 0.6126
vn 0.1759 0.7696 0.6137
vn 0.1536 0.8102 0.5656
vn 0.1245 -0.5508 0.8253
vn 0.1890 -0.5237 0.8306
vn 0.1590 -0.5419 0.8252
vn 0.2098 -0.5044 0.8376
vn 0.2421 -0.4940 0.8351
vn 0.1105 -0.5322 0.8393
vn 0.7108 -0.3330 0.6195
vn 0.7553 -0.1838 0.6290
vn 0.7335 -0.1606 0.6604
vn 0.1153 -0.9194 0.3761
vn 0.1068 -0.9137 0.3922
vn 0.1351 -0.8769 0.4613
vn 0.8426 -0.2174 0.4927
vn 0.7860 0.1052 0.6093
vn 0.5828 -0.0316 0.8120
vn 0.7688 0.1306 0.6260
vn -0.2698 0.4482 0.8522
vn 0.0821 0.8656 0.4940
vn 0.1022 0.8496 0.5174
vn 0.1591 -0.8231 0.5452
vn 0.1846 0.7378 0.6493
vn 0.1758 0.7857 0.5931
vn 0.0248 -0.4651 0.8849
vn -0.0564 -0.4853 0.8725
vn 0.1612 -0.3854 0.9085
vn 0.1591 -0.3877 0.9080
vn 0.2638 0.3368 0.9039
vn 0.2950 0.3500 0.8891
vn -0.0048 0.5570 0.8305
vn 0.2650 -0.3276 0.9069
vn 0.1916 0.5942 0.7811
vn 0.1885 0.6061 0.7727
vn 0.1590 -0.5420 0.8252
vn -0.8537 -0.2098 0.4766
vn 0.0655 0.8555 0.5136
vn 0.0846 0.8542 0.5130
vn 0.0541 0.8300 0.5551
vn 0.5068 -0.5131 0.6928
vn 0.1802 -0.3740 0.9097
vn 0.2721 0.2485 0.9297
vn 0.2367 0.5328 0.8125
vn 0.1590 -0.6067 0.7788
vn 0.1696 -0.4126 0.8950
vn 0.2516 0.6363 0.7293
vn 0.2145 0.6527 0.7266
vn 0.1769 0.6919 0.7000
vn 0.8596 -0.0829 0.5042
vn -0.0563 -0.4853 0.8725
vn 0.2086 -0.6708 0.7117
vn 0.2720 0.2485 0.9297
vn 0.1915 0.6750 0.7125
vn 0.1275 0.8553 0.5022
vn 0.1293 0.8194 0.5584
vn -0.3459 -0.5838 -0.7345
vn -0.1017 -0.9920 -0.0746
vn 0.1821 -0.4379 0.8804
vn 0.1356 -0.5427 0.8289
vn -0.4300 0.0195 0.9026
vn -0.2260 0.1081 0.9681
vn -0.5360 -0.8341 0.1303
vn -0.5051 -0.8583 0.0899
vn -0.2868 0.3815 0.8787
vn -0.3170 0.4242 0.8483
vn 0.1004 0.6889 0.7178
vn 0.1351 0.6902 0.7109
vn 0.5507 0.8324 0.0618
vn 0.3187 0.9173 0.2387
vn -0.3070 0.0982 0.9466
vn 0.2445 -0.5829 0.7749
vn -0.3538 0.6479 0.6746
vn -0.2747 -0.7151 0.6428
vn -0.8732 0.1756 0.4547
vn 0.2062 -0.6081 0.7666
vn 0.0973 0.7980 0.5948
vn 0.2745 -0.2916 0.9163
vn 0.2563 -0.3044 0.9174
vn 0.1625 0.5557 0.8154
vn 0.0033 -0.1170 0.9931
vn 0.2734 -0.1619 0.9482
vn 0.2977 -0.0918 0.9502
vn 0.2528 -0.1486 0.9560
vn 0.2743 -0.0841 0.9580
vn 0.2731 0.0177 0.9618
vn -0.0490 0.0414 0.9979
vn 0.1634 -0.3460 0.9239
vn 0.4150 0.0385 0.9090
vn 0.4043 -0.0152 0.9145
vn 0.1514 0.5186 0.8415
vn 0.1600 0.5352 0.8295
vn 0.1563 0.6954 0.7014
vn -0.7239 0.1324 0.6771
vn 0.1096 0.8694 0.4817
vn 0.8937 0.1444 0.4248
vn 0.2869 0.1515 0.9459
vn 0.2764 0.2204 0.9354
vn 0.6146 0.2355 0.7529
vn 0.5972 0.1956 0.7779
vn 0.1410 0.8390 0.5256
vn 0.1351 0.8388 0.5274
vn 0.3035 0.3839 0.8721
vn 0.2747 -0.3102 0.9101
vn 0.1847 0.6220 0.7609
vn 0.1778 0.6379 0.7493
vn 0.1856 0.6402 0.7455
vn 0.1979 0.6243 0.7557
vn 0.0281 0.8330 0.5525
vn 0.0654 0.8555 0.5136
vn 0.1302 -0.4415 0.8878
vn 0.1129 -0.4481 0.8868
vn 0.7695 -0.2035 0.6054
vn 0.3697 0.3720 0.8515
vn 0.1866 -0.7162 0.6725
vn 0.8031 -0.2361 0.5471
vn -0.0557 -0.5427 0.8381
vn 0.4733 -0.2642 0.8403
vn 0.4284 0.1164 0.8961
vn 0.9267 0.2366 0.2919
vn 0.3599 0.9155 0.1796
vn -0.0645 -0.8320 0.5511
vn -0.0078 -0.7532 0.6577
vn 0.2573 -0.8451 0.4687
vn 0.2472 -0.8299 0.5002
vn 0.1958 -0.0310 0.9801
vn 0.3510 -0.5739 0.7399
vn 0.3972 -0.5591 0.7278
vn 0.1123 -0.6365 0.7630
vn 0.1326 -0.6209 0.7726
vn 0.2252 -0.4795 0.8482
vn 0.1967 -0.4758 0.8573
vn -0.6329 0.2397 0.7362
vn 0.1644 -0.6393 0.7512
vn 0.1142 0.7664 0.6321
vn 0.2268 -0.6945 0.6828
vn 0.3099 -0.3709 0.8754
vn 0.3607 -0.0907 0.9283
vn 0.1988 0.6940 0.6919
vn 0.2098 0.6865 0.6963
vn 0.1983 0.6832 0.7027
vn 0.1752 -0.1766 0.9686
vn 0.1459 -0.5360 0.8316
vn 0.1895 -0.5008 0.8446
vn 0.1661 0.6136 0.7719
vn 0.1685 0.5938 0.7868
vn 0.0940 0.7913 0.6041
vn 0.1355 0.7387 0.6603
vn 0.1129 0.7573 0.6432
vn -0.5986 -0.7971 0.0794
vn -0.2238 0.0382 0.9739
vn -0.2614 0.3540 0.8980
vn -0.5683 0.3882 0.7255
vn -0.2186 -0.6711 0.7084
vn -0.2032 0.8439 0.4965
vn 0.3424 -0.4385 0.8310
vn 0.3522 -0.4481 0.8217
vn 0.6644 0.1831 0.7246
vn 0.6743 0.1444 0.7243
vn 0.2722 -0.8046 0.5278
vn -0.2613 0.3539 0.8980
vn -0.1868 0.0914 0.9781
vn 0.6916 0.2838 0.6642
vn 0.6030 0.5009 0.6209
vn 0.4107 0.3300 0.8499
vn 0.2774 -0.2792 0.9193
vn 0.2768 0.0579 0.9592
vn 0.2904 -0.0345 0.9563
vn 0.2768 0.0578 0.9592
vn -0.1738 -0.0321 0.9843
vn -0.0934 -0.0186 0.9955
vn 0.1779 0.4779 0.8602
vn 0.1600 0.5352 0.8294
vn 0.1409 0.5373 0.8315
vn 0.1404 0.5287 0.8371
vn 0.2109 0.4692 0.8576
vn 0.2115 0.4855 0.8483
vn -0.0831 0.7622 0.6420
vn 0.5563 0.1825 0.8107
vn 0.5604 0.2052 0.8024
vn -0.6319 0.2500 0.7336
vn 0.1370 -0.7276 0.6721
vn 0.1641 0.6974 0.6976
vn 0.1695 -0.7496 0.6398
vn 0.2442 0.4802 0.8425
vn 0.5172 -0.4012 0.7559
vn 0.6635 0.3766 0.6465
vn 0.6379 0.3391 0.6915
vn 0.5951 0.4770 0.6468
vn 0.2796 -0.2730 0.9205
vn 0.0761 0.1229 0.9895
vn 0.2575 -0.3608 0.8964
vn 0.1414 -0.3580 0.9229
vn 0.2145 0.6655 0.7149
vn 0.3054 -0.2754 0.9115
vn 0.2966 -0.2338 0.9259
vn 0.2903 -0.1463 0.9457
vn 0.0917 -0.1149 0.9891
vn 0.2306 -0.2048 0.9512
vn 0.2080 -0.1981 0.9579
vn 0.2381 -0.1501 0.9596
vn 0.0072 -0.3207 0.9471
vn -0.0417 -0.3415 0.9390
vn -0.1758 -0.6000 0.7804
vn 0.1588 0.3954 0.9047
vn 0.1461 -0.3859 0.9109
vn 0.1948 0.4558 0.8685
vn 0.1497 -0.3561 0.9224
vn 0.1796 0.5061 0.8436
vn 0.1840 0.4475 0.8752
vn 0.2794 -0.3409 0.8976
vn 0.1413 -0.3581 0.9229
vn 0.3508 0.3813 0.8553
vn 0.4191 -0.1524 0.8950
vn 0.4136 -0.1306 0.9011
vn 0.4231 -0.2270 0.8772
vn 0.2709 -0.5415 0.7959
vn 0.1781 0.5002 0.8474
vn 0.2628 -0.5046 0.8224
vn 0.2365 -0.5766 0.7820
vn 0.2358 0.5981 0.7659
vn 0.2419 0.6397 0.7296
vn 0.0595 0.8004 0.5964
vn 0.2954 0.5318 0.7936
vn -0.0173 -0.8480 0.5297
vn 0.2894 -0.3255 0.9002
vn 0.3074 -0.4622 0.8318
vn 0.3054 -0.4547 0.8366
vn 0.2744 -0.4745 0.8364
vn 0.1400 0.8397 0.5247
vn 0.1369 0.8392 0.5262
vn 0.2954 0.5318 0.7937
vn -0.2606 0.5445 0.7973
vn 0.2897 0.4880 0.8234
vn 0.2124 0.4666 0.8586
vn 0.2228 0.4741 0.8518
vn 0.1562 0.5519 0.8191
vn 0.1594 -0.4224 0.8923
vn 0.1854 0.5056 0.8426
vn 0.3648 -0.0442 0.9300
vn 0.2784 0.4332 0.8572
vn 0.2728 0.4209 0.8651
vn 0.6716 -0.4468 0.5910
vn 0.6936 -0.4285 0.5791
vn 0.4202 0.5243 0.7407
vn 0.1333 0.4214 0.8970
vn 0.1322 0.1623 0.9779
vn 0.6795 -0.0192 0.7334
vn 0.6566 -0.0118 0.7542
vn 0.7305 -0.1626 0.6632
vn 0.6536 -0.4324 0.6212
vn 0.6716 -0.4467 0.5911
vn 0.6936 -0.4285 0.5790
vn 0.0705 -0.1128 0.9911
vn 0.2306 -0.2048 0.9513
vn 0.2734 -0.1620 0.9482
vn 0.2527 -0.1486 0.9560
vn 0.3880 -0.0180 0.9215
vn 0.1497 -0.3560 0.9224
vn 0.1045 0.4840 0.8688
vn 0.2304 0.5368 0.8117
vn 0.2015 0.5324 0.8222
vn 0.2363 0.5806 0.7792
vn 0.4324 -0.1115 0.8948
vn 0.4645 -0.1505 0.8727
vn 0.5208 0.0916 0.8487
vn 0.2730 -0.4654 0.8419
vn 0.2504 0.4067 0.8786
vn 0.2956 0.4450 0.8453
vn 0.4021 0.4050 0.8212
vn 0.0794 -0.6116 0.7872
vn 0.3154 0.4404 0.8406
vn 0.3521 -0.4482 0.8217
vn 0.3177 -0.4620 0.8280
vn 0.1038 0.0576 0.9929
vn -0.0917 -0.5326 0.8414
vn 0.1261 0.8397 0.5282
vn 0.2743 -0.3735 0.8862
vn 0.2023 -0.4823 0.8523
vn 0.1982 -0.8263 0.5272
vn 0.1990 -0.8096 0.5521
vn 0.2505 0.4046 0.8795
vn 0.3814 -0.5764 0.7227
vn 0.1419 0.2045 0.9685
vn 0.1774 -0.3863 0.9052
vn 0.2269 0.6595 0.7167
vn 0.1513 0.8040 0.5750
vn 0.1379 0.8284 0.5430
vn 0.2479 -0.2074 0.9463
vn 0.2350 -0.2165 0.9476
vn -0.1021 0.0503 0.9935
vn 0.3855 0.3394 0.8580
vn 0.1933 -0.5656 0.8017
vn 0.2863 0.5191 0.8053
vn 0.1759 0.7696 0.6138
vn 0.1703 0.7714 0.6132
vn 0.8091 0.3188 0.4937
vn 0.4749 -0.5214 0.7090
vn -0.4176 -0.8263 0.3780
vn -0.3695 -0.8396 0.3981
vn 0.2164 -0.3967 0.8921
vn 0.2162 -0.4633 0.8594
vn 0.1749 0.6443 0.7445
vn 0.1858 0.6053 0.7740
vn -0.4404 -0.2763 0.8542
vn -0.0202 0.4730 0.8809
vn 0.4206 0.5975 0.6827
vn 0.2289 0.6274 0.7443
vn 0.8937 0.1445 0.4248
vn -0.8490 -0.5283 -0.0059
vn 0.3269 0.3760 0.8671
vn 0.3108 0.1120 0.9438
vn 0.7624 0.2076 0.6130
vn -0.4047 0.3732 -0.8348
vn -0.3458 -0.5839 -0.7345
vn 0.0972 -0.4469 0.8893
vn 0.1500 -0.4114 0.8990
vn -0.2041 0.5405 0.8162
vn 0.2743 -0.0840 0.9580
vn 0.1991 0.6446 0.7382
vn 0.8929 0.0671 0.4453
vn 0.2069 -0.7733 0.5993
vn -0.1016 -0.9920 -0.0746
vn 0.8138 0.0769 0.5760
vn 0.8405 -0.0308 0.5409
vn 0.2963 -0.9201 0.2563
vn -0.3602 0.2647 0.8945
vn -0.1071 0.0555 0.9927
vn -0.3174 0.1467 0.9369
vn 0.2291 -0.5399 0.8100
vn 0.0985 -0.6466 0.7564
vn 0.1515 -0.5526 0.8196
vn -0.5206 0.6100 -0.5974
vn 0.0324 -0.5682 0.8222
vn 0.1106 -0.5322 0.8393
vn -0.3249 -0.7077 0.6274
vn 0.8138 0.0768 0.5761
vn 0.7688 0.1307 0.6260
vn -0.0125 0.8964 0.4431
vn 0.0845 0.8783 0.4705
vn -0.0765 0.9969 -0.0153
vn 0.6514 -0.0400 0.7577
vn 0.6203 -0.7841 -0.0196
vn 0.5546 -0.5259 0.6449
vn -0.5633 0.3720 0.7378
vn 0.1070 -0.6473 0.7547
vn -0.1207 0.1351 0.9834
vn 0.0041 0.1212 0.9926
vn 0.3608 0.9286 -0.0871
vn 0.0885 0.8925 -0.4423
vn -0.0035 -0.9985 -0.0546
vn 0.3061 -0.3983 0.8647
vn 0.2312 -0.5092 0.8290
vn -0.1478 0.5611 0.8145
vn -0.1925 0.6088 0.7696
vn 0.1985 0.6467 0.7365
vn 0.1825 0.6651 0.7242
vn 0.8492 -0.3481 0.3970
vn 0.2512 -0.6765 0.6923
vn 0.2416 -0.7033 0.6686
vn 0.2343 -0.5500 0.8016
vn 0.1782 -0.6194 0.7645
vn 0.1617 -0.7360 0.6574
vn 0.3919 0.5092 0.7663
vn 0.3479 0.4759 0.8078
vn 0.4896 -0.3927 0.7785
vn 0.4737 -0.3693 0.7995
vn -0.3835 0.5921 0.7088
vn -0.0861 -0.8998 0.4276
vn 0.0097 -0.8623 0.5062
vn 0.0502 0.9187 -0.3918
vn 0.1108 0.8440 0.5247
vn 0.1230 0.8166 0.5640
vn 0.2459 -0.6832 0.6876
vn 0.2307 -0.8089 0.5407
vn 0.7429 0.3241 0.5857
vn 0.7589 0.3581 0.5439
vn 0.7239 0.3477 0.5959
vn 0.9020 -0.0825 0.4239
vn 0.8910 -0.1256 0.4363
vn 0.9162 -0.1015 0.3876
vn 0.5894 -0.4874 0.6442
vn 0.3484 -0.6152 0.7072
vn 0.0442 -0.9674 0.2495
vn 0.0088 -0.9857 0.1680
vn -0.0440 -0.9725 0.2289
vn -0.0785 0.6122 0.7868
vn 0.1082 -0.1180 0.9871
vn 0.1747 0.1338 0.9755
vn 0.2174 -0.1976 0.9559
vn 0.1774 -0.2954 0.9388
vn 0.0346 -0.6596 0.7508
vn 0.1150 0.8317 0.5432
vn -0.2611 0.6303 0.7311
vn -0.0805 0.0592 0.9950
vn -0.0137 0.0161 0.9998
vn 0.0617 0.0277 0.9977
vn 0.6312 0.0781 0.7717
vn 0.2700 0.5813 0.7676
vn 0.2579 0.5756 0.7760
vn 0.2977 0.6126 0.7322
vn 0.3129 0.4941 0.8112
vn 0.3043 0.5774 0.7577
vn 0.2915 0.6439 0.7074
vn 0.1927 0.6169 0.7631
vn 0.3162 0.6554 0.6859
vn 0.4467 0.6090 0.6555
vn 0.3064 -0.2385 0.9216
vn 0.2966 -0.2339 0.9259
vn 0.2454 0.2576 0.9346
vn 0.2417 -0.0155 0.9702
vn 0.2809 0.0314 0.9592
vn 0.2913 -0.0414 0.9557
vn 0.2997 -0.2504 0.9206
vn 0.2729 -0.2283 0.9346
vn -0.1090 0.5465 0.8304
vn 0.0030 0.5208 0.8537
vn 0.1257 0.6585 0.7420
vn 0.0553 0.6673 0.7428
vn 0.1381 -0.2996 0.9440
vn 0.1447 -0.2686 0.9523
vn 0.2729 -0.1832 0.9444
vn 0.0552 0.1437 0.9881
vn 0.0928 0.1964 0.9761
vn 0.3405 -0.2731 0.8997
vn 0.3917 -0.2586 0.8830
vn 0.3861 -0.2872 0.8766
vn 0.3248 -0.2877 0.9010
vn 0.1399 -0.5408 0.8295
vn 0.1148 -0.5789 0.8073
vn 0.1849 0.6365 0.7488
vn 0.2160 -0.4045 0.8887
vn 0.2320 -0.3695 0.8998
vn 0.2360 -0.3712 0.8981
vn 0.1381 -0.2997 0.9440
vn -0.3129 -0.1619 0.9359
vn -0.1906 -0.9807 -0.0447
vn 0.1960 0.4940 0.8471
vn 0.2424 0.5348 0.8094
vn 0.2960 0.5829 0.7567
vn 0.1593 -0.3866 0.9084
vn 0.1882 -0.4362 0.8799
vn 0.2990 0.4555 0.8385
vn 0.2485 0.4642 0.8502
vn 0.2429 0.4361 0.8665
vn 0.1819 0.4908 0.8521
vn 0.1827 0.4926 0.8509
vn 0.1862 0.4929 0.8500
vn 0.1820 0.4908 0.8521
vn 0.2056 0.5418 0.8150
vn 0.3375 -0.3072 0.8898
vn 0.3505 -0.3111 0.8834
vn 0.2722 -0.4465 0.8524
vn 0.2692 -0.4562 0.8482
vn 0.3991 0.3832 0.8330
vn 0.3979 0.3891 0.8308
vn 0.5027 0.2711 0.8208
vn 0.1117 0.6165 0.7794
vn -0.2084 -0.8725 0.4420
vn 0.2289 -0.6615 0.7142
vn 0.2368 -0.6108 0.7556
vn 0.2477 -0.6186 0.7456
vn 0.2301 -0.5425 0.8079
vn 0.2245 -0.5802 0.7830
vn 0.2288 -0.5607 0.7957
vn 0.2038 -0.6119 0.7643
vn 0.2928 -0.4290 0.8545
vn 0.3102 -0.4033 0.8609
vn 0.1447 0.7429 0.6535
vn 0.1521 0.7148 0.6826
vn 0.1491 -0.6261 0.7654
vn 0.2093 0.6475 0.7328
vn 0.3040 0.4734 0.8267
vn 0.4146 0.4902 0.7667
vn 0.4858 -0.3348 0.8074
vn 0.4524 -0.3608 0.8156
vn 0.4523 -0.3609 0.8156
vn 0.5009 0.4127 0.7607
vn 0.6133 -0.2524 0.7484
vn 0.5669 0.2540 0.7836
vn -0.5981 -0.4663 0.6518
vn -0.5960 -0.4307 0.6777
vn -0.4848 -0.4482 0.7511
vn 0.2108 -0.7472 0.6303
vn 0.2004 -0.7661 0.6107
vn 0.2107 -0.7472 0.6302
vn 0.1739 -0.7380 0.6520
vn 0.1843 -0.6878 0.7021
vn 0.4411 -0.4021 0.8024
vn -0.4655 0.8571 0.2204
vn -0.0192 0.8021 0.5969
vn 0.2307 -0.8089 0.5408
vn 0.1850 -0.6796 0.7099
vn 0.1980 0.7431 0.6392
vn 0.2419 0.6396 0.7296
vn 0.5801 0.3642 0.7286
vn 0.6133 0.3092 0.7268
vn 0.1229 0.8565 0.5013
vn 0.1294 0.8194 0.5584
vn 0.2078 -0.8387 0.5034
vn 0.2078 -0.8387 0.5033
vn 0.6771 -0.2841 0.6789
vn 0.1271 0.8513 0.5091
vn 0.1562 -0.7496 0.6432
vn 0.1734 -0.7093 0.6832
vn 0.1423 -0.7082 0.6916
vn 0.2229 0.6774 0.7010
vn 0.1827 0.6915 0.6989
vn 0.2614 -0.4998 0.8258
vn 0.1890 -0.5238 0.8306
vn 0.8928 0.0670 0.4453
vn 0.4814 -0.4875 0.7284
vn 0.7207 0.3942 0.5702
vn 0.1430 0.9120 0.3846
vn 0.0949 -0.9047 0.4152
vn 0.9176 -0.0341 0.3959
vn -0.1821 -0.1953 0.9637
vn -0.3168 -0.0042 0.9485
vn 0.0314 0.0197 0.9993
vn 0.0323 0.0184 0.9993
vn 0.0299 0.0181 0.9994
vn 0.0300 0.0181 0.9994
vn 0.0301 0.0162 0.9994
vn 0.0299 0.0152 0.9994
vn 0.0342 0.0082 0.9994
vn 0.1772 -0.1920 0.9653
vn 0.1748 -0.1872 0.9666
vn 0.1872 -0.1985 0.9620
vn 0.2040 0.4054 0.8911
vn 0.2020 0.4117 0.8886
vn 0.2076 0.4078 0.8891
vn 0.1789 -0.2202 0.9589
vn 0.1573 -0.2272 0.9610
vn 0.3170 -0.0871 0.9444
vn 0.2649 0.2718 0.9252
vn 0.3322 -0.0944 0.9385
vn 0.3290 -0.1020 0.9388
vn 0.3371 -0.1017 0.9360
vn 0.3279 -0.1450 0.9335
vn 0.3359 -0.1185 0.9344
vn 0.3628 -0.1008 0.9264
vn 0.1375 -0.3638 0.9213
vn 0.4244 0.0717 0.9026
vn 0.4132 0.0593 0.9087
vn 0.1893 0.4428 0.8764
vn 0.1780 0.4925 0.8520
vn 0.1819 0.4908 0.8520
vn 0.2018 -0.4634 0.8628
vn 0.2018 -0.4634 0.8629
vn 0.4192 -0.1524 0.8950
vn 0.4072 -0.1524 0.9005
vn -0.5104 0.1275 0.8504
vn 0.2110 0.4810 0.8510
vn 0.2089 0.5058 0.8370
vn 0.2255 0.5550 0.8007
vn 0.1686 0.6211 0.7654
vn 0.2778 -0.2823 0.9182
vn 0.1876 -0.2610 0.9470
vn 0.2195 -0.2713 0.9371
vn 0.2770 -0.1862 0.9426
vn 0.2776 -0.0991 0.9556
vn 0.2330 0.2433 0.9416
vn 0.2593 0.1129 0.9592
vn 0.2671 0.1176 0.9565
vn 0.1958 -0.0967 0.9759
vn 0.2803 0.1003 0.9546
vn 0.0578 -0.0692 0.9959
vn 0.0279 0.0190 0.9994
vn -0.0100 0.0261 0.9996
vn -0.0811 -0.1322 0.9879
vn 0.1113 -0.1733 0.9786
vn 0.2210 0.3726 0.9013
vn 0.2217 0.3717 0.9015
vn 0.2378 -0.2187 0.9464
vn 0.2487 0.1145 0.9618
vn 0.2590 0.1116 0.9594
vn -0.1931 0.0480 0.9800
vn -0.8249 0.1160 -0.5533
vn -0.8630 0.1546 -0.4810
vn -0.9202 0.1419 -0.3649
vn 0.2171 0.3845 0.8972
vn 0.2018 -0.3157 0.9272
vn 0.2735 -0.2327 0.9333
vn 0.2689 -0.2514 0.9298
vn 0.2769 -0.2334 0.9321
vn 0.2639 -0.2174 0.9397
vn 0.2735 -0.2328 0.9333
vn 0.2839 -0.1895 0.9399
vn 0.3484 -0.1357 0.9275
vn 0.3372 -0.1018 0.9359
vn 0.3462 -0.0985 0.9330
vn 0.3177 -0.2475 0.9153
vn 0.2875 -0.2247 0.9310
vn 0.2972 -0.1982 0.9340
vn -0.1208 0.0544 0.9912
vn 0.0993 0.3366 0.9364
vn 0.1311 0.3486 0.9281
vn 0.0347 0.4818 0.8756
vn 0.1037 0.3613 0.9267
vn 0.2420 -0.3482 0.9056
vn 0.2291 -0.3007 0.9258
vn 0.2343 -0.3036 0.9236
vn 0.2213 -0.3295 0.9178
vn 0.1149 -0.5788 0.8073
vn 0.1399 -0.5618 0.8154
vn 0.1194 -0.6060 0.7865
vn 0.1594 -0.3944 0.9050
vn 0.1791 -0.3945 0.9013
vn 0.1545 -0.3559 0.9216
vn 0.1449 -0.3521 0.9247
vn 0.1389 -0.3496 0.9265
vn 0.1642 -0.3279 0.9303
vn 0.1435 -0.3586 0.9224
vn 0.3289 0.2544 0.9094
vn 0.4003 0.0270 0.9160
vn 0.2543 -0.4461 0.8581
vn 0.2029 0.5038 0.8396
vn 0.1961 0.4940 0.8471
vn 0.2015 0.5324 0.8221
vn 0.1820 0.5000 0.8467
vn 0.1780 0.4924 0.8520
vn 0.1526 0.5105 0.8462
vn 0.2065 0.4895 0.8472
vn 0.2522 0.4995 0.8288
vn 0.2721 -0.4465 0.8524
vn 0.3771 -0.2577 0.8896
vn 0.3903 -0.1758 0.9038
vn 0.4356 -0.1604 0.8857
vn 0.5208 -0.0501 0.8522
vn 0.5239 -0.0684 0.8490
vn 0.0274 -0.5999 0.7996
vn 0.0627 -0.5912 0.8041
vn 0.2222 0.4632 0.8579
vn 0.2038 0.4804 0.8530
vn 0.2124 0.4632 0.8604
vn 0.2096 0.4768 0.8537
vn 0.1833 0.5322 0.8266
vn 0.2349 0.4746 0.8483
vn 0.2517 -0.4848 0.8376
vn 0.5236 0.1996 0.8283
vn 0.5219 0.1104 0.8459
vn 0.1857 0.6402 0.7455
vn 0.1850 0.6589 0.7291
vn 0.2519 -0.5371 0.8051
vn 0.2519 -0.5370 0.8051
vn 0.1692 0.6705 0.7223
vn 0.2199 -0.7524 0.6209
vn 0.2876 -0.4813 0.8280
vn 0.4947 -0.2236 0.8398
vn 0.6225 -0.0148 0.7825
vn 0.6153 -0.0464 0.7870
vn -0.7604 -0.1479 0.6324
vn 0.1672 0.6688 0.7244
vn 0.1800 0.6851 0.7059
vn 0.1914 0.6827 0.7052
vn 0.2055 0.5863 0.7836
vn 0.1974 0.6169 0.7619
vn 0.5632 0.2324 0.7930
vn 0.1652 -0.5320 0.8305
vn 0.1355 -0.5428 0.8289
vn 0.1443 -0.5151 0.8449
vn 0.6075 -0.3193 0.7273
vn 0.6346 -0.3221 0.7025
vn 0.1261 0.8397 0.5283
vn 0.1302 0.8410 0.5252
vn 0.6940 0.0133 0.7199
vn 0.6847 -0.0360 0.7279
vn 0.6829 0.0858 0.7254
vn 0.3641 0.5744 0.7331
vn 0.6915 -0.3146 0.6502
vn 0.3398 0.6169 0.7099
vn 0.7259 -0.1754 0.6651
vn 0.1113 0.8950 0.4320
vn 0.4639 -0.4628 0.7553
vn 0.7036 -0.3377 0.6252
vn 0.7237 -0.3475 0.5963
vn 0.4098 -0.5659 0.7154
vn 0.8135 0.3369 0.4739
vn 0.8112 0.3470 0.4707
vn 0.8012 0.3570 0.4803
vn 0.7543 0.4030 0.5183
vn 0.8469 -0.2374 0.4759
vn 0.9173 0.1631 0.3634
vn 0.9105 0.1929 0.3658
vn 0.4330 0.6373 0.6375
vn 0.0083 0.7493 0.6622
vn -0.5961 -0.4306 0.6777
vn 0.4127 0.1991 0.8889
vn 0.0572 0.1458 0.9877
vn -0.2016 0.4806 0.8535
vn -0.8459 0.0412 0.5318
vn 0.3301 -0.4446 0.8327
vn 0.1351 -0.8769 0.4612
vn 0.1244 -0.8812 0.4561
vn 0.7708 -0.3413 0.5379
vn 0.7813 -0.3312 0.5290
vn 0.7371 -0.3362 0.5862
vn 0.5749 -0.4943 0.6521
vn -0.2616 -0.5260 0.8092
vn 0.3144 0.2861 0.9051
vn 0.2716 0.2481 0.9299
vn 0.2898 0.2499 0.9239
vn -0.1874 0.0168 0.9821
vn 0.2770 0.3727 0.8857
vn 0.3750 0.0772 0.9238
vn 0.3854 0.1231 0.9145
vn 0.3625 0.1047 0.9261
vn 0.3766 0.1354 0.9164
vn 0.1882 0.7171 0.6711
vn 0.7210 -0.0751 0.6888
vn -0.0556 -0.6368 0.7690
vn 0.0112 -0.6192 0.7852
vn -0.0333 -0.6518 0.7577
vn 0.3663 -0.6122 0.7008
vn 0.0912 -0.9326 0.3493
vn 0.1189 0.9022 0.4147
vn -0.8628 -0.2225 0.4539
vn -0.8675 -0.1106 0.4850
vn 0.0912 -0.9326 0.3492
vn 0.0821 -0.9443 0.3186
vn 0.1206 -0.9080 0.4013
vn 0.1278 -0.9200 0.3705
vn -0.4975 0.8625 0.0932
vn -0.4755 0.8762 0.0794
vn 0.0572 0.0222 0.9981
vn -0.1883 0.2504 0.9496
vn 0.1276 -0.0079 0.9918
vn 0.0999 -0.6185 0.7794
vn 0.1500 -0.4114 0.8991
vn 0.1163 -0.5478 0.8285
vn 0.1504 0.1245 0.9807
vn 0.0982 0.1679 0.9809
vn 0.1828 0.6520 0.7358
vn 0.3158 0.8617 0.3972
vn -0.2844 -0.5050 0.8149
vn -0.3208 -0.2547 0.9122
vn -0.2844 -0.5051 0.8149
vn -0.3485 -0.2584 0.9010
vn 0.4843 -0.5762 0.6583
vn 0.4733 -0.2643 0.8403
vn -0.5633 0.3719 0.7378
vn -0.3170 0.2668 0.9101
vn 0.1039 -0.6371 0.7638
vn 0.5201 -0.4318 0.7369
vn 0.2424 0.2329 0.9418
vn 0.2296 0.2566 0.9388
vn 0.0460 -0.0519 0.9976
vn 0.0025 0.6069 0.7948
vn 0.1315 -0.6172 0.7757
vn 0.1114 -0.6324 0.7665
vn -0.4224 0.7529 -0.5047
vn -0.0318 -0.1640 0.9860
vn 0.1356 -0.3470 0.9280
vn 0.1356 -0.3471 0.9280
vn 0.1786 -0.9465 0.2688
vn 0.1672 -0.9615 0.2180
vn 0.1635 -0.9754 0.1478
vn 0.3012 -0.5929 0.7468
vn 0.3405 -0.1078 0.9341
vn 0.3444 -0.1240 0.9306
vn -0.2218 -0.2090 0.9525
vn -0.3493 -0.2157 0.9119
vn -0.1498 0.0506 0.9874
vn -0.0076 0.4092 0.9124
vn -0.0503 0.4124 0.9096
vn 0.2278 -0.5219 0.8220
vn 0.2760 -0.9294 0.2449
vn 0.5578 -0.7836 0.2734
vn 0.3608 0.9286 -0.0872
vn 0.0108 -0.9984 0.0548
vn -0.2457 0.3327 0.9105
vn -0.2197 0.3528 0.9095
vn 0.2433 -0.4282 0.8703
vn 0.2602 -0.5000 0.8260
vn 0.5161 0.2118 0.8299
vn -0.7665 0.0469 0.6405
vn -0.6517 0.1539 0.7427
vn -0.4456 -0.4579 0.7693
vn 0.0824 0.2158 0.9730
vn 0.0687 0.0814 0.9943
vn 0.1574 -0.5024 0.8502
vn 0.1867 -0.6712 0.7174
vn 0.1914 -0.6285 0.7539
vn 0.4197 -0.3321 0.8447
vn 0.4196 -0.3322 0.8447
vn 0.0154 0.6897 0.7240
vn 0.1322 -0.7955 0.5913
vn 0.0707 -0.8360 0.5442
vn 0.2670 -0.6214 0.7366
vn 0.1782 -0.6194 0.7646
vn 0.3057 -0.5487 0.7782
vn 0.6044 0.1046 0.7897
vn 0.5853 0.1610 0.7946
vn 0.5601 0.1182 0.8200
vn 0.5699 0.1481 0.8083
vn 0.5959 0.0760 0.7994
vn -0.6592 -0.5057 0.5566
vn -0.0013 0.7692 0.6391
vn 0.6729 -0.5453 0.4999
vn 0.7418 -0.6699 -0.0292
vn 0.4820 0.4888 0.7271
vn 0.1617 -0.7361 0.6573
vn 0.4736 -0.3693 0.7995
vn -0.8107 0.1523 0.5653
vn -0.6084 -0.7459 -0.2713
vn -0.6305 -0.7147 -0.3030
vn -0.5493 -0.7951 -0.2572
vn -0.2637 -0.8742 0.4078
vn -0.3325 -0.8557 0.3965
vn -0.2461 -0.8506 0.4647
vn -0.3221 -0.8326 0.4507
vn -0.0308 0.8013 0.5975
vn 0.1602 -0.7726 0.6143
vn -0.3339 0.6606 -0.6724
vn 0.0501 0.9187 -0.3917
vn 0.7142 -0.2001 0.6708
vn 0.2459 -0.6831 0.6876
vn 0.2077 -0.8388 0.5033
vn 0.3922 -0.4461 0.8045
vn 0.7154 -0.3040 0.6292
vn 0.6770 -0.2841 0.6789
vn 0.4683 0.3116 0.8268
vn 0.6287 -0.0994 0.7712
vn 0.2461 -0.8741 0.4187
vn 0.2136 -0.8510 0.4798
vn 0.0876 -0.6664 0.7404
vn 0.6579 0.4875 0.5740
vn 0.9188 -0.0662 0.3892
vn 0.9020 -0.0825 0.4238
vn 0.7155 -0.4068 0.5680
vn 0.7248 -0.4161 0.5491
vn -0.2016 0.4805 0.8535
vn -0.1776 0.5231 0.8336
vn -0.1125 0.5801 0.8067
vn -0.2666 0.4073 0.8735
vn 0.3485 -0.6152 0.7072
vn 0.2854 -0.6472 0.7069
vn -0.3169 0.4242 0.8483
vn -0.2186 0.5658 0.7950
vn -0.1977 0.8782 0.4355
vn 0.2979 -0.3698 0.8801
vn 0.0981 0.1680 0.9809
vn -0.0595 0.3643 0.9294
vn 0.4188 0.0985 0.9027
vn 0.1699 0.4714 0.8654
vn 0.2420 0.1945 0.9506
vn 0.2638 -0.1623 0.9508
vn 0.0028 0.6938 0.7201
vn 0.1495 -0.0838 0.9852
vn -0.0165 -0.0143 0.9998
vn -0.1671 0.0516 0.9846
vn -0.0776 0.0320 0.9965
vn 0.0917 0.0687 0.9934
vn 0.4438 0.0136 0.8960
vn 0.4107 0.3301 0.8499
vn 0.4438 0.0135 0.8960
vn 0.5436 0.0806 0.8355
vn -0.2067 -0.4481 0.8698
vn -0.0811 -0.1323 0.9879
vn -0.1543 -0.4978 0.8535
vn 0.0901 0.6985 0.7099
vn 0.3616 -0.6123 0.7031
vn 0.3678 -0.5625 0.7405
vn -0.3233 0.3208 0.8903
vn -0.3924 0.1989 0.8980
vn -0.2435 0.2387 0.9401
vn 0.3081 0.6337 0.7096
vn 0.2424 0.5348 0.8095
vn 0.3824 0.6253 0.6803
vn 0.3163 0.6554 0.6859
vn 0.2746 -0.2835 0.9188
vn 0.2535 -0.3101 0.9163
vn 0.2799 -0.2817 0.9178
vn 0.2454 0.2576 0.9345
vn 0.2455 0.2576 0.9345
vn 0.2329 0.2434 0.9415
vn 0.2632 0.2004 0.9437
vn 0.2918 0.1504 0.9446
vn 0.2913 -0.0413 0.9557
vn 0.2792 0.1116 0.9537
vn 0.2440 0.1681 0.9551
vn 0.0059 0.0286 0.9996
vn 0.0315 0.0195 0.9993
vn 0.0310 0.0223 0.9993
vn 0.0204 0.0202 0.9996
vn -0.0779 0.0321 0.9964
vn 0.0918 -0.0746 0.9930
vn -0.5939 0.3923 0.7025
vn -0.0559 0.3059 0.9504
vn 0.2561 -0.2140 0.9426
vn 0.0990 0.5552 0.8258
vn 0.1817 0.6675 0.7221
vn 0.3402 -0.4964 0.7986
vn 0.3189 -0.5595 0.7650
vn 0.3448 -0.4195 0.8398
vn 0.3448 -0.4194 0.8398
vn 0.2236 -0.3632 0.9045
vn 0.2028 -0.3771 0.9037
vn 0.2180 -0.3605 0.9069
vn 0.2028 -0.3770 0.9037
vn 0.1790 -0.3945 0.9013
vn 0.2058 -0.3751 0.9038
vn 0.2265 -0.3611 0.9046
vn 0.2237 -0.3632 0.9045
vn 0.1757 0.4493 0.8759
vn 0.2021 0.4119 0.8886
vn 0.1922 0.4234 0.8853
vn 0.1922 0.4235 0.8853
vn 0.2300 0.3510 0.9077
vn 0.2275 -0.3638 0.9033
vn 0.2290 -0.3559 0.9060
vn 0.2267 -0.3536 0.9075
vn 0.2323 -0.3504 0.9074
vn 0.1535 -0.2488 0.9563
vn 0.1397 -0.2497 0.9582
vn 0.1225 -0.3336 0.9347
vn 0.2091 -0.2828 0.9361
vn 0.2166 -0.2436 0.9454
vn 0.2563 0.2279 0.9393
vn 0.0048 0.1455 0.9893
vn -0.0497 0.1169 0.9919
vn 0.0089 -0.0825 0.9966
vn 0.3578 -0.2594 0.8971
vn 0.2458 -0.3837 0.8902
vn 0.1509 -0.4502 0.8801
vn 0.0180 -0.6015 0.7987
vn 0.1275 -0.4807 0.8676
vn 0.2014 0.6524 0.7307
vn 0.3509 -0.5739 0.7399
vn 0.1520 -0.3139 0.9372
vn 0.1572 -0.2897 0.9441
vn 0.1225 -0.3335 0.9347
vn 0.1534 -0.2489 0.9563
vn 0.2253 -0.2628 0.9382
vn 0.2552 -0.2859 0.9237
vn 0.3541 -0.0779 0.9320
vn 0.3294 -0.0494 0.9429
vn -0.2099 0.0573 0.9760
vn -0.3129 -0.1618 0.9359
vn -0.2586 -0.1780 0.9495
vn -0.3492 -0.2157 0.9119
vn -0.1813 0.0277 0.9830
vn -0.1502 -0.2255 0.9626
vn -0.2381 -0.2689 0.9333
vn -0.2377 -0.2143 0.9474
vn -0.2866 -0.2562 0.9232
vn -0.4048 -0.2827 0.8696
vn -0.5267 0.1711 0.8327
vn -0.3675 0.2508 0.8956
vn -0.2238 -0.3232 0.9195
vn -0.1704 -0.3347 0.9268
vn -0.1347 -0.2788 0.9508
vn -0.0639 0.3599 0.9308
vn -0.0285 -0.4285 0.9031
vn 0.1493 0.4165 0.8968
vn 0.1667 0.3799 0.9099
vn 0.2653 -0.4115 0.8720
vn 0.2372 -0.3405 0.9098
vn 0.2482 -0.3010 0.9208
vn 0.2370 -0.2978 0.9248
vn 0.2374 -0.3070 0.9216
vn 0.1612 -0.3855 0.9085
vn 0.1635 -0.3460 0.9239
vn 0.1929 -0.3349 0.9223
vn 0.1367 -0.3637 0.9214
vn 0.1444 -0.3589 0.9221
vn 0.3891 0.1550 0.9081
vn 0.3934 0.1448 0.9079
vn 0.4484 0.0788 0.8903
vn 0.4311 0.0562 0.9006
vn 0.4179 0.1268 0.8996
vn -0.1994 0.2707 0.9418
vn -0.2091 0.1454 0.9670
vn -0.2764 0.3867 0.8798
vn -0.2499 -0.3812 0.8901
vn -0.0387 0.5104 0.8590
vn 0.1605 0.4019 0.9015
vn 0.1915 0.4836 0.8541
vn 0.1700 0.5187 0.8379
vn 0.1951 0.5129 0.8360
vn 0.1820 0.4908 0.8520
vn 0.1617 0.5250 0.8356
vn 0.1606 0.5291 0.8332
vn 0.1524 0.5317 0.8331
vn 0.1523 0.5318 0.8331
vn 0.1404 0.5286 0.8371
vn 0.1857 0.5900 0.7858
vn 0.1950 -0.4480 0.8725
vn 0.1847 -0.4168 0.8900
vn 0.2029 0.4807 0.8531
vn 0.2043 0.4801 0.8531
vn 0.2150 0.4360 0.8739
vn 0.2376 0.4669 0.8518
vn 0.2018 0.4862 0.8502
vn 0.3956 -0.1945 0.8976
vn 0.4714 -0.1796 0.8635
vn 0.4686 -0.1655 0.8678
vn 0.5444 -0.0893 0.8341
vn 0.5296 -0.1288 0.8384
vn 0.5654 -0.1044 0.8182
vn 0.5021 -0.1454 0.8525
vn 0.4896 -0.1368 0.8612
vn 0.4829 -0.1588 0.8611
vn 0.4782 -0.1392 0.8672
vn 0.4769 -0.1294 0.8694
vn -0.3059 0.3918 0.8677
vn -0.2711 0.3353 0.9022
vn -0.7094 0.2064 0.6739
vn -0.2669 -0.4304 0.8623
vn -0.2370 -0.4553 0.8582
vn -0.3695 -0.8397 0.3981
vn -0.0078 -0.7532 0.6578
vn 0.0593 -0.6081 0.7916
vn 0.0513 -0.7277 0.6840
vn 0.1985 0.4778 0.8558
vn 0.1914 0.4836 0.8541
vn 0.1974 0.5010 0.8426
vn 0.2602 -0.5001 0.8260
vn 0.5191 0.2473 0.8182
vn 0.5179 0.1224 0.8467
vn -0.6492 -0.2987 0.6995
vn -0.2763 0.3866 0.8799
vn -0.4951 -0.5455 0.6762
vn -0.4829 -0.5595 0.6736
vn -0.5049 -0.6765 0.5361
vn -0.2539 0.3988 0.8812
vn -0.2948 0.4373 0.8496
vn -0.3317 0.4700 0.8179
vn -0.3561 0.5039 0.7869
vn -0.0119 0.7275 0.6861
vn 0.1412 0.5842 0.7993
vn -0.0644 -0.8320 0.5511
vn -0.0125 -0.8429 0.5380
vn -0.0871 -0.8751 0.4761
vn 0.0961 0.7203 0.6870
vn 0.1246 0.6222 0.7729
vn 0.2667 -0.6266 0.7323
vn 0.2581 -0.6169 0.7435
vn 0.2599 -0.5784 0.7733
vn 0.2100 -0.5177 0.8294
vn 0.1894 -0.5263 0.8290
vn 0.1977 -0.5067 0.8391
vn 0.1652 -0.5319 0.8305
vn 0.2071 -0.4623 0.8622
vn 0.1690 0.5287 0.8318
vn 0.1737 0.5725 0.8013
vn 0.1695 0.5706 0.8036
vn 0.1714 -0.4878 0.8559
vn 0.1472 -0.5221 0.8401
vn 0.1237 -0.5115 0.8504
vn 0.2288 -0.5608 0.7957
vn 0.1862 -0.5222 0.8322
vn 0.1832 -0.4740 0.8612
vn 0.1803 -0.6191 0.7644
vn 0.2050 -0.5703 0.7954
vn 0.4023 -0.3411 0.8496
vn 0.4293 -0.3080 0.8491
vn 0.4047 -0.3120 0.8596
vn 0.4595 -0.2817 0.8423
vn 0.4285 -0.2687 0.8626
vn 0.5563 0.0691 0.8281
vn -0.8222 0.1407 0.5515
vn -0.5497 -0.3333 0.7660
vn -0.5759 -0.3372 0.7447
vn -0.2616 0.6468 0.7164
vn 0.1446 0.7430 0.6535
vn 0.1641 0.6816 0.7131
vn 0.2556 -0.5525 0.7934
vn 0.1594 0.6491 0.7439
vn 0.1732 0.6513 0.7388
vn 0.1754 0.6251 0.7606
vn 0.2071 0.6511 0.7302
vn 0.2093 0.6475 0.7327
vn 0.3057 -0.5486 0.7782
vn 0.2939 -0.6120 0.7342
vn 0.2904 -0.5010 0.8153
vn 0.2955 -0.5351 0.7914
vn 0.2877 -0.4814 0.8280
vn 0.4171 0.3758 0.8275
vn 0.4806 0.3792 0.7907
vn 0.4750 0.4376 0.7635
vn 0.4578 0.4629 0.7590
vn 0.3691 -0.4226 0.8278
vn 0.4523 -0.3608 0.8156
vn 0.4674 -0.3502 0.8117
vn 0.4857 -0.3348 0.8074
vn 0.4247 -0.3812 0.8211
vn 0.3690 -0.4226 0.8278
vn 0.3577 -0.4274 0.8303
vn 0.4857 -0.3348 0.8075
vn 0.5318 0.4082 0.7420
vn 0.5192 0.3491 0.7802
vn 0.5632 0.2883 0.7744
vn 0.6132 -0.2525 0.7485
vn 0.6133 -0.2525 0.7485
vn 0.5669 0.2541 0.7836
vn 0.5625 0.2708 0.7812
vn 0.5631 0.2324 0.7930
vn 0.6044 0.1047 0.7898
vn 0.6565 -0.0118 0.7542
vn 0.6267 0.0181 0.7790
vn -0.8229 0.2505 0.5100
vn -0.5960 -0.4306 0.6777
vn -0.6018 -0.4383 0.6676
vn -0.6379 -0.2976 0.7103
vn -0.4951 -0.5456 0.6762
vn -0.6592 -0.5057 0.5565
vn -0.4746 -0.4078 0.7800
vn -0.4473 -0.3612 0.8182
vn -0.4915 -0.3733 0.7868
vn -0.3884 0.7153 0.5810
vn -0.3634 0.7033 0.6110
vn -0.1037 0.7835 0.6126
vn 0.0302 0.7605 0.6487
vn 0.0908 -0.8640 0.4953
vn 0.1114 -0.8572 0.5029
vn 0.1665 0.6645 0.7285
vn 0.1801 0.6488 0.7394
vn 0.1971 -0.6779 0.7082
vn 0.1730 -0.7170 0.6752
vn 0.1732 -0.7295 0.6616
vn 0.1734 -0.7093 0.6833
vn 0.1783 -0.6061 0.7752
vn 0.3154 0.5717 0.7574
vn 0.3185 -0.4735 0.8212
vn 0.3148 -0.4676 0.8260
vn 0.5163 -0.3310 0.7899
vn -0.8208 0.1239 0.5577
vn -0.8208 0.1238 0.5577
vn -0.8165 0.1616 0.5544
vn -0.8452 0.1398 0.5159
vn -0.3939 0.5067 0.7668
vn -0.3850 0.5260 0.7584
vn 0.0141 -0.8926 0.4507
vn 0.0473 -0.8787 0.4750
vn 0.2025 -0.7373 0.6446
vn 0.1949 -0.7463 0.6365
vn 0.1217 0.7999 0.5877
vn 0.1010 0.8370 0.5379
vn 0.1190 0.9022 0.4147
vn 0.1244 -0.8956 0.4272
vn 0.1552 -0.8045 0.5733
vn 0.1315 -0.8514 0.5078
vn 0.2025 -0.7373 0.6445
vn 0.2077 0.6956 0.6878
vn 0.2085 0.7059 0.6770
vn 0.4006 0.5353 0.7436
vn 0.3805 0.5494 0.7439
vn 0.3842 0.5472 0.7436
vn 0.3221 0.5928 0.7381
vn 0.3158 0.6102 0.7265
vn 0.4378 -0.4188 0.7955
vn 0.5978 -0.3408 0.7255
vn 0.6078 0.4499 0.6543
vn 0.5892 0.4556 0.6672
vn 0.5851 0.3419 0.7354
vn 0.6122 0.3734 0.6970
vn 0.1229 0.8565 0.5014
vn 0.1163 0.8218 0.5577
vn 0.1254 0.8417 0.5251
vn 0.1594 -0.9355 0.3154
vn 0.1334 -0.7581 0.6384
vn 0.1258 -0.7090 0.6938
vn 0.1258 -0.7090 0.6939
vn 0.1455 -0.8048 0.5755
vn 0.1561 -0.7281 0.6674
vn 0.1299 -0.8864 0.4442
vn 0.1389 0.8519 0.5049
vn 0.1385 0.8277 0.5437
vn 0.1415 0.8459 0.5143
vn 0.1841 0.7413 0.6455
vn 0.1984 0.7185 0.6666
vn 0.1356 -0.5310 0.8364
vn 0.3155 -0.5249 0.7905
vn 0.2077 -0.8387 0.5033
vn 0.0382 0.9013 0.4315
vn 0.1847 -0.8470 0.4985
vn 0.1969 -0.8700 0.4520
vn 0.1004 -0.7932 0.6007
vn 0.4061 -0.4829 0.7758
vn 0.6690 0.4396 0.5993
vn 0.6918 0.4238 0.5847
vn 0.7861 -0.3184 0.5298
vn 0.6336 0.3785 0.6748
vn 0.7319 0.3999 0.5517
vn 0.8638 -0.1522 0.4803
vn 0.8993 -0.1434 0.4132
vn 0.8613 -0.1749 0.4770
vn 0.1531 -0.8981 0.4122
vn 0.1174 -0.9366 0.3300
vn 0.1276 -0.9243 0.3597
vn 0.5892 0.4556 0.6673
vn 0.5654 0.4977 0.6578
vn 0.7576 -0.3725 0.5359
vn 0.7263 -0.3879 0.5675
vn 0.1337 -0.9341 0.3310
vn 0.0949 -0.9047 0.4153
vn 0.0979 0.8201 0.5637
vn 0.0595 0.8005 0.5964
vn 0.7211 0.4657 0.5129
vn 0.6318 0.1179 0.7661
vn 0.8908 0.1973 0.4094
vn 0.9014 0.1816 0.3930
vn 0.9259 -0.0547 0.3739
vn 0.5069 0.5758 0.6415
vn 0.7154 -0.4068 0.5680
vn 0.6839 -0.4097 0.6037
vn 0.7044 -0.3923 0.5915
vn 0.8358 -0.3292 0.4394
vn 0.8129 -0.3284 0.4811
vn 0.8240 -0.3336 0.4580
vn 0.9213 0.0388 0.3869
vn -0.3154 -0.0350 0.9483
vn -0.3436 -0.1614 0.9251
vn 0.2200 0.2574 0.9409
vn 0.2201 0.2574 0.9409
vn 0.2394 0.0591 0.9691
vn 0.2373 0.0377 0.9707
vn 0.0439 -0.0383 0.9983
vn 0.0476 0.0270 0.9985
vn 0.0428 0.0280 0.9987
vn 0.0282 0.0187 0.9994
vn 0.0275 0.0176 0.9995
vn 0.0400 -0.0061 0.9992
vn 0.1574 -0.2272 0.9610
vn 0.2449 0.1701 0.9545
vn 0.3214 -0.0132 0.9468
vn 0.3192 -0.0828 0.9441
vn 0.3236 -0.0631 0.9441
vn 0.1408 0.2056 0.9685
vn 0.2361 -0.3712 0.8981
vn 0.2060 0.3950 0.8953
vn 0.2738 0.2241 0.9353
vn 0.2687 -0.2671 0.9255
vn 0.2875 -0.2248 0.9310
vn 0.3044 -0.2121 0.9286
vn 0.3699 -0.1026 0.9234
vn 0.3496 -0.1173 0.9295
vn 0.1864 0.3069 0.9333
vn 0.2015 0.4837 0.8517
vn 0.1505 -0.3555 0.9225
vn 0.4221 0.1030 0.9007
vn 0.4079 0.1132 0.9060
vn 0.4115 0.0891 0.9070
vn 0.2270 0.4774 0.8488
vn 0.1074 0.9180 0.3818
vn 0.1790 0.4892 0.8536
vn -0.5230 0.7402 0.4227
vn 0.1814 0.5247 0.8318
vn 0.2054 0.5363 0.8187
vn 0.2076 0.5339 0.8197
vn 0.2049 -0.4761 0.8552
vn 0.1337 -0.3538 0.9257
vn 0.1561 -0.3857 0.9093
vn 0.2399 0.5242 0.8171
vn 0.3736 -0.2804 0.8842
vn 0.4946 -0.1692 0.8525
vn 0.4795 -0.1754 0.8598
vn 0.4724 -0.1535 0.8679
vn -0.0172 -0.7145 0.6995
vn 0.2209 0.5423 0.8106
vn 0.2174 0.5927 0.7756
vn 0.5209 0.0916 0.8487
vn 0.5233 0.0998 0.8463
vn 0.1916 0.5942 0.7812
vn 0.5465 0.0259 0.8370
vn 0.1722 0.5918 0.7875
vn 0.5303 -0.3107 0.7888
vn 0.2215 0.7066 0.6721
vn 0.2098 0.6865 0.6962
vn -0.3890 -0.8003 0.4563
vn -0.3378 -0.7607 0.5543
vn 0.1476 0.7843 0.6026
vn 0.1770 0.7455 0.6425
vn 0.1359 0.8488 0.5109
vn 0.1546 0.8198 0.5513
vn 0.1496 0.8311 0.5356
vn 0.3259 -0.4776 0.8159
vn 0.7871 -0.1915 0.5863
vn 0.0698 -0.5637 0.8230
vn 0.0332 -0.5918 0.8054
vn 0.4748 -0.5187 0.7110
vn 0.8440 -0.3186 0.4315
vn 0.8417 -0.3266 0.4299
vn 0.2721 0.2485 0.9296
vn 0.2724 0.4354 0.8580
vn -0.1569 -0.0166 0.9875
vn 0.0988 0.6999 0.7073
vn 0.1202 0.5432 0.8309
vn 0.2197 0.5711 0.7910
vn 0.2857 -0.2770 0.9174
vn 0.2676 -0.2780 0.9226
vn 0.3212 -0.2147 0.9224
vn 0.2770 -0.1862 0.9427
vn 0.2549 -0.2342 0.9382
vn 0.2857 -0.2769 0.9174
vn 0.2965 -0.2339 0.9259
vn 0.2965 -0.2338 0.9259
vn 0.3288 0.2350 0.9147
vn 0.2681 0.2239 0.9370
vn 0.2416 0.2352 0.9414
vn 0.2330 0.2434 0.9415
vn 0.2288 0.2444 0.9423
vn 0.2919 0.1504 0.9446
vn 0.2919 0.1505 0.9445
vn 0.1781 -0.2591 0.9493
vn 0.1959 -0.0967 0.9759
vn 0.2700 0.1175 0.9557
vn 0.2666 0.1526 0.9517
vn 0.2701 0.1176 0.9556
vn 0.2808 0.0314 0.9592
vn 0.1955 -0.2320 0.9529
vn 0.1874 -0.2429 0.9518
vn 0.1956 -0.2320 0.9528
vn 0.1961 -0.2323 0.9527
vn 0.0368 -0.0225 0.9991
vn -0.0503 -0.0702 0.9963
vn 0.0496 0.0997 0.9938
vn 0.0279 0.0189 0.9994
vn -0.0086 0.0385 0.9992
vn 0.0070 0.0326 0.9994
vn -0.0504 0.0602 0.9969
vn 0.0309 0.0224 0.9993
vn 0.0300 0.0152 0.9994
vn 0.0305 0.0139 0.9994
vn 0.0160 0.0206 0.9997
vn 0.1151 0.1060 0.9877
vn 0.1439 0.1347 0.9804
vn 0.0321 0.0021 0.9995
vn 0.0258 0.0060 0.9997
vn -0.0159 0.0065 0.9999
vn -0.0951 -0.3105 0.9458
vn 0.1311 -0.1790 0.9751
vn 0.1643 -0.2947 0.9414
vn 0.2362 -0.2716 0.9330
vn 0.2006 0.6513 0.7318
vn 0.2275 -0.3637 0.9033
vn 0.2210 -0.3676 0.9033
vn 0.2277 0.3637 0.9033
vn 0.2217 0.3716 0.9015
vn 0.1936 -0.2280 0.9542
vn 0.1809 -0.2498 0.9513
vn 0.1747 -0.2556 0.9508
vn 0.1723 -0.2467 0.9536
vn 0.1552 -0.2421 0.9578
vn 0.2513 -0.2030 0.9464
vn 0.2638 -0.2174 0.9398
vn 0.2458 -0.2303 0.9416
vn 0.2350 -0.2166 0.9476
vn 0.2295 -0.2266 0.9465
vn 0.2605 0.1689 0.9506
vn 0.2714 0.0804 0.9591
vn 0.2534 0.0602 0.9655
vn 0.2568 0.1007 0.9612
vn 0.2505 0.1076 0.9621
vn -0.0932 0.1069 0.9899
vn -0.1057 0.1261 0.9864
vn 0.0008 -0.1574 0.9875
vn 0.0386 -0.1667 0.9853
vn 0.1418 0.2221 0.9646
vn 0.1467 -0.4426 0.8846
vn 0.0383 -0.2625 0.9642
vn -0.0053 -0.2943 0.9557
vn -0.1035 -0.3462 0.9325
vn -0.0416 -0.3415 0.9390
vn 0.3973 -0.2654 0.8785
vn 0.3868 -0.2621 0.8841
vn -0.8432 0.1240 -0.5231
vn -0.9202 0.1419 -0.3648
vn 0.2170 0.3625 0.9064
vn 0.2497 -0.2738 0.9288
vn 0.2253 -0.2857 0.9315
vn 0.2032 -0.2999 0.9321
vn 0.2185 -0.2744 0.9365
vn 0.2252 -0.2629 0.9382
vn 0.2827 -0.3324 0.8998
vn 0.2827 -0.3323 0.8998
vn 0.2927 -0.1961 0.9359
vn 0.3541 -0.0779 0.9319
vn 0.3229 -0.1398 0.9360
vn 0.3245 -0.1245 0.9377
vn 0.3134 -0.1550 0.9369
vn 0.3245 -0.1244 0.9377
vn 0.3211 -0.3382 0.8846
vn 0.3542 -0.0779 0.9319
vn 0.3699 -0.0476 0.9278
vn 0.3811 -0.0053 0.9245
vn -0.1661 0.0673 0.9838
vn -0.1533 0.0454 0.9871
vn 0.0264 -0.3962 0.9178
vn 0.1493 0.4166 0.8968
vn 0.1257 0.4598 0.8791
vn 0.1253 0.4397 0.8894
vn 0.1253 0.4397 0.8893
vn 0.1783 0.3452 0.9214
vn 0.1459 -0.5360 0.8315
vn 0.1443 -0.5462 0.8251
vn 0.1310 0.3485 0.9281
vn 0.1037 0.3612 0.9267
vn 0.1139 0.3427 0.9325
vn 0.1206 0.3541 0.9274
vn 0.0326 0.4356 0.8996
vn 0.3295 -0.3312 0.8841
vn 0.2632 -0.3641 0.8934
vn 0.2388 -0.3574 0.9029
vn 0.2343 -0.3035 0.9236
vn 0.2290 -0.3006 0.9258
vn 0.1502 -0.5749 0.8043
vn 0.1554 -0.3847 0.9099
vn 0.1595 -0.3866 0.9083
vn 0.1554 -0.3847 0.9098
vn 0.2042 -0.4251 0.8818
vn 0.1948 0.4557 0.8685
vn 0.2016 0.4837 0.8517
vn 0.2069 0.4341 0.8768
vn 0.1829 -0.3360 0.9239
vn 0.1634 -0.3459 0.9239
vn 0.3036 0.3839 0.8721
vn 0.3001 0.4342 0.8493
vn 0.2829 0.4591 0.8421
vn 0.3447 0.2459 0.9059
vn 0.3295 0.2864 0.8996
vn 0.3995 0.2347 0.8862
vn 0.3940 0.1967 0.8978
vn 0.3448 0.2459 0.9059
vn 0.4792 0.0830 0.8738
vn 0.4177 0.1586 0.8947
vn 0.3880 -0.0179 0.9215
vn 0.4020 0.0946 0.9107
vn 0.4028 0.1105 0.9086
vn 0.0997 0.5218 0.8472
vn 0.1756 0.3948 0.9018
vn 0.2462 -0.4451 0.8610
vn 0.3514 0.9162 0.1928
vn 0.8949 0.2749 0.3514
vn 0.2228 -0.4062 0.8862
vn 0.2678 0.5805 0.7689
vn 0.2003 0.5634 0.8015
vn 0.1737 0.5057 0.8450
vn 0.1975 0.4710 0.8598
vn 0.1799 -0.3967 0.9001
vn 0.1826 0.4926 0.8509
vn 0.2030 0.5039 0.8396
vn 0.1813 0.5247 0.8318
vn 0.2051 0.5283 0.8239
vn 0.1657 0.4820 0.8604
vn 0.1617 -0.5048 0.8479
vn 0.2066 -0.4919 0.8458
vn 0.1931 -0.4885 0.8509
vn 0.1139 -0.4889 0.8649
vn 0.1358 -0.4223 0.8962
vn 0.1599 -0.4059 0.8998
vn 0.1563 -0.3508 0.9233
vn 0.2011 0.4861 0.8505
vn 0.2696 0.4594 0.8463
vn 0.2836 0.4457 0.8491
vn 0.2698 0.4739 0.8382
vn 0.2666 0.4870 0.8317
vn 0.2667 0.4869 0.8317
vn 0.2431 0.5513 0.7981
vn 0.2821 -0.5499 0.7861
vn 0.2657 -0.5239 0.8093
vn 0.2753 -0.4621 0.8430
vn 0.2947 -0.4211 0.8578
vn 0.3443 0.3649 0.8651
vn 0.3508 0.3812 0.8553
vn 0.4186 0.2070 0.8842
vn 0.3725 0.4256 0.8247
vn 0.3405 -0.3292 0.8807
vn 0.3101 -0.4033 0.8609
vn 0.3736 -0.2803 0.8842
vn 0.3535 -0.3118 0.8819
vn 0.3494 -0.3200 0.8807
vn 0.3840 -0.2276 0.8948
vn 0.3745 -0.2532 0.8920
vn 0.3758 -0.1523 0.9141
vn 0.4279 -0.1808 0.8856
vn 0.5190 -0.1595 0.8397
vn 0.1823 0.4780 0.8593
vn 0.2037 0.5015 0.8408
vn 0.1615 0.5440 0.8234
vn 0.1869 0.5180 0.8347
vn 0.1709 0.5704 0.8034
vn 0.1862 -0.5222 0.8323
vn 0.2278 0.5043 0.8329
vn 0.2186 0.4711 0.8546
vn 0.2277 0.4910 0.8408
vn 0.2348 0.5200 0.8213
vn 0.5161 0.2118 0.8300
vn 0.5498 0.1256 0.8258
vn -0.6635 -0.1889 0.7240
vn 0.1915 0.5942 0.7812
vn 0.1777 0.6379 0.7493
vn 0.1974 0.5807 0.7898
vn 0.1678 0.7413 0.6499
vn 0.1859 0.6245 0.7585
vn 0.1536 0.6151 0.7734
vn 0.1440 -0.5376 0.8308
vn 0.1319 -0.4951 0.8587
vn 0.2730 -0.4654 0.8420
vn 0.2775 -0.4613 0.8427
vn 0.5403 -0.2150 0.8136
vn 0.5178 -0.2200 0.8268
vn 0.5128 -0.1878 0.8377
vn 0.5182 -0.2411 0.8206
vn 0.6442 -0.0463 0.7635
vn 0.5855 0.0669 0.8079
vn 0.5379 -0.0125 0.8429
vn -0.7009 -0.1900 0.6875
vn 0.1695 0.7268 0.6656
vn 0.1864 0.6238 0.7590
vn 0.1934 0.5863 0.7867
vn 0.1993 0.6435 0.7390
vn 0.1913 0.6738 0.7138
vn 0.1890 0.7043 0.6842
vn 0.2207 0.5977 0.7707
vn 0.2207 0.5978 0.7707
vn 0.3218 -0.4711 0.8213
vn 0.3021 -0.4989 0.8123
vn 0.5624 0.3021 0.7697
vn 0.6544 -0.2410 0.7167
vn 0.5842 -0.2431 0.7743
vn 0.5940 -0.2179 0.7744
vn 0.6191 -0.2361 0.7490
vn -0.1037 0.7836 0.6126
vn -0.1033 0.7573 0.6449
vn 0.1677 0.7413 0.6499
vn 0.1339 0.7684 0.6258
vn 0.1617 -0.5048 0.8480
vn 0.1739 -0.7381 0.6519
vn 0.1208 0.8283 0.5471
vn 0.1282 0.7846 0.6066
vn 0.1417 0.7064 0.6935
vn 0.1491 0.6803 0.7176
vn 0.2177 0.7161 0.6632
vn 0.2218 0.6977 0.6811
vn 0.1983 0.7185 0.6666
vn 0.1841 0.7412 0.6455
vn 0.4100 0.5259 0.7452
vn 0.4708 0.4751 0.7434
vn 0.6915 -0.1663 0.7030
vn 0.7098 -0.1413 0.6901
vn 0.3642 0.5744 0.7331
vn 0.6883 -0.2468 0.6822
vn 0.7064 -0.3160 0.6333
vn 0.0717 0.8439 0.5317
vn 0.1492 0.7123 0.6858
vn 0.1461 0.7069 0.6920
vn 0.2144 0.6528 0.7266
vn 0.2371 0.6366 0.7339
vn 0.3445 -0.4617 0.8174
vn 0.3598 -0.4512 0.8167
vn 0.2918 -0.4805 0.8271
vn 0.7400 -0.1541 0.6547
vn 0.7970 -0.1632 0.5815
vn 0.8343 -0.1348 0.5346
vn 0.1424 0.8406 0.5227
vn 0.1562 -0.7496 0.6431
vn 0.1428 -0.7801 0.6091
vn -0.0520 -0.6157 0.7862
vn 0.2378 -0.5690 0.7872
vn 0.0111 -0.6192 0.7852
vn 0.4197 -0.4757 0.7730
vn 0.6856 -0.3386 0.6444
vn 0.9171 -0.1611 0.3647
vn 0.1365 0.8637 0.4852
vn 0.3662 -0.6122 0.7008
vn 0.8135 0.3369 0.4740
vn 0.8378 -0.2853 0.4655
vn 0.7694 -0.2035 0.6055
vn 0.7807 -0.2174 0.5859
vn 0.8908 0.1974 0.4093
vn 0.8059 -0.3367 0.4870
vn 0.8128 -0.3284 0.4811
vn 0.8511 -0.2905 0.4372
vn 0.8576 -0.2838 0.4290
vn 0.8484 -0.3073 0.4311
vn 0.8838 -0.1951 0.4253
vn 0.3157 0.8617 0.3972
vn 0.2919 0.9334 0.2089
vn 0.3377 0.9107 0.2378
vn 0.3070 0.9223 0.2346
vn 0.2919 0.9333 0.2089
vn 0.2812 0.1103 0.9533
vn 0.4042 0.8812 0.2453
vn 0.0200 0.7152 0.6987
vn 0.0083 0.7492 0.6622
vn 0.4358 -0.4107 0.8009
vn 0.0359 0.2622 0.9644
vn -0.1957 0.3583 0.9128
vn -0.0295 0.2885 0.9570
vn 0.2123 0.3968 0.8930
vn 0.2076 0.4079 0.8891
vn 0.5822 0.2518 0.7731
vn -0.8343 -0.2218 0.5047
vn -0.8600 -0.1848 0.4758
vn -0.8362 -0.1492 0.5278
vn -0.8292 -0.0160 0.5587
vn 0.1195 -0.8757 0.4679
vn 0.1300 -0.8822 0.4526
vn 0.3751 -0.4733 0.7971
vn 0.4196 -0.4757 0.7731
vn 0.1520 -0.8233 0.5469
vn 0.5231 -0.4922 0.6958
vn 0.5053 -0.5028 0.7013
vn 0.4749 -0.5187 0.7110
vn 0.7237 -0.3474 0.5963
vn 0.2345 0.2847 0.9295
vn 0.7079 0.0418 0.7050
vn 0.2173 0.3164 0.9234
vn 0.2150 0.2831 0.9347
vn 0.0947 0.2233 0.9701
vn 0.0891 0.2122 0.9731
vn 0.2907 0.4209 0.8592
vn 0.3001 0.4342 0.8494
vn 0.2614 0.4523 0.8527
vn -0.0048 0.5569 0.8305
vn 0.2668 -0.5806 0.7693
vn 0.2351 -0.3775 0.8956
vn 0.1843 -0.3805 0.9062
vn 0.1716 -0.3833 0.9075
vn 0.1857 0.5899 0.7858
vn 0.1906 0.5707 0.7988
vn 0.1870 0.5529 0.8120
vn 0.2084 0.5498 0.8089
vn 0.5674 0.0901 0.8185
vn 0.1890 0.6971 0.6916
vn 0.6533 0.0656 0.7542
vn 0.6093 0.2319 0.7582
vn 0.6830 0.0858 0.7254
vn 0.6684 0.2626 0.6959
vn 0.6870 -0.0614 0.7240
vn 0.3541 0.3905 0.8498
vn 0.3752 0.5798 0.7233
vn 0.0159 -0.6464 0.7628
vn 0.7648 -0.3548 0.5378
vn 0.3477 0.6317 0.6928
vn 0.1249 0.9312 0.3425
vn 0.8470 -0.3163 0.4272
vn 0.7571 0.4483 0.4753
vn 0.1250 0.9312 0.3425
vn 0.1274 0.9140 0.3853
vn -0.8517 -0.2345 0.4687
vn -0.8600 -0.1847 0.4757
vn 0.5317 0.5906 0.6070
vn 0.5317 0.5907 0.6070
vn -0.1245 -0.6591 0.7416
vn -0.1450 -0.6530 0.7433
vn -0.1792 -0.7213 0.6691
vn 0.1283 -0.9120 0.3895
vn 0.1250 -0.9504 0.2847
vn 0.1404 -0.9593 0.2451
vn 0.1249 -0.9505 0.2846
vn 0.1282 -0.9139 0.3851
vn 0.8691 0.1997 0.4525
vn 0.2741 0.0057 0.9617
vn -0.7152 -0.6532 -0.2485
vn 0.0791 -0.9729 0.2173
vn 0.1859 0.6518 0.7353
vn 0.7915 0.0148 0.6109
vn 0.3445 0.6257 0.6999
vn -0.4914 -0.3733 0.7868
vn -0.5047 -0.3551 0.7869
vn 0.2154 0.3696 0.9039
vn 0.7756 0.3209 0.5435
vn 0.8119 0.3337 0.4789
vn 0.8477 0.2569 0.4642
vn 0.1144 -0.9933 0.0181
vn 0.1143 -0.9933 0.0181
vn -0.5318 -0.3498 0.7712
vn -0.4128 -0.8336 0.3669
vn -0.4176 -0.8262 0.3780
vn 0.2354 -0.6755 0.6987
vn 0.2854 -0.6472 0.7068
vn 0.1974 -0.6300 0.7510
vn 0.2503 0.5657 0.7857
vn 0.1868 -0.6712 0.7174
vn 0.1708 -0.6909 0.7025
vn 0.1432 -0.7427 0.6541
vn 0.3525 -0.1272 0.9271
vn 0.3640 -0.1287 0.9225
vn 0.2208 -0.4358 0.8726
vn 0.7802 0.0058 0.6255
vn 0.6830 0.0482 0.7289
vn 0.7900 -0.0928 0.6061
vn 0.1427 -0.7801 0.6092
vn 0.2903 -0.1464 0.9457
vn 0.2209 -0.0481 0.9741
vn -0.0566 0.0874 0.9946
vn 0.2821 -0.5499 0.7862
vn -0.0044 -0.1384 0.9904
vn -0.0336 0.1092 0.9934
vn 0.2118 -0.5754 0.7899
vn 0.1242 0.8458 0.5189
vn 0.2110 -0.2230 0.9517
vn 0.5624 0.0754 0.8234
vn 0.1024 0.7772 0.6209
vn -0.1934 0.1437 0.9705
vn 0.0553 0.6673 0.7427
vn 0.1201 0.5432 0.8310
vn -0.3234 0.0223 0.9460
vn -0.2905 -0.0151 0.9567
vn 0.6388 0.1056 0.7621
vn 0.7349 0.0370 0.6771
vn 0.1435 -0.2375 0.9607
vn 0.1873 -0.1985 0.9620
vn 0.2907 0.4209 0.8593
vn 0.3811 -0.0054 0.9245
vn 0.1518 -0.3447 0.9264
vn 0.1593 -0.4224 0.8923
vn 0.2930 -0.4139 0.8619
vn 0.1405 -0.9195 0.3670
vn 0.1192 -0.9264 0.3573
vn 0.3128 -0.4583 0.8320
vn 0.2798 0.0719 0.9573
vn -0.4870 0.8683 0.0947
vn -0.3857 0.6736 -0.6305
vn 0.2974 -0.9326 0.2045
vn -0.2187 -0.6711 0.7083
vn -0.3424 0.0407 0.9387
vn -0.4047 0.1404 0.9036
vn -0.3309 0.0910 0.9392
vn -0.3071 0.0982 0.9466
vn 0.0302 0.7605 0.6486
vn 0.0547 0.7621 0.6452
vn 0.2107 -0.2113 0.9544
vn 0.1723 -0.3618 0.9162
vn 0.3032 0.2640 0.9157
vn 0.1523 0.5317 0.8331
vn 0.1552 -0.8046 0.5732
vn 0.1828 0.7068 0.6834
vn -0.1957 0.3583 0.9129
vn 0.0289 0.8157 0.5777
vn 0.0596 0.8004 0.5964
vn 0.0367 0.7835 0.6203
vn 0.8023 0.3576 0.4780
vn 0.8119 0.3338 0.4789
vn 0.3616 -0.6122 0.7031
vn 0.0438 -0.0383 0.9983
vn 0.0460 -0.0520 0.9976
vn -0.3443 0.7240 -0.5977
vn 0.3985 0.4380 0.8058
vn 0.1693 0.6854 0.7083
vn 0.5960 0.0759 0.7994
vn -0.1762 -0.8853 0.4303
vn -0.1475 -0.8930 0.4251
vn -0.3378 -0.7607 0.5542
vn 0.2183 -0.9071 0.3599
vn 0.2857 -0.6555 0.6990
vn 0.1232 0.0284 0.9920
vn 0.1333 0.4213 0.8970
vn 0.2183 0.2185 0.9511
vn 0.2111 0.1553 0.9651
vn -0.2111 0.0682 0.9751
vn 0.1039 -0.6371 0.7637
vn 0.1124 -0.6332 0.7658
vn -0.1797 -0.3736 0.9100
vn 0.3335 -0.6054 0.7226
vn 0.1988 -0.5826 0.7881
vn 0.3416 0.4241 0.8387
vn 0.1788 0.5785 0.7959
vn 0.1510 -0.3530 0.9233
vn -0.3599 -0.5523 0.7519
vn -0.2948 0.4373 0.8497
vn -0.3317 0.4700 0.8180
vn -0.8345 0.1880 0.5179
vn -0.8451 0.1399 0.5159
vn 0.0961 0.7203 0.6869
vn 0.0899 0.7446 0.6615
vn 0.0865 0.7281 0.6800
vn 0.0886 0.7539 0.6510
vn 0.0547 0.7621 0.6451
vn -0.0862 -0.8998 0.4276
vn -0.1475 -0.8930 0.4252
vn 0.2426 0.6455 0.7242
vn 0.5823 -0.3733 0.7221
vn 0.1444 -0.9016 0.4077
vn 0.1439 -0.8537 0.5004
vn 0.5454 -0.5006 0.6722
vn 0.3819 -0.0646 0.9220
vn 0.8031 -0.2360 0.5471
vn 0.3918 -0.3113 0.8658
vn 0.2519 -0.3163 0.9146
vn 0.2444 -0.3673 0.8974
vn 0.2574 -0.3608 0.8964
vn 0.1788 -0.2202 0.9589
vn 0.3175 -0.0788 0.9450
vn 0.3917 -0.2585 0.8830
vn 0.3399 -0.2589 0.9041
vn 0.3812 -0.2592 0.8874
vn 0.2991 -0.2523 0.9203
vn 0.1285 0.4506 0.8835
vn 0.1254 0.4397 0.8893
vn 0.1892 0.5173 0.8347
vn 0.1217 -0.4552 0.8821
vn 0.1358 -0.4222 0.8962
vn 0.1564 -0.3508 0.9233
vn 0.4473 -0.1601 0.8800
vn 0.4807 0.1234 0.8682
vn 0.4723 0.1644 0.8660
vn 0.5208 0.0917 0.8487
vn 0.1658 0.5864 0.7929
vn 0.1416 -0.4656 0.8736
vn 0.1447 -0.4366 0.8880
vn 0.2887 -0.4960 0.8189
vn 0.1786 -0.6751 0.7157
vn 0.1921 -0.6445 0.7401
vn 0.1552 -0.8045 0.5732
vn -0.7238 0.1324 0.6771
vn -0.6318 0.2501 0.7337
vn 0.3154 0.5718 0.7574
vn 0.2864 0.5191 0.8053
vn 0.1205 -0.4956 0.8602
vn 0.7970 -0.1632 0.5816
vn 0.7639 -0.1512 0.6274
vn 0.2353 0.8953 0.3782
vn 0.2650 0.9314 0.2497
vn 0.3157 0.8617 0.3971
vn 0.4375 -0.5342 0.7234
vn -0.0981 -0.6735 0.7326
vn -0.1018 -0.6452 0.7572
vn 0.1717 -0.3834 0.9075
vn 0.1421 0.8651 0.4810
vn 0.0148 0.8900 0.4557
vn 0.4088 -0.4109 0.8149
vn 0.4463 -0.0053 0.8948
vn 0.2043 0.4720 0.8576
vn 0.5675 0.5789 0.5855
vn 0.1883 -0.6310 0.7526
vn 0.7694 -0.2034 0.6055
vn 0.1532 -0.3458 0.9257
vn 0.1533 -0.3434 0.9266
vn 0.1517 -0.3447 0.9263
vn 0.7419 -0.6699 -0.0293
vn 0.1275 -0.9243 0.3597
vn 0.1667 -0.8972 0.4090
vn -0.4754 0.8762 0.0794
vn -0.7025 -0.6263 0.3378
vn 0.0347 -0.6596 0.7508
vn 0.1773 -0.2954 0.9388
vn 0.2496 -0.5243 0.8142
vn 0.1995 -0.5082 0.8378
vn 0.2614 -0.5409 0.7994
vn 0.1886 -0.4553 0.8701
vn 0.1225 0.8457 0.5195
vn 0.1827 0.6915 0.6988
vn 0.6803 -0.4485 0.5796
vn 0.6280 -0.4657 0.6234
vn 0.2023 -0.2049 0.9576
vn 0.2295 -0.2267 0.9465
vn 0.3132 -0.0624 0.9476
vn 0.1771 0.7455 0.6425
vn 0.7375 -0.2895 0.6102
vn 0.1281 -0.9139 0.3851
vn -0.3835 0.5920 0.7088
vn 0.1783 -0.6194 0.7645
vn 0.6477 0.4177 0.6372
vn -0.1131 -0.9840 0.1378
vn 0.0545 -0.6446 0.7626
vn 0.3129 0.4940 0.8112
vn 0.0546 -0.6446 0.7626
vn -0.0565 -0.2160 0.9748
vn 0.0008 -0.1573 0.9875
vn 0.2223 -0.5492 0.8056
vn 0.2006 -0.5437 0.8150
vn 0.2252 -0.4794 0.8482
vn 0.2784 0.5216 0.8065
vn 0.1414 -0.3581 0.9229
vn 0.2722 -0.3838 0.8824
vn -0.5808 -0.4084 0.7042
vn 0.2289 -0.6614 0.7142
vn 0.1734 0.6070 0.7756
vn 0.1254 0.8418 0.5251
vn 0.1176 -0.9162 0.3830
vn 0.1046 -0.9098 0.4016
vn 0.1389 0.8520 0.5049
vn 0.4062 -0.4829 0.7758
vn 0.4535 -0.4814 0.7501
vn 0.4197 -0.4757 0.7731
vn 0.6650 0.4044 0.6279
vn 0.2777 -0.2823 0.9182
vn 0.0034 -0.1170 0.9931
vn 0.0127 -0.1066 0.9942
vn 0.3135 0.0298 0.9491
vn 0.1775 -0.3863 0.9052
vn 0.1883 0.7338 0.6528
vn 0.2109 -0.2230 0.9517
vn 0.2023 -0.2048 0.9577
vn 0.2480 -0.2074 0.9463
vn 0.1589 0.3954 0.9047
vn 0.1779 0.3638 0.9143
vn 0.1920 -0.5401 0.8194
vn 0.3812 -0.0054 0.9245
vn 0.3812 -0.0053 0.9245
vn 0.1875 0.5396 0.8207
vn 0.1954 0.5585 0.8061
vn 0.2766 -0.4781 0.8336
vn 0.1404 0.5286 0.8372
vn 0.1428 -0.3593 0.9222
vn 0.2469 0.4251 0.8708
vn 0.2020 0.4862 0.8502
vn 0.3882 0.3904 0.8348
vn 0.4160 -0.0850 0.9054
vn 0.4212 -0.0361 0.9063
vn 0.4372 -0.0489 0.8981
vn 0.1803 0.5037 0.8449
vn 0.2287 0.6867 0.6901
vn 0.2175 0.6916 0.6888
vn 0.1205 -0.4956 0.8601
vn 0.2799 -0.4754 0.8340
vn 0.2276 -0.5090 0.8302
vn 0.7276 -0.2302 0.6463
vn 0.7347 -0.2060 0.6464
vn -0.2948 0.4372 0.8496
vn 0.1984 0.5608 0.8038
vn -0.8386 -0.1582 0.5212
vn 0.0282 0.8330 0.5525
vn 0.5282 -0.5133 0.6764
vn 0.6716 -0.4467 0.5910
vn 0.1667 -0.8972 0.4091
vn 0.1644 -0.8712 0.4625
vn 0.3849 -0.4240 0.8198
vn 0.3691 -0.4225 0.8278
vn 0.2243 -0.9279 0.2978
vn 0.1785 -0.9465 0.2688
vn 0.2807 0.3187 0.9053
vn 0.1800 0.6850 0.7059
vn 0.6416 0.4377 0.6299
vn 0.1577 0.6958 0.7007
vn 0.1499 -0.4114 0.8991
vn 0.1532 -0.3505 0.9239
vn 0.2001 -0.7339 0.6492
vn 0.2710 -0.2829 0.9201
vn 0.2181 -0.3691 0.9035
vn 0.1722 -0.3618 0.9162
vn 0.1473 0.7419 0.6541
vn -0.7202 0.1050 0.6858
vn 0.2918 -0.4804 0.8271
vn 0.3177 -0.4621 0.8280
vn 0.2918 -0.4805 0.8270
vn 0.1857 0.6402 0.7454
vn 0.7694 -0.2035 0.6054
vn 0.1608 -0.9115 0.3787
vn 0.4020 0.4050 0.8212
vn 0.0764 -0.8202 0.5669
vn 0.3302 -0.6097 0.7206
vn 0.3301 -0.6098 0.7206
vn 0.1123 -0.6366 0.7630
vn -0.6329 0.2396 0.7362
vn 0.2120 0.6749 0.7068
vn 0.1459 -0.5359 0.8315
vn 0.4250 0.0128 0.9051
vn 0.4372 -0.0488 0.8981
vn 0.8072 0.1709 0.5651
vn 0.3522 -0.4482 0.8217
vn 0.7472 0.2536 0.6143
vn 0.3434 -0.5715 0.7453
vn -0.2289 -0.0296 0.9730
vn 0.2003 0.4883 0.8494
vn -0.5489 0.1747 0.8174
vn -0.5719 -0.7012 0.4259
vn 0.3036 -0.4992 0.8115
vn 0.3217 -0.4712 0.8213
vn 0.2097 -0.6576 0.7236
vn 0.5757 0.3383 0.7444
vn 0.5639 0.3495 0.7482
vn 0.4935 0.5646 0.6616
vn 0.4894 0.5458 0.6802
vn 0.3005 -0.0014 0.9538
vn 0.3443 0.3648 0.8651
vn 0.3032 0.2640 0.9156
vn 0.3099 0.2919 0.9048
vn 0.2041 0.4634 0.8624
vn 0.2695 -0.4645 0.8435
vn 0.1152 -0.9194 0.3761
vn 0.5827 -0.0316 0.8120
vn 0.1964 0.5981 0.7769
vn 0.1142 0.7664 0.6322
vn 0.2012 0.4839 0.8517
vn 0.1932 -0.5657 0.8017
vn 0.1547 -0.9093 0.3863
vn -0.2550 0.0493 0.9657
vn 0.3218 -0.4712 0.8213
vn 0.3661 0.0076 0.9305
vn -0.7025 -0.6263 0.3379
vn -0.2457 0.3326 0.9105
vn 0.1281 0.8357 0.5340
vn 0.1435 0.8285 0.5413
vn 0.1496 0.8311 0.5355
vn -0.4249 -0.8501 0.3111
vn 0.6277 -0.0095 0.7784
vn 0.1608 -0.9114 0.3787
vn 0.3031 -0.6385 0.7074
vn 0.3269 0.3760 0.8670
vn -0.0560 -0.3078 0.9498
vn 0.2304 -0.4934 0.8387
vn -0.4046 0.3733 -0.8348
vn -0.4048 0.3732 -0.8348
vn 0.1642 0.6974 0.6976
vn 0.2527 -0.1487 0.9560
vn 0.7899 -0.0927 0.6061
vn -0.3602 0.2648 0.8945
vn -0.1070 0.0555 0.9927
vn -0.1883 0.2505 0.9496
vn -0.3298 -0.9170 -0.2245
vn -0.3324 0.8596 -0.3880
vn -0.0007 -0.3729 0.9279
vn -0.0765 0.9970 -0.0153
vn -0.1068 0.9941 -0.0176
vn 0.1700 -0.3065 0.9366
vn -0.5355 -0.5829 0.6111
vn 0.1193 -0.9263 0.3573
vn 0.1328 -0.6542 0.7446
vn 0.1673 0.6631 0.7295
vn -0.0890 0.0475 0.9949
vn -0.0508 0.1715 0.9839
vn -0.3833 -0.2547 0.8878
vn -0.3493 -0.2156 0.9119
vn 0.5296 -0.1287 0.8384
vn 0.2755 -0.4952 0.8239
vn 0.2731 -0.5126 0.8141
vn 0.2777 -0.4311 0.8585
vn 0.2828 -0.4519 0.8461
vn -0.4746 -0.4079 0.7800
vn 0.1479 0.7225 0.6753
vn 0.1446 0.7429 0.6535
vn 0.2491 -0.5104 0.8231
vn 0.1716 -0.5766 0.7988
vn 0.2195 -0.5351 0.8158
vn 0.1643 -0.6429 0.7481
vn 0.0559 -0.8875 0.4574
vn 0.0908 -0.8640 0.4952
vn 0.1643 -0.7974 0.5807
vn 0.5979 0.3658 0.7133
vn 0.5791 0.3968 0.7122
vn 0.6743 0.1443 0.7243
vn 0.1455 -0.8047 0.5755
vn 0.1258 -0.7091 0.6938
vn 0.7084 0.3064 0.6359
vn 0.9186 0.0191 0.3947
vn 0.2879 -0.2696 0.9189
vn 0.2239 0.2964 0.9284
vn 0.2216 0.3368 0.9151
vn 0.2281 0.3503 0.9084
vn 0.1858 0.6518 0.7353
vn 0.1850 0.6365 0.7488
vn 0.1745 0.6189 0.7658
vn 0.1724 0.5187 0.8374
vn 0.5550 -0.2441 0.7953
vn 0.0758 -0.5552 0.8283
vn 0.8902 0.2225 0.3975
vn 0.1876 -0.2610 0.9469
vn 0.0305 0.0137 0.9994
vn 0.0310 0.0132 0.9994
vn 0.0305 0.0138 0.9994
vn 0.0302 0.0162 0.9994
vn 0.0294 0.0168 0.9994
vn 0.1837 -0.2266 0.9565
vn 0.2530 0.1216 0.9598
vn 0.2558 0.1228 0.9589
vn 0.2545 0.1306 0.9582
vn 0.2486 0.1270 0.9602
vn 0.3728 -0.3290 0.8676
vn 0.2221 0.3500 0.9101
vn 0.2176 0.3658 0.9049
vn 0.1895 0.5431 0.8180
vn 0.1771 0.5390 0.8235
vn 0.3888 0.1814 0.9033
vn 0.4435 0.1811 0.8778
vn 0.4187 0.2070 0.8842
vn 0.4177 0.1587 0.8946
vn 0.4176 0.1587 0.8946
vn 0.0938 -0.5494 0.8303
vn 0.1561 0.5413 0.8262
vn 0.1632 0.5323 0.8307
vn 0.1674 0.5472 0.8201
vn 0.1776 0.5362 0.8252
vn 0.1976 0.5764 0.7929
vn 0.2244 -0.4754 0.8507
vn 0.5201 -0.2669 0.8114
vn 0.6345 -0.3221 0.7026
vn 0.1324 0.7304 0.6700
vn 0.4624 -0.4403 0.7696
vn 0.0937 0.9304 0.3544
vn 0.1986 0.9505 0.2391
vn 0.1004 -0.9324 0.3471
vn 0.8023 0.3575 0.4780
vn -0.3352 0.9081 0.2512
vn -0.4071 0.9013 -0.1484
vn 0.0602 -0.9727 0.2241
vn -0.0447 -0.5559 0.8300
vn 0.0620 -0.6562 0.7520
vn 0.0188 -0.6626 0.7488
vn 0.2918 -0.2450 0.9246
vn 0.3212 -0.2147 0.9223
vn 0.0003 -0.2134 0.9770
vn -0.0566 -0.2160 0.9748
vn 0.2244 -0.9279 0.2978
vn -0.3233 -0.3105 0.8939
vn 0.1785 -0.4077 0.8955
vn 0.2181 -0.3691 0.9034
vn -0.4769 -0.0917 0.8741
vn -0.5229 0.7402 0.4227
vn 0.2492 -0.5103 0.8231
vn 0.2142 -0.5056 0.8358
vn 0.1442 -0.5151 0.8449
vn 0.7029 0.0253 0.7108
vn 0.2531 -0.5544 0.7929
vn 0.6228 0.2570 0.7390
vn 0.6985 0.1044 0.7080
vn -0.6576 -0.2912 -0.6948
vn 0.7802 0.0058 0.6256
vn 0.6667 0.4137 0.6200
vn 0.2666 0.3997 0.8770
vn 0.2342 0.6657 0.7085
vn 0.1098 0.7136 0.6919
vn 0.1480 0.7006 0.6980
vn 0.2455 0.3892 0.8878
vn 0.2214 0.4074 0.8860
vn 0.6659 -0.3045 0.6811
vn 0.6782 0.0112 0.7348
vn 0.1099 0.7136 0.6919
vn 0.2701 0.5813 0.7676
vn 0.2606 -0.1544 0.9530
vn 0.1674 0.6632 0.7295
vn 0.1899 0.6630 0.7241
vn 0.2218 0.3716 0.9015
vn 0.2150 0.3766 0.9011
vn 0.1694 -0.3117 0.9350
vn 0.2905 -0.0345 0.9563
vn 0.0331 0.2377 0.9708
vn 0.3861 -0.2871 0.8766
vn 0.3912 -0.2695 0.8800
vn 0.1116 -0.5068 0.8548
vn 0.1510 -0.4502 0.8801
vn 0.1741 -0.4026 0.8987
vn 0.1148 -0.5788 0.8073
vn 0.2175 0.3657 0.9050
vn -0.1742 0.3446 0.9225
vn 0.1704 0.3647 0.9154
vn 0.1768 0.3470 0.9210
vn 0.2547 -0.3220 0.9119
vn 0.1833 0.5322 0.8265
vn 0.3218 0.1695 0.9315
vn -0.1477 0.5611 0.8145
vn 0.2926 -0.5933 0.7499
vn 0.2016 0.5586 0.8046
vn 0.5021 -0.1453 0.8525
vn 0.2926 -0.5932 0.7500
vn 0.2797 -0.5952 0.7533
vn 0.2738 -0.4817 0.8324
vn 0.2755 -0.4952 0.8240
vn 0.2828 -0.4520 0.8460
vn 0.4923 0.1073 0.8638
vn -0.4116 -0.4028 0.8175
vn -0.4456 -0.4579 0.7692
vn -0.2084 -0.8725 0.4419
vn 0.1563 0.6338 0.7576
vn 0.2096 -0.6576 0.7236
vn 0.2368 -0.6107 0.7556
vn 0.2500 -0.5189 0.8175
vn 0.2295 -0.5241 0.8202
vn 0.2405 -0.5150 0.8227
vn 0.1643 0.5385 0.8265
vn 0.1498 -0.4472 0.8818
vn 0.2038 -0.6119 0.7642
vn 0.1661 -0.6612 0.7316
vn 0.1950 0.6550 0.7300
vn 0.5327 0.2900 0.7950
vn 0.5414 -0.2748 0.7946
vn 0.5200 -0.2669 0.8114
vn 0.5331 -0.2510 0.8079
vn -0.3940 0.5067 0.7669
vn 0.1743 0.7090 0.6834
vn 0.1800 0.6488 0.7393
vn 0.1971 -0.6779 0.7083
vn -0.5099 0.8513 0.1235
vn 0.0559 -0.8875 0.4573
vn 0.1563 0.6955 0.7014
vn 0.5801 0.3641 0.7286
vn 0.6644 0.1832 0.7246
vn 0.1495 -0.9347 0.3225
vn 0.1650 0.7079 0.6868
vn 0.6976 -0.3764 0.6096
vn 0.6969 -0.3594 0.6206
vn 0.6871 0.4510 0.5697
vn 0.7005 0.4657 0.5409
vn 0.7560 0.4375 0.4868
vn 0.7546 0.4161 0.5074
vn 0.9340 -0.0766 0.3489
vn 0.2240 0.2965 0.9284
vn 0.1809 -0.2497 0.9513
vn 0.0356 0.0219 0.9991
vn 0.3169 -0.0871 0.9444
vn 0.2561 0.2393 0.9366
vn 0.2592 0.2692 0.9275
vn 0.2385 -0.2601 0.9357
vn 0.1445 0.3749 0.9158
vn 0.3785 0.9122 0.1573
vn 0.2110 0.4871 0.8475
vn 0.2089 0.5058 0.8369
vn 0.2236 0.5233 0.8223
vn 0.2248 0.5160 0.8266
vn 0.5040 0.1242 0.8547
vn 0.4702 0.1014 0.8767
vn 0.1561 0.5414 0.8261
vn 0.4837 -0.1962 0.8529
vn 0.0759 -0.5551 0.8283
vn 0.3361 -0.3247 0.8841
vn 0.2796 -0.2754 0.9198
vn 0.1739 -0.2888 0.9415
vn 0.1724 -0.2699 0.9473
vn 0.1779 -0.2691 0.9466
vn 0.0278 0.0190 0.9994
vn 0.1654 -0.1613 0.9730
vn -0.0952 -0.3105 0.9458
vn 0.1837 -0.2267 0.9565
vn 0.2099 0.6283 0.7492
vn 0.2311 -0.3531 0.9066
vn 0.2290 -0.3558 0.9060
vn 0.2545 0.1305 0.9582
vn 0.3188 -0.0440 0.9468
vn 0.3214 -0.0133 0.9468
vn -0.0686 0.0962 0.9930
vn -0.0908 0.1967 0.9763
vn -0.1813 0.0278 0.9830
vn 0.2308 -0.3246 0.9173
vn 0.3295 -0.3312 0.8842
vn 0.2151 -0.3891 0.8957
vn 0.2195 0.3702 0.9026
vn 0.2569 0.2787 0.9254
vn 0.2688 -0.2515 0.9298
vn 0.2875 -0.2247 0.9311
vn 0.3032 0.2639 0.9157
vn 0.2985 0.3051 0.9043
vn 0.3371 -0.1017 0.9359
vn 0.3323 -0.0944 0.9384
vn 0.3035 -0.1543 0.9403
vn 0.3055 -0.3022 0.9030
vn 0.3176 -0.2476 0.9153
vn 0.1518 0.3608 0.9202
vn 0.1699 0.3491 0.9215
vn 0.0347 0.4819 0.8756
vn 0.2203 0.5717 0.7903
vn 0.1661 0.4262 0.8893
vn 0.1445 0.3749 0.9157
vn 0.1447 -0.4365 0.8880
vn 0.1627 -0.4290 0.8886
vn 0.3988 0.1328 0.9074
vn 0.3927 0.1652 0.9047
vn 0.3941 0.1967 0.8978
vn 0.3994 0.2347 0.8862
vn 0.4027 0.1840 0.8966
vn 0.1660 0.4261 0.8893
vn 0.1736 0.5058 0.8450
vn 0.1657 0.5632 0.8095
vn 0.1837 0.5018 0.8452
vn 0.1746 0.5521 0.8153
vn 0.2273 -0.4409 0.8683
vn 0.3454 -0.3268 0.8797
vn 0.4781 -0.1392 0.8672
vn 0.4372 -0.0488 0.8980
vn 0.2743 -0.4329 0.8587
vn 0.1822 -0.5344 0.8253
vn 0.2416 0.4572 0.8559
vn 0.2469 0.4250 0.8709
vn 0.2288 0.5531 0.8011
vn 0.1864 0.6237 0.7591
vn 0.1656 0.7750 0.6098
vn 0.1404 0.8722 0.4686
vn 0.2790 0.5945 0.7542
vn 0.2965 0.6410 0.7079
vn 0.3233 0.6227 0.7125
vn 0.4137 -0.4622 0.7844
vn 0.7275 -0.2302 0.6463
vn 0.1068 -0.9137 0.3921
vn 0.7576 -0.3725 0.5360
vn 0.9143 0.0131 0.4047
vn 0.1499 -0.4493 0.8807
vn 0.0891 0.2122 0.9732
vn -0.0654 0.7883 0.6117
vn -0.1036 0.7835 0.6126
vn 0.1022 0.8497 0.5174
vn 0.1636 -0.8040 0.5716
vn 0.1585 0.7956 0.5847
vn -0.1209 0.0543 0.9912
vn 0.2033 -0.3870 0.8994
vn 0.6228 0.2570 0.7389
vn 0.3751 0.5798 0.7233
vn -0.8035 -0.0464 0.5936
vn 0.2144 0.9378 0.2732
vn 0.1336 -0.9341 0.3310
vn 0.1375 -0.9254 0.3533
vn -0.0407 -0.8192 0.5720
vn 0.0595 0.8004 0.5965
vn 0.1130 0.7573 0.6432
vn 0.0784 -0.9495 0.3039
vn 0.1051 -0.9643 0.2430
vn 0.2552 -0.9290 0.2682
vn 0.2581 0.6621 0.7036
vn 0.1841 -0.4475 0.8752
vn 0.2705 -0.4328 0.8600
vn 0.0370 -0.4439 0.8953
vn -0.3044 0.5657 0.7663
vn 0.3152 0.0317 0.9485
vn 0.1927 0.4984 0.8453
vn 0.3194 -0.3038 0.8976
vn 0.1400 0.6981 0.7022
vn -0.1155 -0.7673 0.6308
vn 0.6306 0.0035 0.7761
vn 0.1866 -0.7162 0.6724
vn 0.2044 0.4801 0.8531
vn 0.2010 0.4859 0.8506
vn 0.1801 0.6488 0.7393
vn 0.1445 0.3748 0.9158
vn 0.1045 0.4839 0.8688
vn 0.1813 0.4990 0.8474
vn 0.4256 -0.1987 0.8828
vn 0.0366 0.7835 0.6203
vn 0.5761 -0.7643 0.2896
vn -0.3707 -0.4009 0.8378
vn -0.5359 -0.8341 0.1303
vn -0.3820 -0.8347 0.3966
vn 0.4256 -0.0639 0.9027
vn 0.2531 -0.5544 0.7928
vn 0.1499 0.4124 0.8986
vn 0.2376 0.4668 0.8518
vn 0.1864 0.6238 0.7591
vn 0.2417 0.6279 0.7399
vn 0.2336 0.6662 0.7083
vn 0.0332 -0.5919 0.8054
vn -0.0109 -0.5988 0.8008
vn 0.1061 -0.8167 0.5672
vn 0.1585 0.8951 0.4168
vn 0.4437 0.0136 0.8960
vn 0.7754 -0.2369 0.5854
vn 0.2747 -0.3101 0.9101
vn 0.5631 0.2882 0.7745
vn 0.7545 0.4161 0.5074
vn 0.7709 0.4205 0.4784
vn -0.0558 -0.5427 0.8381
vn 0.1727 -0.4455 0.8785
vn 0.0629 0.8984 0.4347
vn -0.0298 -0.7363 0.6759
vn 0.2856 -0.6555 0.6991
vn -0.1450 -0.9564 0.2534
vn 0.2292 0.6298 0.7422
vn 0.2709 -0.5414 0.7959
vn 0.2045 -0.7132 0.6705
vn -0.6374 -0.7481 -0.1849
vn 0.2113 -0.7072 0.6747
vn 0.8353 -0.2477 0.4909
vn 0.2176 0.3657 0.9050
vn 0.2171 0.3626 0.9063
vn 0.0095 0.4924 0.8703
vn 0.1988 0.5391 0.8184
vn 0.2145 0.6528 0.7266
vn 0.2929 0.6441 0.7067
vn 0.2930 0.6441 0.7067
vn 0.1982 -0.8264 0.5271
vn 0.0147 0.8900 0.4557
vn 0.5635 0.2327 0.7926
vn 0.2776 -0.2791 0.9193
vn 0.1983 0.6833 0.7027
vn -0.0561 -0.3078 0.9498
vn 0.6312 -0.4477 0.6334
vn -0.1109 -0.3204 0.9408
vn 0.0945 -0.6365 0.7655
vn 0.0873 -0.5998 0.7953
vn 0.0096 -0.8623 0.5062
vn 0.2638 -0.1624 0.9508
vn 0.2490 0.0833 0.9649
vn 0.2595 0.5362 0.8033
vn 0.0552 0.6673 0.7427
vn 0.0905 0.7071 0.7013
vn 0.1572 -0.2896 0.9441
vn -0.2764 0.3866 0.8798
vn 0.3624 -0.2865 0.8869
vn 0.2581 -0.6170 0.7435
vn 0.6225 -0.0148 0.7824
vn 0.0300 0.0182 0.9994
vn 0.0296 0.0172 0.9994
vn 0.3319 -0.1149 0.9363
vn 0.3143 -0.1777 0.9326
vn 0.2370 0.5027 0.8314
vn 0.2111 0.4810 0.8510
vn 0.0930 0.6888 0.7190
vn 0.0904 0.7071 0.7013
vn 0.2456 -0.2675 0.9317
vn 0.2675 -0.2780 0.9226
vn 0.1744 -0.3292 0.9280
vn 0.2769 -0.2333 0.9321
vn 0.2747 -0.2500 0.9284
vn 0.1875 0.5397 0.8207
vn 0.1727 0.5580 0.8117
vn 0.3233 0.6227 0.7126
vn 0.7236 -0.3474 0.5964
vn 0.0871 0.2542 0.9632
vn 0.0994 -0.9391 0.3288
vn 0.0489 -0.6965 0.7159
vn 0.0945 -0.6364 0.7655
vn 0.0042 0.1212 0.9926
vn -0.0561 -0.3079 0.9498
vn 0.1573 -0.2896 0.9441
vn 0.1615 -0.2606 0.9519
vn 0.1731 0.5386 0.8246
vn -0.6961 0.0566 0.7157
vn 0.2423 -0.6591 0.7120
vn 0.1574 -0.5025 0.8502
vn 0.1441 -0.4825 0.8639
vn 0.2192 -0.7055 0.6740
vn -0.8228 0.2505 0.5100
vn -0.2638 -0.8742 0.4078
vn 0.0425 -0.8284 0.5585
vn -0.0407 -0.8192 0.5721
vn 0.1843 -0.8496 0.4941
vn 0.1439 -0.8538 0.5004
vn 0.2213 0.4073 0.8860
vn -0.0777 0.0320 0.9965
vn 0.4187 0.0986 0.9027
vn 0.4256 -0.0640 0.9026
vn 0.3510 -0.5738 0.7399
vn 0.1739 -0.2887 0.9415
vn 0.1059 0.2099 0.9720
vn 0.1509 -0.4503 0.8801
vn 0.1826 0.6513 0.7365
vn 0.2996 -0.4665 0.8322
vn 0.2814 -0.3971 0.8736
vn 0.1618 0.5250 0.8356
vn 0.2011 0.4859 0.8506
vn 0.2399 0.5241 0.8171
vn -0.7094 0.2064 0.6740
vn -0.3356 -0.4864 0.8067
vn 0.5078 0.2842 0.8133
vn -0.3090 0.4363 0.8450
vn 0.2094 -0.5322 0.8203
vn 0.1395 -0.4925 0.8591
vn 0.2993 -0.4105 0.8613
vn -0.0119 0.7275 0.6860
vn 0.5553 0.2981 0.7764
vn 0.6387 0.1056 0.7621
vn -0.6319 0.2501 0.7336
vn -0.5158 -0.4046 0.7552
vn 0.2204 -0.6351 0.7403
vn 0.6830 0.0482 0.7288
vn 0.5979 -0.3408 0.7255
vn 0.1969 -0.8700 0.4519
vn 0.7817 -0.3679 0.5036
vn 0.2342 0.2753 0.9324
vn 0.2239 0.2965 0.9284
vn 0.1923 0.4235 0.8853
vn 0.1996 0.4196 0.8855
vn 0.2322 -0.3504 0.9073
vn 0.3193 -0.0828 0.9440
vn 0.3211 -0.0464 0.9459
vn 0.2360 -0.3712 0.8980
vn 0.1865 0.4596 0.8683
vn 0.3320 -0.1150 0.9363
vn 0.1278 0.3833 0.9148
vn 0.0160 0.0218 0.9996
vn 0.0263 0.0323 0.9991
vn 0.2992 -0.2523 0.9202
vn 0.1742 0.4717 0.8644
vn 0.2278 -0.2394 0.9438
vn 0.3035 0.1513 0.9407
vn 0.3189 -0.0441 0.9468
vn -0.0840 0.1383 0.9868
vn 0.2814 -0.3003 0.9114
vn 0.2553 0.2900 0.9224
vn 0.2569 0.2788 0.9254
vn 0.2972 -0.1983 0.9340
vn 0.2730 -0.1832 0.9444
vn 0.2889 -0.3322 0.8979
vn 0.1686 -0.4136 0.8947
vn 0.1686 -0.4135 0.8947
vn 0.1443 -0.3589 0.9221
vn 0.2643 -0.4926 0.8291
vn 0.1667 0.4981 0.8510
vn 0.1526 0.5106 0.8462
vn 0.1784 -0.4474 0.8764
vn -0.6386 -0.0488 0.7680
vn 0.4504 -0.2273 0.8634
vn 0.2359 0.5981 0.7659
vn 0.2462 -0.4996 0.8305
vn 0.2936 -0.4718 0.8314
vn 0.1553 0.7079 0.6890
vn 0.1894 -0.5262 0.8290
vn 0.1615 -0.6886 0.7070
vn 0.1308 0.8215 0.5549
vn 0.1198 0.7993 0.5889
vn 0.4376 0.4904 0.7537
vn 0.1177 0.8265 0.5505
vn 0.6406 0.3968 0.6575
vn 0.7111 -0.2710 0.6488
vn 0.1325 0.7304 0.6700
vn 0.3597 -0.4512 0.8167
vn 0.0946 0.2233 0.9701
vn 0.0997 -0.9090 0.4046
vn 0.1403 0.8383 0.5268
vn 0.1427 0.8391 0.5249
vn 0.0872 0.2543 0.9632
vn -0.5497 0.8319 -0.0768
vn 0.1842 -0.3805 0.9062
vn 0.1952 0.5728 0.7962
vn 0.6684 0.2625 0.6960
vn 0.7623 0.2076 0.6130
vn 0.6847 -0.0360 0.7280
vn 0.7545 0.4161 0.5075
vn 0.1247 -0.8915 0.4354
vn 0.2503 0.5656 0.7858
vn 0.2176 0.3808 0.8987
vn 0.1431 -0.7427 0.6541
vn 0.5979 -0.3409 0.7255
vn 0.6939 -0.3356 0.6371
vn 0.1202 0.5432 0.8310
vn 0.1707 -0.6909 0.7025
vn 0.2094 0.4527 0.8667
vn 0.4922 0.0389 0.8696
vn 0.2394 0.0590 0.9691
vn 0.1647 -0.5620 0.8106
vn 0.1763 -0.5710 0.8018
vn 0.1334 0.4213 0.8970
vn -0.3602 0.1104 0.9263
vn 0.1052 0.7582 0.6435
vn 0.3990 0.8987 0.1818
vn 0.1594 0.5546 0.8167
vn 0.1206 -0.4956 0.8601
vn 0.1783 -0.6194 0.7646
vn 0.9173 0.1631 0.3633
vn 0.1351 -0.3099 0.9411
vn 0.1726 -0.4456 0.8784
vn 0.3264 -0.3338 0.8843
vn 0.0619 0.4836 0.8731
vn 0.2815 -0.2882 0.9153
vn 0.1600 0.7540 0.6370
vn 0.3269 0.3759 0.8671
vn -0.4248 -0.8501 0.3110
vn 0.6477 0.4177 0.6371
vn 0.6476 0.4021 0.6472
vn 0.2214 0.4073 0.8860
vn 0.3131 -0.0624 0.9477
vn 0.2799 -0.4755 0.8340
vn 0.2776 -0.2792 0.9192
vn 0.5853 0.1610 0.7947
vn 0.6388 0.1055 0.7621
vn -0.3560 0.6628 -0.6587
vn -0.4700 -0.7377 0.4847
vn -0.4907 -0.6168 0.6155
vn 0.1399 -0.5617 0.8154
vn 0.1983 -0.4402 0.8758
vn 0.1686 0.6212 0.7653
vn 0.4519 0.4839 0.7494
vn -0.0298 -0.7364 0.6759
vn 0.0434 -0.7338 0.6780
vn 0.6228 0.4936 0.6070
vn 0.4084 -0.5234 0.7478
vn 0.2373 -0.3405 0.9098
vn 0.1306 -0.3551 0.9257
vn 0.1429 -0.3474 0.9268
vn 0.3829 0.9025 0.1970
vn -0.1958 0.3583 0.9128
vn -0.2795 -0.0187 0.9600
vn 0.0468 0.9801 -0.1929
vn -0.3560 0.6629 -0.6587
vn 0.2025 -0.7352 0.6468
vn 0.6659 -0.0641 0.7433
vn -0.0495 -0.9944 0.0931
vn 0.2098 -0.3249 0.9222
vn 0.2569 0.2788 0.9253
vn -0.2670 -0.4304 0.8623
vn -0.3413 -0.4298 0.8359
vn 0.1869 0.5181 0.8347
vn -0.4377 -0.2907 0.8508
vn -0.2982 -0.8051 0.5127
vn -0.3694 -0.8396 0.3981
vn -0.0872 -0.8751 0.4761
vn 0.1995 0.5399 0.8177
vn 0.2152 -0.4913 0.8440
vn 0.2141 -0.5056 0.8358
vn 0.4449 -0.3170 0.8376
vn 0.4594 -0.2817 0.8424
vn 0.1640 0.6816 0.7131
vn 0.1776 -0.7603 0.6248
vn 0.6790 -0.0606 0.7317
vn -0.2713 -0.8166 0.5094
vn 0.3175 -0.0787 0.9450
vn 0.1884 0.4216 0.8870
vn 0.2930 -0.2372 0.9262
vn 0.1514 0.5318 0.8332
vn 0.3508 -0.4912 0.7973
vn 0.2798 -0.2816 0.9178
vn 0.1579 -0.1482 0.9763
vn 0.1558 -0.1545 0.9756
vn 0.2210 0.3727 0.9013
vn 0.2037 0.3932 0.8966
vn 0.1615 -0.2606 0.9518
vn 0.3041 0.0698 0.9501
vn -0.0933 0.1070 0.9899
vn 0.1305 0.3939 0.9098
vn 0.1789 0.5707 0.8014
vn 0.1954 0.4960 0.8460
vn 0.2002 0.4884 0.8493
vn 0.2008 0.4883 0.8493
vn 0.4990 0.1443 0.8545
vn 0.1716 0.5041 0.8464
vn -0.3751 0.9265 0.0298
vn 0.1649 0.7079 0.6867
vn 0.1529 0.7152 0.6820
vn 0.2394 0.6676 0.7049
vn 0.9191 0.1722 0.3544
vn 0.2184 0.3813 0.8983
vn 0.0622 0.0535 0.9966
vn 0.1558 0.1784 0.9716
vn 0.2724 0.6544 0.7054
vn -0.1550 -0.6983 0.6988
vn 0.1250 -0.9505 0.2847
vn 0.1840 -0.3579 0.9155
vn -0.8030 0.0897 0.5892
vn 0.2143 0.6742 0.7068
vn 0.3286 -0.1802 0.9271
vn 0.1641 0.5113 0.8436
vn 0.1431 -0.7428 0.6541
vn 0.5231 -0.4921 0.6958
vn -0.0566 0.0873 0.9946
vn 0.2264 -0.4878 0.8431
vn 0.2815 -0.2882 0.9152
vn 0.3500 -0.0389 0.9359
vn 0.2366 -0.5766 0.7820
vn 0.1497 0.5719 0.8065
vn 0.3287 0.2350 0.9147
vn 0.6162 -0.3524 0.7044
vn 0.2345 -0.4982 0.8347
vn 0.1397 -0.2498 0.9582
vn 0.1615 -0.2605 0.9519
vn 0.1448 -0.2686 0.9523
vn 0.1723 -0.2467 0.9537
vn 0.2829 0.4592 0.8421
vn 0.3642 0.5743 0.7332
vn -0.0290 0.0706 0.9971
vn 0.1636 -0.9754 0.1478
vn -0.6084 -0.7459 -0.2712
vn 0.9007 0.1975 0.3869
vn 0.3216 -0.2516 0.9129
vn 0.2775 -0.2792 0.9192
vn 0.1989 -0.4161 0.8873
vn 0.2253 -0.2629 0.9382
vn -0.1348 -0.2788 0.9508
vn -0.1109 -0.3205 0.9408
vn 0.1447 0.7430 0.6535
vn 0.1593 0.6491 0.7439
vn 0.1955 0.7119 0.6745
vn 0.1883 0.7338 0.6527
vn 0.7549 -0.1872 0.6286
vn 0.1997 0.4081 0.8908
vn 0.3727 -0.3290 0.8677
vn 0.2251 -0.3112 0.9233
vn 0.2570 0.2788 0.9253
vn 0.3380 -0.1533 0.9286
vn 0.1306 0.3940 0.9098
vn 0.1605 0.4018 0.9015
vn 0.1862 0.4929 0.8499
vn 0.1780 0.4947 0.8507
vn 0.1780 0.4779 0.8602
vn 0.2011 0.4858 0.8506
vn 0.1912 0.6738 0.7138
vn 0.6871 -0.0613 0.7240
vn 0.3641 0.5744 0.7332
vn 0.3598 -0.4511 0.8167
vn -0.0296 0.2885 0.9570
vn -0.8171 0.0923 0.5691
vn -0.2795 -0.0189 0.9600
vn 0.3722 -0.4971 0.7839
vn 0.4009 -0.4959 0.7703
vn 0.2724 0.6545 0.7053
vn -0.6961 0.0566 0.7158
vn 0.1956 -0.2319 0.9529
vn 0.3023 0.0354 0.9526
vn 0.3176 -0.0788 0.9450
vn 0.0647 -0.3288 0.9422
vn 0.0738 0.4732 0.8779
vn 0.1723 0.5187 0.8374
vn 0.1842 -0.3806 0.9062
vn 0.1716 -0.3834 0.9075
vn 0.2894 -0.3254 0.9002
vn -0.2530 -0.0077 0.9674
vn 0.4038 -0.0639 0.9126
vn 0.2108 0.4691 0.8576
vn 0.2937 -0.4718 0.8314
vn 0.3467 -0.0708 0.9353
vn 0.2666 0.3996 0.8770
vn 0.1561 0.5414 0.8262
vn 0.0759 -0.5552 0.8283
vn 0.3228 -0.3734 0.8697
vn 0.1914 0.5995 0.7772
vn 0.1858 0.6246 0.7585
vn 0.1740 -0.2888 0.9415
vn -0.3124 0.1268 0.9414
vn 0.1425 0.5707 0.8087
vn 0.0823 0.2158 0.9730
vn 0.2273 -0.5109 0.8290
vn 0.0760 0.1229 0.9895
vn 0.1881 0.6535 0.7331
vn 0.1757 -0.4363 0.8825
vn 0.1783 0.3453 0.9214
vn 0.4807 0.1234 0.8681
vn -0.7665 0.0469 0.6406
vn 0.2854 0.6463 0.7077
vn 0.2724 0.6544 0.7053
vn 0.5040 0.1242 0.8548
vn 0.2666 0.4362 0.8595
vn 0.1208 0.1736 0.9774
vn 0.3722 -0.4970 0.7838
vn -0.1458 0.1083 0.9834
vn -0.1667 0.0695 0.9836
vn -0.4116 -0.4027 0.8175
vn -0.1018 -0.6453 0.7572
vn -0.0520 -0.6157 0.7863
vn 0.5821 0.2518 0.7731
vn 0.1782 -0.6061 0.7752
vn 0.3300 -0.4446 0.8327
vn 0.0733 -0.5796 0.8116
vn 0.2110 0.4809 0.8510
vn 0.0988 0.6999 0.7074
vn 0.2096 0.4768 0.8536
vn 0.7236 -0.3475 0.5963
vn 0.3989 0.1328 0.9074
vn 0.5554 0.2981 0.7764
vn 0.1591 -0.6067 0.7788
vn 0.3405 -0.1079 0.9340
vn 0.0299 0.0151 0.9994
vn 0.1831 -0.4414 0.8785
vn 0.1964 0.5818 0.7893
vn 0.2887 -0.4961 0.8189
vn 0.4004 -0.4324 0.8079
vn 0.1601 -0.7107 0.6850
vn 0.2723 0.6545 0.7053
vn -0.1435 -0.8801 0.4525
vn -0.1883 -0.8633 0.4682
vn 0.2988 0.0756 0.9513
vn -0.1348 -0.2789 0.9508
vn 0.2926 -0.5932 0.7499
vn 0.2010 0.4861 0.8505
vn 0.2228 0.4740 0.8518
vn 0.1353 0.7747 0.6177
vn -0.1958 0.3583 0.9129
vn -0.5939 0.3923 0.7024
vn 0.2927 0.1002 0.9509
vn 0.3034 0.0712 0.9502
vn 0.3026 0.1097 0.9468
vn -0.1623 0.0391 0.9860
vn 0.3721 -0.4073 0.8340
vn -0.6811 0.1780 0.7103
vn 0.3890 0.1550 0.9081
vn 0.1781 -0.2590 0.9493
vn 0.0306 0.0098 0.9995
vn 0.0304 0.0139 0.9994
vn 0.1693 -0.1928 0.9665
vn 0.2673 0.1309 0.9547
vn 0.2328 -0.3876 0.8919
vn 0.2661 0.3675 0.8912
vn 0.1905 0.5707 0.7987
vn 0.2581 0.4389 0.8607
vn -0.2982 -0.8051 0.5128
vn -0.2400 -0.7813 0.5761
vn 0.2185 0.5003 0.8378
vn 0.2340 0.5482 0.8029
vn 0.1584 -0.5426 0.8249
vn 0.2077 -0.4429 0.8722
vn 0.7688 0.1307 0.6261
vn 0.3985 0.4381 0.8058
vn -0.6893 0.0541 0.7224
vn 0.5546 -0.5260 0.6448
vn 0.5545 -0.5260 0.6448
vn 0.2876 -0.4814 0.8280
vn 0.2006 0.6514 0.7318
vn 0.1845 0.6385 0.7471
vn 0.0355 0.0220 0.9991
vn 0.5190 0.2473 0.8182
vn 0.0301 0.7605 0.6486
vn 0.6743 0.1444 0.7242
vn 0.1326 0.7956 0.5912
vn 0.2766 -0.2661 0.9234
vn 0.3839 0.1444 0.9120
vn 0.1998 0.4844 0.8518
vn 0.1613 -0.6275 0.7617
vn -0.2638 0.0031 0.9646
vn 0.1722 -0.2189 0.9604
vn 0.1412 -0.9168 0.3737
vn 0.1434 -0.2374 0.9608
vn 0.5545 -0.5259 0.6449
vn 0.3648 -0.0443 0.9300
vn 0.2671 -0.6214 0.7366
vn 0.1985 0.9505 0.2391
vn 0.0809 -0.6506 0.7551
vn -0.8579 0.0368 0.5126
vn 0.2195 0.3703 0.9026
vn 0.2547 -0.3220 0.9118
vn 0.1816 0.9633 0.1978
vn 0.6938 -0.3357 0.6371
vn 0.1622 0.5554 0.8156
vn 0.0598 -0.6013 0.7968
vn 0.1647 -0.4658 0.8694
vn 0.3085 0.0470 0.9501
vn -0.3459 -0.5839 -0.7345
vn 0.2701 0.5812 0.7676
vn 0.1842 0.7315 0.6565
vn 0.2665 0.2507 0.9306
vn 0.1498 -0.4471 0.8818
vn 0.9171 -0.1610 0.3647
vn 0.3362 -0.3247 0.8840
vn -0.3054 -0.3690 0.8778
vn 0.9171 -0.1610 0.3646
vn 0.1643 -0.7974 0.5806
vn 0.2321 -0.3695 0.8998
vn -0.3400 -0.7563 0.5589
vn -0.3401 -0.7563 0.5589
vn -0.1469 -0.1614 0.9759
vn -0.1396 -0.1919 0.9714
vn 0.2647 -0.4739 0.8398
vn -0.2531 -0.0078 0.9674
vn 0.2193 -0.7055 0.6740
vn 0.1151 -0.6398 0.7599
vn 0.2098 0.6283 0.7491
vn 0.1360 -0.8243 0.5496
vn 0.3112 0.6287 0.7126
vn 0.0309 0.0223 0.9993
vn 0.2596 -0.4418 0.8587
vn -0.3585 -0.3621 0.8605
vn -0.0067 0.0281 0.9996
vn 0.0060 0.0285 0.9996
vn -0.0489 0.0414 0.9979
vn 0.3994 -0.2382 0.8853
vn 0.2650 0.9313 0.2497
vn -0.1762 -0.8854 0.4302
vn -0.0441 -0.9725 0.2289
vn 0.2738 0.2240 0.9353
vn -0.6379 -0.2977 0.7103
vn 0.1770 -0.1920 0.9653
vn 0.1008 0.5553 0.8255
vn 0.1604 0.4761 0.8646
vn 0.1527 0.5105 0.8462
vn 0.0060 0.0286 0.9996
vn 0.1282 -0.9140 0.3850
vn 0.1376 -0.9254 0.3532
vn 0.2014 0.6524 0.7306
vn -0.7630 0.0594 0.6437
vn 0.6944 0.4833 0.5331
vn -0.0805 0.0593 0.9950
vn 0.2457 -0.5270 0.8135
vn 0.2917 -0.2450 0.9246
vn 0.2336 0.6662 0.7082
vn -0.6037 -0.2998 0.7387
vn 0.2240 0.3574 0.9067
vn -0.8170 0.0924 0.5691
vn -0.3309 0.0911 0.9393
vn 0.0824 0.2157 0.9730
vn 0.4041 0.8812 0.2453
vn -0.2531 -0.0077 0.9674
vn 0.2004 -0.4891 0.8489
vn -0.3208 -0.5792 0.7494
vn -0.3675 0.2507 0.8956
vn -0.4050 -0.9015 -0.1529
vn -0.7686 -0.3194 -0.5543
vn -0.6576 -0.2913 -0.6948
vn -0.7514 0.2492 0.6109
vn -0.6855 0.2612 0.6796
vn 0.2121 0.6574 0.7231
vn 0.1106 -0.5323 0.8393
vn 0.1167 -0.5749 0.8098
vn 0.2326 -0.2510 0.9396
vn -0.4353 -0.6790 0.5912
vn 0.4843 -0.5763 0.6583
vn -0.3310 0.0911 0.9392
vn 0.3996 0.3754 0.8363
vn 0.1857 0.6053 0.7740
vn 0.1379 0.8284 0.5429
vn 0.1598 0.7866 0.5964
vn 0.3099 0.2920 0.9048
vn 0.3295 0.2864 0.8997
vn 0.1060 0.9191 0.3795
vn 0.0706 -0.8360 0.5442
vn 0.1535 -0.2489 0.9563
vn 0.1825 0.5313 0.8273
vn 0.2288 -0.5607 0.7958
vn -0.7009 -0.1899 0.6875
vn 0.1882 0.7338 0.6528
vn 0.0302 0.0168 0.9994
vn 0.2927 -0.1962 0.9359
vn 0.2211 0.3726 0.9013
vn 0.3989 0.1327 0.9074
vn 0.0029 0.6939 0.7201
vn -0.6441 -0.5017 0.5774
vn 0.2491 0.5951 0.7641
vn 0.1839 -0.4341 0.8819
vn 0.1575 -0.3960 0.9047
vn -0.0563 -0.1335 0.9895
vn -0.6960 0.0566 0.7158
vn 0.2132 -0.8830 0.4181
vn 0.0291 -0.3133 0.9492
vn 0.3986 0.4381 0.8058
vn 0.8303 0.3111 0.4624
vn 0.1731 -0.6830 0.7096
vn -0.3443 0.6769 0.6505
vn -0.4498 0.7814 0.4324
vn 0.3098 0.0698 0.9482
vn -0.2891 -0.3177 0.9031
vn -0.7408 0.2953 0.6033
vn 0.3021 -0.4990 0.8123
vn 0.3384 -0.4449 0.8291
vn 0.3578 -0.4274 0.8302
vn 0.2102 0.5267 0.8237
vn 0.1686 0.5938 0.7868
vn 0.1536 0.8103 0.5656
vn 0.2693 -0.4561 0.8482
vn -0.0562 -0.1335 0.9895
vn -0.3143 0.0907 0.9450
vn -0.3052 0.1181 0.9449
vn -0.8229 0.2505 0.5101
vn -0.7926 0.2637 0.5497
vn 0.0742 0.7458 0.6620
vn 0.4138 -0.4622 0.7844
vn 0.1143 0.7664 0.6321
vn 0.0304 0.0138 0.9994
vn -0.2083 -0.8725 0.4420
vn 0.7545 0.4162 0.5075
vn -0.2357 0.7978 0.5549
vn 0.3750 -0.4733 0.7971
vn 0.1243 -0.8956 0.4272
vn 0.1784 -0.4078 0.8955
vn -0.3676 0.2507 0.8956
vn -0.4049 -0.9015 -0.1529
vn 0.3071 0.9223 0.2346
vn 0.1952 0.5727 0.7962
vn 0.1694 0.5706 0.8036
vn 0.5658 -0.4112 0.7146
vn 0.0778 0.7114 0.6985
vn 0.2784 -0.2718 0.9212
vn 0.2592 -0.4851 0.8352
vn -0.7202 0.1050 0.6857
vn 0.0486 0.8316 0.5532
vn 0.1116 0.6166 0.7794
vn 0.0789 0.6606 0.7466
vn 0.5658 -0.4113 0.7147
vn 0.2549 -0.2693 0.9287
vn 0.3371 0.5345 0.7750
vn 0.8691 0.1997 0.4526
vn 0.1760 0.7696 0.6138
vn 0.1686 0.5938 0.7867
vn -0.2904 0.9382 0.1884
vn 0.6175 0.4299 0.6588
vn 0.4519 0.4838 0.7495
vn 0.5783 0.0750 0.8124
vn 0.5698 0.1482 0.8083
vn 0.2497 -0.5243 0.8141
vn 0.2439 0.3043 0.9208
vn 0.2764 0.2203 0.9354
vn 0.2591 0.3132 0.9137
vn 0.3375 -0.3073 0.8898
vn 0.0305 0.0098 0.9995
vn 0.1658 0.5863 0.7929
vn 0.5624 0.0753 0.8234
vn 0.6020 -0.0747 0.7950
vn 0.2546 -0.3220 0.9118
vn 0.3379 -0.3022 0.8913
vn -0.3820 -0.8347 0.3965
vn 0.7945 0.3873 0.4676
vn -0.0932 0.1070 0.9899
vn 0.3378 -0.3023 0.8913
vn 0.3959 0.6297 0.6685
vn 0.3148 -0.4675 0.8260
vn 0.4837 -0.1963 0.8529
vn 0.3085 0.0471 0.9501
vn 0.1905 0.5707 0.7988
vn 0.1946 0.5638 0.8026
vn 0.3260 -0.4776 0.8159
vn 0.7319 0.3999 0.5516
vn 0.3071 -0.3187 0.8967
vn 0.2966 0.6410 0.7080
vn 0.6567 -0.2996 0.6921
vn 0.5978 0.3658 0.7133
vn 0.3153 0.5717 0.7574
vn 0.2457 -0.3837 0.8901
vn 0.2004 -0.4890 0.8489
vn -0.4911 0.8367 -0.2423
vn 0.4117 0.7742 0.4807
vn 0.0274 -0.3119 0.9497
vn 0.1563 -0.7496 0.6432
vn 0.3370 -0.3451 0.8760
vn 0.1674 0.5471 0.8201
vn 0.2504 0.4046 0.8795
vn -0.4906 -0.6168 0.6155
vn -0.5238 0.8511 0.0353
vn 0.0799 -0.4424 0.8933
vn 0.0844 0.8783 0.4705
vn 0.1916 0.4336 0.8805
vn 0.1281 0.8358 0.5339
vn 0.1163 0.8219 0.5577
vn 0.1218 0.8236 0.5540
vn 0.1225 0.8457 0.5194
vn 0.5659 0.4776 0.6720
vn 0.6132 -0.2524 0.7485
vn 0.1643 -0.8712 0.4625
vn 0.5563 0.1826 0.8107
vn 0.5631 0.2325 0.7930
vn 0.1988 -0.5826 0.7880
vn 0.2828 0.4592 0.8421
vn 0.4946 -0.2236 0.8398
vn -0.3387 0.6227 0.7054
vn 0.1952 0.5728 0.7961
vn 0.1324 0.7304 0.6701
vn 0.2114 -0.7072 0.6747
vn -0.7087 0.4281 -0.5609
vn 0.8077 -0.3500 0.4746
vn 0.0621 -0.6562 0.7520
vn -0.2814 -0.0426 0.9586
vn 0.2092 0.0791 0.9747
vn 0.1528 -0.3771 0.9135
vn 0.5624 0.0753 0.8235
vn -0.7686 -0.3194 -0.5542
vn 0.1695 0.5706 0.8035
vn 0.2060 -0.4625 0.8623
vn 0.3540 0.3905 0.8498
vn -0.1464 0.2094 0.9668
vn 0.8492 -0.3480 0.3971
vn -0.1338 0.6872 0.7140
vn 0.4067 0.4061 0.8184
vn 0.4117 0.7743 0.4806
vn 0.5799 -0.2608 0.7719
vn 0.8120 0.5339 0.2359
vn -0.6759 -0.2630 -0.6884
vn -0.5021 0.8498 0.1604
vn -0.8432 0.1239 -0.5231
vn -0.7226 -0.3248 -0.6103
vn -0.5212 -0.8528 0.0322
vn -0.5212 -0.8529 0.0323
vn -0.2171 -0.0182 -0.9760
vn -0.2258 -0.0128 -0.9741
vn -0.2394 -0.0024 -0.9709
vn -0.2299 0.0101 -0.9732
vn -0.2002 0.0343 -0.9792
vn -0.1945 0.0231 -0.9806
vn -0.2185 0.0036 -0.9758
vn -0.2303 0.0004 -0.9731
vn -0.2267 0.0020 -0.9740
vn -0.2186 0.0067 -0.9758
vn -0.2107 0.0108 -0.9775
vn -0.2102 0.0101 -0.9776
vn -0.2109 0.0117 -0.9774
vn -0.2231 0.0062 -0.9748
vn -0.2303 0.0032 -0.9731
vn -0.2298 0.0014 -0.9732
vn -0.2287 -0.0000 -0.9735
vn -0.2332 -0.0010 -0.9724
vn -0.2320 0.0014 -0.9727
vn -0.2312 0.0031 -0.9729
vn -0.2234 0.0043 -0.9747
vn -0.2175 0.0030 -0.9761
vn -0.2031 0.0064 -0.9791
vn -0.2134 0.0012 -0.9770
vn -0.2145 0.0013 -0.9767
vn -0.2208 -0.0003 -0.9753
vn -0.2208 -0.0006 -0.9753
vn -0.2220 -0.0037 -0.9750
vn -0.1852 -0.0068 -0.9827
vn -0.2109 -0.0106 -0.9774
vn -0.2044 -0.0129 -0.9788
vn -0.2032 -0.0338 -0.9786
vn -0.2022 -0.0531 -0.9779
vn -0.2292 -0.0506 -0.9721
vn -0.2213 -0.0403 -0.9744
vn -0.2332 -0.0280 -0.9720
vn -0.2315 -0.0279 -0.9724
vn -0.2253 -0.0300 -0.9738
vn -0.2332 -0.0264 -0.9721
vn -0.2489 -0.0187 -0.9684
vn -0.2713 -0.0036 -0.9625
vn -0.2946 0.0052 -0.9556
vn -0.3111 -0.0002 -0.9504
vn -0.2892 -0.0074 -0.9572
vn -0.2653 -0.0083 -0.9641
vn -0.2871 -0.0172 -0.9577
vn -0.2848 -0.0135 -0.9585
vn -0.2788 -0.0133 -0.9603
vn -0.2533 -0.0014 -0.9674
vn -0.2307 0.0015 -0.9730
vn -0.2340 -0.0007 -0.9722
vn -0.2339 -0.0074 -0.9722
vn -0.2496 -0.0138 -0.9683
vn -0.2477 -0.0017 -0.9688
vn -0.2491 0.0150 -0.9684
vn -0.2191 -0.0098 -0.9757
vn -0.2278 -0.0143 -0.9736
vn -0.2349 -0.0020 -0.9720
vn -0.2373 0.0094 -0.9714
vn -0.2415 -0.0035 -0.9704
vn -0.2353 -0.0125 -0.9718
vn -0.2431 -0.0075 -0.9700
vn -0.2585 -0.0120 -0.9659
vn -0.2639 -0.0181 -0.9644
vn -0.2551 -0.0164 -0.9668
vn -0.2359 -0.0017 -0.9718
vn -0.2391 -0.0090 -0.9710
vn -0.2303 -0.0070 -0.9731
vn -0.2286 0.0151 -0.9734
vn -0.2634 -0.0064 -0.9647
vn -0.2291 -0.0076 -0.9734
vn -0.2183 -0.0173 -0.9757
vn -0.2089 -0.0065 -0.9779
vn -0.2021 -0.0058 -0.9793
vn -0.1936 -0.0271 -0.9807
vn -0.2112 -0.0099 -0.9774
vn -0.1976 -0.0223 -0.9800
vn -0.1816 -0.0809 -0.9800
vn -0.2155 -0.1004 -0.9713
vn -0.2533 -0.0082 -0.9673
vn -0.3243 -0.0124 -0.9459
vn -0.3075 -0.0191 -0.9514
vn -0.2448 -0.0091 -0.9695
vn -0.2293 -0.0241 -0.9731
vn -0.2385 -0.0310 -0.9707
vn -0.2353 -0.0352 -0.9713
vn -0.2315 -0.0540 -0.9713
vn -0.2335 -0.0421 -0.9714
vn -0.2301 -0.0453 -0.9721
vn -0.2396 -0.0071 -0.9709
vn -0.2403 -0.0202 -0.9705
vn -0.2460 -0.0394 -0.9685
vn -0.2246 -0.1265 -0.9662
vn -0.2954 0.0128 -0.9553
vn -0.3588 0.0127 -0.9333
vn -0.3072 -0.0231 -0.9514
vn -0.3591 -0.0072 -0.9333
vn -0.4062 0.0848 -0.9098
vn -0.5050 0.1020 -0.8571
vn -0.2427 -0.0094 -0.9700
vn -0.2844 -0.0937 -0.9541
vn -0.3621 0.0316 -0.9316
vn -0.2934 0.0196 -0.9558
vn -0.1717 -0.1072 -0.9793
vn -0.0359 -0.4419 -0.8963
vn -0.2641 -0.2211 -0.9388
vn -0.7708 0.2411 -0.5897
vn -0.5527 -0.8190 -0.1544
vn -0.2986 0.0026 -0.9544
vn -0.2833 0.0323 -0.9585
vn -0.2647 0.0698 -0.9618
vn -0.2442 0.0574 -0.9680
vn -0.2565 -0.0285 -0.9661
vn -0.2872 -0.0419 -0.9570
vn -0.2623 -0.0134 -0.9649
vn -0.2433 0.0440 -0.9689
vn -0.2698 0.1038 -0.9573
vn -0.2789 0.0877 -0.9563
vn -0.2491 0.0293 -0.9680
vn -0.2623 -0.0376 -0.9642
vn -0.2936 -0.0723 -0.9532
vn -0.3128 -0.0776 -0.9466
vn -0.3136 -0.0352 -0.9489
vn -0.3625 -0.0253 -0.9317
vn -0.3617 0.0235 -0.9320
vn -0.2753 0.0112 -0.9613
vn -0.2259 0.0964 -0.9694
vn -0.3343 0.0624 -0.9404
vn -0.1916 0.0751 -0.9786
vn -0.1829 -0.0067 -0.9831
vn -0.1879 -0.0082 -0.9822
vn -0.3027 0.0072 -0.9531
vn -0.4061 0.0314 -0.9133
vn -0.2693 0.0394 -0.9622
vn -0.2323 0.0239 -0.9723
vn -0.2029 0.0545 -0.9777
vn -0.2478 0.0076 -0.9688
vn -0.2295 0.0479 -0.9721
vn -0.2568 0.0047 -0.9665
vn -0.2021 0.0195 -0.9792
vn -0.4269 0.0523 -0.9028
vn -0.3059 0.0288 -0.9516
vn -0.2329 0.0233 -0.9722
vn -0.2625 -0.0461 -0.9638
vn -0.3278 0.0338 -0.9442
vn -0.3555 0.0844 -0.9308
vn -0.2940 0.0609 -0.9539
vn -0.2525 0.0202 -0.9674
vn -0.2585 0.0328 -0.9655
vn -0.2419 0.0099 -0.9702
vn -0.2321 0.0069 -0.9727
vn -0.2313 0.0124 -0.9728
vn -0.2218 0.0135 -0.9750
vn -0.2093 0.0101 -0.9778
vn -0.2255 -0.0092 -0.9742
vn -0.2395 0.0025 -0.9709
vn -0.2533 0.0212 -0.9672
vn -0.2246 0.0104 -0.9744
vn -0.2287 0.0013 -0.9735
vn -0.2102 0.0232 -0.9774
vn -0.2245 0.0029 -0.9745
vn -0.2475 0.0011 -0.9689
vn -0.2429 0.0001 -0.9700
vn -0.2284 0.0050 -0.9736
vn -0.2492 0.0081 -0.9684
vn -0.2553 0.0132 -0.9668
vn -0.2442 0.0029 -0.9697
vn -0.2407 -0.0073 -0.9706
vn -0.2303 -0.0144 -0.9730
vn -0.2382 -0.0000 -0.9712
vn -0.2696 0.0118 -0.9629
vn -0.2551 0.0311 -0.9664
vn -0.2510 0.1403 -0.9578
vn 0.0585 -0.0105 -0.9982
vn -0.4091 0.1126 -0.9055
vn -0.2570 0.0344 -0.9658
vn -0.2499 0.0200 -0.9681
vn -0.2416 0.0050 -0.9704
vn -0.2386 0.0003 -0.9711
vn -0.2383 0.0038 -0.9712
vn -0.2299 0.0069 -0.9732
vn -0.2361 0.0024 -0.9717
vn -0.2262 0.0045 -0.9741
vn -0.2218 -0.0147 -0.9750
vn -0.2171 -0.0134 -0.9761
vn -0.2330 -0.0016 -0.9725
vn -0.2639 0.0092 -0.9645
vn -0.2724 0.0195 -0.9620
vn -0.2732 0.0252 -0.9616
vn -0.2457 0.0106 -0.9693
vn -0.2725 0.0414 -0.9613
vn -0.2606 0.0339 -0.9648
vn -0.2512 0.0280 -0.9675
vn -0.2412 0.0188 -0.9703
vn -0.2396 0.0225 -0.9706
vn -0.2444 0.0310 -0.9692
vn -0.2333 0.0215 -0.9722
vn -0.2343 0.0273 -0.9718
vn -0.2307 0.0301 -0.9726
vn -0.2292 0.0322 -0.9729
vn -0.2288 0.0283 -0.9731
vn -0.2300 0.0109 -0.9731
vn -0.2277 0.0040 -0.9737
vn -0.2291 0.0066 -0.9734
vn -0.2294 0.0035 -0.9733
vn -0.2324 0.0015 -0.9726
vn -0.2315 0.0099 -0.9728
vn -0.2285 0.0148 -0.9734
vn -0.2331 0.0105 -0.9724
vn -0.2365 0.0054 -0.9716
vn -0.2339 0.0142 -0.9721
vn -0.1825 0.0853 -0.9795
vn -0.2354 -0.0025 -0.9719
vn 0.4368 -0.4091 -0.8011
vn 0.4575 -0.2200 0.8616
vn 0.6926 0.2729 0.6677
vn -0.3127 -0.0601 0.9480
vn 0.5308 0.2265 0.8166
vn -0.7390 0.5122 0.4377
vn 0.6033 -0.6918 0.3967
vn -0.2122 0.3899 0.8961
vn 0.3875 -0.1499 0.9096
vn 0.3448 -0.2502 0.9047
vn -0.4157 0.1334 0.8996
vn -0.0179 -0.0610 0.9980
vn 0.5135 -0.4707 0.7175
s 0
usemtl material_0.019
f 2//1 3//2 3068//3
f 4//4 5//5 6//6
f 10//7 11//8 12//9
f 11//8 13//10 12//9
f 12//9 13//10 3//11
f 12//9 3//11 2//12
f 12//9 2//12 14//13
f 14//13 2//14 15//15
f 19//16 13//17 11//8
f 2//14 5//18 15//15
f 15//15 4//4 945//19
f 297//20 950//21 951//22
f 47//23 10//7 12//9
f 14//13 47//23 12//9
f 47//23 14//13 3925//24
f 2617//25 957//26 2633//27
f 10//7 47//28 63//29
f 3025//30 19//31 11//32
f 63//33 64//34 10//7
f 75//35 63//33 3925//36
f 977//37 978//38 4403//39
f 979//40 980//41 981//42
f 69//43 84//44 985//45
f 2717//46 995//47 3370//48
f 1019//49 1020//50 1021//51
f 1456//52 1025//53 3376//54
f 114//55 1055//56 2720//57
f 1032//58 1033//59 1034//60
f 75//35 1051//61 4027//62
f 75//35 76//63 1051//64
f 1004//65 100//66 4876//67
f 3381//68 120//69 1063//70
f 4681//71 122//72 1067//73
f 1078//74 1079//75 2129//76
f 1089//77 3035//78 1090//79
f 1091//80 2146//81 1092//82
f 1093//83 1094//84 3694//85
f 137//86 155//87 2648//88
f 135//89 2724//90 154//91
f 1102//92 1103//93 4777//94
f 1107//95 1108//96 1109//97
f 175//98 2649//99 176//100
f 159//101 175//98 1108//102
f 178//103 158//104 177//105
f 159//101 1107//95 178//106
f 1137//107 145//108 1084//109
f 1113//110 1086//111 1139//112
f 1140//113 1141//114 1142//115
f 3135//116 1116//117 1174//118
f 1165//119 1166//120 1167//121
f 199//122 4145//123 1174//124
f 200//125 186//126 1175//127
f 199//128 163//129 200//125
f 187//130 1180//131 2653//132
f 3591//133 1182//134 1184//135
f 3042//136 168//137 4816//138
f 1191//139 1192//140 4877//141
f 1196//142 467//143 1197//144
f 191//145 1201//146 1202//147
f 1203//148 192//149 1204//150
f 1205//151 469//152 1206//153
f 219//154 2655//155 2654//156
f 220//157 222//158 1211//159
f 195//160 1217//161 1169//162
f 196//163 2652//164 2657//165
f 1221//166 3596//167 1222//168
f 1223//169 209//170 1221//166
f 1225//171 1226//172 1227//173
f 4202//174 190//175 1235//176
f 1240//177 1241//178 4660//179
f 3040//180 3047//181 4678//182
f 220//183 249//184 223//185
f 249//186 220//187 248//188
f 248//189 3048//190 3049//191
f 196//192 2657//165 1217//161
f 230//193 198//194 260//195
f 261//196 230//197 262//198
f 837//199 1879//200 2709//201
f 1269//202 1271//203 1272//204
f 801//205 245//206 802//207
f 1276//208 3426//209 3051//210
f 1278//211 1279//212 1280//213
f 1281//214 269//215 1282//216
f 261//196 262//198 1286//217
f 1286//217 262//198 2596//218
f 230//219 272//220 262//198
f 4921//221 4916//222 273//223
f 277//224 1296//225 1293//226
f 4332//227 1295//228 1294//229
f 837//199 928//230 236//231
f 896//232 1270//233 767//234
f 897//235 4034//236 3053//237
f 875//238 4034//236 897//235
f 836//239 2952//240 864//241
f 1300//242 246//243 4119//244
f 1304//245 1305//246 518//247
f 1308//248 225//249 1214//250
f 1312//251 4152//252 2193//253
f 832//254 266//255 833//256
f 862//257 863//258 3055//259
f 883//260 1316//261 528//262
f 769//263 1316//261 883//260
f 784//264 529//265 924//266
f 877//267 521//268 816//269
f 4921//221 1325//270 1326//271
f 285//272 291//273 4005//274
f 821//275 820//276 280//277
f 822//278 280//277 823//279
f 921//280 518//247 876//281
f 831//282 4768//283 830//284
f 844//285 549//286 866//287
f 75//35 4027//62 64//288
f 75//35 64//34 63//29
f 74//289 303//290 1344//291
f 67//292 36//293 294//294
f 38//295 294//294 36//293
f 1347//296 1348//297 981//298
f 56//299 67//292 66//300
f 56//299 39//301 67//292
f 39//301 36//293 67//292
f 1353//302 956//303 1354//304
f 56//299 66//300 979//40
f 1346//305 1357//306 1356//307
f 52//308 1357//306 1358//309
f 37//310 1361//311 1366//312
f 1384//313 3443//314 2661//315
f 38//295 2645//316 1367//317
f 1352//318 1393//319 2740//320
f 1367//317 37//321 2978//322
f 28//323 31//324 1370//325
f 53//326 1370//327 3964//328
f 27//329 30//330 32//331
f 27//332 26//333 30//334
f 3447//335 946//336 24//337
f 2665//338 2663//339 2664//340
f 18//341 13//17 19//31
f 18//341 19//31 3449//342
f 9//343 1373//344 3065//345
f 4848//346 3067//347 73//348
f 6//6 5//349 4036//350
f 3//11 13//10 1//351
f 1//351 13//17 18//341
f 3452//352 1383//353 950//21
f 301//354 3069//355 957//356
f 2717//46 3072//357 1396//358
f 966//359 1398//360 1396//358
f 81//361 983//362 3073//363
f 1409//364 69//43 3367//365
f 1409//364 1410//366 986//367
f 3716//368 3937//369 989//370
f 2211//371 990//372 1426//373
f 3472//374 2817//375 2598//376
f 3471//377 3081//378 642//379
f 1445//380 1446//381 1447//382
f 1397//383 4042//384 1451//385
f 1453//386 3082//387 4541//388
f 1458//389 4425//390 1459//391
f 1401//392 1463//393 978//38
f 1482//394 1483//395 1484//396
f 1500//397 1021//51 1492//398
f 1516//399 970//400 1026//401
f 1516//402 4169//403 4653//404
f 1520//405 1521//406 4259//407
f 1522//408 1523//409 1524//410
f 4270//411 4779//412 3094//413
f 3508//414 3340//415 4829//416
f 1072//417 1545//418 2820//419
f 1042//420 1044//421 1550//422
f 1043//423 1067//73 1552//424
f 1554//425 1546//426 4857//427
f 1556//428 1074//429 4047//430
f 1563//431 1564//432 1565//433
f 1558//434 674//435 3768//436
f 99//437 1055//56 2669//438
f 1579//439 3106//440 3795//441
f 1582//442 2120//443 1583//444
f 1600//445 4681//446 3523//447
f 1542//448 4967//449 4048//450
f 1541//451 1600//452 1064//453
f 1604//454 1068//455 3524//456
f 1076//457 1610//458 1556//428
f 3527//459 1614//460 1615//461
f 1619//462 1620//463 1621//464
f 1082//465 1616//466 4663//467
f 1082//468 1624//469 1625//470
f 1643//471 1644//472 1645//473
f 1655//474 1656//475 1657//476
f 2851//477 1662//478 1663//479
f 1673//480 1674//481 603//482
f 1607//483 1101//484 1692//485
f 1101//486 406//487 3115//488
f 1608//489 3526//490 2955//491
f 1696//492 1697//493 1102//92
f 1132//494 1698//495 1699//496
f 1701//497 1702//498 2797//499
f 1088//500 1706//501 1111//502
f 1707//503 1708//504 2745//505
f 1710//506 1711//507 1712//508
f 2408//509 1717//510 1719//511
f 1720//512 1118//513 1721//514
f 1117//515 3117//516 3118//517
f 1119//518 1720//519 1728//520
f 1731//521 1732//522 1729//523
f 1739//524 3006//525 1740//526
f 1741//527 1742//528 2827//529
f 172//530 2798//531 1742//528
f 1697//493 2867//532 3122//533
f 1743//534 1130//535 3564//536
f 1129//537 1746//538 4917//539
f 1746//538 425//540 1133//541
f 1133//541 383//542 1749//543
f 1770//544 1769//545 437//546
f 1773//547 1770//544 2673//548
f 1781//549 1782//550 1783//551
f 1784//552 1785//553 1150//554
f 1790//555 1687//556 1791//557
f 1792//558 1791//557 462//559
f 443//560 1793//561 1790//555
f 1155//562 1796//563 1202//147
f 2982//564 1797//565 2889//566
f 4521//567 472//568 3130//569
f 1162//570 1247//571 1800//572
f 1163//573 1801//574 2983//575
f 4189//576 3575//577 3131//578
f 1171//579 1815//580 3134//581
f 1178//582 1180//131 4687//583
f 164//584 1827//585 1822//586
f 1828//587 1184//135 1726//588
f 1183//589 458//590 1827//585
f 3592//591 3593//592 3146//593
f 2675//594 189//595 3594//596
f 4364//597 4006//598 1222//168
f 1837//599 1838//600 1839//601
f 1840//602 741//603 1841//604
f 3407//605 1197//144 1232//606
f 444//607 1154//608 2971//609
f 141//610 1847//611 1795//612
f 3292//613 1213//614 4594//615
f 1864//616 1865//617 4062//618
f 226//619 448//620 3605//621
f 3631//622 2991//623 3895//624
f 1874//625 1833//626 1875//627
f 1843//628 1230//629 1191//630
f 1229//631 2565//632 1839//601
f 1877//633 236//231 1878//634
f 1233//635 1879//200 1877//633
f 1880//636 469//637 3156//638
f 252//639 1250//640 1889//641
f 1893//642 1894//643 1895//644
f 1899//645 1868//646 3054//647
f 183//648 1903//649 2651//650
f 3707//651 1905//652 1906//653
f 1910//654 195//160 4366//655
f 184//656 196//657 4215//658
f 1919//659 1920//660 1258//661
f 915//662 503//663 1193//664
f 783//665 773//666 487//667
f 239//668 1237//669 4068//670
f 1923//671 505//672 1848//673
f 1924//674 1277//675 1886//676
f 4180//677 1925//678 1924//674
f 1928//679 1280//213 3624//680
f 3303//681 3163//682 3349//683
f 1857//684 1930//685 1931//686
f 1935//687 1936//688 1216//689
f 1945//690 1946//691 3165//692
f 1947//693 3166//694 1949//695
f 1951//696 1291//697 1287//698
f 1953//699 3837//700 3167//701
f 1953//699 1954//702 1955//703
f 1958//704 1956//705 1290//706
f 894//707 895//708 210//709
f 790//710 827//711 504//712
f 898//713 4660//714 1963//715
f 887//716 864//241 3168//717
f 1931//686 1966//718 1889//641
f 1932//719 2696//720 2959//721
f 1973//722 2799//723 2681//724
f 1251//725 227//726 1976//727
f 4525//728 1984//729 1985//730
f 283//731 1994//732 1958//704
f 267//733 1998//734 250//735
f 883//260 4017//736 820//276
f 2001//737 2002//738 1322//739
f 754//740 2003//741 753//742
f 2004//743 2005//744 2835//745
f 2008//746 4111//747 4526//748
f 2010//749 3851//750 3174//751
f 2014//752 1327//753 2015//754
f 2014//752 2016//755 3175//756
f 3645//757 4802//758 3985//759
f 1979//760 2022//761 2023//762
f 787//763 217//764 788//765
f 788//765 2030//766 867//767
f 859//768 2682//769 4071//770
f 845//771 911//772 2541//773
f 848//774 545//775 907//776
f 2592//777 2038//778 2039//779
f 2041//780 4112//781 2043//782
f 2937//783 3434//784 2044//785
f 884//786 535//787 286//788
f 884//789 286//790 900//791
f 2051//792 2016//793 2052//794
f 920//795 2054//796 917//797
f 885//798 886//799 2806//800
f 855//801 856//802 2873//803
f 810//804 2055//805 902//806
f 920//795 2712//807 4223//808
f 771//809 786//810 548//811
f 2953//812 4593//813 2059//814
f 4770//815 2076//816 2077//817
f 1454//818 319//819 2079//820
f 566//821 1464//822 1467//823
f 348//824 3186//825 2098//826
f 2102//827 2103//828 2104//829
f 1039//830 3681//831 3379//832
f 2274//833 2115//834 3190//835
f 2121//836 1586//837 3191//838
f 2123//839 1062//840 3192//841
f 692//842 4477//843 2325//844
f 2131//845 1619//846 2132//847
f 2134//848 2135//849 4665//850
f 1639//851 1640//852 2139//853
f 396//854 2142//855 3197//856
f 1555//857 1692//858 1694//859
f 2405//860 2156//861 1114//862
f 2160//863 3698//864 4424//865
f 1115//866 3699//867 3205//868
f 2905//869 3204//870 4717//871
f 718//872 1803//873 4058//874
f 616//875 3704//876 3007//877
f 4079//878 2890//879 2170//880
f 1847//611 1612//881 1798//882
f 2179//883 1874//884 2180//885
f 1905//652 2855//886 1254//887
f 2181//888 1950//889 2182//890
f 2184//891 1947//892 1946//691
f 2185//893 1292//894 1960//895
f 1971//896 1972//897 2186//898
f 2190//899 1990//900 2191//901
f 924//266 529//265 2715//902
f 526//903 4481//904 2196//905
f 2199//906 2053//907 3209//908
f 2200//909 2201//910 2683//911
f 2057//912 1387//913 1389//914
f 1344//915 303//290 3210//916
f 2202//917 2203//918 2059//814
f 2816//919 3212//920 2910//921
f 1424//922 2209//923 3215//924
f 637//925 1428//926 638//927
f 1474//928 2212//929 1412//930
f 3467//931 3218//932 1431//933
f 1444//934 561//935 1436//936
f 1440//937 1443//938 2230//939
f 4924//940 4901//941 2232//942
f 2237//943 1508//944 4666//945
f 2238//946 2239//947 1447//382
f 1445//380 648//948 4085//949
f 3990//950 2844//951 4839//952
f 2243//953 2082//954 4086//955
f 2247//956 2085//957 2248//958
f 1592//959 2259//960 2743//961
f 572//962 2089//963 3228//964
f 1494//965 2265//966 1604//454
f 2266//967 2267//968 4483//969
f 4614//970 4484//971 1497//972
f 2269//973 341//974 3747//975
f 2271//976 2272//977 1509//978
f 2277//979 2276//980 4955//981
f 2277//982 2278//983 4698//984
f 2280//985 2281//986 4486//987
f 111//988 1517//989 2281//986
f 2283//990 2097//991 1521//406
f 2283//990 2284//992 2246//993
f 2098//994 2249//995 2119//996
f 1526//997 2289//998 2290//999
f 2292//1000 2291//1001 2293//1002
f 2254//1003 664//1004 2295//1005
f 2289//998 1480//1006 2101//1007
f 3235//1008 4615//1009 3236//1010
f 2299//1011 2105//1012 2687//1013
f 2113//1014 3682//1015 3239//1016
f 2741//1017 2108//1018 2109//1019
f 2308//1020 2262//1021 3020//1022
f 2303//1023 4091//1024 3088//1025
f 2110//1026 356//1027 2309//1028
f 2318//1029 1561//1030 2319//1031
f 4629//1032 1611//1033 1562//1034
f 2115//834 2272//977 4620//1035
f 321//1036 1618//1037 4669//1038
f 4749//1039 1569//1040 3102//1041
f 2326//1042 128//1043 3516//1044
f 1578//1045 2327//1046 2328//1047
f 1114//862 2118//1048 1582//442
f 4576//1049 586//1050 682//1051
f 2340//1052 4270//411 3253//1053
f 1591//1054 2979//1055 2345//1056
f 588//1057 2122//1058 1594//1059
f 2349//1060 2124//1061 1596//1062
f 4094//1063 4095//1064 4274//1065
f 4275//1066 1599//1067 3786//1068
f 2353//1069 2318//1029 1744//1070
f 2964//1071 4238//1072 2355//1073
f 1078//74 1698//495 1614//460
f 2320//1074 1079//1075 1080//1076
f 4551//1077 2357//1078 1620//463
f 973//1079 1110//1080 3325//1081
f 4859//1082 2365//1083 1633//1084
f 2362//1085 388//1086 2367//1087
f 3532//1088 3262//1089 3261//1090
f 4716//1091 1585//1092 4489//1093
f 1648//1094 2142//1095 2379//1096
f 2386//1097 117//1098 2851//477
f 1662//478 3756//1099 4097//1100
f 1661//1101 1666//1102 1658//1103
f 706//1104 2704//1105 2925//1106
f 2387//1107 1721//514 1092//82
f 2147//1108 4099//1109 4949//1110
f 2392//1111 1671//1112 3270//1113
f 2393//1114 1670//1115 1783//551
f 2393//1114 2391//1116 603//482
f 3004//1117 2965//1118 3938//1119
f 1676//1120 3541//1121 2313//1122
f 1683//1123 1152//1124 2395//1125
f 1557//1126 2904//1127 2852//1128
f 4516//1129 2364//1130 1750//1131
f 4179//1132 2401//1133 2402//1134
f 3204//870 605//1135 1709//1136
f 2156//861 413//1137 2694//1138
f 2406//1139 2407//1140 3274//1141
f 2161//1142 1716//1143 2381//1144
f 607//1145 4838//1146 4490//1147
f 2145//1148 706//1104 185//1149
f 2349//1060 2410//1150 2162//1151
f 3552//1152 1732//1153 3820//1154
f 1740//526 2601//1155 379//1156
f 2419//1157 2420//1158 4491//1159
f 2422//1160 2403//1161 1140//113
f 3812//1162 3813//1163 3281//1164
f 2424//1165 2626//1166 2967//1167
f 1765//1168 2425//1169 1145//1170
f 1803//873 1864//616 3285//1171
f 1766//1172 2406//1139 1870//1173
f 2639//1174 1779//1175 614//1176
f 414//1177 2389//1178 2386//1179
f 4950//1180 3287//1181 3286//1182
f 1882//1183 2431//1184 2854//1185
f 2175//1186 1813//1187 4295//1188
f 4296//1189 1820//1190 4061//1191
f 2441//1192 1781//549 3831//1193
f 164//584 1822//1194 1723//1195
f 2442//1196 1181//1197 3289//1198
f 2445//1199 1831//1200 2444//1201
f 1858//1202 1859//1203 2452//1204
f 1861//1205 1928//679 4105//1206
f 1895//644 2454//1207 4709//1208
f 2626//1166 2455//1209 1897//1210
f 2458//1211 3298//1212 2927//1213
f 4900//1214 1253//1215 2459//1216
f 1945//690 3009//1217 2182//890
f 4715//1218 1955//703 2464//1219
f 2467//1220 1262//1221 2443//1222
f 1922//1223 503//1224 4919//1225
f 1930//1226 3304//1227 4339//1228
f 3840//1229 4989//1230 4493//1231
f 1986//1232 4863//1233 2469//1234
f 1943//1235 482//1236 2469//1234
f 1985//730 2461//1237 1942//1238
f 2470//1239 2471//1240 3842//1241
f 3953//1242 4307//1243 1986//1232
f 2472//1244 2471//1240 1949//695
f 3306//1245 4368//1246 4457//1247
f 2181//1248 2464//1219 2474//1249
f 1933//1250 4309//1251 2563//1252
f 1984//729 4310//1253 4216//1254
f 1948//1255 2189//1256 2478//1257
f 2009//1258 2481//1259 2191//1260
f 1995//1261 276//1262 3308//1263
f 206//1264 4674//1265 2467//1220
f 1999//1266 4110//1267 2454//1207
f 2755//1268 2006//1269 2490//1270
f 2492//1271 2756//1272 4111//747
f 2492//1273 2045//1274 1993//1275
f 3851//1276 1331//1277 3850//1278
f 922//1279 2023//762 2700//1280
f 2028//1281 733//1282 2197//1283
f 778//1284 785//1285 1933//1250
f 634//1286 2591//1287 3853//1288
f 2498//1289 2501//1290 4112//781
f 2615//1291 2502//1292 3855//1293
f 2503//1294 2504//1295 2486//1296
f 736//1297 4750//1298 2785//1299
f 2703//1300 3319//1301 844//285
f 872//1302 917//797 758//1303
f 2508//1304 4902//1305 2054//796
f 2508//1304 4223//808 2496//1306
f 841//1307 902//1308 2050//1309
f 810//804 781//1310 3322//1311
f 2509//1312 1458//389 2619//1313
f 973//1314 77//1315 2058//1316
f 86//1317 1410//1318 3336//1319
f 2219//1320 2285//1321 1432//1322
f 3862//1323 4495//1324 2701//1325
f 1206//1326 1880//636 1796//1327
f 2677//1328 3324//1329 426//1330
f 2514//1331 2003//741 2002//738
f 77//1332 3325//1081 1029//1333
f 3326//1334 740//1335 1052//1336
f 2515//1337 2617//25 2633//27
f 3075//1338 3327//1339 3328//1340
f 1492//398 2263//1341 759//1342
f 422//1343 3865//1344 1690//1345
f 2941//1346 1855//1347 2451//1348
f 2585//1349 2520//1350 2456//1351
f 1284//1352 1319//1353 2457//1354
f 2010//749 2196//905 3335//1355
f 733//1282 2028//1281 3013//1356
f 797//1357 755//1358 825//1359
f 842//1360 829//1361 281//1362
f 923//1363 2627//1364 2703//1365
f 813//1366 814//1367 3058//1368
f 2129//76 364//1369 2355//1370
f 706//1371 2145//1148 2704//1372
f 2198//1373 2501//1290 2497//1374
f 745//1375 3864//1376 3336//1319
f 3339//1377 3340//415 3097//1378
f 2529//1379 759//1380 3906//1381
f 2530//1382 4272//1383 2304//1384
f 3521//1385 588//1057 3341//1386
f 2354//1387 2730//1388 2352//1389
f 3342//1390 2366//1391 3343//1392
f 2582//1393 2366//1391 4557//1394
f 2518//1395 3821//1396 1190//1397
f 2520//1350 2434//1398 2458//1211
f 2761//1399 764//1400 2861//1401
f 2480//1402 2781//1403 4116//1404
f 893//1405 1266//1406 2706//1407
f 913//1408 846//1409 522//1410
f 2499//1411 4315//1412 4117//1413
f 872//1414 2683//911 796//1415
f 265//1416 925//1417 933//1418
f 2607//1419 935//1420 3347//1421
f 1334//1422 932//1423 2782//1424
f 929//1425 3642//1426 931//1427
f 518//247 921//1428 1306//1429
f 1264//1430 503//663 914//1431
f 624//1432 2542//1433 2864//1434
f 4068//670 908//1435 2536//1436
f 265//1416 1271//1437 925//1417
f 3209//1438 550//1439 2543//1440
f 2539//1441 4117//1413 890//1442
f 2539//1443 890//1442 934//1444
f 244//1445 4034//236 2710//1446
f 1334//1422 2782//1424 2039//1447
f 859//768 3349//683 868//1448
f 533//1449 903//1450 858//1451
f 533//1449 858//1452 2514//1331
f 2607//1419 853//1453 935//1454
f 2045//1455 850//1456 851//1457
f 549//286 2047//1458 866//287
f 2548//1459 847//1460 2549//1461
f 238//1462 893//1405 4201//1463
f 254//1464 2550//1465 2021//1466
f 236//1467 1879//1468 837//199
f 4150//1469 834//1470 2000//1471
f 900//1472 2490//1473 831//282
f 286//790 2490//1473 900//1472
f 281//1362 829//1361 843//1474
f 504//1475 827//711 1225//171
f 280//1476 822//278 821//1477
f 269//1478 1307//1479 2538//1480
f 293//1481 848//774 813//1482
f 546//1483 2025//1484 4221//1485
f 463//1486 2555//1487 2935//1488
f 2935//1488 2556//1489 3350//1490
f 271//1491 798//1492 1336//1493
f 280//1476 794//1494 823//1495
f 2540//1496 927//1497 2788//1498
f 1265//1499 809//1500 793//1501
f 211//1502 878//1503 809//1500
f 211//1502 809//1500 1265//1499
f 791//1504 240//1505 4496//1506
f 211//1507 2512//1508 878//1503
f 2550//1509 839//1510 838//1511
f 235//1512 1224//1513 2561//1514
f 873//1515 4316//1516 2562//1517
f 1933//1250 2563//1518 778//1284
f 776//1519 937//1520 2566//1521
f 2544//1522 2567//1523 4120//1524
f 1316//261 769//263 1317//1525
f 241//1526 3942//1527 2569//1528
f 506//1529 2832//1530 2570//1531
f 242//1532 1268//1533 766//1534
f 242//1532 766//1535 767//234
f 4335//1536 4571//1537 824//1538
f 944//1539 3448//1540 3354//1541
f 945//19 4//4 24//337
f 80//1542 946//336 947//1543
f 1364//1544 949//1545 3355//1546
f 952//1547 46//1548 953//1549
f 24//1550 946//336 945//1551
f 946//336 80//1552 4023//1553
f 56//299 956//1554 39//301
f 2617//25 3328//1340 957//26
f 4401//1555 7//1556 3358//1557
f 57//1558 961//1559 4024//1560
f 961//1561 2841//1562 963//1563
f 968//1564 3362//1565 1372//1566
f 4025//1567 4121//1568 3363//1569
f 976//1570 4879//1571 54//1572
f 977//37 4879//1571 51//1573
f 977//37 51//1574 978//1575
f 55//1576 979//40 981//42
f 979//40 66//300 980//41
f 981//42 980//41 96//1577
f 2865//1578 306//1579 4123//1580
f 980//41 66//300 3364//1581
f 69//43 985//45 3367//1582
f 69//43 986//367 85//1583
f 85//1584 86//1585 987//1586
f 987//1586 84//44 85//1584
f 4024//1587 989//370 57//1558
f 4224//1588 3465//1589 992//1590
f 3944//1591 557//1592 3668//1593
f 994//1594 560//1595 3369//1596
f 96//1577 980//41 4498//1597
f 1004//65 1003//1598 100//66
f 1005//1599 99//1600 2718//1601
f 1009//1602 102//1603 2599//1604
f 1011//1605 327//1606 4776//1607
f 1013//1608 1014//1609 4125//1610
f 1021//51 1020//50 336//1611
f 1022//1612 338//1613 4129//1614
f 64//1615 4027//62 3377//1616
f 1029//1333 1030//1617 1028//1618
f 112//1619 4575//1620 1031//1621
f 344//1622 1032//1623 1034//60
f 1032//1624 345//1625 1033//59
f 1037//1626 1038//1627 2866//1628
f 1045//1629 4419//1630 1041//1631
f 361//1632 1042//420 3509//1633
f 361//1632 3510//1634 1044//1635
f 1044//421 1043//423 359//1636
f 573//1637 2821//1638 4844//1639
f 4698//984 1050//1640 343//1641
f 79//1642 1000//1643 3032//1644
f 1000//1643 96//1577 3032//1644
f 1054//1645 1053//1646 2701//1325
f 1053//1646 96//1577 1002//1647
f 4876//1648 4500//1649 1004//65
f 680//1650 4133//1651 4132//1652
f 121//1653 1063//70 4288//1654
f 1064//453 4029//1655 4048//1656
f 1064//453 1099//1657 1065//1658
f 1066//1659 4029//1655 376//1660
f 109//1661 137//86 1069//1662
f 135//1663 124//1664 2724//90
f 1070//1665 3384//1666 3385//1667
f 2980//1668 3385//1667 4013//1669
f 757//1670 1078//74 2129//76
f 1078//74 381//1671 1079//1075
f 2129//76 1079//1075 675//1672
f 1080//1673 381//1671 382//1674
f 3792//1675 4591//1676 593//1677
f 4135//1678 4027//1679 1051//61
f 1084//109 145//108 1085//1680
f 112//1619 3388//1681 4575//1620
f 1085//1680 145//108 1086//1682
f 2727//1683 3389//1684 1088//500
f 1088//500 1087//1685 1706//501
f 1090//1686 115//1687 1089//77
f 395//1688 131//1689 3390//1690
f 399//1691 1091//80 1092//82
f 1091//80 705//1692 2146//81
f 1097//1693 136//1694 1098//1695
f 1098//1696 1689//1697 403//1698
f 134//1699 1065//1658 1100//1700
f 408//1701 3696//1702 2726//1703
f 409//1704 1102//92 1104//1705
f 1102//92 410//1706 1103//93
f 158//104 1107//1707 1109//97
f 1107//1707 159//101 1108//1708
f 1109//97 1108//96 144//1709
f 160//1710 1111//502 1113//1711
f 1111//502 1706//501 1112//1712
f 1113//1711 1112//1713 129//1714
f 415//1715 4055//1716 1118//513
f 4055//1717 416//1718 1117//515
f 1118//513 4055//1717 1117//515
f 4440//1719 3119//1720 1119//518
f 1120//1721 168//137 3821//1396
f 169//1722 2791//1723 1121//1724
f 1127//1725 410//1706 1126//1726
f 380//1727 1128//1728 1130//535
f 1108//1729 176//100 144//1730
f 177//1731 1137//107 3396//1732
f 1084//109 3396//1732 1137//107
f 160//1710 1113//1711 1139//112
f 1113//1733 129//1734 1086//1682
f 1139//112 1086//111 145//108
f 1140//113 412//1735 1141//1736
f 1142//115 1141//1737 432//1738
f 431//1739 4139//1740 4103//1741
f 1759//1742 2888//1743 2602//1744
f 182//1745 1146//1746 4143//1747
f 437//546 3125//1748 3398//1749
f 1116//117 185//1149 1174//118
f 167//1750 189//1751 1151//1752
f 3790//1753 4321//1754 3128//1755
f 1134//1756 1157//1757 1159//1758
f 3040//180 1159//1758 3047//181
f 1160//1759 1159//1758 3040//180
f 1162//570 3395//1760 3403//1761
f 182//1745 4143//1747 4144//1762
f 1165//119 434//1763 1166//1764
f 1167//121 1166//1764 448//620
f 194//1765 1168//1766 2651//650
f 1168//1766 194//1767 149//1768
f 1170//1769 4502//1770 1171//579
f 1174//124 4145//123 2604//1771
f 1174//1772 2604//1771 3135//1773
f 1174//118 185//1149 199//128
f 200//125 1175//1774 4145//123
f 1176//1775 3138//1776 453//1777
f 1177//1778 203//1779 4146//1780
f 203//1781 1177//1782 454//1783
f 1180//131 457//1784 3590//1785
f 2675//594 1185//1786 4940//1787
f 763//1788 4107//1789 4635//1790
f 3596//167 1188//1791 1153//1792
f 1191//139 464//1793 1192//140
f 2749//1794 1193//664 1194//1795
f 1197//1796 467//143 3984//1797
f 1202//147 1201//1798 3600//1799
f 1206//153 445//1800 2975//1801
f 221//1802 1856//1803 2892//1804
f 222//158 1248//1805 218//1806
f 477//1807 1214//250 1863//1808
f 479//1809 1215//1810 1216//1811
f 1215//1810 435//1812 3043//1813
f 1217//1814 228//1815 1169//1816
f 194//1817 1169//1818 228//1819
f 1219//1820 4147//1821 3412//1822
f 3596//167 1221//166 1188//1791
f 231//1823 1222//168 208//1824
f 1222//168 231//1823 1221//166
f 1221//166 231//1825 1223//169
f 2561//1514 2731//1826 895//708
f 1225//171 210//709 1226//172
f 1230//629 1228//1827 4503//1828
f 1234//1829 1233//635 488//1830
f 1235//176 517//1831 4202//174
f 1233//635 4445//1832 238//1462
f 240//1505 2560//1833 468//1834
f 3613//1835 2732//1836 3045//1837
f 245//206 4334//1838 3046//1839
f 3046//1839 4984//1840 3414//1841
f 1246//1842 4678//1843 246//1844
f 1244//1845 4678//1843 1246//1842
f 248//188 220//157 1248//1805
f 248//189 1248//1805 3411//1846
f 196//192 1217//161 195//1847
f 497//1848 1910//654 3419//1849
f 499//1850 1257//1851 3622//1852
f 233//1853 1293//226 3050//1854
f 1293//226 3413//1855 3050//1854
f 2951//1856 1258//661 1259//1857
f 1261//1858 459//1859 1262//1860
f 904//1861 1264//1430 914//1431
f 214//1862 1269//202 1272//1863
f 1269//202 1270//1864 1271//1865
f 1272//1863 1271//1865 265//1866
f 214//1867 1272//1863 215//1868
f 1273//1869 2542//1870 624//1432
f 4348//1871 2548//1459 243//1872
f 3051//210 1885//1873 3422//1874
f 475//1875 1278//1876 1280//213
f 1278//1876 509//1877 1279//212
f 1280//1878 1279//212 508//1879
f 251//1880 1282//216 267//1881
f 1282//216 251//1880 1281//214
f 250//735 1281//214 251//1880
f 1283//1882 3423//1883 4149//1884
f 1980//1885 4215//1886 497//1848
f 272//1887 260//1888 262//1889
f 261//1890 1286//217 259//1891
f 259//1892 1286//217 229//1893
f 2596//218 229//1893 1286//217
f 514//1894 1287//698 4383//1895
f 4148//1896 1256//1897 1289//1898
f 1291//697 1290//706 515//1899
f 3844//1900 4242//1901 3425//1902
f 1293//226 233//1903 277//224
f 277//224 233//1904 1294//229
f 1294//229 1295//228 277//224
f 1297//1905 2733//1906 2659//1907
f 897//1908 3053//1909 3426//209
f 2547//1910 279//1911 3427//1912
f 1302//1913 3427//1912 473//1914
f 509//1915 1304//245 1306//1429
f 1306//1429 1304//245 518//247
f 1307//1916 269//215 270//1917
f 1969//1918 491//1919 3428//1920
f 255//1921 3054//647 520//1922
f 4836//1923 1309//1924 1310//1925
f 1310//1925 4661//1926 523//1927
f 2733//1928 4599//1929 1296//225
f 4599//1929 3420//1930 1296//225
f 527//1931 4494//1932 3979//1933
f 278//1934 4035//1935 285//1936
f 869//1937 519//1938 1315//1939
f 1316//261 268//1940 528//262
f 905//1941 1317//1942 769//263
f 1318//1943 253//1944 4153//1945
f 1320//1946 1318//1947 3430//1948
f 258//1949 1322//739 754//740
f 2537//1950 4796//1951 282//1952
f 283//731 4921//221 1326//271
f 2833//1953 4154//1954 4922//1955
f 1329//1956 3056//1957 3652//1958
f 1325//1959 1331//1960 2872//1961
f 1334//1422 1333//1962 3348//1963
f 227//1964 3432//1965 1975//1966
f 1975//1966 1336//1967 2541//773
f 855//801 2873//803 814//1367
f 740//1335 3326//1968 144//1730
f 1341//1969 344//1622 4390//1970
f 71//1971 2947//1972 2573//1973
f 28//323 3436//1974 1345//1975
f 67//292 294//1976 66//1977
f 28//323 1346//1978 3436//1974
f 1346//305 28//323 53//326
f 96//1577 1347//296 981//42
f 1347//1979 80//1552 1348//1980
f 981//42 1348//1981 3437//1982
f 3438//1983 3061//1984 3439//1985
f 1351//1986 3061//1987 3440//1988
f 1342//1989 1351//1986 320//1990
f 28//323 1345//1991 31//1992
f 1352//318 31//1992 1345//1991
f 956//303 56//1993 1354//304
f 56//299 979//40 55//1994
f 1348//1980 3441//1995 3437//1982
f 1355//1996 27//329 32//331
f 1356//307 52//308 976//1570
f 976//1570 974//1997 51//1574
f 54//1998 1346//1978 1356//307
f 1346//305 53//326 1357//306
f 1358//1999 1357//306 295//2000
f 52//308 1358//1999 975//2001
f 1358//1999 3353//2002 943//2003
f 975//2001 943//2003 3351//2004
f 3353//2002 1358//1999 2737//2005
f 50//2006 2660//2007 2875//2008
f 4714//2009 2939//2010 4122//2011
f 40//2012 1362//2013 39//301
f 36//293 1363//2014 2645//316
f 3355//1546 3062//2015 4983//2016
f 3444//2017 3360//2018 1364//1544
f 40//2012 949//2019 1362//2020
f 1386//2021 3063//2022 3445//2023
f 1362//2020 3063//2022 2661//315
f 2977//2024 37//321 1366//312
f 39//301 1363//2014 36//293
f 1363//2014 39//301 1362//2013
f 31//1992 1368//2025 4157//2026
f 31//1992 1352//318 1368//2025
f 1368//2025 1352//318 2740//320
f 1369//2027 25//2028 3446//2029
f 1369//2030 3064//2031 954//2032
f 28//323 1370//327 53//326
f 1370//327 32//2033 30//2034
f 947//1543 3447//335 27//329
f 21//2035 4158//2036 4590//2037
f 4590//2037 4941//2038 16//2039
f 6//6 1371//2040 4//4
f 8//2041 1359//2042 1373//344
f 1359//2042 3442//2043 1350//2044
f 1373//344 1350//2045 3438//2046
f 1376//2047 296//2048 3066//2049
f 3449//2050 16//2039 3450//2051
f 2622//2052 1377//2053 73//348
f 941//2054 940//2055 1379//2056
f 5//349 1380//2057 4036//2058
f 1380//2057 3068//3 4605//2059
f 3068//2060 1380//2057 2//12
f 940//2061 3//11 1//351
f 1378//2062 1376//2047 1379//2063
f 3026//2064 3451//2065 4472//2066
f 297//2067 3452//352 950//2068
f 950//2069 1383//353 298//2070
f 1389//2071 3071//2072 4968//2073
f 41//2074 1393//2075 960//2076
f 4465//2077 3457//2078 3059//2079
f 2717//46 3370//48 3072//357
f 298//2070 1383//353 2973//2080
f 1383//2081 3451//2082 1395//2083
f 964//2084 2973//2085 302//2086
f 72//2087 1397//383 2573//2088
f 4659//2089 3480//2090 1399//2091
f 1400//2092 322//2093 1401//2094
f 3900//2095 4038//2096 4778//2097
f 3073//2098 983//362 3365//2099
f 3793//2100 307//2101 4679//2102
f 984//2103 1404//2104 3367//1582
f 301//354 1409//364 3069//355
f 69//43 1409//364 986//367
f 1409//364 301//354 1410//366
f 986//367 1410//1318 86//1317
f 989//370 2616//2105 3357//2106
f 1412//930 4247//2107 3077//2108
f 1414//2109 553//2110 1420//2111
f 4582//2112 3211//2113 4508//2114
f 70//2115 1421//2116 1411//2117
f 1421//2116 638//927 2623//2118
f 1425//2119 3078//2120 991//2121
f 1427//2122 638//927 1428//2123
f 1421//2116 637//925 638//927
f 4162//2124 1429//2125 4040//2126
f 3079//2127 4040//2126 3720//2128
f 3467//2129 3080//2130 3468//2131
f 1431//933 738//2132 1432//1322
f 3338//2133 3080//2130 88//2134
f 4648//2135 3469//2136 3466//2137
f 557//1592 1435//2138 563//2139
f 1443//938 1442//2140 645//2141
f 964//2084 302//2142 4041//2143
f 1444//2144 4041//2143 561//935
f 648//2145 1445//380 1447//382
f 1445//2146 60//2147 1446//381
f 1447//382 1446//381 4163//2148
f 643//2149 3476//2150 649//2151
f 1448//2152 649//2151 3476//2150
f 1450//2153 564//2154 1449//2155
f 95//2156 1452//2157 2702//2158
f 1453//2159 318//2160 3082//2161
f 1459//2162 3477//2163 1458//2164
f 320//1990 3372//2165 3083//2166
f 1461//2167 1400//2092 304//2168
f 51//1574 1401//2094 978//1575
f 1401//2094 322//2169 1463//393
f 978//38 1463//2170 3481//2171
f 3028//2172 1464//822 1465//2173
f 999//2174 4043//2175 4160//2176
f 1465//2173 1464//822 4043//2175
f 4778//2177 1402//2178 2667//2179
f 102//1603 3373//2180 4511//2181
f 324//2182 1006//2183 3373//2180
f 1468//2184 325//2185 2877//2186
f 987//1586 2877//2186 84//44
f 1007//2187 4966//2188 3485//2189
f 346//2190 326//2191 1469//2192
f 325//2185 1471//2193 1007//2194
f 1471//2193 3489//2195 3085//2196
f 1007//2194 3085//2197 1008//2198
f 3488//2199 3491//2200 3492//2201
f 1475//2202 1474//928 4694//2203
f 1477//2204 3495//2205 4779//412
f 641//2206 2845//2207 91//2208
f 2256//2209 3087//2210 3742//2211
f 4818//2212 2256//2209 570//2213
f 1482//394 4865//2214 1483//2215
f 334//2216 1485//2217 1487//2218
f 3227//2219 4662//2220 2915//2221
f 109//2222 1494//2223 3229//2224
f 573//1637 1018//2225 1496//2226
f 1496//2226 1495//2227 2226//2228
f 4168//2229 4126//2230 4127//2231
f 1492//398 1021//51 336//1611
f 1024//2232 3751//2233 1046//2234
f 1020//50 4128//2235 4044//2236
f 1493//2237 4044//2236 4166//2238
f 4257//2239 1504//2240 3089//2241
f 1510//2242 3496//2243 3497//2244
f 1510//2245 1509//2246 342//2247
f 1452//2248 95//2156 1511//2249
f 4088//2250 1511//2249 657//2251
f 1514//2252 575//2253 3091//2254
f 62//2255 3376//54 3363//1569
f 3499//2256 1518//2257 971//2258
f 323//2259 3028//2172 4170//2260
f 3500//2261 1034//60 3378//2262
f 1032//58 3927//2263 345//2264
f 4269//2265 2331//2266 3502//2267
f 4511//2268 1469//2269 102//1603
f 1520//405 4699//2270 1521//406
f 1524//410 1523//409 577//2271
f 1477//2204 106//2272 4613//2273
f 1525//2274 663//2275 1526//997
f 1530//2276 3095//2277 3504//2278
f 1531//2279 666//2280 1532//2281
f 3759//2282 582//2283 2741//1017
f 1535//2284 3505//2285 655//2286
f 4993//2287 1542//448 2878//2288
f 3098//2289 1544//2290 3507//2291
f 1546//426 92//2292 3096//2293
f 123//2294 4177//2295 2878//2296
f 1042//420 361//1632 1044//1635
f 1550//422 1044//1635 3765//2297
f 1551//2298 125//2299 3511//2300
f 359//2301 1043//423 1552//424
f 1552//424 1067//73 122//72
f 1554//425 92//2302 1546//426
f 362//2303 4772//2304 1072//2305
f 1547//2306 124//2307 3100//2308
f 108//2309 1501//2310 1073//2311
f 1073//2312 1501//2310 4047//430
f 1557//2313 673//2314 3750//2315
f 126//2316 1558//434 1047//2317
f 1558//434 1566//2318 1048//2319
f 1563//431 657//2320 1564//2321
f 1565//433 1564//2322 4267//2323
f 1558//2324 126//2316 674//435
f 1050//1640 364//1369 675//1672
f 367//2325 2880//2326 2879//2327
f 1571//2328 1519//2329 111//988
f 4978//2330 1463//393 322//2093
f 3481//2171 1573//2331 2945//2332
f 1055//56 99//1600 98//2333
f 1057//2334 4965//2335 368//2336
f 1057//2337 368//2336 3105//2338
f 3519//2339 1578//1045 3106//440
f 1578//1045 3774//2340 4513//2341
f 2847//2342 4473//2343 2824//2344
f 586//1050 4165//2345 105//2346
f 686//2347 2743//961 2590//2348
f 588//1057 3521//1385 3520//2349
f 1594//1059 687//2350 1595//2351
f 1594//1059 1595//2351 686//2347
f 1596//1062 3522//2352 672//2353
f 1600//445 1541//451 4681//71
f 2883//2354 2670//2355 133//2356
f 1066//1659 376//1660 123//2294
f 337//2357 1603//2358 377//2359
f 1604//454 337//2357 1068//2360
f 1097//1693 1068//455 3383//2361
f 3114//2362 139//2363 3525//2364
f 378//2365 360//2366 1605//2367
f 363//2368 3382//2369 3386//2370
f 1075//2371 2825//2372 3037//2373
f 1076//2374 1075//2371 1610//458
f 1556//428 1610//458 3526//490
f 3382//2369 1611//2375 1077//2376
f 1611//2375 3245//2377 1562//2378
f 2848//2379 4236//2380 3109//2381
f 1609//2382 1612//881 141//610
f 142//2383 1616//466 3527//459
f 1615//461 1614//460 4138//2384
f 1616//2385 382//2386 3527//459
f 651//2387 4923//2388 1618//1037
f 1618//1037 1617//2389 676//2390
f 384//2391 1619//2392 1621//464
f 1619//846 762//2393 1620//2394
f 1621//464 1620//463 591//2395
f 1082//468 3387//2396 1616//466
f 386//2397 1629//2398 1631//2399
f 1631//2399 1630//2400 387//2401
f 1633//1084 694//2402 3531//2403
f 695//2404 1636//2405 693//2406
f 3283//2407 3533//2408 1642//2409
f 1642//2409 2921//2410 699//2411
f 1646//2412 660//2413 2671//2414
f 685//2415 3002//2416 3535//2417
f 662//2418 1653//2419 3754//2420
f 1653//2419 3803//2421 4904//2422
f 1655//2423 701//2424 1656//2425
f 1657//2426 1656//475 4514//2427
f 372//2428 4664//2429 397//2430
f 1658//1103 3112//2431 3538//2432
f 1660//2433 3540//2434 1661//1101
f 600//2435 1664//2436 1666//1102
f 1664//2437 354//2438 2826//2439
f 118//2440 1668//2441 2343//2442
f 1668//2443 587//2444 1669//2445
f 708//2446 1670//2447 709//2448
f 603//482 1674//481 2885//2449
f 711//2450 1677//2451 3113//2452
f 3809//2453 3113//2452 3542//2454
f 1678//2455 3809//2453 4898//2456
f 4287//2457 1682//2458 3912//2459
f 1682//2460 615//2461 1683//1123
f 1685//2462 120//2463 4474//2464
f 1686//2465 4474//2464 403//2466
f 1100//1700 1687//2467 134//1699
f 120//69 4682//2468 4474//2464
f 4474//2464 1098//1695 403//2469
f 403//2469 1689//1697 1096//2470
f 1096//2470 1690//1345 3392//2471
f 3545//2472 152//2473 3544//2474
f 1692//858 1101//484 407//2475
f 156//2476 1695//2477 1207//2478
f 1207//2478 1695//2477 3547//2479
f 409//1704 1696//492 1102//92
f 1696//492 126//2316 1697//493
f 1102//92 1697//493 410//1706
f 1103//93 410//1706 1127//1725
f 1699//496 1698//495 757//2480
f 1701//497 694//2402 1702//2481
f 4179//1132 4054//2482 4758//2483
f 1703//2484 4054//2482 128//1043
f 1111//502 160//1710 2727//2485
f 1707//503 751//2486 1708//504
f 1709//1136 1708//504 715//2487
f 716//2488 1710//2489 1712//508
f 1710//2489 396//854 1711//507
f 1712//2490 1711//507 3549//2491
f 1714//2492 1715//2493 606//2494
f 1590//2495 707//2496 3819//2497
f 185//1149 1116//117 2145//1148
f 1720//512 415//2498 1118//513
f 1721//514 1118//513 399//1691
f 415//2498 1722//2499 4055//1717
f 1722//2500 164//584 1723//2501
f 1724//2502 3117//2503 3586//2504
f 1726//2505 4685//2506 4439//2507
f 1722//2500 4685//2506 164//584
f 417//2508 1119//518 1728//520
f 1119//518 415//1715 1720//512
f 1728//2509 1720//512 132//2510
f 418//2511 1729//523 4686//2512
f 418//2511 1731//521 1729//2513
f 1731//521 610//2514 1732//1153
f 1729//523 1732//522 3552//2515
f 1195//2516 2576//2517 467//2518
f 3553//2519 3555//2520 3556//2521
f 3557//2522 170//2523 3599//2524
f 4137//2525 3558//2526 1693//2527
f 4833//2528 1693//2527 423//2529
f 3553//2530 4174//2531 3560//2532
f 3579//2533 3562//2534 1740//526
f 1739//2535 171//2536 3006//2537
f 4833//2528 4834//2538 3546//2539
f 1741//527 172//530 1742//528
f 408//1701 2827//2540 2887//2541
f 1156//2542 3563//2543 2869//2544
f 1126//2545 3563//2543 1127//1725
f 1697//493 126//2316 2867//2546
f 1743//2547 380//2548 1130//535
f 2511//2549 1130//535 426//1330
f 1744//1070 127//2550 3123//2551
f 1129//2552 1128//2553 425//540
f 1129//2552 425//540 1746//538
f 427//2554 4010//2555 4517//2556
f 383//2557 1133//541 1745//2558
f 4617//2559 173//2560 3151//2561
f 4617//2559 4608//2562 4181//2563
f 146//2564 4182//2565 4555//2566
f 1750//2567 2956//2568 714//2569
f 3403//1761 3566//2570 3567//2571
f 1753//2572 4057//2573 4188//2574
f 4139//2575 431//1739 4057//2573
f 1754//2576 1142//115 432//1738
f 715//2487 717//2577 3572//2578
f 4399//2579 3573//2580 433//2581
f 4399//2579 3293//2582 3573//2583
f 436//2584 2984//2585 3284//2586
f 4058//2587 613//2588 1765//1168
f 718//2589 1765//2590 3575//577
f 1148//2591 4140//2592 4480//2593
f 4480//2593 716//2594 1766//1172
f 4186//2595 4059//2596 4692//2597
f 438//2598 1770//544 437//546
f 1773//547 161//2599 1770//544
f 183//648 1774//2600 1775//2601
f 1775//2601 1774//2602 1771//2603
f 1776//2604 4347//2605 439//2606
f 414//1177 1777//2607 4187//2608
f 1781//549 187//130 1782//550
f 1784//552 188//2609 1785//553
f 3576//2610 3399//2611 3400//2612
f 1787//2613 1786//2614 2584//2615
f 443//560 1790//555 1791//557
f 1790//555 134//1699 1687//556
f 1791//2616 1687//556 153//2617
f 1792//558 443//560 1791//557
f 1794//2618 1793//561 443//560
f 376//1660 1790//555 1793//561
f 190//175 170//2619 3557//2522
f 172//530 1741//527 444//607
f 3401//2620 3127//2621 1155//562
f 1124//2622 141//610 1795//612
f 1155//562 3127//2621 445//1800
f 3600//1799 3401//2620 1202//147
f 1155//562 445//1800 1796//563
f 1202//2623 1796//1327 191//2624
f 2982//564 3128//1755 3580//2625
f 3602//2626 1615//461 4138//2384
f 3395//2627 1162//570 1800//2628
f 2893//2629 4435//2630 1800//2628
f 3159//2631 4745//2632 3415//2633
f 1163//2634 432//1738 1801//574
f 3638//2635 1802//2636 4189//576
f 436//2637 2631//2638 2984//2585
f 1809//2639 4490//1147 1808//2640
f 3582//2641 1810//2642 3133//2643
f 1171//579 4502//1770 1815//580
f 3137//2644 3136//2645 3584//2646
f 202//2647 3939//2648 2605//2649
f 620//2650 3587//2651 1821//2652
f 453//2653 3139//2654 1177//1778
f 1177//1782 1821//2652 454//1783
f 1822//1194 455//2655 3587//2651
f 1821//2652 3140//2656 454//2657
f 456//2658 1824//2659 3141//2660
f 1824//2661 3609//2662 3141//2660
f 1178//582 457//1784 1180//131
f 4746//2663 4148//1896 3144//2664
f 1822//2665 1827//585 455//2655
f 165//2666 1828//2667 4684//2668
f 1828//2669 3591//133 1184//2670
f 1827//585 164//2671 4190//2672
f 460//2673 1829//2674 1830//2675
f 1830//2676 3145//2677 621//2678
f 1833//626 460//2673 4192//2679
f 165//2666 3592//2680 1828//2681
f 3597//2682 4444//2683 3392//2471
f 1837//599 153//2684 1838//2685
f 404//2686 4877//141 4835//2687
f 4830//2688 1838//600 153//2617
f 1841//604 3597//2682 1840//602
f 465//2689 1842//2690 4194//2691
f 2676//2692 1843//628 2650//2693
f 211//1502 1844//2694 3148//2695
f 1196//142 3149//2696 467//2518
f 3408//2697 4445//1832 3598//2698
f 4202//174 468//1834 170//2699
f 1154//608 468//1834 2971//2700
f 468//1834 1154//608 3599//2701
f 2560//1833 2971//2700 468//1834
f 3562//2702 3600//1799 1739//2535
f 1847//611 622//2703 1795//612
f 445//1800 1795//612 622//2703
f 1747//2704 2677//1328 4917//2705
f 1210//2706 2577//2707 1882//2708
f 1131//2709 427//2554 1852//2710
f 3038//2711 3151//2561 3603//2712
f 473//2713 2892//2714 3152//2715
f 157//2716 3568//2717 2983//2718
f 477//1807 1863//1808 4197//2719
f 225//249 1863//1808 1214//250
f 4688//2720 182//1745 4144//2721
f 494//2722 3043//1813 1867//2723
f 1215//1810 1870//2724 435//1812
f 4033//2725 480//2726 3607//2727
f 485//2728 1873//2729 2894//2730
f 1874//625 460//2673 1833//626
f 1875//627 1833//626 188//2731
f 1876//2732 1837//599 2789//2733
f 152//2473 1843//628 1191//139
f 1843//628 466//2734 1230//629
f 1191//630 1230//629 464//1793
f 4200//2735 3611//2736 3155//2737
f 488//1830 1878//634 465//2738
f 1878//2739 488//2740 1877//633
f 928//2741 1878//634 236//1467
f 1231//2742 1234//1829 488//1830
f 488//2740 1233//635 1877//2743
f 1233//635 238//1462 4201//1463
f 1877//633 1879//2744 236//231
f 239//668 1199//2745 1237//2746
f 1199//2745 239//668 3408//2697
f 1881//2747 244//1445 3157//2748
f 446//2749 1210//2750 1882//2708
f 2577//2707 1239//2751 3158//2752
f 1882//1183 2577//2707 4937//2753
f 898//713 2747//2754 1240//177
f 3612//2755 802//207 245//206
f 3613//1835 926//2756 3612//2755
f 1886//676 1854//2757 173//2758
f 3613//1835 3414//1841 2732//2759
f 1884//2760 4984//1840 4063//2761
f 1302//1913 3159//2631 247//2762
f 1889//2763 447//2764 193//2765
f 490//2766 1891//2767 2830//2768
f 474//2769 1893//642 1895//644
f 490//2766 3614//2770 3617//2771
f 1899//645 494//2772 1868//2773
f 1771//2603 1900//2774 1775//2601
f 4366//655 195//2775 1903//649
f 1169//162 1903//649 195//160
f 4900//1214 3620//2776 1904//2777
f 1909//2778 1908//2779 3707//651
f 195//160 1910//2780 4215//658
f 1910//654 497//1848 4215//1886
f 1912//2781 3621//2782 4476//2783
f 1914//2784 2833//2785 1915//2786
f 1257//2787 500//2788 4065//2789
f 501//2790 232//2791 1919//2792
f 501//2790 1919//659 1260//2793
f 1919//659 3161//2794 1920//2795
f 1258//661 1920//2795 502//2796
f 499//1850 2951//1856 2831//2797
f 2831//2798 3623//2799 4067//2800
f 915//662 1193//664 2749//1794
f 4690//2801 2986//2802 1922//1223
f 1237//2746 489//2803 4068//670
f 3637//2804 1923//2805 1848//673
f 1848//673 505//672 469//637
f 3158//2806 1239//2751 266//255
f 173//2758 1924//674 1886//676
f 1885//1873 3053//237 244//2807
f 173//2758 4180//2808 1924//674
f 507//2809 4970//2810 4971//2811
f 1887//2812 1300//242 3055//259
f 2750//2813 4071//770 2751//2814
f 1928//679 475//1875 1280//213
f 1929//2815 1305//246 1304//245
f 1278//1876 1304//2816 509//1877
f 3303//2817 4807//2818 3163//2819
f 1279//212 509//1877 2545//2820
f 193//2765 1857//684 1931//2821
f 1931//686 1930//685 4209//2822
f 1932//719 510//2823 4210//2824
f 1899//645 4963//2825 1935//687
f 1216//689 1936//2826 479//2827
f 2988//2828 1252//2829 2958//2830
f 1939//2831 2958//2830 1938//2832
f 3419//1849 258//1949 4211//2833
f 2606//2834 4211//2833 3627//2835
f 482//1236 1943//2836 2752//2837
f 1943//2836 627//2838 1944//2839
f 2470//1239 3628//2840 3165//2841
f 1945//690 512//2842 1946//2843
f 2470//1239 3165//692 1947//892
f 514//1894 1951//696 1287//2844
f 1951//696 273//2845 1291//697
f 1287//698 1291//697 515//1899
f 3837//700 1953//699 1955//703
f 1219//2846 2991//623 1957//2847
f 1952//2848 515//1899 1956//705
f 283//731 1958//704 1290//706
f 1958//2849 516//2850 1956//705
f 1290//706 1956//705 515//1899
f 1256//2851 4064//2852 4855//2853
f 4106//2854 4537//2855 1960//895
f 1961//2856 881//2857 212//2858
f 1923//671 768//2859 505//2860
f 4359//2861 854//2862 847//2863
f 909//2864 854//2862 1962//2865
f 852//2866 1963//715 4797//2867
f 3157//2868 244//1445 2710//1446
f 174//2869 1925//678 4180//677
f 2734//2870 221//1802 3934//2871
f 916//2872 1964//2873 3934//2874
f 193//2765 1931//686 1889//2763
f 1889//2763 1966//718 252//2875
f 2568//2876 4212//2877 1968//2878
f 1968//2879 1967//2880 4120//1524
f 4213//2881 4212//2877 4150//2882
f 510//2823 1932//719 1971//896
f 1972//897 256//2883 4333//2884
f 256//2883 1972//2885 1970//2886
f 2513//2887 4836//1923 1310//1925
f 1978//2888 4884//2889 3170//2890
f 3170//2891 3417//2892 3429//2893
f 4434//2894 4787//2895 3606//2896
f 1981//2897 259//1892 2834//2898
f 1942//1238 4525//728 1985//730
f 1985//2899 1984//729 4216//1254
f 1988//2900 3630//2901 3644//2902
f 525//2903 1990//900 1992//2904
f 1994//732 730//2905 1958//704
f 516//2850 1958//704 730//2905
f 1917//2906 2578//2907 2898//2908
f 1917//2906 2898//2908 1918//2909
f 528//262 268//1940 1998//2910
f 1999//1266 876//281 4110//1267
f 876//281 1999//1266 772//2911
f 1308//248 1214//250 4150//2882
f 1308//248 2000//1471 2550//2912
f 3054//2913 3647//2914 520//2915
f 2586//2916 2001//2917 1322//739
f 2001//737 533//1449 2002//738
f 1322//739 2002//738 754//740
f 2004//743 524//2918 3648//2919
f 2010//749 287//2920 3851//2921
f 730//2905 1994//732 536//2922
f 4069//2923 1994//732 283//2924
f 537//2925 3649//2926 2012//2927
f 2014//752 537//2925 1327//753
f 2013//2928 3649//2926 3175//756
f 2014//752 275//2929 2016//755
f 2013//2928 3175//756 3650//2930
f 2017//2931 3320//2932 276//2933
f 730//2905 2018//2934 516//2850
f 3645//757 3652//1958 4802//758
f 3653//2935 4313//2936 3176//2937
f 2554//2938 519//1938 869//1937
f 523//1927 1979//760 2023//762
f 1979//760 1904//2777 3620//2939
f 2700//1280 2022//2940 3656//2941
f 540//2942 2038//778 2814//2943
f 2872//2944 1332//2945 3655//2946
f 2873//2947 3655//2946 4586//2948
f 274//2949 2024//2950 3178//2951
f 2012//2952 284//2953 2024//2950
f 1337//2954 2993//2955 4803//2956
f 1326//271 4069//2923 283//731
f 291//273 2029//2957 4005//2958
f 867//767 2030//766 2751//2814
f 2001//2917 2033//2959 533//1449
f 2552//2960 3658//2961 3173//2962
f 287//2963 3659//2964 4586//2965
f 888//2966 3960//2967 2039//779
f 2039//779 2038//778 1334//2968
f 4803//2969 2038//778 540//2970
f 2038//778 4803//2956 1333//2971
f 2025//2972 284//2973 2013//2928
f 2559//2974 2043//782 3661//2975
f 291//273 2044//785 4070//2976
f 549//286 2046//2977 2047//1458
f 2047//1458 2960//2978 3890//2979
f 765//2980 4072//2981 3662//2982
f 2046//2983 549//286 2757//2984
f 2048//2985 4947//2986 2776//2987
f 2508//1304 2054//2988 4223//808
f 2054//796 758//1303 917//797
f 4222//2989 828//2990 4529//2991
f 4222//2989 786//810 828//2990
f 77//1315 1051//64 2058//1316
f 1418//2992 552//2993 3180//2994
f 2064//2995 992//2996 3718//2997
f 310//2998 2066//2999 2067//3000
f 2066//3001 738//2132 2220//3002
f 4450//3003 2220//3002 3722//3004
f 3944//1591 3668//1593 3724//3005
f 2075//3006 3672//3007 3182//3008
f 3181//3009 3182//3008 311//3010
f 2077//817 2076//816 4482//3011
f 318//2160 4809//3012 2078//3013
f 323//2259 1467//823 1464//3014
f 324//2182 1009//1602 3012//3015
f 3012//3015 2948//3016 3375//3017
f 2083//3018 4739//3019 3677//3020
f 1013//3021 568//3022 3184//3023
f 2088//3024 2087//3025 334//3026
f 3228//964 4822//3027 2766//3028
f 2090//3029 1485//2217 334//2216
f 2091//3030 574//3031 2836//3032
f 2263//1341 4532//3033 3906//3034
f 2269//973 4751//3035 341//974
f 2093//3036 2092//3037 3746//3038
f 659//3039 2094//3040 4485//3041
f 4249//3042 2097//3043 329//3044
f 2579//3045 576//3046 3186//3047
f 1523//409 349//3048 3896//3049
f 2903//3050 2995//3051 350//3052
f 1527//3053 3234//3054 4352//3055
f 2101//3056 2100//3057 352//3058
f 3095//2277 3680//3059 2104//829
f 2104//829 2103//3060 580//3061
f 2107//3062 4253//3063 4233//3064
f 3241//3065 668//3066 3188//3067
f 2110//1026 3188//3068 356//3069
f 3762//3070 2999//3071 2111//3072
f 2111//3072 583//3073 3189//3074
f 1058//3075 394//3076 2838//3077
f 369//3078 3815//3079 2118//3080
f 3250//3081 2803//3082 3685//3083
f 375//3084 2123//3085 4702//3086
f 2123//3085 589//3087 1062//840
f 2126//3088 3522//2352 3192//841
f 4275//1066 3687//3089 3686//3090
f 2128//3091 4639//3092 2127//3093
f 2129//76 675//1672 364//1369
f 1621//464 591//3094 1622//3095
f 1625//470 1624//469 593//1677
f 2325//3096 2130//3097 592//3098
f 3005//3099 4671//3100 2132//847
f 2131//3101 762//2393 1619//462
f 2132//847 1619//846 384//2391
f 79//3102 1054//1645 4237//3103
f 1109//97 4136//3104 2133//3105
f 388//3106 2134//3107 2136//3108
f 2134//848 4602//3109 2135//849
f 594//3110 4665//3111 3678//3112
f 3689//3113 3690//3114 2684//3115
f 2138//3116 2684//3115 390//3117
f 3264//3118 3390//3119 3195//3120
f 3195//3120 2140//3121 3265//3122
f 598//3123 2141//3124 2142//1095
f 599//3125 3536//3126 3692//3127
f 3539//3128 1659//3129 3198//3130
f 2146//81 705//1692 3693//3131
f 374//3132 4176//3133 4479//3134
f 3199//3135 2146//3136 2642//3137
f 4100//3138 4584//3139 4099//1109
f 2150//3140 1094//84 4077//3141
f 403//2469 1096//2470 3202//3142
f 2153//3143 3697//3144 409//1704
f 2405//860 3775//3145 4240//3146
f 1114//862 2156//861 605//1135
f 2157//3147 396//854 1710//506
f 2158//3148 606//3149 4078//3150
f 2159//3151 4078//3150 608//3152
f 608//3152 1115//866 3205//868
f 414//1177 2609//3153 1777//3154
f 2163//3155 610//3156 1731//521
f 1641//3157 2839//3158 4050//3159
f 414//1177 4187//2608 4744//3160
f 2169//3161 2151//3162 4241//3163
f 2171//3164 3704//876 3705//3165
f 617//3166 4851//3167 3206//3168
f 2172//3169 4672//3170 402//3171
f 2173//3172 413//1137 1805//3173
f 1808//2640 4838//1146 2174//3174
f 2174//3174 619//3175 2175//1186
f 1808//2640 2175//1186 451//3176
f 460//3177 1830//2676 2176//3178
f 622//2703 1847//611 2889//566
f 1847//611 141//610 1612//881
f 2179//883 460//2673 1874//625
f 2180//3179 1874//625 3610//3180
f 4207//3181 1905//652 3418//3182
f 2181//888 728//3183 1950//889
f 2182//890 1950//3184 512//2842
f 3421//3185 1263//3186 3708//3187
f 3620//2939 3709//3188 4986//3189
f 2185//3190 2762//3191 1292//894
f 1960//895 1292//894 4242//1901
f 510//2823 1971//896 2186//898
f 1971//896 1970//2886 1972//2885
f 2186//3192 1972//2885 4964//3193
f 1973//3194 3641//3195 3208//3196
f 4525//728 2907//3197 2188//3198
f 2191//901 1990//900 525//3199
f 2192//3200 4109//3201 4371//3202
f 2685//3203 3711//3204 2194//3205
f 4152//252 2778//3206 4243//3207
f 2198//1373 2197//1283 4081//3208
f 735//3209 2199//906 3209//1438
f 758//1303 2200//909 2683//911
f 2053//907 3666//3210 550//1439
f 25//3211 4539//3212 3446//2029
f 2660//2007 29//3213 2840//3214
f 3713//3215 948//3216 3935//3217
f 1389//914 1387//913 45//3218
f 1387//3219 4691//3220 3714//3221
f 1394//3222 1393//319 3457//2078
f 2202//917 3462//3223 3715//3224
f 2059//3225 2203//918 309//3226
f 551//3227 3211//3228 3716//368
f 988//3229 551//3230 3716//3231
f 2061//3232 4918//3233 4982//3234
f 756//3235 2206//3236 3213//3237
f 2206//3236 4162//2124 2207//3238
f 1418//2992 3213//3237 552//2993
f 1419//3239 1428//2123 637//925
f 2623//2118 2764//3240 1422//3241
f 3490//3242 4436//3243 3464//3244
f 2063//3245 2210//3246 4224//1588
f 2211//371 2062//3247 990//3248
f 2210//3249 1426//373 4224//3250
f 2062//3251 2211//371 3338//2133
f 2211//371 2842//3252 3468//2131
f 2208//3253 992//2996 3719//3254
f 1427//3255 2208//3253 638//927
f 637//925 1421//2116 70//2115
f 1474//3256 4651//3257 4246//3258
f 1412//930 2212//3259 4247//3260
f 2213//3261 2214//3262 554//3263
f 3216//3264 3079//2127 3720//2128
f 2210//3246 2215//3265 2842//3252
f 2217//3266 3217//3267 3469//2136
f 310//3268 2257//3269 2218//3270
f 2066//3271 2218//3272 4975//3273
f 2842//3252 2215//3265 3467//2129
f 2220//3002 3218//932 3722//3004
f 1431//933 2220//3002 738//2132
f 2221//3274 3870//3275 639//3276
f 1014//1609 3723//3277 2222//3278
f 2223//3279 641//2206 2217//3266
f 2206//3236 756//3235 3219//3280
f 3219//3280 3870//3275 3466//2137
f 2224//3281 4510//3282 4849//3283
f 2225//3284 4849//3283 643//2149
f 643//2149 3081//378 3476//2150
f 3471//3285 3670//3286 3220//3287
f 556//3288 311//3289 2911//3290
f 1495//2227 3472//374 2226//2228
f 3944//1591 3724//3291 2580//3292
f 59//3293 1444//2144 2227//3294
f 1436//936 2843//3295 558//3296
f 2069//3297 3671//3298 1438//3299
f 3671//3300 3473//3301 3221//3302
f 4792//3303 3221//3304 2913//3305
f 1440//937 562//3306 1443//938
f 2230//939 1443//938 645//2141
f 2231//3307 4924//3308 1441//3309
f 4924//3308 2232//3310 1441//3309
f 562//3306 3672//3007 4509//3311
f 645//2141 1442//2140 2233//3312
f 1442//2140 3475//3313 3222//3314
f 2235//3315 642//379 647//3316
f 3181//3009 3471//3285 4426//3317
f 2075//3318 4426//3317 4774//3319
f 2224//3281 3070//3320 4901//941
f 2236//3321 739//3322 3729//3323
f 1448//2152 4482//3011 4540//3324
f 2077//817 1448//2152 3673//3325
f 1447//382 2239//3326 648//2145
f 2225//3284 649//2151 4084//3327
f 1390//3328 4084//3327 3454//3329
f 2225//3284 643//2149 649//2151
f 1453//386 4541//388 2239//947
f 1506//3330 3921//3331 2758//3332
f 1506//3330 1450//2153 3735//3333
f 3734//3334 563//2139 4785//3335
f 2241//3336 4785//3335 2624//3337
f 60//2147 1445//2146 636//3338
f 2242//3339 648//948 4541//3340
f 1465//3341 2667//2179 3028//2172
f 2243//3342 328//3343 3674//3344
f 4086//955 2082//3345 3676//3346
f 2245//3347 4248//3348 329//3044
f 2245//3347 329//3044 2246//3349
f 3492//2201 2083//3350 3737//3351
f 88//3352 2247//3353 2248//958
f 2247//956 567//3354 2085//957
f 652//3355 3946//3356 3738//3357
f 1479//3358 4543//3359 568//3022
f 3741//3360 2252//3361 3226//3362
f 334//2216 1487//3363 2088//3364
f 2088//3364 3227//2219 4840//3365
f 2257//3269 2256//2209 3742//2211
f 2261//3366 3743//3367 4733//3368
f 2261//3366 4733//3368 653//3369
f 4008//3370 1488//3371 3744//3372
f 2258//3373 335//3374 1483//395
f 2261//3366 4583//3375 3743//3367
f 4723//3376 4583//3375 2962//3377
f 654//3378 4264//3379 4252//3380
f 4254//3381 4253//3063 655//3382
f 2719//3383 3228//964 2766//3028
f 4167//3384 4166//3385 1603//2358
f 2264//3386 337//2357 2265//966
f 2266//967 2265//966 656//3387
f 1494//965 656//3387 2265//966
f 1604//454 2265//966 337//3388
f 2266//967 656//3387 2267//3389
f 574//3390 4483//969 4484//971
f 1439//3391 2916//3392 94//3393
f 650//3394 3747//3395 3089//3396
f 3748//3397 2270//3398 3735//3333
f 1502//3399 2241//3400 4255//3401
f 2904//1127 1557//3402 3749//3403
f 2271//976 657//3404 2272//977
f 1509//2246 2272//977 342//2247
f 657//2320 2271//976 4088//3405
f 2271//976 1509//2246 2917//3406
f 316//3407 4087//3408 4323//3409
f 4256//3410 658//3411 2273//3412
f 658//3411 4256//3410 2092//3413
f 3498//3414 1514//3415 3091//2254
f 343//1641 2276//980 4698//984
f 4698//984 2278//983 4257//3416
f 2918//3417 3730//3418 2278//3419
f 1514//2252 3498//3414 4485//3041
f 1025//3420 1515//3421 3753//3422
f 1005//1599 101//3423 4324//3424
f 347//3425 1646//2412 2282//3426
f 1646//2412 347//3425 660//2413
f 2283//3427 329//3044 2097//3428
f 1521//406 2097//991 4258//3429
f 329//3430 2283//990 2246//993
f 2283//990 684//3431 2284//992
f 2246//993 2284//992 4507//3432
f 347//3425 2282//3426 1581//3433
f 348//3434 2098//994 2119//996
f 2098//994 330//3435 2249//995
f 2119//996 2249//3436 4165//2345
f 88//3352 2285//1321 3231//3437
f 2286//3438 3231//3437 4973//3439
f 2247//956 2286//3440 567//3354
f 2286//3438 2287//3441 3755//3442
f 3224//3443 3755//3442 3493//3444
f 349//3048 1526//997 2290//999
f 1526//997 663//2275 2289//998
f 2290//999 2289//998 352//3058
f 349//3048 2290//999 3232//3445
f 2290//999 352//3446 2291//3447
f 3236//1010 4700//3448 2293//1002
f 2292//1000 662//2418 2291//1001
f 2293//1002 2291//1001 352//3058
f 3739//3449 2252//3361 3741//3360
f 352//3058 2289//998 2101//3056
f 2289//3450 663//3451 1480//1006
f 2101//1007 1480//1006 4230//3452
f 2255//3453 2915//2221 4771//3454
f 2260//3455 107//3456 2298//3457
f 1528//3458 2298//3459 665//3460
f 352//3446 2100//3057 2293//3461
f 1665//3462 354//2438 1530//3463
f 1038//1627 4487//3464 3504//3465
f 1529//3466 3095//3467 2104//829
f 354//2438 2300//3468 579//3469
f 2300//3468 3756//1099 4627//3470
f 579//3469 4627//3471 3680//3059
f 1532//3472 666//2280 4805//3473
f 2102//827 4805//3473 4231//3474
f 2295//3475 2303//1023 3757//3476
f 2298//3457 3758//3477 665//3460
f 2299//1011 665//3460 2105//3478
f 2306//3479 2688//3480 668//3066
f 3239//1016 3380//3481 582//3482
f 581//3483 3240//3484 4263//3485
f 2107//3062 655//3382 4253//3063
f 356//1027 3681//831 2309//3486
f 4233//3064 4253//3063 4264//3379
f 4045//3487 1537//3488 4091//1024
f 1537//3488 654//3378 2600//3489
f 117//1098 3760//3490 4342//3491
f 2629//3492 4265//3493 4546//3494
f 2629//3495 2390//3496 4265//3493
f 2390//3497 761//3498 2312//3499
f 2312//3500 2306//3479 668//3066
f 761//3498 2313//1122 2768//3501
f 670//3502 4284//3503 3242//3504
f 3242//3505 3762//3070 2112//3506
f 1538//3507 3242//3504 2998//3508
f 2111//3072 671//3509 583//3073
f 672//2353 357//3510 4926//3511
f 3380//3481 3682//3512 2307//3513
f 3243//3514 4935//3515 3506//3516
f 4829//416 1543//3517 3244//3518
f 1544//3519 3244//3518 1552//424
f 1544//3519 1552//424 122//72
f 2315//3520 2316//3521 3000//3522
f 2581//3523 3750//2315 3766//3524
f 127//2550 2318//1029 2319//3525
f 2319//3525 1561//1030 677//3526
f 4643//3527 1562//2378 3514//3528
f 2273//3529 3245//2377 3751//2233
f 1562//2378 2273//3529 3514//3528
f 3992//3530 3514//3528 4455//3531
f 1563//431 2272//3532 657//2251
f 1564//432 657//3404 1511//2249
f 1505//3533 1566//2318 1049//3534
f 1566//2318 1558//434 3768//436
f 2321//3535 3770//3536 4267//2323
f 2321//3535 95//2156 3247//3537
f 321//1036 4669//1038 3515//3538
f 4669//1038 1618//1037 4547//3539
f 1623//3540 4628//3541 365//3542
f 2879//2327 3101//3543 2846//3544
f 760//3545 3517//3546 4268//3547
f 4956//3548 2324//3549 2279//3550
f 592//3551 1570//3552 1568//3553
f 1570//3554 592//3098 679//3555
f 679//3555 3772//3556 3518//3557
f 3773//3558 760//3545 4268//3547
f 111//988 2281//986 2323//3559
f 2328//1047 2327//1046 3534//3560
f 2330//3561 346//2190 2331//3562
f 4269//3563 3501//3564 4513//2341
f 680//1650 4473//2343 4133//1651
f 680//1650 2117//3565 1581//3433
f 2117//3565 1762//3566 2332//3567
f 1581//3433 2117//3568 347//3425
f 1580//3569 3230//3570 3093//3571
f 4291//3572 2333//3573 4550//3574
f 2333//3573 3581//3575 4550//3574
f 2405//860 1114//862 1582//442
f 1114//862 369//3078 2118//3576
f 1582//442 2118//3577 3776//3578
f 2335//3579 3001//3580 2882//3581
f 348//3434 3777//3582 3186//3047
f 2337//3583 2120//443 3684//3584
f 3251//3585 3250//3081 3685//3586
f 2284//3587 684//3588 3252//3589
f 3494//3590 1584//3591 3779//3592
f 2344//3593 2919//3594 3781//3595
f 587//2444 4235//3596 2348//3597
f 3254//3598 3783//3599 3238//3600
f 587//3601 1668//3602 687//3603
f 4235//3596 4273//3604 4093//3605
f 4734//3606 3784//3607 2347//3608
f 374//3132 4093//3605 4176//3609
f 2122//1058 687//2350 1594//1059
f 687//3603 2122//1058 587//2444
f 686//2347 1595//3610 2346//3611
f 1595//3610 687//2350 3783//3599
f 689//3612 2349//1060 3785//3613
f 375//3084 690//3614 2123//3085
f 4734//3615 4095//3616 3784//3617
f 4275//1066 3686//3618 1599//1067
f 3787//3619 3107//3620 3788//3621
f 2352//3622 2730//1388 3876//3623
f 2127//3093 2351//3624 2128//3091
f 2353//3625 380//2548 2690//3626
f 380//2548 2353//3625 1744//1070
f 2353//3625 4974//3627 2318//1029
f 1744//1070 2318//3628 127//2550
f 2354//1387 4639//3092 3255//3629
f 1743//534 3255//3629 380//2548
f 364//1369 3769//3630 2355//1370
f 3527//459 381//1671 1614//460
f 1078//74 757//1670 1698//495
f 3529//3631 3246//3632 3034//3633
f 2320//1074 675//1672 1079//1075
f 1080//1076 1079//3634 381//3635
f 2322//3636 4547//3539 3193//3637
f 762//2393 4551//1077 1620//463
f 1620//463 2357//1078 591//3094
f 2358//3638 3528//3639 4552//3640
f 591//2395 2357//1078 4552//3641
f 692//3642 1626//3643 4553//3644
f 1083//3645 592//3551 2130//3097
f 592//3551 1083//3645 679//3555
f 679//3555 1083//3645 3257//3646
f 1083//3645 3548//3647 3257//3646
f 3256//3648 2132//3649 384//2391
f 973//1314 79//3650 1110//1080
f 1632//3651 2136//3108 4665//3111
f 388//1086 2362//1085 2134//848
f 2362//1085 693//2406 3258//3652
f 3258//3653 3530//3654 4602//3109
f 693//2406 2363//3655 3258//3652
f 2363//3655 146//2564 4555//3656
f 4276//3657 3530//3654 4859//3658
f 1634//3659 3531//2403 2770//3660
f 2859//3661 3958//3662 3259//3663
f 4632//3664 696//3665 4631//3666
f 3532//1088 3111//3667 3262//1089
f 2575//3668 368//2336 4556//3669
f 390//3117 2691//3670 2137//3671
f 693//2406 2367//1087 695//2404
f 2367//3672 693//2406 2362//1085
f 2575//3668 3111//3667 3796//3673
f 4719//3674 3796//3675 3194//3676
f 2368//3677 697//3678 2369//3679
f 2363//3655 1636//3680 146//2564
f 1008//2198 3085//2196 3263//3681
f 2371//3682 3799//3683 327//1606
f 4557//3684 2366//1391 4278//3685
f 1645//473 2582//1393 4557//1394
f 3827//3686 3800//3687 3266//3688
f 597//3689 2671//2414 2692//3690
f 3002//3691 1587//3692 4409//3693
f 2923//3694 1648//1094 2379//3695
f 1648//1094 598//3123 2142//855
f 2379//3695 2142//855 396//854
f 1649//3696 2924//3697 3801//3698
f 3197//856 2141//3124 4398//3699
f 4398//3699 1650//3700 3802//3701
f 2141//3702 3691//3703 2849//3704
f 1650//3700 2338//3705 683//3706
f 682//3707 3537//3708 3684//3584
f 662//3709 2292//3710 1653//2419
f 1655//474 2381//3711 701//3712
f 1656//2425 701//3712 2382//3713
f 373//3714 3268//3715 4385//3716
f 2630//3717 3805//3718 2989//3719
f 398//3720 2384//3721 2385//3722
f 600//3723 1663//479 4097//3724
f 1664//2437 2300//3468 354//2438
f 398//3725 1661//1101 1658//1103
f 1661//1101 600//2435 1666//1102
f 1658//1103 1666//1102 4819//3726
f 1092//82 1721//514 399//3727
f 1091//80 399//3727 3118//3728
f 1669//2445 3003//3729 2343//2442
f 2348//3730 1669//2445 587//2444
f 2388//3731 374//3132 3199//3135
f 2147//3732 2389//3733 400//3734
f 1787//2613 2391//1116 441//3735
f 1673//480 1671//1112 4282//3736
f 441//3737 2393//1114 1783//3738
f 2393//1114 2885//2449 1670//2447
f 2393//3739 441//3735 2391//1116
f 3807//3740 4898//2456 2150//3741
f 1675//3742 671//3509 2999//3071
f 401//3743 4077//3141 3270//1113
f 3808//3744 2148//3745 4284//3746
f 710//3747 2313//1122 761//3498
f 2313//1122 710//3747 1676//1120
f 2396//3748 711//2450 1678//3749
f 3542//3750 3695//3751 3271//3752
f 3809//2453 3271//3752 3391//3753
f 4191//3754 3810//3755 3543//3756
f 2152//3757 1680//3758 402//3171
f 4362//3759 3695//3751 1684//3760
f 1682//2458 2399//3761 615//2461
f 1683//3762 615//3763 1152//3764
f 1685//3765 712//3766 4961//3767
f 156//2476 1748//3768 4670//3769
f 1748//3770 411//3771 2153//3772
f 1695//2477 4670//3769 1104//3773
f 1696//3774 674//435 126//2316
f 762//2393 2131//3101 4705//3775
f 1627//3776 1628//3777 3272//3778
f 1701//3779 3272//3780 694//3781
f 2797//3782 1702//498 2772//3783
f 1702//498 694//3781 2365//1083
f 714//2569 4516//1129 1750//1131
f 3813//3784 3812//3785 2401//1133
f 2402//1134 2401//3786 412//1735
f 412//1735 2403//1161 2402//1134
f 2403//1161 3814//3787 4842//3788
f 3204//3789 1709//1136 4717//3790
f 1707//503 2745//505 2694//1138
f 2694//3791 413//1137 2173//3172
f 435//1812 2406//3792 3274//1141
f 2406//1139 716//2594 2407//1140
f 2157//3147 2379//3695 396//854
f 2773//3793 3549//2491 3816//3794
f 1712//2490 3549//3795 3275//3796
f 2773//3793 1146//1746 3275//3796
f 1712//2490 2407//1140 716//2594
f 1591//1054 702//3797 4374//3798
f 2159//3151 2383//3799 4280//3800
f 1713//3801 2159//3151 608//3152
f 3803//2421 3817//3802 3276//3803
f 3276//3803 3700//3804 3804//3805
f 2158//3148 1714//3806 606//2494
f 1714//3806 4432//3807 3582//2641
f 606//2494 1715//3808 2160//3809
f 2160//3809 1812//3810 4887//3811
f 3267//3812 3700//3804 2381//3813
f 2161//3814 3699//867 1716//3815
f 2381//1144 1716//3815 701//3712
f 3698//864 4887//3811 4838//3816
f 701//3817 3550//3818 2382//3713
f 703//3819 2609//3153 2386//3820
f 439//2606 2409//3821 1776//2604
f 707//3822 2145//1148 3819//2497
f 2349//1060 689//3612 2410//1150
f 2162//3823 2410//1150 418//3824
f 417//2508 609//3825 2411//3826
f 3277//3827 2411//3826 2412//3828
f 609//3825 417//2508 4909//3829
f 1151//3830 166//3831 2695//3832
f 2413//3833 1732//1153 610//3156
f 3552//1152 3820//1154 2412//3828
f 2412//3828 1834//3834 165//2666
f 2410//1150 689//3612 4843//3835
f 3579//2533 1740//526 379//1156
f 611//3836 3279//3837 3822//3838
f 3701//3839 3823//3840 3822//3838
f 2956//2568 2414//3841 714//2569
f 2155//3842 2400//3843 2853//3844
f 1799//3845 3402//3846 2415//3847
f 4239//3848 4535//3849 713//3850
f 3402//3846 4737//3851 3879//3852
f 2418//3853 612//3854 4491//1159
f 612//3855 4105//3856 4491//1159
f 4491//1159 2420//1158 611//3857
f 2418//3853 3280//3858 612//3854
f 431//1739 2422//1160 1140//113
f 3825//3859 4861//3860 3814//3787
f 1140//3861 2403//1161 412//1735
f 432//1738 1141//1736 1801//574
f 3281//3862 3813//1163 1704//3863
f 2404//3864 2905//869 4184//3865
f 2167//3866 2166//3867 3572//3868
f 715//2487 1708//504 717//3869
f 1708//504 751//3870 2423//3871
f 2424//1165 3282//3872 1898//3873
f 2424//1165 2455//3874 2626//1166
f 699//2411 1757//3875 3283//2407
f 434//1763 3826//3876 4058//874
f 3575//577 1765//1168 3397//3877
f 1765//2590 613//2588 2425//3878
f 1145//1170 2425//3879 4558//3880
f 3605//3881 1864//616 181//3882
f 1766//1172 716//2594 2406//1139
f 1870//1173 2406//1139 435//1812
f 3828//3883 2426//3884 4456//3885
f 1670//2447 708//2446 151//3886
f 414//1177 400//3734 2389//3733
f 2386//1097 2389//3733 3760//3490
f 1785//553 2428//3887 442//3888
f 2429//3889 711//2450 2396//3748
f 2429//3890 4104//3891 442//3888
f 1788//3892 4850//3893 4706//3894
f 615//3763 2399//3761 3704//876
f 4562//3895 3577//3896 4563//3897
f 4563//3898 3577//3899 1792//3900
f 1882//1183 4937//2753 2431//1184
f 449//3901 2434//1398 2173//3172
f 2434//1398 751//3870 1707//503
f 2437//3902 2774//3903 3288//3904
f 4871//3905 4365//3906 3829//3907
f 2440//3908 4293//3909 2774//3903
f 451//3910 2175//1186 4295//1188
f 2175//3911 619//3912 1813//1187
f 1906//3913 4207//3181 3583//3914
f 1813//1187 3830//3915 4871//3905
f 2441//1192 187//130 1781//549
f 1822//2665 620//3916 1723//2501
f 416//3917 1723//2501 3589//3918
f 621//2678 3145//2677 3290//3919
f 459//1859 2445//1199 4708//3920
f 2445//1199 3810//3755 1831//3921
f 2445//1199 459//1859 2446//3922
f 2398//3923 4492//3924 763//3925
f 3291//3926 3146//593 3593//592
f 3593//592 461//3927 2447//3928
f 1826//3929 3291//3926 720//3930
f 3578//3931 3126//3932 4562//3895
f 2449//3933 471//3934 3706//3935
f 2421//3936 2449//3933 4298//3937
f 392//3938 1858//1202 4299//3939
f 1858//1202 474//2769 1859//1203
f 612//3855 3702//3940 4105//1206
f 721//3941 2177//3942 3292//613
f 1862//3943 3292//613 3008//3944
f 2177//3942 721//3945 4197//2719
f 3160//3946 180//3947 3294//3948
f 3569//3949 4442//3950 4300//3951
f 1937//3952 3296//3953 479//1809
f 2441//1192 1872//3954 4687//3955
f 4106//2854 2613//3956 4649//3957
f 2179//883 1829//3958 460//2673
f 1826//3929 720//3930 722//3959
f 2898//2908 2448//3960 1918//3961
f 720//3930 2448//3960 722//3959
f 1896//3962 1890//3963 4564//3964
f 4351//3965 1893//642 474//2769
f 474//2769 1895//644 4709//3966
f 1895//644 3616//3967 2454//3968
f 1757//3875 2626//1166 2896//3969
f 2423//3970 751//3870 2585//1349
f 1898//3873 2423//3871 2585//1349
f 4206//3971 492//3972 3297//3973
f 1902//3974 4366//655 1903//3975
f 1775//2601 1903//649 183//648
f 626//3976 4900//1214 2459//3977
f 3300//3978 4303//3979 4889//3980
f 4405//3981 1871//3982 3300//3978
f 1941//3983 3836//3984 4673//3985
f 1912//2781 4938//3986 203//1781
f 512//2842 1945//690 2182//890
f 628//3987 4715//1218 2464//1219
f 4715//1218 3837//700 1955//703
f 2464//1219 1955//703 3633//3988
f 459//1859 1261//1858 2446//3922
f 2446//3922 4107//1789 763//1788
f 3839//3989 1263//3186 3421//3185
f 2443//1222 1262//1221 459//1859
f 623//3990 4826//3991 463//1486
f 471//3934 2449//3933 4306//3992
f 471//3934 4807//2818 2750//2813
f 2450//3993 2697//3994 4376//3995
f 519//1938 1930//685 4339//3996
f 2469//3997 197//3998 1986//1232
f 2469//3997 726//3999 627//4000
f 1985//4001 727//4002 2461//1237
f 2470//1239 3842//1241 3628//4003
f 2184//891 1988//4004 513//4005
f 1987//4006 4307//1243 3629//4007
f 2472//1244 483//4008 2471//1240
f 728//3183 2181//1248 2474//1249
f 2181//4009 628//3987 2464//1219
f 2474//1249 2464//1219 3633//4010
f 765//2980 728//4011 4457//1247
f 2462//4012 4476//2783 2463//4013
f 1959//4014 2833//1953 3307//4015
f 276//2933 3845//4016 3651//4017
f 2563//1252 2186//898 521//268
f 2187//4018 495//4019 4786//4020
f 2475//4021 825//1359 755//1358
f 825//1359 2475//4021 2476//4022
f 755//1358 2713//4023 2558//4024
f 4116//1404 4217//4025 4311//4026
f 1948//1255 513//4027 2189//1256
f 525//2903 2009//1258 2191//1260
f 2191//1260 2481//1259 4538//4028
f 4108//4029 514//1894 2588//4030
f 2483//4031 729//4032 2928//4033
f 516//2850 2018//4034 4711//4035
f 2018//2934 632//4036 3636//4037
f 206//4038 4308//4039 4674//4040
f 4458//4041 3844//1900 2484//4042
f 2643//4043 2777//4044 2484//4045
f 2587//4046 4243//3207 3849//4047
f 725//4048 3954//4049 1921//4050
f 1999//1266 3616//3967 3309//4051
f 784//264 3309//4051 529//265
f 3616//4052 1999//1266 2454//1207
f 529//4053 2487//4054 2908//4055
f 3310//4056 1894//643 3615//4057
f 936//4058 3173//4059 2972//4060
f 3627//4061 2597//4062 3311//4063
f 3011//4064 2479//4065 2969//4066
f 286//790 2755//1268 2490//1270
f 2490//1270 2006//1269 4768//283
f 2195//4067 732//4068 3312//4069
f 2007//4070 2755//1268 2491//4071
f 535//4072 2491//4071 286//790
f 535//4073 2492//1273 2491//4071
f 2491//4071 2492//1271 4111//747
f 2591//4074 2756//4075 1993//4076
f 2492//1273 535//787 2045//1274
f 2482//4077 1331//1960 273//2845
f 729//4032 2483//4031 2494//4078
f 730//2905 4766//4079 2018//2934
f 2018//4034 4766//4079 4371//3202
f 2495//4080 2027//4081 4314//4082
f 2608//4083 2641//4084 538//4085
f 4313//2936 3653//4086 2641//4084
f 2023//762 922//4087 3852//4088
f 2023//762 2022//761 2700//1280
f 2970//4089 2497//1374 2589//4090
f 527//1931 2028//1281 2197//1283
f 2197//1283 733//1282 543//4091
f 2045//1455 3854//4092 3853//4093
f 2615//4094 2934//4095 2502//1292
f 276//2933 3320//4096 3308//1263
f 2503//1294 735//3209 2504//1295
f 2486//1296 2504//1295 3856//4097
f 547//4098 2200//909 3315//4099
f 2200//909 758//1303 4902//1305
f 2946//4100 2779//4101 3857//4102
f 633//4103 2936//4104 4372//4105
f 3857//4102 2936//4104 2946//4106
f 3316//4107 544//4108 2029//2957
f 4081//4109 3318//4110 3317//4111
f 4316//1516 3661//2975 3317//4111
f 4812//4112 3318//4113 543//4091
f 2503//1294 2199//906 735//3209
f 2683//911 2507//4114 796//1415
f 3859//4115 735//4116 3889//4117
f 2054//796 4902//4118 758//4119
f 795//4120 796//1415 2507//4114
f 2201//910 2779//4101 3321//4121
f 2507//4114 3321//4121 3859//4115
f 2619//1313 1458//389 3477//4122
f 737//4123 1410//1318 3327//1339
f 1432//1322 2285//1321 88//2134
f 1451//385 1398//4124 3361//4125
f 1000//1643 1347//296 96//1577
f 445//1800 1206//153 1796//563
f 1796//563 1880//636 4203//4126
f 1224//4127 235//4128 2512//1508
f 1845//4129 2512//1508 211//1507
f 533//1449 2514//1331 2002//738
f 2514//1331 2607//1419 2003//741
f 2002//738 2003//741 754//740
f 3440//1988 3442//2043 2509//1312
f 2257//3269 3742//2211 90//4130
f 315//4131 2516//4132 3330//4133
f 86//1317 3864//1376 4164//4134
f 2517//4135 325//2185 1468//2184
f 325//2185 2517//4135 1471//2193
f 3863//4136 746//4137 3676//3346
f 1011//1605 3489//4138 3675//4139
f 128//1043 1705//4140 3516//1044
f 3554//4141 3556//2521 3865//1344
f 1690//1345 1840//602 3597//2682
f 1121//1724 1733//4142 2518//1395
f 743//4143 446//2749 4319//4144
f 3580//4145 3128//4146 4319//4144
f 3867//4147 3332//4148 4791//4149
f 2519//4150 777//4151 3611//2736
f 212//2858 2971//609 2560//4152
f 2511//2549 743//4143 4321//1754
f 718//872 3575//577 1802//2636
f 2488//4153 750//4154 253//1944
f 492//3972 2585//1349 2456//1351
f 2585//1349 751//3870 2520//4155
f 2456//1351 2520//1350 493//4156
f 493//4156 3424//4157 3835//4158
f 3433//4159 3432//1965 3625//4160
f 2784//4161 3015//4162 3868//4163
f 4934//4164 3710//4165 4890//4166
f 502//2796 1920//660 752//4167
f 1920//660 1298//4168 752//4167
f 754//740 1940//4169 4211//2833
f 282//1952 2036//4170 4449//4171
f 2505//4172 3013//1356 3869//4173
f 2703//1300 2627//1364 3319//1301
f 3490//3242 2522//4174 4436//3243
f 2522//4174 3490//4175 745//1375
f 747//4176 4086//955 1423//4177
f 1423//4178 746//4179 3464//3244
f 757//2480 2355//1370 1700//4180
f 2355//1370 757//1670 2129//76
f 1168//1766 149//1768 3269//4181
f 232//2791 2525//4182 3413//4183
f 207//4184 3014//4185 4066//4186
f 2198//1373 734//4187 2501//4188
f 2500//4189 3313//4190 2615//1291
f 2500//4189 2615//1291 3855//1293
f 74//4191 2526//4192 303//290
f 3455//4193 303//290 2526//4192
f 2056//4194 7//1556 2932//4195
f 2522//4174 745//1375 2528//4196
f 2248//958 3338//2133 88//2134
f 2228//4197 759//1342 2529//4198
f 1437//4199 4920//4200 3473//3301
f 2230//939 645//2141 4322//4201
f 4829//416 3340//415 4322//4202
f 93//4203 2234//4204 2268//4205
f 2234//4204 644//4206 4113//4207
f 3496//2243 1503//4208 4655//4209
f 317//4210 4323//3409 2917//3406
f 3473//3301 2529//4198 4451//4211
f 4549//4212 678//4213 367//2325
f 2258//3373 2531//4214 2933//4215
f 2590//4216 1594//4217 686//2347
f 1612//881 3109//4218 691//4219
f 2354//4220 3790//1753 2730//1388
f 1630//2400 2594//4221 387//2401
f 2360//4222 387//2401 2920//4223
f 3798//4224 3878//4225 4175//4226
f 749//4227 2532//4228 4703//4229
f 3878//4225 3798//4224 3690//3114
f 710//3747 761//3498 4114//4230
f 2415//4231 3402//3846 3879//3852
f 4705//3775 713//3850 3880//4232
f 2632//4233 2416//4234 2941//1346
f 1770//544 438//2598 2673//548
f 1773//547 2523//4235 2384//3721
f 2427//4236 2639//4237 1818//4238
f 2518//1395 1733//4142 3821//1396
f 720//3930 2447//3928 4328//4239
f 4328//4239 4329//4240 4297//4241
f 214//4242 2658//4243 1269//202
f 750//4154 4206//3971 4302//4244
f 2520//1350 751//3870 2434//4245
f 2458//1211 2434//1398 3298//1212
f 3829//3907 4365//4246 3881//4247
f 232//2791 501//4248 2525//4182
f 4066//4186 2525//4182 501//2790
f 3882//4249 2533//4250 3344//4251
f 2533//4250 3882//4249 4331//4252
f 4624//4253 3883//4254 3838//4255
f 1950//889 728//3183 4115//4256
f 1282//216 269//4257 2534//4258
f 3886//4259 779//4260 2781//4261
f 1266//1406 893//1405 264//4262
f 2536//1436 1266//1406 4068//4263
f 2534//4258 528//262 1998//2910
f 2707//4264 2479//4065 3011//4064
f 2493//4265 2863//4266 2707//4264
f 819//4267 794//1494 2538//4268
f 934//1444 2618//4269 2539//1441
f 3322//1311 3858//4270 3346//4271
f 2055//4272 3346//4273 4314//4082
f 2683//911 872//1414 758//1303
f 3045//1837 2747//2754 3613//1835
f 2003//741 2607//1419 753//742
f 921//1428 3887//4274 1306//1429
f 509//1877 1306//1429 3888//4275
f 933//1418 2542//1433 265//1416
f 2542//1433 933//1418 909//4276
f 939//4277 903//1450 2033//2959
f 533//1449 2033//2959 903//1450
f 896//4278 1271//203 1270//1864
f 1271//1865 896//4278 925//1417
f 2543//1440 891//4279 3889//4117
f 932//1423 3348//1963 889//4280
f 2544//4281 224//4282 3892//4283
f 2052//794 2540//1496 2788//1498
f 2545//2820 3888//4275 868//1448
f 3866//4284 3406//4285 3867//4147
f 3042//136 1836//4286 4001//4287
f 2546//4288 3350//1490 865//4289
f 1321//4290 886//799 807//4291
f 858//4292 853//1453 2514//1331
f 2607//1419 2514//1331 853//1453
f 2047//1458 3890//2979 866//287
f 842//1360 1317//1942 905//1941
f 1317//1942 842//1360 281//1362
f 736//1297 2785//1299 780//4293
f 2550//2912 838//1511 2021//1466
f 871//4294 2021//1466 838//1511
f 834//1470 839//1510 2000//1471
f 2550//1465 2000//4295 839//4296
f 2490//1473 4768//283 831//282
f 827//711 894//4297 1225//171
f 210//4298 1225//171 894//4297
f 2552//4299 2786//4300 3658//4301
f 281//1362 843//1474 1307//1479
f 2544//4281 3892//4283 4676//4302
f 519//1938 2554//2938 4209//2822
f 2554//2938 869//4303 806//4304
f 804//4305 826//4306 2040//4307
f 546//1483 826//4306 889//4280
f 2051//4308 2052//794 805//4309
f 901//4310 803//4311 1236//4312
f 800//4313 2935//1488 2555//1487
f 2935//1488 800//4313 2556//1489
f 3350//1490 2556//1489 865//4289
f 246//1844 1245//4314 4119//4315
f 918//4316 4119//244 799//4317
f 245//206 801//205 2557//4318
f 799//4319 2557//4318 801//205
f 798//1492 845//771 1336//1493
f 2541//4320 1336//1493 845//4321
f 797//1357 2713//4322 755//1358
f 808//4323 3976//4324 2787//4325
f 292//4326 3660//4327 811//4328
f 2560//4152 240//1505 880//4329
f 1876//2732 2789//4330 504//712
f 789//4331 2790//4332 3663//4333
f 4505//4334 1340//4335 818//4336
f 787//4337 887//716 4208//4338
f 782//4339 2512//1508 235//4128
f 2512//1508 782//4339 878//1503
f 235//4340 2561//1514 782//4341
f 635//4342 792//4343 2506//4344
f 2562//1517 2506//4344 792//4345
f 877//4346 2563//1252 521//268
f 2563//1252 877//4346 778//1284
f 487//4347 3155//4348 783//4349
f 832//254 3158//2806 266//255
f 3158//2806 832//254 775//4350
f 2565//632 773//4351 910//4352
f 835//4353 771//809 290//4354
f 2544//1522 879//4355 2567//1523
f 2568//2876 834//1470 4212//2877
f 505//672 768//2859 2570//1531
f 2570//4356 2832//1530 505//2860
f 881//2857 1268//4357 212//2858
f 1268//1533 881//2857 766//1534
f 1028//1618 2571//4358 4135//1678
f 4381//4359 4892//4360 2791//1723
f 2870//4361 4415//4362 4346//4363
f 72//2087 2573//1973 1343//4364
f 1408//4365 3366//4366 3983//4367
f 1103//93 2672//4368 618//4369
f 378//2365 2576//4370 1195//2516
f 3585//4371 3939//2648 3016//4372
f 444//607 1846//4373 172//530
f 1315//1939 4339//1228 1965//4374
f 2579//3045 4612//4375 328//4376
f 2262//4377 2258//3373 1483//395
f 2813//4378 2729//4379 2356//4380
f 2584//4381 2391//1116 1787//2613
f 3366//4382 984//4383 985//45
f 328//4384 576//3046 2579//3045
f 138//4385 2724//4386 2648//4387
f 101//4388 2725//4389 130//4390
f 387//2401 2594//4391 2920//4223
f 1759//1742 2602//1744 4573//4392
f 2795//4393 4927//4394 2746//4395
f 719//4396 215//1868 2595//4397
f 4461//4398 4727//4399 3898//4400
f 144//1730 176//100 740//1335
f 2573//2088 1397//4401 3361//4125
f 2600//3489 4252//3380 4336//4402
f 140//4403 2955//491 4410//4404
f 3571//4405 4519//4406 1755//4407
f 395//1688 2602//1744 131//1689
f 2602//1744 3574//4408 4573//4392
f 1127//4409 1156//2542 2672//4368
f 1203//4410 1204//150 2798//531
f 2595//4397 4461//4398 618//4411
f 430//4412 4298//3937 1855//4413
f 2572//4414 532//4415 2799//723
f 2004//743 1324//4416 1323//4417
f 2937//4418 2608//4083 538//4085
f 2599//4419 326//4420 3029//4421
f 577//2271 3679//4422 4090//4423
f 3896//3049 3232//3445 4462//4424
f 4576//1049 1060//4425 586//4426
f 3902//4427 598//3123 3535//2417
f 2609//4428 1717//510 1777//2607
f 2177//3942 4197//2719 2926//4429
f 644//4206 2611//4430 3727//4431
f 2262//4377 1483//395 4338//4432
f 2308//1020 2258//3373 2262//4377
f 3239//1016 3761//4433 2113//1014
f 1069//4434 1549//4435 3903//4436
f 2121//836 353//4437 4428//4438
f 2375//4439 3570//4440 3574//4441
f 1649//3696 3801//3698 3250//4442
f 3816//3794 3549//2491 3802//3701
f 2409//3821 3818//4443 2408//509
f 703//3819 3116//4444 2609//3153
f 2609//3153 414//1177 2386//1097
f 1640//4445 2981//4446 4050//4447
f 3635//4448 2180//885 3610//3180
f 1898//3873 2585//1349 492//3972
f 2475//4021 2535//4449 2476//4022
f 2857//4450 4312//4451 4831//4452
f 2044//785 1330//4453 2937//783
f 734//4454 4112//781 2501//1290
f 2616//2105 2515//4455 958//4456
f 2616//2105 3460//4457 2515//4458
f 2617//25 3461//4459 3076//4460
f 3871//4461 756//3235 1417//4462
f 2523//4235 1168//4463 3269//4181
f 2590//4464 3341//4465 1594//4217
f 1774//2600 183//648 3907//4466
f 2535//4467 4656//4468 4335//1536
f 1236//4312 237//4469 2800//4470
f 2633//4471 957//26 300//4472
f 4472//2066 4574//4473 967//4474
f 1421//2116 2623//2118 1422//3241
f 444//607 4834//2538 423//4475
f 2301//4476 4342//3491 4546//3494
f 2431//1184 2705//4477 4560//4478
f 112//1619 4870//4479 3388//4480
f 2812//4481 2886//4482 2930//4483
f 1885//1873 1881//2747 4204//4484
f 1251//4485 257//4486 2801//4487
f 2635//4488 478//4489 2801//4490
f 229//1893 2596//218 2796//4491
f 260//1888 2596//218 262//198
f 2875//2008 2840//3214 3446//2029
f 2622//2052 967//4474 4574//4473
f 2622//2052 73//4492 3362//1565
f 2636//4493 1378//2062 1379//2056
f 3921//3331 1506//3330 2270//3398
f 2625//4494 3098//2289 3507//2291
f 1549//4495 1069//1662 1547//2306
f 1585//4496 2638//4497 4173//4498
f 1598//4499 3788//3621 2350//4500
f 1774//2602 438//2598 3398//1749
f 1818//4238 2639//4237 3136//2645
f 3963//4501 3909//4502 3913//4503
f 3637//2804 1848//673 1849//4504
f 3416//4505 1249//4506 3914//4507
f 1035//4508 1036//4509 4028//4510
f 1647//4511 597//4512 3915//4513
f 1647//4511 3915//4513 3251//3585
f 2638//4497 2769//4514 3779//3592
f 3874//4515 3782//4516 3916//4517
f 3780//4518 116//4519 3967//4520
f 2638//4521 2803//3082 2769//4514
f 1707//503 2173//3172 2434//1398
f 2166//4522 715//2487 3572//4523
f 2427//4236 708//2446 1779//1175
f 4305//4524 1913//4525 1289//1898
f 2763//4526 2643//4043 3968//4527
f 2450//4528 2451//1348 2775//4529
f 2145//4530 2804//4531 2704//1105
f 2561//1514 1224//4127 2731//1826
f 2805//4532 155//87 2723//4533
f 16//4534 2807//4535 4590//2037
f 159//101 2656//4536 3410//4537
f 2693//4538 3696//4539 408//1701
f 1203//4410 2798//531 213//4540
f 885//798 2806//800 3922//4541
f 2777//4044 2643//4043 2763//4526
f 2132//3649 3110//4542 3005//4543
f 707//2496 3017//4544 2804//4531
f 2800//4545 1265//1499 793//1501
f 29//3213 34//4546 4789//4547
f 36//293 2645//316 38//295
f 14//13 4893//4548 3925//24
f 4403//39 978//1575 3481//2171
f 2646//4549 2669//438 3104//4550
f 2648//88 155//87 138//4385
f 2649//99 740//1335 176//100
f 1759//1742 4573//4392 1144//4551
f 183//648 2651//650 1168//4463
f 194//1767 2652//164 149//1768
f 2653//4552 1180//131 3590//1785
f 220//157 1211//4553 2655//4554
f 2654//156 2655//4555 1211//4556
f 178//106 2656//4557 159//4558
f 194//1767 2657//165 2652//164
f 2657//4559 194//1767 228//1819
f 2658//4243 192//4560 1203//4410
f 2657//165 228//4561 1217//4562
f 1275//4563 2548//4564 4348//1871
f 1295//228 2659//1907 277//224
f 4539//3212 23//4565 4349//4566
f 2661//315 1361//311 1363//2014
f 1362//4567 2661//315 1363//2014
f 2645//316 37//321 1367//317
f 24//1550 2665//4568 2664//4569
f 2665//4568 295//2000 2663//4570
f 2664//340 2663//339 26//4571
f 2672//4368 1103//93 1127//1725
f 2745//505 1708//504 1709//1136
f 119//4572 3121//4573 3785//3613
f 2673//4574 438//2598 1774//2602
f 2674//4575 719//4576 1156//2542
f 2674//4577 192//4560 214//1867
f 1194//4578 1878//634 928//2741
f 2651//650 1903//649 1169//162
f 4389//4579 1952//2848 3631//622
f 768//4580 1923//671 860//4581
f 897//235 3426//209 2680//4582
f 1973//3194 2681//724 3641//3195
f 3633//3988 3177//4583 3306//1245
f 867//767 4071//4584 2682//769
f 2045//1274 535//4072 850//4585
f 884//786 850//4586 535//4073
f 3776//3578 1060//4587 4576//4588
f 3689//3113 2684//3115 2138//3116
f 2744//4589 1647//4511 4716//1091
f 2685//4590 2194//3205 1312//251
f 924//4591 2715//902 937//1520
f 2764//4592 2208//3253 2209//4593
f 1439//3391 94//3393 2072//4594
f 3990//950 2078//3013 3910//4595
f 2245//3347 2246//993 1413//4596
f 2743//961 2259//960 1484//396
f 4811//4597 1499//4598 2229//4599
f 2255//3453 1528//3458 2099//4600
f 1665//3462 1530//3463 2294//4601
f 4232//4602 4262//4603 664//1004
f 2305//4604 4577//4605 2768//3501
f 2768//3501 4577//4605 2306//3479
f 2233//3312 2914//4606 1550//422
f 3534//4607 4353//4608 2328//1047
f 107//3456 2346//3611 3758//3477
f 2353//3625 2690//4609 4266//4610
f 2691//4611 2367//1087 4277//4612
f 2694//1138 2173//3172 1707//503
f 610//3156 2695//3832 2413//4613
f 3284//2586 1764//4614 3826//3876
f 1941//3983 3931//4615 3836//3984
f 2698//4616 776//1519 4765//4617
f 2705//4477 861//4618 860//4581
f 2531//4214 2350//4500 3788//4619
f 2359//4620 4327//4621 1105//4622
f 1773//4623 2673//548 2523//4624
f 242//4625 1270//1864 2944//4626
f 2706//1407 1266//1406 2536//1436
f 927//1497 2618//4627 934//1444
f 913//1408 4354//4628 911//772
f 266//255 2710//1446 833//256
f 2711//4629 833//256 2710//1446
f 4223//808 2712//807 3860//4630
f 2558//4024 2713//4322 4355//4631
f 2714//4632 517//1831 803//4633
f 2929//4634 2566//1521 4356//4635
f 2664//340 3447//335 24//1550
f 4412//4636 952//1547 3924//4637
f 955//4638 2660//2007 50//2006
f 79//1642 973//1314 3861//4639
f 4403//39 2716//4640 977//37
f 2717//46 2236//3321 3329//4641
f 1005//4642 2718//1601 101//4388
f 2720//57 1055//56 98//4643
f 97//4644 2722//4645 1002//1647
f 1058//4646 1059//4647 2376//4648
f 2723//4533 137//4649 109//1661
f 154//91 2724//90 138//4385
f 147//4650 2725//4389 2646//4549
f 2646//4549 2725//4651 3918//4652
f 1694//859 2726//1703 3696//1702
f 2727//4653 3862//1323 3389//4654
f 2886//4655 1123//4656 421//4657
f 379//1156 1124//2622 3579//4658
f 2728//4659 3926//4660 4464//4661
f 3603//4662 3394//4663 3038//2711
f 1761//4664 2888//1743 4357//4665
f 436//2637 4143//1747 1146//4666
f 194//1767 2651//650 1169//1818
f 1814//4667 1170//1769 1172//4668
f 1172//4668 1170//1769 3933//4669
f 198//4670 3584//4671 2796//4491
f 3594//596 3041//4672 2870//4361
f 463//1486 1836//4673 623//3990
f 2654//4674 178//4675 3410//4537
f 178//106 2654//156 1211//4556
f 1236//4312 1235//176 237//4676
f 190//175 1232//606 1235//176
f 213//4540 4320//4677 2944//4626
f 2732//2759 4358//4678 3045//1837
f 3619//4679 3419//1849 1910//2780
f 1255//4680 229//1893 2949//4681
f 242//1532 4320//4677 1268//1533
f 215//1868 1273//1869 624//1432
f 1299//4682 2659//1907 1295//228
f 2733//1906 1296//225 2659//1907
f 2733//1928 1297//1905 278//1934
f 633//4103 1312//251 2193//253
f 531//4683 1321//4684 3640//4685
f 1975//1966 3432//1965 3433//4159
f 733//1282 2735//4686 4155//4687
f 1343//4364 969//4688 3439//1985
f 2736//4689 3027//4690 3962//4691
f 34//4546 4579//4692 65//4693
f 48//4694 4360//4695 50//2006
f 55//1576 1354//304 56//1993
f 947//1543 27//332 3441//1995
f 2737//4696 1358//309 295//2000
f 23//4565 2738//4697 4349//4566
f 1366//312 1361//4698 3443//4699
f 1363//2014 1361//311 2645//316
f 37//310 2645//316 1361//311
f 2740//320 41//4700 3444//2017
f 2661//315 1386//4701 1384//313
f 1368//4702 2740//320 4983//2016
f 2740//320 1393//319 41//4700
f 2739//4703 2666//4704 4718//4705
f 1371//2040 3353//2002 2737//4696
f 1371//2040 2737//4696 2665//4568
f 2737//4696 295//2000 2665//4568
f 1377//2053 2622//2052 2636//4706
f 296//2048 4506//4707 3936//4708
f 43//4709 4939//4710 3445//2023
f 2666//4711 983//362 81//4712
f 4659//2089 998//4713 3480//4714
f 987//1586 4164//4134 2877//4715
f 110//4716 4828//4717 4844//4718
f 1510//2245 3497//2244 1509//978
f 2668//4719 344//1622 1034//60
f 344//1622 1341//1969 1032//4720
f 3780//4518 4270//411 3094//4721
f 4805//3473 666//2280 2311//4722
f 1566//2318 1505//4723 1048//4724
f 1408//4725 1057//4726 3105//2338
f 2743//961 335//3374 2590//4727
f 1601//4728 3523//447 2954//4729
f 2670//2355 3545//4730 133//4731
f 376//1660 1065//1658 134//4732
f 1606//4733 4883//4734 4790//4735
f 1058//3075 2376//4736 2140//3121
f 1647//4511 2744//4589 597//4512
f 2671//2414 597//4512 2744//4737
f 4753//4738 2924//3697 3989//4739
f 4090//4423 2143//4740 1652//4741
f 2827//2540 2726//1703 3546//2539
f 2727//2485 1088//500 1111//502
f 605//1135 2745//505 1709//4742
f 2746//4395 1725//4743 1724//2502
f 4843//4744 4463//4745 616//4746
f 1742//528 424//4747 2887//2541
f 1761//4664 4520//4748 4363//4749
f 187//130 2653//132 1782//550
f 1790//555 376//1660 134//1699
f 3602//4750 1135//4751 1615//461
f 4929//4752 3933//4753 440//4754
f 1823//4755 4148//1896 1913//4525
f 457//1784 1784//552 3590//1785
f 2677//1328 1851//4756 3324//1329
f 1896//3962 4564//3964 3533//2408
f 2678//4757 1858//1202 392//4758
f 2749//1794 1194//1795 3940//4759
f 2747//2754 3045//1837 1240//177
f 2747//2754 898//713 2748//4760
f 2747//2754 2748//4760 926//2756
f 2732//1836 3414//1841 1884//4761
f 249//4762 1888//4763 223//4764
f 496//4765 1252//2829 3941//4766
f 506//1529 3942//1527 2832//1530
f 471//3934 2750//2813 1927//4767
f 2751//2814 1927//4767 2750//2813
f 2696//720 1932//719 2927//1213
f 4210//2824 1285//4768 3424//4157
f 1255//4680 2949//4681 4033//4769
f 2752//2837 1943//1235 2460//4770
f 1957//2847 3634//4771 4711//4035
f 3157//2868 2710//1446 266//255
f 1997//4772 1996//4773 1263//3186
f 2006//1269 2755//1268 3312//4069
f 2009//4774 2756//4075 2481//1259
f 1337//4775 4803//2956 540//2970
f 2024//2950 284//2953 2993//2955
f 527//1931 3021//4776 2028//1281
f 867//767 2751//2814 4071//770
f 287//2963 3335//1355 3659//4777
f 2757//2984 2627//1364 2776//2987
f 2758//4778 997//4779 4697//4780
f 331//4781 1013//1608 3184//3023
f 355//4782 4885//4783 4271//4784
f 1582//442 3776//3578 2120//4785
f 2759//4786 348//3434 2119//996
f 3685//4787 2638//4521 1585//4496
f 1054//4788 2701//1325 4369//4789
f 2859//3661 1635//4790 3958//3662
f 2684//3115 2691//3670 390//3117
f 2744//4589 4668//4791 1646//2412
f 704//4792 748//4793 3872//4794
f 2775//4795 1855//4796 3706//3935
f 764//1400 2761//1399 2587//4046
f 2183//4797 2587//4046 2761//1399
f 4624//4253 3708//4798 3883//4254
f 2762//3191 4109//4799 4370//4800
f 2535//4801 1983//4802 4581//4803
f 2763//4526 3856//4097 2779//4101
f 633//4103 4459//4804 2685//4590
f 526//4805 4570//4806 4481//904
f 1473//4807 4762//4808 2202//917
f 2764//3240 4373//4809 4891//4810
f 91//2208 1434//4811 641//2206
f 2911//3290 3472//374 2912//4812
f 1435//2138 557//1592 3944//4813
f 3725//4814 313//4815 3945//4816
f 560//1595 1439//3391 3369//1596
f 1506//3330 2758//3332 564//4817
f 4250//4818 4248//4819 2245//3347
f 335//4820 2743//961 1484//396
f 2719//3383 2766//3028 4723//4821
f 3498//4822 3091//4823 2767//4824
f 2767//4825 319//819 3752//4826
f 4607//4827 1665//3462 4402//4828
f 2304//1384 2687//1013 355//4829
f 761//3498 2768//3501 2306//3479
f 2741//1017 582//2283 2108//1018
f 2768//4830 2313//1122 670//3502
f 3243//3514 4793//4831 3764//4832
f 645//2141 2233//3312 1543//3517
f 1507//4833 1559//4834 3766//3524
f 3030//4835 2769//4514 116//4519
f 3767//4836 3789//4837 4643//4838
f 2128//3091 3789//4837 2114//4839
f 3897//4840 1628//3777 78//4841
f 2691//3670 695//2404 2367//1087
f 2244//4842 2336//4843 4559//4844
f 597//4512 2692//4845 2922//4846
f 2692//3690 3800//3687 2378//4847
f 3929//4848 1587//4849 3002//2416
f 2144//4850 2383//3799 3875//4851
f 1667//4852 2746//4395 150//4853
f 2938//4854 3994//4855 2642//3137
f 1709//4856 715//4857 4717//3790
f 2166//3867 4717//3790 715//4857
f 2694//3791 2745//505 605//1135
f 1146//4666 2773//3793 436//2584
f 2695//3832 166//3831 2413//3833
f 2171//3164 4375//4858 3007//4859
f 2695//3832 610//2514 1789//4860
f 2771//4861 4559//4844 2372//4862
f 1145//1170 4558//3880 3323//4863
f 2760//4864 3286//1182 2172//3169
f 2774//3903 450//4865 2436//4866
f 3834//4867 1848//673 1205//151
f 1862//4868 3008//4869 3950//4870
f 2612//4871 433//2581 2453//4872
f 1772//4873 3039//4874 3917//4875
f 4303//4876 2961//4877 1911//4878
f 3009//1217 1945//690 724//4879
f 2750//2813 3303//2817 4071//770
f 2697//3994 2450//4528 2775//4529
f 1927//4767 2751//2814 2697//3994
f 3841//4880 2468//4881 2968//4882
f 197//3998 3901//4883 3953//1242
f 3009//1217 2462//4884 2463//4013
f 2762//4885 2185//893 632//4036
f 2681//724 256//2883 4561//4886
f 256//2883 2681//724 2799//723
f 2476//4022 817//4887 825//1359
f 3305//4888 3644//2902 3884//4889
f 2777//4044 2899//4890 2484//4042
f 2467//1220 3646//4891 3839//3989
f 731//4892 3954//4893 2641//4084
f 2566//1521 2929//4634 2858//4894
f 2755//1268 286//790 2491//4071
f 2699//4895 2863//4896 2493//4265
f 1472//4897 3864//1376 745//1375
f 4524//4898 4407//4899 1303//4900
f 1891//2767 490//2766 4301//4901
f 753//742 3956//4902 1940//4169
f 2010//4903 526//903 2196//905
f 748//4904 3957//4905 2704//1105
f 373//3714 2144//4850 3875//4906
f 3101//3543 2583//4907 3904//4908
f 2440//3908 2774//3903 2437//3902
f 2658//4243 214//1862 192//149
f 2707//4264 4469//4909 4596//4910
f 3956//4902 3347//1421 3959//4911
f 922//4087 931//1427 3852//4088
f 2627//1364 923//1363 2781//1403
f 2782//1424 888//2966 2039//779
f 865//4289 2783//4912 2546//4288
f 541//4913 2592//777 3960//2967
f 2786//4914 874//4915 4572//4916
f 2680//4582 3426//209 812//4917
f 2787//4918 3891//4919 807//4920
f 2789//4330 910//4352 790//4921
f 910//4352 2789//4330 2565//632
f 2790//4922 818//4336 1340//4335
f 210//709 895//4923 2731//1826
f 2715//902 529//265 2908//4055
f 861//4618 2705//4477 774//4924
f 2715//4925 2566//4926 937//1520
f 197//4927 2793//4928 3901//4929
f 2729//4379 4722//4930 4721//4931
f 2794//4932 3915//4513 2922//4933
f 3897//4840 3084//4934 3894//4935
f 116//4519 1035//4508 3030//4936
f 2648//4387 2724//4386 1069//4434
f 137//86 2648//4937 1069//4434
f 2725//4389 147//4650 130//4390
f 2746//4395 1176//4938 2795//4393
f 2950//4939 2949//4681 2796//4940
f 229//1893 2796//4940 2949//4681
f 3027//4690 2736//4689 3899//4941
f 26//333 2663//4570 3964//4942
f 3366//4382 1408//4725 1407//4943
f 719//4576 2672//4368 1156//2542
f 2672//4944 719//4396 2595//4945
f 1846//4373 213//4540 172//530
f 248//188 223//4764 3048//4946
f 3619//4947 4366//655 1901//4948
f 586//1050 2119//996 4165//2345
f 1494//965 3903//4436 656//3387
f 2344//3593 601//4949 3017//4544
f 2523//4624 3907//4950 1168//1766
f 3960//2967 888//2966 3965//4951
f 800//4313 2555//1487 904//1861
f 2773//3793 2631//2638 436//2637
f 2705//4477 860//4581 3637//4952
f 1341//4953 4390//1970 2945//2332
f 219//154 218//1806 2655//155
f 2801//4490 2621//4954 1251//725
f 2635//4955 2801//4490 3966//4956
f 294//294 2792//4957 66//300
f 440//4754 2802//4958 3135//116
f 1853//4959 428//4960 1749//543
f 149//1768 4347//4961 1776//2604
f 1849//4504 1848//4962 3834//4963
f 440//4754 3135//1773 4979//4964
f 2803//3082 3801//4965 3967//4966
f 2486//1296 3856//4967 3968//4527
f 2775//4795 2451//1348 1855//4796
f 3017//4544 3872//4794 2804//4968
f 2704//1105 2804//4968 748//4904
f 121//4969 2805//4532 1063//4970
f 2723//4533 3381//4971 2805//4972
f 137//86 2723//4533 155//87
f 2794//4932 2922//4846 3018//4973
f 2807//4974 23//4565 4007//4975
f 101//4388 2718//1601 3918//4652
f 2718//1601 99//4976 2669//438
f 3135//116 2802//4958 1116//117
f 177//105 3396//4977 2649//99
f 3396//1732 740//1335 2649//4978
f 184//4979 2652//4980 196//657
f 2652//164 184//656 4347//4961
f 219//154 2656//4536 218//1806
f 2656//4536 219//4981 3410//4537
f 23//4565 2807//4982 2738//4697
f 2807//4983 16//4534 3920//4984
f 2738//4697 3920//4984 2940//4985
f 2728//4659 673//2314 2693//4538
f 2728//4659 2693//4538 1125//4986
f 408//1701 1125//4986 2693//4538
f 405//4987 2650//2693 3545//2472
f 2650//2693 405//4988 2791//1723
f 2798//531 172//530 213//4540
f 3801//4989 2803//4990 3250//3081
f 707//2496 2804//4531 2145//4991
f 1236//4312 2800//4470 901//4992
f 793//1501 901//4992 2800//4993
f 1201//4994 191//145 4992//4995
f 2809//4996 1076//4997 3386//2370
f 1105//4622 2810//4998 2811//4999
f 2811//4999 1106//5000 1105//5001
f 294//5002 2815//5003 2874//5004
f 1356//307 1357//306 52//308
f 4848//346 73//348 1377//2053
f 296//2048 1376//2047 1378//2062
f 2817//375 1440//937 2598//376
f 1466//5005 2865//1578 982//5006
f 4993//2287 2819//5007 1542//448
f 366//5008 2822//5009 3516//1044
f 4677//5010 4046//5011 1605//2367
f 1611//1033 4629//1032 2848//2379
f 1664//2437 2826//5012 1666//1102
f 2827//2540 408//1701 2726//1703
f 2730//1388 2982//564 1798//882
f 4746//2663 3144//2664 2442//1196
f 481//5013 4618//5014 184//4979
f 1915//5015 4922//5016 3632//5017
f 1981//2897 2834//2898 3643//5018
f 2897//5019 4693//5020 1982//5021
f 2873//803 856//5022 3971//5023
f 1762//5024 2117//5025 4132//1652
f 2839//3158 2167//5026 2168//5027
f 2876//5028 3955//5029 4386//5030
f 2910//5031 551//3230 988//3229
f 2842//3252 1426//373 2210//3246
f 1442//2140 3222//3314 2233//3312
f 3723//5032 3972//5033 641//2206
f 1489//5034 1016//5035 3974//5036
f 2269//973 2240//5037 4696//5038
f 4473//2343 2847//5039 1059//5040
f 1650//5041 2849//5042 2338//3705
f 2292//1000 2850//5043 1653//2419
f 706//5044 2925//1106 150//4853
f 2388//3731 1669//5045 2348//3597
f 673//2314 2852//1128 2693//4538
f 2852//1128 673//2314 1557//2313
f 2155//3842 2853//5046 2165//5047
f 2854//1185 2431//1184 4560//5048
f 2458//1211 2927//1213 4330//5049
f 2855//886 1908//2779 4894//5050
f 2468//4881 3841//4880 4673//3985
f 3844//5051 3425//1902 3975//5052
f 2327//1046 2859//3661 1644//5053
f 2863//4896 4469//4909 2707//4264
f 2618//4269 927//1497 4388//5054
f 2864//1434 2542//1433 909//5055
f 3891//4919 3976//5056 3893//5057
f 3663//4333 2049//5058 3971//5023
f 38//295 2815//5003 294//1976
f 960//5059 2841//1562 4597//5060
f 306//1579 2865//5061 305//5062
f 4369//4789 4136//3104 4237//3103
f 1735//5063 3023//5064 139//2363
f 1736//5065 3977//5066 1234//1829
f 2888//1743 131//1689 2602//1744
f 192//4560 2674//4577 2869//2544
f 2674//5067 1156//2542 2869//2544
f 480//2726 4754//5068 3607//2727
f 505//2860 2832//1530 3156//5069
f 510//2823 1283//5070 1285//4768
f 1285//4768 4149//1884 1284//5071
f 1287//698 515//1899 4389//4579
f 4383//1895 4389//4579 3978//5072
f 770//5073 1320//1946 511//5074
f 2871//5075 1959//4014 3843//5076
f 1325//5077 2872//1961 288//5078
f 2873//803 4586//2965 3058//1368
f 34//5079 65//4693 4391//5080
f 4391//5080 2815//5003 34//5081
f 2874//5082 4391//5080 3980//5083
f 1360//5084 2808//5085 20//5086
f 2939//2010 74//4191 4025//1567
f 33//5087 4718//4705 3935//3217
f 3448//1540 6//5088 4468//5089
f 17//5090 3924//4637 4868//5091
f 1359//2042 1350//2045 1373//344
f 1381//5092 4506//4707 1378//5093
f 7//5094 3179//5095 3358//5096
f 4659//2089 1399//2091 972//5097
f 1399//5098 3458//5099 972//5100
f 1416//5101 2816//5102 1010//5103
f 2065//5104 1417//5105 4083//5106
f 1440//937 2817//375 562//3306
f 305//5062 2865//1578 2818//5107
f 1487//3363 4662//2220 3227//2219
f 3378//2262 1033//59 3970//5108
f 2331//2266 346//2190 1469//2269
f 2878//2296 1542//5109 1066//1659
f 2879//2327 2880//2326 4384//5110
f 2945//5111 1573//2331 3982//5112
f 84//44 2868//5113 3983//4367
f 2980//1668 3108//5114 1070//1665
f 1077//2376 4030//5115 2809//4996
f 1077//2376 1611//1033 2848//2379
f 142//2383 3527//459 1615//461
f 2826//5012 354//2438 1665//3462
f 2826//5116 1665//3462 4607//4827
f 1601//5117 404//2686 1099//1657
f 1704//3863 4392//5118 1752//5119
f 1713//5120 608//3152 3817//3802
f 1735//5121 1734//5122 3023//5064
f 2886//5123 2812//5124 3561//5125
f 2887//2541 2827//529 1742//528
f 424//5126 1742//528 1204//150
f 1759//1742 4357//5127 2888//1743
f 151//3886 1781//549 1783//551
f 1688//5128 376//1660 1793//561
f 1204//150 2869//2544 424//5129
f 2869//2544 1204//150 192//4560
f 622//2703 2889//566 1797//565
f 3587//2651 3588//5130 3140//2656
f 1854//2757 2891//5131 3150//5132
f 2892//5133 1212//5134 4854//5135
f 2987//5136 1212//5134 1856//1803
f 1860//5137 4709//1208 1929//2815
f 1173//5138 162//5139 3608//5140
f 4394//5141 1265//5142 2800//4545
f 1242//5143 2891//5131 1854//2757
f 1896//3962 3283//2407 2896//5144
f 2896//5145 1897//5146 3617//2771
f 499//5147 2831//2798 1257//2787
f 2831//5148 4067//2800 1257//2787
f 1259//1857 502//2796 3979//1933
f 1193//664 1842//2690 1194//1795
f 4389//4579 515//1899 1952//2848
f 836//239 812//5149 3169//5150
f 3640//5151 1321//4290 3891//4919
f 2541//773 4354//4628 4395//5152
f 181//3882 3647//2914 3605//621
f 2835//745 2005//5153 2597//5154
f 3174//751 3851//2921 3850//5155
f 4218//5156 3645//757 3985//759
f 3655//2946 1332//2945 4586//2965
f 1051//64 76//63 3986//5157
f 3973//5158 2765//5159 3991//5160
f 2836//3032 574//3390 4811//5161
f 2836//5162 4811//5161 4451//4211
f 584//5163 3189//3074 3943//5164
f 4587//5165 3988//5166 3688//5167
f 2884//5168 3689//3113 2138//5169
f 3691//3703 3902//4427 3989//5170
f 1094//84 1093//83 3808//3744
f 4184//5171 2906//5172 1641//3157
f 2839//3158 1641//3157 4783//5173
f 2839//3158 2168//5174 2373//5175
f 2890//5176 4079//878 4393//5177
f 2889//566 1847//611 1798//882
f 624//1432 2864//1434 4727//5178
f 3998//5179 930//5180 4932//5181
f 527//1931 2197//1283 2198//1373
f 2840//3214 29//5182 948//3216
f 1344//291 2909//5183 62//2255
f 2842//3252 2211//371 1426//5184
f 2912//4812 556//3288 2911//3290
f 1438//3299 3221//3302 4792//3303
f 2911//3290 2074//5185 2817//375
f 562//3306 2817//375 2074//5185
f 94//3393 2914//4606 2072//4594
f 3730//5186 2918//3417 3990//950
f 3183//5187 3733//5188 3732//5189
f 4248//4819 4249//3042 329//5190
f 4248//5191 4250//4818 4739//5192
f 2901//5193 569//5194 2250//5195
f 2845//2207 3972//5033 2997//5196
f 3991//5197 331//4781 3946//3356
f 2260//3455 2915//2221 1486//5198
f 2251//5199 1489//5034 3974//5036
f 4896//5200 1498//5201 4878//5202
f 3497//2244 317//4210 1509//978
f 4813//5203 3752//5204 2918//3417
f 1037//5205 2866//5206 578//5207
f 2914//4606 94//3393 1550//5208
f 2847//2342 4397//5209 1059//5210
f 3019//5211 3778//5212 2759//4786
f 1061//5213 3993//5214 3929//4848
f 2919//5215 2344//3593 2742//5216
f 2314//5217 3786//5218 3764//4832
f 143//5219 4846//5220 385//5221
f 1579//439 3795//441 1056//5222
f 2920//4223 4621//5223 3988//5166
f 2920//4223 3988//5166 2583//4907
f 1637//5224 2884//5168 3261//1090
f 3915//4513 597//4512 2922//4846
f 2923//3694 4962//5225 1648//1094
f 4753//5226 3253//5227 2924//3697
f 2924//3697 2341//5228 3801//5229
f 2630//3717 3539//3128 3805//5230
f 1661//1101 398//3720 1660//2433
f 2851//477 703//5231 2386//1097
f 1662//478 2851//477 3237//5232
f 1667//4852 2925//1106 3693//5233
f 3957//5234 3693//3131 2925//1106
f 374//3132 2388//3731 2348//3597
f 2885//2449 709//2448 1670//2447
f 603//482 2885//2449 2393//1114
f 1539//5235 671//3509 3995//5236
f 1684//3760 3912//2459 3004//5237
f 3778//5212 3019//5211 3996//5238
f 4341//5239 3815//5240 3996//5241
f 2853//3844 2400//5242 2414//5243
f 2813//4378 4551//1077 1161//5244
f 708//2446 2427//5245 151//3886
f 2854//5246 446//2749 1882//1183
f 2931//5247 4380//5248 2440//3908
f 2177//3942 2926//4429 2178//5249
f 2926//4429 2453//4872 2178//5249
f 1862//3943 224//5250 1967//2880
f 490//2766 2830//2768 3614//2770
f 2896//5145 2626//1166 1897//5146
f 1891//2767 4301//5251 750//4154
f 2696//720 2927//1213 2432//5252
f 4786//5253 2780//5254 3881//4247
f 2780//5255 4786//5256 495//5257
f 627//4000 1943//1235 2469//3997
f 2048//2985 3305//5258 4947//5259
f 4109//4799 2928//5260 4370//4800
f 4786//5256 723//5261 4931//5262
f 2614//5263 3172//5264 4000//5265
f 1819//5266 4831//4452 4312//5267
f 4831//4452 201//5268 4469//4909
f 2483//5269 2928//4033 4109//4799
f 3844//1900 3975//5052 2643//4043
f 1996//4773 1313//5270 2183//5271
f 2908//4055 2487//4054 3310//4056
f 3010//5272 4869//5273 2489//5274
f 2614//5263 2863//4266 2699//4895
f 2685//3203 4459//4804 2042//5275
f 2505//5276 4151//5277 539//5278
f 140//4403 2930//4483 3331//5279
f 1284//5071 2976//5280 1319//5281
f 2489//5274 1938//2832 257//5282
f 2931//5247 2524//5283 1974//5284
f 527//1931 2198//1373 4494//1932
f 953//5285 2932//4195 2527//5286
f 2932//4195 7//5094 4401//1555
f 1635//5287 2859//3661 3519//5288
f 2304//1384 2345//1056 667//5289
f 2530//1382 2304//1384 355//5290
f 2258//3373 2933//4215 335//4820
f 335//4820 2933//4215 2590//4727
f 691//5291 2127//3093 2352//1389
f 2360//5292 2920//4223 2583//4907
f 2165//5293 3999//5294 4535//3849
f 2524//5283 2931//5247 2440//3908
f 2533//4250 2861//1401 3344//4251
f 4115//4256 728//3183 765//2980
f 2863//4896 2614//5263 4000//5295
f 2934//4095 2499//1411 2539//1441
f 1189//5296 3042//136 4001//4287
f 892//5297 3656//5298 2035//5299
f 293//1481 3335//1355 545//5300
f 2920//4223 2594//4221 4621//5301
f 3713//5302 3900//5303 1369//2027
f 2926//4429 4197//2719 4654//5304
f 2308//1020 2350//4500 2531//4214
f 3905//5305 3816//3794 3802//3701
f 1987//4006 4400//5306 2477//5307
f 2610//5308 2188//3198 2907//3197
f 2937//783 1330//4453 2608//5309
f 2615//1291 2499//1411 2934//4095
f 2938//4854 2642//3137 3957//4905
f 2526//4192 2939//2010 2527//5286
f 2527//5310 2932//4195 4401//1555
f 444//607 423//4475 1154//608
f 4403//39 4390//1970 2716//5311
f 140//4403 2812//4481 2930//4483
f 4539//3212 2875//2008 3446//2029
f 2875//2008 2660//2007 2840//3214
f 3446//2029 2840//3214 3713//5312
f 3585//4371 186//126 3913//4503
f 1855//4413 2941//1346 3024//5313
f 2640//5314 1926//5315 472//568
f 2814//2943 2592//777 541//4913
f 2635//4488 1252//2829 496//4765
f 250//5316 2942//5317 267//1881
f 53//326 3919//5318 1357//306
f 2453//5319 2926//4429 2612//4871
f 2670//5320 2647//5321 405//4988
f 2693//4538 2852//1128 3696//1702
f 3957//5234 2925//1106 2704//1105
f 2944//4626 1270//1864 2658//4243
f 982//5006 4123//1580 307//2101
f 408//1701 2887//2541 1125//4986
f 242//1532 2944//4626 4320//5322
f 1203//148 213//4540 2944//5323
f 2944//4626 2658//4243 1203//4410
f 969//5324 61//5325 3439//1985
f 1392//5326 3456//5327 999//2174
f 76//63 3925//5328 3986//5329
f 1067//73 4832//5330 2883//2354
f 1341//4953 2945//2332 1574//5331
f 616//4746 1152//1124 615//2461
f 3561//5125 1200//5332 3598//2698
f 2887//2541 424//4747 2974//5333
f 3605//621 448//620 3285//1171
f 1867//2723 3043//1813 4688//2720
f 2789//2733 1837//5334 1839//601
f 1772//4873 3941//4766 4421//5335
f 2831//5148 1259//1857 3623//2799
f 2927//1213 1932//719 4210//5336
f 3212//5337 3463//5338 4593//813
f 2906//5172 2166//3867 4783//5339
f 2936//4104 633//4103 2193//253
f 2912//4812 1495//2227 312//5340
f 313//4815 3727//4431 3945//4816
f 332//5341 1491//5342 3022//5343
f 3745//5344 1488//5345 4008//3370
f 2229//4599 1499//4598 2913//3305
f 2916//5346 2913//3305 1499//4598
f 3191//838 3993//5214 371//5347
f 672//2353 2126//5348 357//5349
f 698//5350 2372//4862 1756//5351
f 2922//4933 2692//4845 2378//4847
f 2849//5042 1649//3696 2338//3705
f 1662//478 3237//5232 3756//1099
f 3880//4232 762//2393 4705//3775
f 2424//1165 3618//5352 2455//3874
f 1205//151 1848//4962 469//637
f 1862//3943 1967//2880 721//3945
f 4826//3991 623//3990 3952//5353
f 2488//4153 2858//4894 2929//5354
f 2735//4686 2505//5276 4720//5355
f 2219//5356 661//5357 2285//1321
f 2860//5358 2985//5359 207//4184
f 929//1425 3998//5360 2513//5361
f 3423//1883 785//1285 511//5074
f 2530//1382 355//4782 4326//5362
f 2583//4907 2823//5363 2360//4222
f 2415//5364 3999//5294 3278//5365
f 2416//5366 429//5367 3024//5313
f 2035//5299 4002//5368 892//5369
f 2715//902 2908//4055 4356//4635
f 3018//5370 2922//4933 2378//5371
f 1996//4773 4712//5372 2193//253
f 2308//1020 2531//4214 2258//3373
f 2938//5373 748//4793 704//4792
f 2527//5286 2939//2010 4714//2009
f 3481//2171 2945//5111 4403//39
f 2738//4697 2940//4985 48//5374
f 19//31 2940//4985 3920//4984
f 2763//4526 2946//5375 2777//4044
f 2315//3520 3000//3522 4343//5376
f 1364//1544 42//5377 43//5378
f 2599//1604 2948//3016 1009//1602
f 1109//97 144//5379 4136//5380
f 3124//5381 4010//2555 3393//5382
f 1258//661 2951//1856 1260//2793
f 2547//5383 3427//1912 4011//5384
f 2978//322 37//5385 2977//2024
f 3483//5386 3484//5387 4465//2077
f 944//1539 3458//5388 3352//5389
f 3483//5386 1006//2183 3484//5387
f 1575//5390 1056//5391 1574//5331
f 2954//4729 1691//5392 1601//4728
f 2955//491 1610//458 2601//1155
f 1163//573 2983//2718 3604//5393
f 1242//5394 1854//2757 1886//676
f 2988//2828 1901//4948 1902//5395
f 1932//719 2959//721 1971//896
f 1009//1602 2948//5396 3012//3015
f 584//5163 3763//5397 3682//3512
f 3993//5214 3191//838 1587//3692
f 3007//4859 3704//876 2171//3164
f 3931//5398 3207//5399 2996//5400
f 1453//386 2239//947 3731//5401
f 2270//3398 1559//4834 3921//3331
f 3768//5402 3769//3630 1049//5403
f 2979//1055 667//5289 2345//1056
f 2967//5404 2626//1166 4933//5405
f 2968//5406 2468//5407 4995//5408
f 1267//5409 2971//2700 212//2858
f 733//1282 3013//1356 2735//4686
f 2973//2080 964//2084 4082//5410
f 968//1564 2947//5411 71//5412
f 2133//3105 4136//5380 4369//4789
f 1126//2545 3926//5413 3563//2543
f 1126//2545 410//1706 3122//533
f 1206//1326 2975//1801 1205//5414
f 2975//1801 445//1800 622//2703
f 1218//5415 204//5416 2894//2730
f 3997//5417 4725//5418 499//5147
f 863//5419 2547//5383 4011//5384
f 3021//4776 527//1931 3979//1933
f 2947//5420 969//4688 1343//4364
f 3066//5421 296//2048 3179//5095
f 1385//5422 3459//5423 58//5424
f 2953//5425 309//3226 1414//2109
f 2962//3377 4667//5426 4012//5427
f 2962//3377 2261//3366 4667//5428
f 4731//5429 3474//5430 3097//1378
f 1574//5331 1056//5222 3927//2263
f 1576//5431 368//2336 4965//2335
f 4700//3448 2979//1055 1591//1054
f 1623//3540 1622//3095 3528//3639
f 1756//5432 2981//5433 698//5350
f 2981//5433 1640//852 596//5434
f 1654//5435 4904//2422 3804//5436
f 2343//2442 1668//3602 1669//2445
f 133//2356 3544//2474 2954//4729
f 2974//5333 424//4747 2869//2544
f 2982//564 3580//5437 1797//565
f 157//2716 2983//2718 1801//574
f 1186//5438 3405//5439 3593//592
f 2986//2802 1841//604 4194//2691
f 1841//604 2986//2802 4690//5440
f 3604//5393 2987//5136 4407//5441
f 4856//5442 475//1875 1861//1205
f 494//2722 1867//2723 4199//5443
f 2957//5444 1175//127 186//126
f 3941//4766 1252//2829 1900//2774
f 2951//1856 1259//1857 2831//2797
f 2986//2802 1842//2690 1922//1223
f 1938//2832 2958//2830 3966//4956
f 2991//623 1952//5445 1957//2847
f 1971//896 2959//721 1970//2886
f 2992//5446 1917//5447 500//2788
f 2024//2950 2993//2955 3178//5448
f 2061//5449 4982//3234 3180//2994
f 3725//4814 561//935 4748//5450
f 2948//5396 2080//5451 1010//5103
f 370//5452 4409//3693 1586//837
f 2996//5400 1944//2839 627//5453
f 2686//5454 2204//5455 3923//5456
f 318//2160 1453//2159 4809//3012
f 563//2139 3734//3334 4770//5457
f 2994//5458 3022//5343 569//5459
f 2997//5460 569//5459 3022//5343
f 2581//5461 4014//5462 3750//2315
f 2254//1003 1527//3053 4352//3055
f 2998//3508 2112//3506 3189//3074
f 1538//3507 2998//3508 2113//1014
f 2999//3071 671//3509 2111//3072
f 2728//5463 3000//3522 673//2314
f 3000//3522 2316//3521 673//2314
f 2837//5464 3767//4836 3992//3530
f 585//5465 2330//3561 2331//2266
f 3001//3580 3873//5466 2882//3581
f 2339//5467 3915//4513 2794//4932
f 1081//5468 2319//3525 3791//5469
f 2361//5470 2360//5292 2823//5363
f 3902//4427 4409//3693 370//5471
f 4090//4423 2995//3051 2143//4740
f 704//5472 3003//3729 2938//5373
f 3200//5473 1675//5474 2999//3071
f 2394//5475 2396//3748 1678//2455
f 1704//3863 3813//3784 4392//5476
f 3001//5477 2335//3579 2372//4862
f 3818//5478 162//5139 4456//3885
f 1797//565 2975//1801 622//2703
f 3008//3944 3292//613 4594//5479
f 2989//5480 1814//4667 1907//5481
f 3931//4615 2996//5400 2461//1237
f 3939//2648 3585//4371 3913//4503
f 2182//890 3009//1217 628//3987
f 2968//4882 4995//5408 3657//5482
f 2470//1239 1947//693 1949//695
f 4976//5483 2471//1240 483//4008
f 936//4058 2972//4060 4016//5484
f 2537//1950 3011//4064 4796//1951
f 1608//489 3331//5279 4013//1669
f 752//4167 3013//1356 2028//1281
f 3013//1356 752//4167 3869//4173
f 366//5485 2361//5470 2823//5363
f 3969//5486 2679//5487 4595//5488
f 4206//3971 750//4154 4301//5251
f 3011//4064 2537//1950 2493//4265
f 3908//5489 3015//4162 2784//5490
f 3939//2648 202//2647 3016//4372
f 4976//5491 3016//4372 3842//1241
f 2992//5446 2578//2907 1917//2906
f 2601//1155 1740//526 4410//5492
f 2957//5444 3585//5493 4976//5491
f 1324//4416 2004//743 2835//745
f 3005//3099 2797//5494 4671//5495
f 2981//5433 1756//5351 1641//5496
f 2631//2638 3018//4973 2984//2585
f 3018//4973 2631//2638 2380//5497
f 3776//3578 4341//5498 1060//4425
f 2644//5499 3020//1022 3505//2285
f 2530//1382 3916//5500 4272//5501
f 2679//5487 3969//5486 1218//5415
f 3018//5370 2378//5371 2984//2585
f 2049//5502 3663//4333 4411//5503
f 3009//5504 2463//4013 628//3987
f 421//4657 1123//4656 3977//5066
f 2739//5505 2978//322 2977//5506
f 2954//4729 3523//447 133//2356
f 1075//2371 379//1156 2601//1155
f 140//4403 1608//489 2955//491
f 486//5507 4006//598 3595//5508
f 1263//5509 1996//4773 2183//5271
f 3021//4776 752//4167 2028//1281
f 4504//5510 2049//5511 4411//5512
f 1435//5513 3944//1591 2624//3337
f 2994//5514 332//5515 3022//5516
f 4793//4831 4396//5517 2314//5217
f 2339//5518 683//3706 2338//3705
f 2128//3091 2114//4839 1613//5519
f 4957//5520 3260//5521 3794//5522
f 3004//1117 2395//1125 2965//5523
f 1684//5524 3004//1117 4362//3759
f 3007//4859 2164//5525 4843//4744
f 2426//5526 1777//2607 1717//510
f 3008//3944 1250//640 252//639
f 197//3998 3953//1242 1986//1232
f 2976//5280 3423//1883 511//5074
f 199//122 200//125 4145//123
f 1175//5527 3153//5528 4003//5529
f 4659//2089 971//5530 998//4713
f 2344//3593 3017//4544 1589//5531
f 204//5532 3969//5486 3848//5533
f 2794//4932 3018//4973 2380//5497
f 154//91 2805//4532 121//5534
f 3000//5535 2728//4659 4464//4661
f 2982//564 2889//566 1798//882
f 1892//5536 2830//2768 1891//2767
f 1567//5537 2846//3544 1572//5538
f 3023//5064 2576//4370 3525//2364
f 221//5539 2892//5133 473//5540
f 4383//1895 3978//5072 485//2728
f 2792//4957 2874//5004 3980//5083
f 2977//5506 1366//312 4404//5541
f 1394//5542 4386//5030 960//2076
f 1510//2242 342//2247 2093//5543
f 1575//5390 3688//5167 4478//5544
f 1944//2839 2961//4877 2460//5545
f 3015//4162 3908//5489 3208//3196
f 3846//5546 1977//5547 4931//5262
f 2252//3361 3740//5548 2253//5549
f 1550//422 94//3393 4878//5550
f 2388//3731 3003//3729 1669//2445
f 3003//3729 2388//3731 3994//5551
f 3004//1117 1683//1123 2395//1125
f 2177//3942 1213//5552 3292//613
f 3153//5528 2957//5444 483//5553
f 3846//5546 723//5554 4884//5555
f 2970//4089 4494//1932 2497//5556
f 3012//3015 963//1563 3955//5557
f 625//5558 3547//5559 3898//4400
f 2972//4060 1324//4416 3959//4911
f 3988//5560 4587//5165 4004//5561
f 3703//5562 3702//3940 2966//5563
f 1855//4796 3024//5313 430//4412
f 155//5564 2805//4532 154//91
f 138//4385 155//87 154//5565
f 185//5566 4713//5567 199//122
f 544//4108 4720//5568 4005//2958
f 1222//168 4006//598 208//1824
f 2045//1455 851//1457 3854//4092
f 212//2858 2560//4152 1961//5569
f 22//5570 4007//4975 4018//5571
f 233//1853 1223//169 3052//5572
f 4019//5573 250//5574 3914//4507
f 3924//5575 3354//5576 4412//4636
f 1075//2371 2601//5577 1610//458
f 2887//2541 2974//5333 1125//4986
f 3022//5343 1491//5342 3745//5578
f 2408//509 2426//5526 1717//510
f 2416//4234 3024//5313 2941//1346
f 430//4412 3024//5313 3701//5579
f 280//1476 4017//5580 2534//4258
f 252//639 3892//4283 3950//4870
f 260//195 198//5581 2596//218
f 250//735 4019//5573 2942//5582
f 200//125 163//129 3963//4501
f 285//5583 1314//5584 291//273
f 1027//5585 19//31 3025//30
f 3065//345 61//5325 4020//5586
f 4417//5587 4020//5586 3067//5588
f 4061//5589 3154//5590 4009//5591
f 125//2299 135//1663 2647//5321
f 220//183 223//5592 3411//1846
f 4021//5593 201//5594 4009//5591
f 180//3947 3160//3946 3638//2635
f 238//1462 264//4262 893//1405
f 260//1888 272//220 230//5595
f 278//1934 285//5596 539//5597
f 815//5598 4333//5599 532//4415
f 269//215 2538//1480 4022//5600
f 2534//4258 269//1478 4022//5600
f 3357//5601 958//4456 3445//2023
f 64//288 3025//5602 10//7
f 11//8 10//7 3025//30
f 961//1559 57//1558 4729//5603
f 966//359 3026//2064 965//5604
f 2947//1972 1372//1566 969//4688
f 47//23 3925//5328 63//29
f 4037//5605 51//1574 974//1997
f 3370//5606 995//47 996//5607
f 1054//4788 3032//1644 1053//5608
f 1053//5608 1002//5609 2722//4645
f 3033//5610 2646//4549 3104//4550
f 4553//3644 3034//3633 1080//5611
f 3035//78 100//66 1090//79
f 3112//2431 3036//5612 161//2599
f 379//1156 3037//5613 1124//5614
f 3394//5615 4608//5616 3038//2711
f 175//5617 176//100 1108//96
f 1160//5618 3040//180 1162//5619
f 4142//5620 1163//573 1164//5621
f 3042//136 4816//138 1836//4673
f 3042//136 1189//5296 1190//1397
f 171//2536 1199//2745 1200//5332
f 1206//153 469//637 1880//636
f 1215//1810 3043//5622 1216//1811
f 452//5623 2793//5624 482//1236
f 2991//5625 1219//2846 1220//5626
f 4194//2691 741//603 1231//2742
f 3044//5627 4445//1832 1233//635
f 4358//4678 1883//5628 3045//1837
f 4334//1838 4205//5629 3046//1839
f 3049//5630 3048//4946 1249//4506
f 227//1964 1251//4485 2621//4954
f 1261//1858 1262//1221 3421//3185
f 4068//670 1266//1406 239//668
f 1276//5631 3051//210 1277//5632
f 3160//3946 476//5633 491//1919
f 233//1903 3052//5572 1294//229
f 1270//1864 242//1532 767//234
f 3055//259 863//258 247//5634
f 263//5635 1328//5636 3056//5637
f 285//1936 4005//2958 539//5278
f 3057//5638 1335//5639 4761//5640
f 3659//4777 3058//5641 4586//2965
f 959//5642 3059//2079 1345//1991
f 1349//5643 4610//5644 4798//5645
f 1342//1989 3061//1987 1351//5646
f 3443//4699 1361//5647 2661//315
f 40//2012 956//303 3062//5648
f 949//2019 3063//2022 1362//2020
f 1367//5649 35//5650 4799//5651
f 3900//2095 3064//2031 1369//2027
f 3964//328 1370//327 30//334
f 946//336 3447//5652 947//1543
f 3449//342 19//31 3920//4984
f 3438//2046 3065//345 1373//5653
f 1376//2047 3066//5421 4800//5654
f 3067//5588 1372//1566 73//348
f 4417//5587 4416//5655 3450//2051
f 2636//4493 1379//2056 1377//2053
f 940//5656 3068//2060 3//2
f 4361//5657 3069//355 1385//5422
f 1390//3328 3071//2072 1389//2071
f 3484//5387 1394//3222 4465//2077
f 1403//5658 4038//2096 4794//5659
f 81//4712 3073//2098 4161//5660
f 81//4712 1403//5658 2662//5661
f 2662//5661 2666//4704 81//5662
f 3074//5663 983//362 4039//5664
f 1405//5665 1404//5666 984//2103
f 1409//364 3459//5423 1385//5422
f 3937//369 2616//2105 989//370
f 3328//1340 3076//4460 3075//1338
f 1412//930 3077//2108 1413//4596
f 1419//5667 637//925 2204//5668
f 1423//4178 3078//5669 1425//2119
f 1431//933 1432//1322 3080//2130
f 3470//5670 640//5671 1430//5672
f 3082//2161 1455//5673 4541//5674
f 1457//5675 3083//2166 1460//5676
f 3084//5677 4345//5678 566//821
f 1471//2193 3085//2196 1007//2187
f 3086//5679 3495//2205 1476//5680
f 3087//2210 2256//2209 4818//2212
f 3757//5681 3088//1025 3739//3449
f 3739//3449 3088//1025 1489//5034
f 1493//2237 4166//3385 4167//3384
f 1024//2232 1046//2234 1019//49
f 93//5682 2268//4205 1500//5683
f 1503//4208 1500//5683 2268//4205
f 1512//5684 3090//5685 1513//5686
f 565//5687 2079//820 1515//3421
f 1519//5688 3092//5689 1518//2257
f 4170//2260 4808//5690 323//2259
f 103//5691 3093//3571 4769//5692
f 2096//5693 3093//3571 4258//3429
f 4779//412 3086//5694 3094//4721
f 1035//4508 3094//4721 3086//5679
f 3504//2278 3095//3467 1529//3466
f 3099//5695 1546//426 3096//2293
f 3510//1634 3100//2308 1551//2298
f 343//1641 1050//1640 675//1672
f 2583//4907 3101//3543 2823//5363
f 3518//3557 4549//4212 1570//3552
f 3104//5696 2669//438 1055//56
f 3105//2338 1577//5697 1406//5698
f 3105//2338 1406//5698 1407//5699
f 1578//5700 4513//2341 3106//440
f 3795//5701 3106//440 4513//2341
f 1589//5531 1590//2495 4603//5702
f 1600//452 3523//447 1601//4728
f 3524//456 1068//2360 1097//1693
f 3109//4218 1612//881 1609//2382
f 3110//4542 3256//5703 4548//5704
f 3532//1088 595//5705 3111//3667
f 3796//5706 3111//5707 595//5708
f 3798//4224 4175//5709 695//2404
f 602//5710 4420//5711 4114//4230
f 1678//2455 3113//2452 3809//2453
f 1101//484 3115//488 1693//2527
f 3526//490 1610//458 2955//491
f 3116//4444 1718//5712 1719//5713
f 3117//2503 1725//4743 3118//3728
f 1725//5714 3117//2503 1724//5715
f 415//2498 3119//5716 1722//2499
f 3121//4573 1152//1124 4463//4745
f 1121//1724 4892//4360 1733//4142
f 1693//2527 3115//488 4137//2525
f 2798//531 1204//150 1742//528
f 3122//533 2867//2546 4464//4661
f 3564//536 1130//535 2511//2549
f 1744//1070 3123//2551 1128//5717
f 3124//5381 1748//3770 1208//5718
f 4598//5719 4441//5720 4183//5721
f 179//5722 4442//3950 1753//2572
f 3125//5723 1767//5724 4186//2595
f 1147//5725 4421//5335 3125//1748
f 1778//5726 1779//1175 1780//5727
f 3590//1785 3399//2611 2653//132
f 1787//2613 3400//2612 1786//2614
f 1124//2622 1795//612 3127//2621
f 2730//1388 3128//1755 2982//564
f 4518//5728 3129//5729 3130//569
f 3129//5729 4518//5728 4181//2563
f 1802//5730 3575//577 4189//576
f 1810//2642 1811//5731 3133//2643
f 1812//3810 3133//2643 1811//5731
f 1171//579 3134//581 1149//5732
f 3135//1773 2604//1771 1816//5733
f 3137//2644 1818//4238 3136//2645
f 1724//5715 3138//1776 1176//4938
f 3139//2654 1821//2652 1177//1782
f 1178//582 3141//2660 457//1784
f 3142//5734 1784//552 3143//5735
f 457//1784 3143//5736 1784//552
f 3588//5130 3144//2664 1823//5737
f 1829//3958 3145//5738 1830//2676
f 3592//591 3146//5739 1828//587
f 1186//5438 3592//591 1834//3834
f 3148//5740 1734//5122 1845//5741
f 4195//5742 3149//2696 1196//142
f 190//175 4202//174 170//2619
f 1854//2757 3150//5132 3151//2561
f 3151//2561 3150//5132 3603//4662
f 3152//2715 2893//2629 4745//5743
f 3152//5744 4745//5745 3159//2631
f 1215//1810 4446//5746 1870//5747
f 3153//5528 1175//127 2957//5444
f 230//193 3154//5590 198//4670
f 1873//2729 3631//622 3895//5748
f 3895//5748 2991//623 1220//5626
f 1736//5065 1234//1829 1231//2742
f 1880//636 3156//638 4203//5749
f 1881//2747 3157//2868 1238//5750
f 3159//2631 1887//2812 247//5751
f 1900//5752 2988//2828 1902//5395
f 1904//2777 1253//1215 4900//5753
f 1907//5754 1908//2779 1909//2778
f 4746//2663 2442//1196 1916//5755
f 4065//2789 1918//3961 3622//1852
f 1918//5756 4065//2789 1917//2906
f 4203//5749 3156//638 2832//1530
f 2640//5314 3162//5757 1926//5758
f 1279//212 2545//2820 3163//2819
f 3349//683 3163//682 2545//2820
f 491//1919 3164//5759 3428//1920
f 3428//1920 3164//5760 254//1464
f 3165//692 1946//691 1947//892
f 3167//701 3837//700 4305//4524
f 4106//2854 1960//895 629//5761
f 1276//5631 3169//5762 812//4917
f 1311//5763 4944//5764 1980//5765
f 1982//5766 1983//4802 3171//5767
f 1990//900 1991//5768 3172//5769
f 3056//5637 1329//1956 500//2788
f 4017//5770 280//1476 820//276
f 2552//4299 3173//2962 936//4058
f 4111//747 2756//4075 2009//1258
f 2010//5771 3174//751 526//903
f 3175//756 2016//793 3650//2930
f 2015//754 3985//759 4802//5772
f 3176//2937 4313//2936 3711//3204
f 3177//4583 3178//5448 1337//2954
f 788//5773 217//764 2030//766
f 2032//5774 2033//2959 2001//2917
f 3434//784 1339//5775 2044//785
f 3179//5095 2056//5776 3066//5421
f 951//22 2057//912 1382//5777
f 2066//2999 2220//3002 2067//3000
f 4450//3003 2067//3000 2220//3002
f 4437//5778 4227//5779 4422//5780
f 4437//5778 4422//5781 4866//5782
f 2073//5783 3672//5784 2075//3006
f 4809//5785 3183//5786 4732//5787
f 3675//4139 2082//5788 3674//5789
f 2082//3345 3675//4139 2081//5790
f 2086//5791 3184//3023 3225//5792
f 3228//964 2719//3383 1015//5793
f 1526//997 4782//5794 1525//2274
f 2107//5795 4233//5796 4263//5797
f 3681//831 2108//5798 3379//5799
f 2108//1018 3681//831 356//1027
f 2998//3508 3189//3074 584//5800
f 3191//838 1586//5801 4409//3693
f 1062//840 3686//3618 3192//841
f 3192//5802 3686//5803 2126//3088
f 1621//464 1622//3095 2322//5804
f 2322//5804 3193//3637 1621//464
f 3194//5805 595//5806 2137//3671
f 3264//3118 3195//3120 3196//5807
f 3196//5808 3195//3120 1643//471
f 3197//856 2142//855 2141//3702
f 1659//3129 4280//3800 3198//3130
f 2144//4850 4385//3716 3198//3130
f 1093//83 3200//5809 2148//5810
f 1686//5811 3202//3142 1120//1721
f 2772//5812 3203//5813 4239//3848
f 4424//865 607//5814 3699//867
f 3699//867 2161//3814 3205//868
f 2163//3155 1731//521 4375//4858
f 2172//3169 3206//3168 4672//3170
f 449//3901 2173//3172 1805//5815
f 3207//5399 1911//4878 2961//4877
f 1973//3194 3208//3196 3908//5489
f 1415//5816 3211//2113 551//3230
f 3212//5337 551//3230 2910//921
f 4695//5817 4083//5106 4245//5818
f 2206//3236 2207//3238 3213//3237
f 2064//2995 3214//5819 87//5820
f 3215//924 991//2121 1424//5821
f 3216//3264 2063//3245 3079//2127
f 2063//3245 3216//3264 2210//3246
f 992//1590 2208//3253 1427//3255
f 2216//5822 2067//5823 4450//3003
f 3217//3267 2217//5824 1434//4811
f 3469//2136 3217//3267 3470//5670
f 3218//5825 2220//3002 1431//933
f 2206//3236 3219//3280 1429//2125
f 3220//3287 3669//5826 3673//3325
f 1438//3299 2071//5827 2069//3297
f 3671//3298 3221//3302 1438//3299
f 2914//4606 3222//5828 2072//4594
f 3727//4431 313//4815 3330//4133
f 1390//3328 45//5829 2225//3284
f 1450//5830 4785//3335 2241//3336
f 2083//3350 1416//5101 3737//3351
f 2080//5451 3737//3351 1416//5101
f 2084//5831 3224//5832 2249//995
f 331//4781 2250//5195 1013//1608
f 2252//3361 2253//5549 3226//5833
f 1487//3363 3227//2219 2088//3364
f 2087//5834 570//2213 4733//5835
f 3229//5836 1494//2223 1604//454
f 2240//5037 2269//973 650//3394
f 1502//3399 3735//3333 2241//3400
f 4324//5837 4325//5838 4427//5839
f 4258//3429 3230//3570 4259//407
f 3230//3570 4258//3429 3093//3571
f 2247//956 3231//3437 2286//3438
f 1652//4741 2288//5840 4090//4423
f 3232//3445 2290//999 2291//3447
f 4487//3464 1037//1626 4260//5841
f 2100//3057 3236//1010 2293//1002
f 3236//1010 2100//3057 3235//1008
f 2300//3468 4627//3470 579//3469
f 2301//4476 3237//5232 117//1098
f 3680//3059 1532//3472 2102//827
f 1533//5842 580//5843 4430//5844
f 2295//5845 1533//5846 2303//5847
f 3761//4433 3239//1016 3759//5848
f 4263//5849 3240//5850 1535//2284
f 2312//5851 3241//3065 2311//4722
f 2302//5852 2309//1028 669//5853
f 4284//3503 3762//3070 3242//3504
f 3763//5397 3243//3514 2307//3513
f 3244//3518 1543//5854 3765//2297
f 3245//2377 2273//5855 1562//1034
f 1564//2321 1511//2249 2321//5856
f 2321//3535 4267//2323 1564//2321
f 3478//5857 3247//5858 1460//5676
f 3102//1041 1568//3553 1570//5859
f 2280//5860 3248//5861 2323//5862
f 3092//5863 2637//5864 4601//5865
f 2330//3561 2329//5866 3736//5867
f 2338//5868 3250//3081 2339//5518
f 1647//4511 3251//5869 1585//5870
f 2284//992 3252//3589 4694//5871
f 3253//5872 4270//411 3780//4518
f 1595//3610 3254//5873 2346//3611
f 4275//5874 3786//5218 2314//5217
f 2351//3624 3789//4837 2128//3091
f 2354//1387 3255//3629 1743//534
f 3256//3648 676//2390 1617//2389
f 2326//1042 3257//5875 1703//2484
f 2362//1085 3258//3652 4602//3109
f 2363//3655 2364//1130 3258//3653
f 4276//3657 4859//1082 1633//1084
f 2582//1393 3259//3663 2366//1391
f 2575//3668 3797//5876 1577//5877
f 4957//5520 4719//3674 3260//5878
f 4622//5879 4719//3674 3194//5880
f 1637//5224 3261//1090 3262//1089
f 4632//3664 3263//3681 2370//5881
f 2376//4736 3265//3122 2140//3121
f 3267//5882 2381//1144 1655//474
f 4623//5883 3268//3715 1815//580
f 2384//3721 3269//4181 2385//3722
f 398//3725 2385//3722 1660//2433
f 3540//2434 1660//2433 1718//5884
f 4097//1100 2300//3468 1664//2437
f 3270//5885 1671//1112 1673//480
f 3938//1119 2965//1118 1675//3742
f 3541//5886 670//3502 2313//1122
f 604//5887 3271//3752 4362//3759
f 2399//5888 402//5889 4672//3170
f 4467//5890 411//3771 1699//496
f 1696//492 4431//5891 674//435
f 1627//5892 3272//5893 1701//497
f 1702//5894 2365//1083 4804//5895
f 1582//442 4172//5896 2405//860
f 1712//2490 3275//3796 2407//1140
f 3803//5897 3276//3803 4904//2422
f 1715//3808 1812//3810 2160//3809
f 2409//3821 4281//5898 1776//2604
f 3277//3827 2412//3828 1727//5899
f 3820//1154 1732//5900 2413//4613
f 2632//4233 3278//5365 2416//5901
f 2165//5293 4535//3849 2155//3842
f 2421//3936 3279//5902 2420//1158
f 1141//1737 3281//5903 1801//574
f 3281//5904 1141//1737 3812//1162
f 3533//2408 3283//2407 1896//5905
f 436//2584 3284//2586 4143//1747
f 3266//3688 2425//3879 3827//3686
f 3285//1171 1864//616 3605//5906
f 2639//4237 614//1176 4736//5907
f 2429//3890 2428//3887 4433//5908
f 3147//5909 617//3166 3287//1181
f 3286//1182 3287//5910 617//3166
f 4563//5911 1792//558 1226//172
f 2432//5252 1804//5912 2433//5913
f 2437//3902 3288//3904 1807//5914
f 4633//5915 1809//2639 2435//5916
f 459//1859 4708//3920 2443//1222
f 3593//5917 2447//3928 3291//3926
f 4297//4241 1918//3961 2448//3960
f 721//3945 3292//613 1862//3943
f 3295//5918 2453//5919 1760//5920
f 2621//4954 3296//3953 1937//3952
f 3635//5921 4567//5922 2180//3179
f 1892//5923 4930//5924 2830//2768
f 3835//4158 3297//3973 2456//1351
f 3298//1212 2432//5252 2927//1213
f 1253//1215 1254//887 2459//1216
f 2460//5545 3300//3978 2752//2837
f 3301//5925 2465//5926 2466//5927
f 3303//681 859//768 4071//4584
f 3304//1227 1964//2873 4339//1228
f 3842//1241 2471//1240 4976//5483
f 3630//2901 1988//2900 4604//5928
f 3305//4888 4115//4256 3662//2982
f 3633//3988 3306//1245 2474//1249
f 4457//1247 2474//1249 3306//1245
f 2762//3191 4370//4800 1292//5929
f 2480//1402 4311//4026 2473//5930
f 3968//4527 3308//1263 2486//1296
f 3646//4891 1997//4772 3839//5931
f 3616//5932 2487//4054 3309//4051
f 2487//4054 1894//643 3310//4056
f 2005//744 4434//2894 3311//4063
f 2007//4070 2008//746 3312//4069
f 3850//5155 1331//1277 2482//5933
f 4340//5934 536//2922 2495//5935
f 1933//1250 785//1285 3423//1883
f 634//1286 3853//1288 2037//5936
f 2498//5937 4315//5938 3313//5939
f 3855//1293 2502//1292 2019//5940
f 3314//5941 3315//4099 4902//1305
f 3316//4107 1338//5942 544//4108
f 734//4187 3317//4111 2043//782
f 3318//4113 4812//5943 2506//4344
f 3319//1301 549//286 844//5944
f 2503//1294 3320//2932 2199//906
f 2201//910 3321//4121 2507//4114
f 3322//1311 781//1310 3666//3210
f 86//1317 3336//1319 3864//1376
f 2236//3321 1398//4124 1451//385
f 3324//5945 2511//2549 426//1330
f 1224//1513 2512//1508 1845//5946
f 3326//1334 1052//1336 3325//1081
f 3075//1338 737//4123 3327//1339
f 3328//5947 3327//1339 301//354
f 995//47 3329//4641 2516//4132
f 2516//4132 4318//5948 2237//943
f 2702//2158 72//2087 3435//5949
f 3864//1376 1472//4897 1468//2184
f 140//4403 3331//5279 1608//489
f 3865//1344 1840//602 1690//1345
f 2519//4150 3611//5950 3332//4148
f 1802//2636 1865//617 718//2589
f 1218//5415 4928//5951 2679//5487
f 2489//5952 3334//5953 1938//2832
f 2521//5954 3885//5955 2494//5956
f 813//5957 3058//5641 293//1481
f 2526//4192 4401//1555 3455//5958
f 745//1375 3336//5959 2528//5960
f 2522//4174 2528//5960 3337//5961
f 2062//3251 3338//2133 2248//958
f 3474//5430 3339//1377 3097//1378
f 3339//1377 2230//939 3340//415
f 3097//1378 3340//415 3508//5962
f 367//2325 760//3545 4549//4212
f 4272//1383 2345//1056 2304//5963
f 2531//5964 3521//5965 2933//5966
f 3341//5967 2933//4215 3521//1385
f 4861//3860 3342//1390 1630//2400
f 3343//1392 1630//2400 3342//1390
f 2440//3908 2437//3902 2524//5283
f 2439//5968 2780//5254 2524//5283
f 725//5969 3344//4251 764//1400
f 2862//5970 534//5971 4952//5972
f 3666//3210 3858//4270 3322//1311
f 3322//1311 3346//4271 2055//4272
f 2037//5936 906//5973 907//776
f 2033//2959 4118//5974 939//4277
f 1334//2968 3348//1963 932//1423
f 3349//5975 2545//2820 868//1448
f 1189//5296 3350//1490 2546//5976
f 2519//5977 2546//5976 2783//4912
f 4118//5978 846//1409 939//5979
f 271//1491 4460//5980 2553//5981
f 635//4342 736//1297 780//4293
f 635//4342 780//4293 792//4343
f 489//2803 882//5982 908//1435
f 3942//5983 506//1529 2569//1528
f 4571//1537 779//4260 824//1538
f 940//2061 941//2054 3068//3
f 1374//5984 4605//2059 4800//5654
f 9//5985 942//5986 8//2041
f 3351//5987 943//2003 3352//5389
f 944//1539 3352//5389 943//2003
f 943//2003 3353//2002 944//1539
f 944//1539 3354//5988 17//5989
f 3355//1546 949//5990 40//5991
f 945//5992 3356//5993 15//15
f 957//26 3328//1340 301//354
f 989//370 3357//2106 57//1558
f 3455//5958 4401//1555 3359//5994
f 3359//5994 4401//1555 3358//5995
f 3359//5996 3358//1557 299//5997
f 960//2076 4597//5998 41//2074
f 4597//5060 42//5999 3360//2018
f 965//6000 71//1971 966//359
f 3361//4125 966//359 71//5412
f 965//5604 968//1564 71//1971
f 73//348 1372//6001 3362//1565
f 969//4688 1372//1566 61//5325
f 1400//2092 4037//5605 3479//6002
f 3074//5663 3365//2099 983//362
f 984//2103 3367//365 985//45
f 68//6003 988//3229 4024//1587
f 4024//1560 988//3229 989//370
f 3719//3254 3368//6004 3215//924
f 3215//924 3368//6004 991//6005
f 3668//1593 557//1592 993//6006
f 3477//4122 3371//6007 3372//2165
f 320//1990 1351//1986 3372//2165
f 1461//6008 304//6009 4601//5865
f 4498//1597 980//41 3364//6010
f 1015//5793 1016//5035 4336//4402
f 4828//4717 4026//6011 1018//2225
f 1456//52 3376//54 3981//6012
f 3981//6013 3376//54 62//2255
f 4611//6014 2571//4358 2593//6015
f 1028//1618 3060//6016 2593//6015
f 1031//1621 3060//6016 112//1619
f 1467//823 3084//4934 566//821
f 3378//6017 1034//60 1033//59
f 581//6018 3379//5799 3380//3481
f 3380//3481 3379//832 582//6019
f 120//69 3381//68 109//6020
f 4419//1630 1040//6021 1041//1631
f 3509//1633 1042//6022 1498//5201
f 3510//1634 1043//423 1044//421
f 3382//6023 363//6024 1046//2234
f 4257//2239 1049//3534 4499//6025
f 4726//6026 3388//1681 4870//4479
f 1052//1336 1030//1617 1029//6027
f 79//1642 3032//1644 1054//4788
f 3032//1644 96//1577 1053//6028
f 114//6029 3104//4550 1055//56
f 3381//4971 2723//4533 109//2222
f 3383//2361 1068//455 4606//6030
f 3384//1666 1073//2312 3385//1667
f 1073//2311 3384//1666 108//2309
f 1070//1665 3385//6031 2980//1668
f 1073//2312 4013//1669 3385//1667
f 4013//1669 1073//2312 1074//429
f 1556//428 363//2368 1076//4997
f 1080//1076 382//1674 4553//3644
f 1082//465 1625//470 3387//2396
f 3388//1681 1085//1680 4575//1620
f 114//6029 4575//1620 1085//1680
f 129//1734 3033//5610 1086//111
f 3389//4654 4876//1648 1088//500
f 3390//1690 131//1689 394//3076
f 4819//3726 4607//4827 397//6032
f 3391//3753 1093//83 3694//85
f 1098//1695 136//1694 1689//1697
f 1065//1658 1099//1657 1100//1700
f 4379//6033 1105//5001 1106//5000
f 1114//862 605//1135 369//3078
f 1118//513 1117//515 399//1691
f 3119//5716 415//2498 1119//518
f 4440//6034 1119//518 417//2508
f 4816//6035 168//137 420//6036
f 4195//5742 4137//2525 4056//6037
f 3037//2373 141//610 1124//2622
f 3124//5381 3393//5382 411//3771
f 2813//4378 3394//4663 2729//4379
f 158//104 1138//6038 4852//6039
f 3575//577 3397//3877 3131//578
f 3397//3877 1145//1170 4501//6040
f 3131//578 3397//3877 4501//6040
f 1145//1170 3323//4863 4501//6040
f 4501//6040 3323//4863 4357//4665
f 1869//6041 3039//4874 1148//6042
f 437//546 3398//1749 438//2598
f 3590//1785 1150//554 3399//6043
f 1150//554 3400//2612 3399//6044
f 3579//2533 3401//2620 3562//2534
f 3562//2534 3401//2620 3600//1799
f 3790//6045 3128//4146 2730//1388
f 1157//6046 3047//181 1159//1758
f 3047//181 1157//1757 4141//6047
f 143//5219 4757//6048 1160//1759
f 1162//570 3403//1761 1160//5618
f 193//2765 447//2764 1164//6049
f 1173//5138 3404//6050 162//5139
f 1185//6051 4406//6052 4940//1787
f 1187//6053 4940//6054 1186//5438
f 3041//6055 3594//596 189//1751
f 168//137 3042//136 1190//1397
f 1190//1397 3406//4285 3866//4284
f 3406//4285 1190//1397 1189//5296
f 3407//605 1196//142 1197//144
f 1197//1796 3984//1797 2895//6056
f 1200//5332 1199//2745 3408//2697
f 1210//2750 743//4143 1851//6057
f 3324//5945 1851//6057 743//4143
f 743//4143 1210//2750 446//2749
f 219//6058 2654//4674 3410//6059
f 3411//1846 1248//6060 222//158
f 1216//1811 3043//6061 494//2722
f 1219//2846 3412//1822 1220//6062
f 209//170 4415//4362 2870//4361
f 1228//6063 487//667 4503//1828
f 1232//606 2895//6056 237//4676
f 3044//5627 1233//635 1234//1829
f 517//6064 2714//6065 4496//6066
f 1209//6067 216//6068 4348//1871
f 243//1872 4414//6069 4348//6070
f 1239//2751 1238//5750 3157//2748
f 1238//5750 1239//2751 470//6071
f 3045//1837 1883//5628 1240//177
f 245//206 3046//1839 3612//2755
f 3612//2755 3414//1841 3613//1835
f 3414//1841 3612//2755 3046//1839
f 3040//180 1244//6072 1247//571
f 248//189 3411//6073 223//185
f 1249//4506 3416//6074 3049//5630
f 1253//1215 3417//2892 3418//3182
f 3417//2892 4207//3181 3418//3182
f 233//1903 3050//1854 1223//169
f 1293//226 3420//6075 3413//1855
f 3420//1930 232//2791 3413//1855
f 2183//5271 3708//3187 1263//5509
f 1273//1869 1272//1863 265//1416
f 1277//675 3051//210 3422//1874
f 476//6076 225//249 491//1919
f 3164//6077 491//1919 225//249
f 3424//4157 1285//4768 1284//1352
f 1288//6078 4383//1895 485//2728
f 4242//1901 1292//5929 3425//6079
f 1960//895 4242//1901 629//6080
f 1296//225 3420//6075 1293//226
f 1294//229 3052//5572 4332//227
f 1299//4682 1297//1905 2659//6081
f 3161//2794 4599//1929 1298//6082
f 3055//259 1300//242 862//257
f 3427//1912 279//6083 1301//6084
f 519//1938 4339//3996 1315//1939
f 1318//1947 1319//5281 3430//1948
f 2976//5280 3430//1948 1319//1353
f 2969//6085 524//2918 4796//1951
f 2833//2785 1959//4014 4154//1954
f 3056//5637 1328//5636 3652//1958
f 3348//1963 1333//2971 4527//6086
f 4761//5640 548//811 4609//6087
f 3653//4086 3057//5638 538//4085
f 1336//1493 3433//4159 271//1491
f 544//4108 1338//5942 4720//5355
f 4761//5640 4609//6087 3057//6088
f 3057//6088 4609//6087 3434//784
f 4609//6087 1339//5775 3434//784
f 3664//6089 1340//6090 4505//4334
f 3435//6091 1342//6092 320//6093
f 72//6094 1343//4364 3435//6091
f 74//4191 1344//291 4121//1568
f 3436//1974 959//6095 1345//1975
f 1345//1991 3059//2079 1352//318
f 959//5642 3436//1974 3899//4941
f 3899//6096 3436//1974 54//1572
f 3436//1974 1346//305 54//1572
f 981//42 3437//1982 55//1994
f 61//6097 3438//6098 3439//1985
f 3438//1983 1350//2045 3061//1987
f 3439//1985 3061//1987 1342//1989
f 1350//2045 3440//1988 3061//1987
f 27//329 1355//1996 3441//1995
f 1355//1996 3437//6099 3441//1995
f 1354//304 55//1994 3437//6099
f 947//1543 1348//297 80//1552
f 54//1572 1356//307 976//1570
f 975//2001 1358//309 943//2003
f 22//5570 954//2032 2808//5085
f 3444//2017 41//4700 3360//6100
f 1364//1544 3355//1546 3444//2017
f 3355//1546 40//6101 3062//5648
f 3444//2017 3355//1546 4983//2016
f 3360//6100 42//5377 1364//1544
f 40//5991 39//301 956//6102
f 949//2019 43//5378 3063//2022
f 3445//2023 3063//2022 43//4709
f 3063//2022 1386//6103 2661//315
f 2977//5506 83//6104 2739//4703
f 32//6105 4157//6106 1353//302
f 1369//2030 3446//2029 3713//5302
f 3447//335 26//4571 27//329
f 1371//2040 3448//1540 3353//2002
f 3448//1540 1371//2040 6//5088
f 9//343 8//2041 1373//344
f 3442//6107 3440//1988 1350//2045
f 3065//345 3438//6098 61//5325
f 1375//6108 4605//2059 1374//5984
f 1374//5984 3066//5421 46//1548
f 4344//6109 4848//6110 4845//6111
f 3450//6112 4416//5655 18//341
f 3450//2051 18//341 3449//342
f 942//5986 3450//2051 16//2039
f 3451//2082 3452//352 4472//2066
f 3452//352 297//20 4506//4707
f 299//5997 3358//5995 1382//5777
f 3452//352 3451//2065 1383//353
f 4361//5657 1385//5422 44//6113
f 58//6114 44//6115 1385//5422
f 3453//6116 1386//2021 3445//2023
f 3454//3329 1388//6117 3071//2072
f 3454//3329 3071//2072 1390//3328
f 1390//3328 1389//2071 45//6118
f 3455//5958 1391//6119 3210//916
f 1351//1986 3440//1988 2619//1313
f 2509//1312 4788//6120 1392//5326
f 3932//6121 4465//2077 3059//2079
f 4465//2077 1394//3222 3457//6122
f 3059//2079 3457//2078 1352//318
f 3370//48 302//2142 3072//357
f 1395//2083 3072//357 302//2142
f 1396//6123 3072//357 4418//6124
f 3451//2082 3026//6125 4418//6124
f 3361//4125 71//5412 2573//1973
f 3026//2064 966//359 1396//358
f 2717//46 1398//4124 2236//3321
f 17//5989 3458//5099 944//1539
f 306//1579 305//5062 1402//2178
f 4778//2177 4038//2096 1402//2178
f 3365//6126 307//2101 3073//2098
f 58//5424 1404//5666 4404//5541
f 3366//4366 1407//4943 3365//2099
f 3365//2099 4679//2102 307//2101
f 3365//2099 3074//5663 3366//4366
f 1406//5698 3793//2100 4679//2102
f 4679//2102 1407//4943 1406//6127
f 3074//5663 984//6128 3366//4382
f 984//6128 3074//5663 1405//6129
f 3069//355 1409//364 1385//5422
f 1404//2104 3459//5423 3367//1582
f 3357//2106 2616//2105 958//4456
f 3923//5456 3460//4457 2686//5454
f 3077//6130 4247//3260 3715//3224
f 1413//4596 3077//6130 3462//6131
f 3077//2108 3715//3224 3462//3223
f 1414//2109 4508//2114 2953//812
f 4508//6132 3211//2113 1415//5816
f 1416//5101 3463//5338 2816//5102
f 553//2110 1419//5667 1420//2111
f 1423//4178 3464//3244 3078//6133
f 3078//6134 3464//3244 4436//3243
f 3078//5669 1424//6135 991//6005
f 3465//1589 990//3248 3368//6004
f 990//6136 3465//6137 1426//5184
f 1426//373 3465//1589 4224//1588
f 1429//2125 3466//2137 1430//5672
f 3720//2128 1430//6138 640//5671
f 2842//3252 3467//2129 3468//2131
f 3467//931 1431//933 3080//6139
f 3468//2131 3080//2130 3338//6140
f 3080//2130 1432//1322 88//2134
f 3469//2136 1430//6138 3466//2137
f 1430//5672 3469//2136 3470//5670
f 3220//3287 3081//378 3471//377
f 2817//375 3472//374 2911//3290
f 560//1595 4792//6141 1439//3391
f 2598//376 3339//1377 3474//5430
f 3339//1377 2598//376 1440//937
f 4437//6142 1441//3309 3726//6143
f 4509//6144 3475//3313 1442//2140
f 4924//3308 647//3316 4510//3282
f 4082//5410 964//2084 59//6145
f 1448//2152 3476//6146 3673//3325
f 564//4817 1450//2153 1506//3330
f 3361//4125 1397//6147 1451//385
f 1451//385 4042//384 739//6148
f 2242//3339 4541//388 1455//5673
f 3082//2161 318//6149 1454//818
f 3477//2163 1459//2162 651//6150
f 3083//2166 1457//5675 320//6093
f 3371//6007 321//1036 3478//5857
f 3083//2166 3478//5857 1460//5676
f 3479//6002 3480//2090 304//2168
f 3482//6151 999//2174 20//5086
f 3793//2100 982//5006 307//2101
f 3373//6152 1006//2183 3374//6153
f 3484//5387 1006//2183 2876//5028
f 1009//6154 3373//6152 102//1603
f 3373//6152 1009//6155 324//2182
f 1007//2187 3485//2189 325//2185
f 3223//6156 3486//6157 4810//6158
f 3486//6159 3736//6160 3487//6161
f 3488//2199 1470//6162 3223//6156
f 3488//2199 3223//6163 4810//6158
f 3489//2195 1011//1605 1012//6164
f 1012//6164 3085//2196 3489//2195
f 3085//2196 1012//6164 3263//3681
f 3674//6165 4612//4375 4074//6166
f 4074//6167 4612//4375 2336//4843
f 3490//4175 4568//6168 745//1375
f 746//4137 3863//4136 4568//6168
f 1470//6162 3488//2199 3492//2201
f 3488//2199 4229//6169 3491//6170
f 3492//6171 3491//6170 4739//6172
f 1475//2202 4028//4510 4651//3257
f 3495//2205 1478//6173 4853//6174
f 1478//6173 3495//2205 1477//2204
f 1477//2204 4779//412 351//6175
f 2296//6176 4545//6177 4613//2273
f 1480//1006 663//2275 3087//2210
f 3742//2211 3087//2210 663//6178
f 93//4203 1492//6179 759//1342
f 336//1611 1493//2237 4730//6180
f 109//1661 3229//5836 4682//2468
f 1495//6181 1496//2226 312//5340
f 574//3390 4484//971 4614//970
f 3751//2233 3382//2369 1046//2234
f 4257//3416 3089//2241 1049//3534
f 2093//3036 3496//2243 1510//2245
f 1508//944 3497//2244 3496//2243
f 4088//3405 1452//2157 1511//2249
f 1512//5684 3498//6182 3090//5685
f 3091//2254 575//2253 1515//3421
f 1025//6183 4169//6184 1026//401
f 1516//402 3499//2256 970//6185
f 1026//6186 3363//1569 3376//54
f 3363//1569 1026//401 970//400
f 3499//2256 1516//399 1518//2257
f 2818//6187 1466//5005 594//3110
f 3483//6188 3378//2262 3374//6153
f 4973//3439 1522//408 1524//410
f 1035//6189 3086//5694 1036//6190
f 106//2272 1477//2204 351//6191
f 1477//2204 4613//2273 1478//6192
f 2296//6176 4429//6193 4545//6177
f 354//2438 579//3469 1530//3463
f 3095//3467 1530//3463 579//3469
f 3504//6194 1529//3466 1038//1627
f 2644//5499 3505//2285 3506//3516
f 3506//6195 3505//2285 1535//2284
f 1534//6196 655//3382 3505//2285
f 2107//5795 1535//2284 655//2286
f 92//2302 4731//5429 3096//2293
f 3507//2291 1544//6197 122//72
f 3099//6198 4419//1630 1546//6199
f 1040//6200 3099//5695 4993//2287
f 3509//1633 1547//2306 3100//2308
f 3509//1633 3100//2308 361//1632
f 1547//2306 3509//1633 1548//6201
f 3765//2297 1044//1635 359//2301
f 361//1632 3100//2308 3510//1634
f 110//4716 4844//6202 1553//6203
f 2821//1638 4857//6204 4131//6205
f 1545//418 1041//1631 4677//6206
f 3100//2308 124//6207 4903//6208
f 3513//6209 3512//6210 4780//6211
f 339//6212 363//2368 1556//428
f 3750//2315 673//2314 2316//6213
f 3748//3397 2581//3523 1559//4834
f 4974//3627 3987//6214 1560//6215
f 2326//6216 3516//1044 3772//3556
f 367//2325 3517//3546 760//3545
f 4512//6217 3517//3546 1567//5537
f 4987//6218 1569//1040 4749//1039
f 679//3555 3518//3557 1570//5859
f 4549//4212 3518//3557 678//4213
f 659//6219 4987//6218 4749//6220
f 3105//2338 368//2336 1577//5697
f 1635//6221 3106//440 1579//439
f 3106//440 1635//5287 3519//2339
f 371//6222 1588//6223 4260//5841
f 351//6175 2340//6224 4438//6225
f 1593//6226 3520//2349 4616//6227
f 3788//3621 3520//2349 3521//1385
f 3520//2349 3788//3621 3107//3620
f 1596//1062 2124//6228 3522//6229
f 3522//2352 2126//3088 672//2353
f 690//3614 1597//6230 589//3087
f 2883//2354 3523//447 4681//71
f 125//2299 2647//5321 2670//5320
f 377//6231 3384//1666 1070//1665
f 3384//1666 1603//2358 108//2309
f 1602//6232 3524//456 1097//1693
f 1097//1693 3383//2361 136//1694
f 1605//2367 3525//2364 378//2365
f 3525//2364 1605//2367 3114//2362
f 136//1694 3383//2361 4742//6233
f 4740//6234 3513//6209 1606//4733
f 3386//2370 3382//2369 1077//2376
f 1075//2371 3037//2373 379//1156
f 1556//428 3526//490 1074//429
f 4030//6235 2848//2379 3109//4218
f 4236//2380 691//5291 3109//2381
f 4030//6235 3109//4218 1609//2382
f 381//1671 3527//459 382//2386
f 365//3542 1622//3095 1623//3540
f 1622//3095 591//2395 3528//3639
f 3771//6236 1623//3540 3791//5469
f 3387//2396 382//1674 1616//466
f 3258//3653 389//6237 3530//3654
f 1633//1084 3531//2403 1634//3659
f 696//6238 3262//6239 4631//3666
f 3532//1088 390//3117 2137//3671
f 3532//1088 2137//3671 595//6240
f 1639//851 4076//6241 4049//6242
f 4049//6242 1637//5224 1638//6243
f 1639//851 1638//6244 596//6245
f 3533//2408 4196//6246 1642//2409
f 395//1688 3390//1690 3264//3118
f 3196//5808 1643//471 1645//473
f 1643//6247 3534//4607 1644//5053
f 1645//473 1644//472 2582//6248
f 1648//1094 3535//2417 598//3123
f 2143//4740 3536//6249 4350//6250
f 1652//4741 3537//3708 682//3707
f 3754//6251 1653//2419 4904//2422
f 3803//2421 700//6252 3817//3802
f 599//6253 1655//474 1657//2426
f 4664//2429 3036//5612 3112//2431
f 3539//3128 2630//3717 4432//3807
f 3540//2434 600//2435 1661//1101
f 703//3819 2851//477 1663//479
f 3808//3744 3541//5886 4283//6254
f 711//2450 3113//2452 1678//2455
f 1677//6255 3201//6256 3542//2454
f 2760//6257 4051//6258 1679//6259
f 1681//6260 4286//6261 4453//6262
f 4287//6263 3912//6264 1684//3760
f 422//6265 1689//1697 136//6266
f 1096//2470 1689//1697 1690//1345
f 3392//2471 1690//1345 3597//2682
f 1691//5392 3544//2474 4031//6267
f 3545//2472 3544//2474 133//2356
f 406//487 1101//484 1607//483
f 4833//2528 3546//2539 407//2475
f 407//2475 2726//1703 1694//859
f 1555//6268 1694//859 4178//6269
f 1608//489 1074//429 3526//490
f 3547//6270 1104//3773 4777//94
f 3393//6271 1699//496 411//3771
f 1699//6272 3393//5382 1132//6273
f 3273//6274 389//6275 4516//6276
f 1703//2484 3548//3647 1106//5000
f 4379//6277 1106//5000 3548//3647
f 1716//3815 3550//3818 701//3712
f 1718//5884 3116//4444 703//3819
f 132//2510 1720//519 1721//514
f 399//1691 1117//515 3118//3728
f 1117//515 416//1718 3117//2503
f 3586//2504 3117//2503 416//3917
f 1727//5899 4684//2668 4439//6278
f 3119//5716 4440//1719 4439//6278
f 1729//523 3552//1152 3120//6279
f 3120//6279 3552//1152 2411//3826
f 3120//6279 2411//3826 609//3825
f 1735//5121 3578//6280 1734//5122
f 4174//2531 3553//2530 3554//4141
f 4742//6281 4174//2531 3554//4141
f 3554//4141 3553//2530 3556//2521
f 3553//2530 421//4657 3555//2520
f 3556//2521 3555//2520 741//603
f 1738//6282 3557//2522 4137//6283
f 3599//2701 4137//2525 3557//6284
f 423//2529 3558//2526 1154//608
f 3558//2526 423//2529 1693//2527
f 2980//6285 3559//6286 3108//5114
f 3560//6287 2886//4655 421//6288
f 1200//5332 3561//5125 171//2536
f 3562//2534 1739//2535 1740//526
f 3546//2539 1741//527 2827//2540
f 3563//2543 2974//5333 2869//2544
f 3563//2543 1156//2542 1127//1725
f 3122//533 410//1706 1697//493
f 4321//6289 3564//536 2511//2549
f 3123//6290 127//2550 1745//2558
f 3124//6291 411//3771 1748//3770
f 4010//6292 3124//5381 4743//6293
f 428//4960 3409//6294 1746//538
f 1133//6295 428//4960 1746//538
f 3403//1761 3395//1760 3566//6296
f 3567//2571 3566//6296 4327//4621
f 1136//6297 4327//4621 3566//6296
f 1752//6298 4441//5720 1704//3863
f 2620//6299 3569//6300 1143//6301
f 3569//6300 3570//4440 1143//6301
f 3569//6300 3295//6302 3570//4440
f 4557//3684 4278//3685 4683//6303
f 3948//6304 4184//5171 1756//5351
f 699//6305 1758//6306 1757//3875
f 3573//2580 1144//4551 433//2581
f 395//1688 3574//6307 2602//1744
f 3573//2583 3293//2582 4443//6308
f 3284//2586 2984//6309 1764//4614
f 3125//1748 437//546 1767//6310
f 1768//6311 4059//2596 2923//6312
f 1771//6313 3398//6314 4421//5335
f 4421//5335 3398//1749 3125//1748
f 1779//1175 1778//5726 614//1176
f 1780//5727 1779//1175 708//2446
f 1783//3738 1782//550 441//3737
f 1782//550 3576//6315 441//3737
f 441//3735 3576//6315 1787//2613
f 3400//6316 1787//6317 3576//6315
f 3400//6316 442//6318 4104//3891
f 3400//2612 4104//3891 1786//6319
f 2163//3155 4850//6320 1789//4860
f 462//559 1791//557 153//6321
f 3114//2362 4060//6322 139//2363
f 1793//561 4060//6322 1688//5128
f 139//2363 1794//2618 3126//3932
f 139//6323 3126//3932 1735//5063
f 1794//2618 3577//3896 3126//3932
f 3577//3899 1794//2618 443//560
f 3578//3931 1735//5121 3126//3932
f 3407//605 3557//2522 1738//6282
f 3557//2522 3407//605 190//175
f 3579//2533 1124//2622 3127//2621
f 3401//6324 3579//2533 3127//2621
f 3127//2621 1795//612 445//1800
f 3401//2620 1155//562 1202//2623
f 4608//2562 3402//3846 4181//2563
f 3130//569 174//2869 4518//6325
f 3129//5729 1799//3845 2632//6326
f 1162//570 3040//180 1247//571
f 2893//2629 1800//572 4745//5743
f 1247//571 4745//5743 1800//2628
f 447//2764 4801//6327 4142//5620
f 1804//5912 449//6328 4522//6329
f 3581//3575 3132//6330 1805//5815
f 1715//2493 3133//2643 1812//3810
f 3133//2643 1715//3808 3582//2641
f 619//6331 1812//3810 1811//6332
f 619//3175 3583//3914 1813//1187
f 1149//5732 3134//581 1590//2495
f 3404//6333 3584//6334 3136//2645
f 1817//6335 3136//6336 4736//6337
f 1820//1190 3584//6334 198//4670
f 3584//6334 1820//1190 3137//2644
f 4061//5589 1820//1190 3154//5590
f 198//4670 3154//5590 1820//1190
f 1724//5715 3586//6338 3138//1776
f 3138//1776 3586//6338 3139//2654
f 3138//1776 3139//2654 453//2653
f 3140//2656 1821//2652 3587//6339
f 1821//2652 3139//2654 620//3916
f 1822//586 3587//6339 620//3916
f 455//2655 3588//5130 3587//2651
f 4899//6340 3621//2782 1912//6341
f 416//1718 3589//3918 3586//6338
f 3589//3918 620//3916 3139//2654
f 3586//2504 3589//3918 3139//2654
f 1179//6342 456//2658 1178//582
f 3141//2660 3609//2662 3143//6343
f 3609//6344 3142//6345 3143//6343
f 3141//6346 3143//5736 457//1784
f 1179//6347 1178//582 1825//6348
f 3590//1785 1784//552 1150//554
f 188//2731 1784//552 3142//6349
f 3144//2664 4148//6350 1823//5737
f 458//590 455//6351 1827//585
f 1184//2670 1182//6352 1183//589
f 1829//2674 4649//3957 3145//6353
f 4649//3957 2613//3956 3145//6354
f 1828//2681 3146//5739 3591//133
f 3591//133 3146//6355 3291//6356
f 3405//5439 461//3927 3593//6357
f 1834//3834 3592//591 165//2666
f 2675//594 3594//596 1185//6051
f 1185//6358 3594//596 4346//4363
f 4364//597 3595//6359 4006//598
f 4364//597 3596//167 1835//6360
f 3596//167 4364//597 1222//168
f 1839//601 1838//2685 4911//6361
f 2650//2693 1843//628 152//2473
f 211//1507 3148//5740 1845//6362
f 3148//5740 1122//6363 1734//5122
f 1845//5741 1734//5122 4806//6364
f 3407//605 1738//6365 1196//142
f 1232//606 1197//1796 2895//6366
f 1737//6367 2820//6368 4738//6369
f 3149//2696 1195//2516 467//143
f 1200//5332 3408//2697 3598//2698
f 3408//6370 239//668 4445//1832
f 3598//2698 4445//1832 3044//5627
f 468//1834 3599//2524 170//2619
f 1267//5409 1846//4373 2971//609
f 3600//1799 1198//6371 1739//2535
f 1849//4504 3834//4867 3601//6372
f 2854//1185 3601//6372 446//2749
f 2677//1328 1747//2704 1850//6373
f 3602//2626 1852//6374 4475//6375
f 3151//2561 173//2758 1854//2757
f 1853//4959 4722//6376 3150//5132
f 3152//5744 2892//1804 4854//5135
f 2678//6377 4564//3964 4351//3965
f 4198//6378 3294//3948 4654//5304
f 1863//1808 225//249 4198//6378
f 1870//2724 4641//6379 1869//6041
f 4944//5764 3606//6380 4033//4769
f 3607//2727 4944//6381 4033//4769
f 3607//2727 4754//5068 4618//5014
f 2829//6382 3608//5140 439//2606
f 452//5623 482//1236 1871//6383
f 3832//6384 2943//6385 2441//1192
f 3609//2662 1824//2659 1220//6062
f 1220//5626 3412//1822 3609//2662
f 3609//2662 3412//6386 3142//5734
f 3412//1822 3610//3180 1875//627
f 462//559 153//2617 1837//599
f 3611//2736 2564//6387 3155//2737
f 2564//6388 3611//5950 777//4151
f 1229//631 487//6389 773//6390
f 741//6391 3555//2520 1736//6392
f 741//603 1736//6392 1231//2742
f 2677//1328 1850//6373 1851//6057
f 1241//178 1240//177 1883//5628
f 802//207 3612//2755 926//2756
f 244//1445 1881//2747 1885//1873
f 3414//6393 4984//1840 1884//6394
f 473//1914 3152//5744 1302//1913
f 1891//2767 750//4154 2488//4153
f 1893//642 3615//4057 1894//643
f 1895//644 1894//643 3616//5932
f 1890//3963 3617//2771 3614//2770
f 3617//2771 1890//3963 1896//3962
f 3618//5352 1898//3873 492//3972
f 255//1921 1899//645 3054//647
f 3054//2913 1868//2773 226//619
f 3419//6395 3619//6396 258//1949
f 195//160 4215//658 196//657
f 203//1781 454//2657 1912//2781
f 3622//1852 1257//2787 4065//2789
f 4065//2789 500//2788 1917//2906
f 3161//2794 1919//659 232//2791
f 3161//2794 1298//4168 1920//2795
f 1239//2751 3157//2868 266//255
f 3422//6397 1886//676 1277//675
f 3053//1909 1885//1873 3051//6398
f 1887//2812 1246//1842 1300//242
f 1887//2812 3055//259 247//5751
f 3162//5757 2640//5314 4208//4338
f 4306//3992 4807//2818 471//3934
f 508//1879 3624//680 1280//213
f 508//1879 3163//2819 4807//2818
f 3163//2819 508//1879 1279//212
f 3303//681 3349//6399 859//768
f 1857//684 3304//1227 1930//685
f 3304//1227 1857//684 1303//4900
f 1934//6400 4963//2825 3893//5057
f 3625//4160 3432//1965 1937//3952
f 3951//6401 3626//6402 2586//2916
f 497//1848 3419//6403 4211//2833
f 1980//1885 497//1848 2606//2834
f 3627//4061 1940//4169 2597//4062
f 498//6404 1941//3983 4493//6405
f 724//6406 3165//6407 3628//6408
f 3165//692 724//6406 1945//690
f 1948//1255 3166//6409 513//6410
f 1873//2729 3978//6411 3631//622
f 1289//1898 4855//2853 3167//701
f 3633//3988 1955//703 1954//702
f 3634//4771 1952//2848 1956//705
f 4448//6412 1219//2846 1957//2847
f 274//6413 4972//6414 3632//5017
f 205//6415 2898//2908 4566//6416
f 2613//3956 4106//2854 629//6080
f 3635//5921 3636//4037 4567//5922
f 1923//671 3637//4952 860//4581
f 909//5055 1962//2865 2864//1434
f 3168//717 3162//6417 4208//4338
f 1925//6418 174//2869 4747//6419
f 473//2713 1301//6084 221//5539
f 3934//2874 221//1802 1301//6084
f 1964//2873 916//2872 1965//6420
f 3638//2635 1969//6421 1866//6422
f 1866//6423 4214//6424 4062//6425
f 520//1922 3640//5151 255//1921
f 495//5257 3641//3195 1974//5284
f 1976//6426 257//4486 1251//4485
f 3642//6427 1310//6428 523//6429
f 3170//2890 4884//5555 4985//6430
f 1309//1924 3170//2891 3429//2893
f 3170//2890 3299//6431 3417//2892
f 3429//2893 3417//2892 1253//1215
f 4661//1926 3429//2893 1904//2777
f 1253//1215 1904//2777 3429//2893
f 1992//6432 3172//5769 2614//5263
f 2591//6433 1993//1275 3853//4093
f 1329//1956 3645//757 2992//5446
f 225//249 1308//248 3164//5760
f 254//1464 3164//6434 1308//248
f 2550//2912 254//1464 1308//248
f 2698//4616 1320//1946 770//6435
f 3647//2914 3639//6436 4367//6437
f 2004//743 3648//2919 2005//6438
f 4111//747 2008//746 2007//4070
f 526//903 3174//751 2900//6439
f 3649//6440 284//2973 2012//2952
f 2013//2928 284//2953 3649//6440
f 275//2929 2014//6441 2015//754
f 537//2925 3175//756 3649//6440
f 3175//756 537//2925 2014//752
f 3650//2930 2016//755 2051//4308
f 2017//6442 3651//4017 729//4032
f 3652//1958 3645//757 1329//1956
f 3843//5076 2578//6443 4218//5156
f 3645//757 4218//5156 2992//5446
f 3855//1293 4802//5772 3652//1958
f 2015//754 4802//758 4946//6444
f 3057//5638 3653//2935 1335//5639
f 3176//6445 1335//5639 3653//4086
f 1335//5639 3176//2937 3431//6446
f 3176//6445 2020//6447 3431//6446
f 254//1464 2021//1466 3654//6448
f 871//6449 4220//6450 2021//1466
f 1979//760 4986//3189 2022//2940
f 2700//1280 3656//2941 892//5369
f 2814//2943 2038//778 2592//777
f 274//6413 3178//2951 4972//6451
f 1954//702 3177//6452 3633//4010
f 3177//4583 1954//702 3178//5448
f 2025//1484 2993//2955 284//2953
f 289//6453 2027//4081 4958//6454
f 271//1491 2031//6455 798//1492
f 2586//2916 2032//6456 2001//2917
f 2032//5774 4118//5978 2033//2959
f 2034//6457 3656//5298 4986//3189
f 2968//4882 3657//6458 2035//5299
f 3658//4301 1323//4417 3173//4059
f 1324//4416 3173//4059 1323//4417
f 3659//2964 293//1481 3058//5641
f 2040//4307 3650//2930 2051//792
f 3650//2930 2040//6459 4221//1485
f 292//4326 2041//780 3660//6460
f 2559//2974 3661//6461 873//6462
f 538//4085 3057//5638 3434//784
f 538//4085 3434//784 2937//783
f 4609//6087 4222//6463 1339//5775
f 3890//2979 2960//6464 541//4913
f 4072//2981 2046//2977 3662//2982
f 3664//6465 4411//5503 1340//4335
f 2026//6466 3664//6465 542//6467
f 2053//6468 4244//6469 3666//3210
f 3322//1311 2055//4272 810//6470
f 4529//2991 828//2990 840//6471
f 2056//5776 3179//5095 7//1556
f 3066//5421 2056//4194 46//1548
f 297//20 951//22 3936//4708
f 1382//5777 3936//4708 951//22
f 1382//5777 2057//6472 4968//6473
f 990//6136 3667//6474 3368//6004
f 3368//6004 3667//6475 991//2121
f 87//5820 2063//3245 2064//2995
f 2064//2995 4224//3250 992//1590
f 3718//2997 992//2996 1427//3255
f 1433//6476 4450//3003 555//6477
f 3722//3004 555//6477 4450//3003
f 556//3288 3724//3005 3668//1593
f 3724//3005 556//3288 2912//4812
f 3181//3009 4580//6478 3670//3286
f 2068//6479 3671//3300 2069//3297
f 4226//6480 2069//6481 4227//5779
f 3369//1596 2070//6482 994//1594
f 994//1594 2071//5827 560//1595
f 3672//3007 2074//6483 3182//3008
f 2074//6483 3672//3007 562//3306
f 3182//3008 2074//5185 311//3010
f 3375//3017 2948//3016 1010//5103
f 3676//3346 2082//3345 2081//5790
f 3492//6171 4739//6172 2083//3018
f 1473//4807 3677//3020 4762//4808
f 3184//3023 568//3022 3225//6484
f 2086//5791 3225//5792 1478//6192
f 333//6485 4818//2212 2088//3024
f 2089//6486 4822//3027 3228//964
f 4252//3380 4264//3379 4228//6487
f 572//6488 3228//964 4228//6487
f 3746//3038 3496//2243 2093//5543
f 3746//3038 2092//3037 340//6489
f 3090//5685 3752//5204 4813//5203
f 2094//3040 575//2253 1514//3415
f 4249//3042 2096//6490 2097//991
f 3873//5466 4612//4375 2579//3045
f 4089//6491 330//3435 576//3046
f 3896//3049 349//3048 3232//3445
f 661//5357 3187//6492 1522//408
f 3187//6492 90//4130 1525//2274
f 3680//3059 2102//827 2104//6493
f 582//2283 3379//5799 2108//5798
f 2302//6494 4231//3474 2110//1026
f 3188//6495 668//3066 2109//1019
f 3189//6496 583//3073 3943//5164
f 3239//6497 3682//1015 3380//3481
f 2115//834 4620//1035 3190//6498
f 682//1051 3684//6499 4576//4588
f 3685//3083 2803//3082 2638//4497
f 371//6222 2121//836 3191//838
f 2121//836 4234//6500 1586//837
f 589//6501 2125//6502 1062//840
f 2125//6502 1597//6230 4734//3606
f 2124//1061 3192//841 3522//2352
f 3686//3090 1062//840 590//6503
f 2126//5348 3687//3089 357//3510
f 3687//3089 2126//3088 3686//5803
f 3193//3637 384//6504 1621//464
f 2322//5804 1622//3095 365//3542
f 1109//97 2133//3105 158//6505
f 4602//6506 4276//3657 2135//849
f 2136//3108 2134//848 4665//3111
f 3678//3112 4665//850 2135//849
f 1087//1685 3035//6507 1089//77
f 3194//5805 4277//4612 4622//5879
f 3689//3113 2884//5168 391//6508
f 3690//6509 3798//4224 2684//6510
f 1639//851 596//5434 1640//4445
f 4096//6511 3264//3118 3196//5808
f 3390//1690 2140//3121 3195//3120
f 2140//3121 3390//3119 394//3076
f 1643//471 3265//3122 3534//4607
f 3265//3122 1643//471 3195//3120
f 4716//1091 1647//6512 1585//4496
f 598//3123 3691//3703 2141//6513
f 2143//4740 2903//3050 3536//3126
f 3692//3127 3536//6249 2903//3050
f 4502//1770 3539//6514 4623//5883
f 4385//3716 2144//4850 373//3714
f 2146//81 3693//5233 2642//3137
f 603//482 1672//6515 1673//480
f 3391//3753 604//5887 1093//83
f 4101//6516 4453//6262 4452//6517
f 4286//6261 2152//3757 4287//6263
f 3201//6256 1095//6518 3695//3751
f 1095//6518 4287//6263 3695//3751
f 403//1698 3202//3142 1686//5811
f 411//6519 4467//5890 2153//3143
f 369//3078 605//1135 3204//870
f 4280//3800 2158//3148 2159//3151
f 606//2494 4424//865 1115//866
f 4424//6520 606//2494 2160//3809
f 2160//3809 4887//6521 3698//864
f 1115//866 4424//865 3699//867
f 3205//868 2161//3814 3700//3804
f 4375//4858 1731//521 2164//6522
f 418//3824 2164//5525 1731//6523
f 429//5367 2416//5901 2165//6524
f 3704//876 616//4746 615//3763
f 2171//3164 3705//3165 4850//3893
f 617//3166 3206//3168 2172//3169
f 3705//6525 3206//3168 4706//3894
f 3581//6526 1805//3173 413//1137
f 3706//3935 471//3934 1927//4767
f 1927//4767 2775//4529 3706//3935
f 3610//3180 1874//625 1875//6527
f 3418//3182 1905//652 1254//887
f 1905//652 3707//651 2855//886
f 3840//1229 1254//6528 2855//886
f 3207//6529 3931//4615 498//6404
f 2182//890 628//3987 2181//888
f 1261//1858 3421//3185 4624//4253
f 1274//6530 1962//2865 4359//6531
f 3709//6532 3841//4880 2034//6457
f 2034//6457 4986//3189 3709//6532
f 3841//4880 3709//3188 2856//6533
f 2572//6534 2799//723 1973//3194
f 3641//3195 2187//6535 3208//6536
f 2187//4018 3641//3195 495//4019
f 2190//899 3710//4165 1990//900
f 1991//5768 1990//900 3710//6537
f 3711//3204 4313//2936 2194//3205
f 1312//6538 2194//3205 2778//3206
f 2195//4067 4080//6539 4378//6540
f 3712//6541 2196//905 634//1286
f 3209//6542 2053//907 550//6543
f 2200//909 547//4098 2201//910
f 3713//6544 3935//3217 2574//6545
f 1387//3219 3714//6546 3070//3320
f 3714//3221 4082//5410 59//3293
f 1462//6547 78//6548 4625//6549
f 3457//2078 1393//319 1352//318
f 3462//6131 2202//917 4762//4808
f 2202//917 3715//3224 2203//918
f 4508//2114 1420//6550 4582//2112
f 2203//918 3715//3224 2205//6551
f 4247//3260 2205//6551 3715//3224
f 756//3235 3213//3237 1418//2992
f 3213//3237 2207//3238 552//2993
f 3718//2997 4784//6552 3214//6553
f 3718//2997 3214//5819 2064//2995
f 3214//6553 552//2993 2207//6554
f 3718//2997 1427//3255 1428//2123
f 1420//6555 1419//5667 2204//6556
f 70//2115 2204//6557 637//925
f 4891//4810 308//6558 1422//6559
f 2209//4593 2208//3253 3719//3254
f 4373//6560 1424//6561 4436//3243
f 3078//6134 4436//3243 1424//922
f 1424//922 4373//6560 2209//4593
f 3215//6562 2209//4593 3719//3254
f 3368//6004 3719//3254 3465//6563
f 87//5820 3079//2127 2063//3245
f 2215//3265 3720//2128 640//5671
f 2211//371 3468//2131 3338//2133
f 3719//3254 992//1590 3465//6564
f 554//3263 4695//5817 2213//6565
f 2210//3246 3216//3264 2215//3265
f 3720//2128 2215//3265 3216//3264
f 641//2206 1434//4811 2217//5824
f 3470//5670 3217//3267 555//6477
f 2217//6566 3469//2136 4648//2135
f 310//3268 2218//3270 2066//6567
f 3721//6568 3187//6492 661//5357
f 2066//6569 4975//3273 738//2132
f 555//6477 3722//3004 3470//5670
f 3470//5670 3722//3004 640//6570
f 3467//2129 2215//3265 3218//932
f 2215//3265 640//5671 3218//932
f 3722//3004 3218//5825 640//5671
f 4648//2135 2221//3274 2222//6571
f 2221//3274 639//6572 1479//3358
f 3723//3277 2223//3279 2222//6573
f 3219//3280 756//3235 3871//4461
f 1429//2125 3219//3280 3466//2137
f 3219//3280 3871//4461 3870//6574
f 3466//2137 3870//3275 4648//2135
f 3081//378 3220//3287 3476//2150
f 3673//3325 3476//2150 3220//3287
f 3471//3285 3181//6575 3670//3286
f 3220//3287 3670//3286 3669//5826
f 311//3010 2074//6483 2911//3290
f 3472//374 2598//376 2226//6576
f 2598//376 3474//5430 2226//6576
f 561//935 3725//4814 2843//3295
f 2068//6479 2611//4430 1437//4199
f 2228//4197 93//4203 759//1342
f 93//5682 2228//6577 2234//4204
f 2071//6578 1438//3299 560//1595
f 4792//3303 560//1595 1438//3299
f 3473//6579 2229//4599 3221//6580
f 4811//6581 2229//4599 4451//4211
f 3221//3302 2229//4599 2913//3305
f 92//2302 3474//5430 4731//5429
f 3474//5430 92//2292 2226//6576
f 2230//939 3339//1377 1440//937
f 2227//3294 3726//6582 2232//942
f 3672//3007 2073//6583 4509//3311
f 2075//3318 314//6584 2073//5783
f 3369//1596 3475//3313 2070//6482
f 3475//3313 3369//1596 3222//3314
f 2072//4594 3222//3314 3369//6585
f 3727//4431 3330//6586 646//6587
f 3182//3008 3181//6575 4426//3317
f 3471//3285 642//379 2235//6588
f 2235//6588 4426//3317 3471//377
f 4901//6589 3728//6590 2232//942
f 2236//3321 3729//3323 3329//4641
f 315//4131 4748//5450 996//5607
f 4655//4209 1508//944 3496//2243
f 3454//6591 1446//6592 60//2147
f 1504//2240 3730//3418 650//6593
f 4541//5674 648//948 2239//947
f 564//4817 3732//5189 1449//2155
f 3731//5401 3733//5188 3183//5187
f 3734//3334 1450//2153 1449//2155
f 1450//2153 2241//3400 3735//3333
f 1450//5830 3734//3334 4785//3335
f 4785//3335 1435//2138 2624//3337
f 2242//6594 1455//5673 1456//52
f 565//5687 1456//52 1455//5673
f 1465//2173 3482//6151 4497//6595
f 346//2190 3486//6159 3223//6156
f 4229//6596 4810//6158 4645//6597
f 2243//953 3674//6165 2082//3345
f 4086//955 3676//3346 746//4137
f 2244//4842 1011//1605 4074//6167
f 3491//6170 4229//6596 4249//3042
f 1470//6162 3737//3351 3029//4421
f 3737//3351 1470//6162 3492//2201
f 2083//3350 3677//3020 1416//5101
f 2080//5451 1416//5101 1010//5103
f 567//3354 3224//5832 4781//6598
f 3224//6599 4165//2345 2249//3436
f 3738//6600 3946//3356 2086//5791
f 331//4781 2901//5193 2250//5195
f 1014//1609 1013//1608 2250//5195
f 3723//3277 1014//1609 2250//5195
f 4225//6601 2214//6602 4543//6603
f 4543//3359 4600//6604 568//3022
f 2252//6605 3739//3449 2251//5199
f 2252//3361 2251//5199 3740//5548
f 2295//6606 3741//3360 2254//6607
f 3226//5833 2254//1003 3741//3360
f 3973//5158 2253//6608 2765//5159
f 2254//1003 3226//3362 1527//3053
f 3226//3362 2253//6608 4454//6609
f 4230//3452 4840//6610 2255//3453
f 334//3026 2087//3025 3743//3367
f 4733//5835 3743//6611 2087//3025
f 3744//6612 4814//6613 4867//6614
f 91//2208 4008//3370 3744//3372
f 3744//6612 1488//5345 4814//6613
f 2090//3029 3743//3367 4583//3375
f 3743//3367 2090//3029 334//2216
f 2962//3377 4583//3375 2261//3366
f 2600//3489 654//3378 4252//3380
f 2251//5199 3739//3449 1489//5034
f 1491//5342 332//5341 3974//5036
f 1488//5345 3745//5344 4012//5427
f 4012//5427 3745//5344 1491//5342
f 2264//6615 4925//6616 337//2357
f 1602//6232 3229//2224 3524//456
f 3524//456 3229//2224 1604//454
f 1017//6617 4255//6618 2580//3292
f 2821//1638 573//1637 4857//6204
f 4614//970 4811//5161 574//3390
f 3746//3038 340//6489 4168//6619
f 3746//3038 1503//4208 3496//2243
f 3747//975 1505//6620 3089//2241
f 1505//4723 3747//975 1048//4724
f 2270//3398 3748//6621 1559//4834
f 4171//6622 3748//3397 1022//1612
f 3735//3333 1502//3399 3748//3397
f 3735//3333 2270//3398 1506//3330
f 3749//6623 1557//2313 4014//6624
f 1024//2232 4256//3410 3751//2233
f 2274//833 4455//3531 2092//3037
f 2767//6625 2079//820 319//819
f 3090//5685 2767//4824 3752//6626
f 3498//6182 1512//5684 4485//3041
f 3753//3422 4486//987 1517//989
f 575//2253 3753//3422 1515//3421
f 82//6627 1005//1599 4427//6628
f 4259//407 1521//406 4258//3429
f 1581//3433 2282//3426 3230//3570
f 88//2134 3231//3437 2247//956
f 661//5357 4973//3439 2285//1321
f 1524//410 2287//6629 2286//3438
f 4462//4424 662//2418 3754//2420
f 4462//4424 3754//2420 350//3052
f 567//3354 3755//3442 3224//5832
f 3755//3442 567//3354 2286//3438
f 3232//3445 662//2418 4462//4424
f 662//2418 3232//3445 2291//1001
f 1037//5205 4487//3464 1038//6630
f 353//4437 1037//6631 578//5207
f 3757//5681 3741//3360 2295//3475
f 3741//3360 3757//5681 3739//3449
f 3233//6632 578//6633 4429//6634
f 667//5289 4615//1009 2299//1011
f 2294//4601 3504//6194 4487//3464
f 3504//2278 2294//4601 1530//3463
f 3095//3467 579//3469 3680//3059
f 3756//1099 1531//6635 4627//3471
f 1531//6636 2301//4476 666//2280
f 4627//3471 1532//2281 3680//3059
f 4805//3473 2102//827 1532//2281
f 664//1004 1533//5846 2295//3475
f 1533//5846 4430//5844 4858//6637
f 107//3456 3758//3477 2298//3457
f 3758//3477 2105//1012 665//3460
f 3759//2282 3239//6497 582//6019
f 3240//3484 3380//3481 2307//3513
f 2307//3513 3506//6638 3240//3484
f 3240//3484 3506//3516 1535//2284
f 3681//6639 1536//6640 4045//6641
f 1537//3488 1536//6642 654//3378
f 3760//3490 2310//6643 4342//3491
f 668//3066 3241//3065 2312//3500
f 2305//4604 1538//3507 3761//4433
f 670//3502 3242//3504 1538//3507
f 2112//3506 3762//3070 2111//3072
f 3242//3505 2112//3506 2998//3508
f 2307//3513 3682//3512 3763//5397
f 3243//3514 3763//5397 4793//4831
f 2307//3513 3243//3514 3506//6644
f 3506//3516 4935//3515 2644//5499
f 3243//3514 3764//4832 4935//6645
f 4935//3515 3764//4832 3930//6646
f 3244//6647 3765//2297 359//2301
f 4829//6648 3244//3518 1544//3519
f 3244//3518 359//2301 1552//424
f 2315//3520 2317//6649 2316//6213
f 1559//4834 2581//5461 3766//3524
f 3750//2315 2316//6213 3766//3524
f 2317//6649 3766//3524 2316//3521
f 2318//1029 4974//3627 1561//1030
f 3987//6650 4266//6651 2114//6652
f 2114//6653 3767//4836 2837//5464
f 1611//2375 3382//2369 3245//2377
f 3751//2233 3245//2377 3382//2369
f 3514//3528 2273//3529 658//3411
f 3683//6654 3992//3530 3190//835
f 3190//835 3992//3530 4455//3531
f 2321//3535 1511//2249 95//2156
f 3768//6655 674//435 2964//6656
f 343//1641 2320//1074 2276//980
f 2320//1074 343//1641 675//1672
f 2321//6657 3247//6658 3770//6659
f 3247//5858 3515//3538 3770//6659
f 3770//3536 2116//6660 4267//2323
f 3247//3537 95//6661 1460//5676
f 3478//5857 3515//3538 3247//5858
f 321//1036 651//2387 1618//1037
f 3529//3631 2324//3549 2275//6662
f 4554//6663 2325//3096 1568//6664
f 3772//3556 678//4213 3518//3557
f 3772//3556 679//3555 2326//1042
f 4749//1039 3102//1041 3773//3558
f 3773//3558 3102//1041 4549//4212
f 659//3039 3248//6665 2280//6666
f 3249//6667 322//2169 1461//2167
f 2328//1047 3774//6668 1578//1045
f 1578//6669 3519//2339 2327//1046
f 2328//1047 2329//5866 3774//6670
f 585//5465 3774//6670 2329//5866
f 346//2190 2330//3561 3486//6159
f 3736//6160 3486//6159 2330//3561
f 2330//3561 585//5465 2329//5866
f 1580//6671 3093//3571 103//5691
f 2882//3581 3777//3582 3778//5212
f 3777//3582 348//3434 3778//5212
f 3777//3582 3873//6672 2579//3045
f 3873//5466 3777//3582 2882//3581
f 3684//6673 2120//443 4576//1049
f 105//6674 682//3707 586//4426
f 1585//4496 3251//5869 3685//3083
f 3251//3585 2339//5518 3250//3081
f 3252//3589 684//3431 1584//3591
f 3494//3590 3252//3589 1584//3591
f 3494//3590 3779//3592 3030//4936
f 106//2272 4438//6225 2297//6675
f 3253//5227 4753//4738 2340//6224
f 2341//5228 3253//5227 3780//4518
f 2121//836 371//6676 353//4437
f 4271//4784 4326//6677 355//5290
f 2742//6678 4603//5702 4988//6679
f 702//3797 1591//1054 2345//1056
f 1668//3602 3783//6680 687//3603
f 118//2440 3238//6681 1668//2443
f 3784//3617 4098//6682 2347//6683
f 1595//3610 3783//6684 3254//5873
f 119//4572 3785//3613 1596//1062
f 3785//3613 2349//6685 1596//1062
f 2123//3085 690//3614 589//3087
f 589//3087 1597//6230 2125//6502
f 1597//6230 4095//6686 4734//3615
f 357//5349 3687//3089 4396//6687
f 3686//5803 590//6503 1599//1067
f 1598//4499 3786//1068 1599//1067
f 590//6503 3787//6688 1599//1067
f 3787//3619 590//6503 4534//6689
f 1598//4499 3787//3619 3788//3621
f 3787//6688 4534//6689 3107//3620
f 3876//3623 2730//1388 1798//882
f 3790//1753 1743//534 3564//536
f 1743//534 3790//6045 2354//4220
f 3255//3629 4639//3092 2690//6690
f 3255//3629 2690//4609 380//2548
f 3769//3630 2964//6656 2355//1370
f 1080//1673 3034//3633 2320//1074
f 3256//3648 384//2391 676//2390
f 3193//3637 676//2390 384//2391
f 3528//3639 2358//3638 3791//5469
f 2319//3525 677//6691 3791//5469
f 3771//6236 3791//5469 677//3526
f 2359//4620 3792//1675 4846//5220
f 679//3555 3257//3646 2326//1042
f 1083//6692 4591//1676 3548//3647
f 4591//1676 4379//6033 3548//3647
f 3257//3646 3548//3647 1703//2484
f 77//1315 973//6693 3325//6694
f 3326//1334 3325//1081 1110//1080
f 4861//3860 3825//3859 3342//6695
f 3794//5522 3260//5521 1632//3651
f 982//5006 3793//6696 3794//5522
f 982//5006 3794//5522 1466//5005
f 2136//3108 4622//5879 388//3106
f 1632//6697 4665//850 594//3110
f 2134//848 2362//1085 4602//3109
f 4602//3109 3530//3654 4276//3657
f 3258//3652 2364//1130 389//6275
f 4905//6698 3678//3112 2135//849
f 3530//3654 389//6275 4859//3658
f 3273//6274 4859//1082 389//6275
f 694//3781 1633//1084 2365//6699
f 2859//3661 3259//6700 2582//6248
f 3927//2263 3795//441 345//1625
f 1576//5431 4631//3666 4556//3669
f 2575//3668 3796//6701 3797//5876
f 1577//5877 3797//6702 1406//5698
f 4957//5520 3797//5876 4719//3674
f 4719//3674 3797//5876 3796//3675
f 3194//5805 3796//3675 595//5705
f 696//3665 1637//5224 3262//1089
f 3261//1090 390//3117 3532//1088
f 390//3117 3261//1090 2138//3116
f 391//6703 2368//3677 3689//3113
f 3689//6704 2368//3677 3690//6509
f 2368//3677 2369//3679 3690//3114
f 2691//3670 3798//4224 695//2404
f 4776//6705 327//1606 3799//3683
f 2370//5881 696//3665 4632//3664
f 2603//6706 3574//6307 3570//4440
f 4764//6707 1143//6301 2375//6708
f 3264//3118 2375//4439 395//1688
f 3827//3686 1763//6709 3800//3687
f 3266//3688 3800//3687 2377//6710
f 2671//2414 660//2413 2377//6710
f 1763//6709 2984//2585 2378//5371
f 396//854 3197//856 1711//507
f 4398//6711 1711//507 3197//856
f 1711//507 3802//3701 3549//2491
f 3802//3701 1711//507 4398//3699
f 3691//3703 3947//6712 2849//5042
f 599//6253 1657//2426 1651//6713
f 3754//2420 1654//5435 350//3052
f 3803//2421 1653//2419 2850//5043
f 3692//3127 3804//3805 3267//5882
f 373//6714 3782//6715 3268//3715
f 4385//3716 3268//6716 4623//5883
f 3134//581 1815//6717 4988//6679
f 4623//5883 1815//6718 4502//1770
f 3805//6719 1170//1769 1814//4667
f 2384//3721 398//3725 3538//2432
f 3269//6720 4860//6721 2385//3722
f 3551//6722 1660//2433 2385//3722
f 1660//2433 3551//6722 1718//5712
f 1663//479 3540//2434 1718//5884
f 600//6723 3540//2434 1663//479
f 3237//5232 2851//477 117//1098
f 4097//1100 1663//479 1662//478
f 601//4949 3806//6724 704//6725
f 2642//3137 3693//5233 3957//5234
f 688//6726 132//2510 2387//1107
f 2387//1107 132//2510 1721//514
f 1667//4852 705//1692 1725//4743
f 1667//6727 1725//5714 2746//4395
f 2629//3495 2310//6643 602//5710
f 2147//3732 4949//6728 2310//6643
f 2310//6643 3760//3490 2389//1178
f 1780//6729 708//2446 709//2448
f 2390//3496 2629//3492 602//5710
f 2391//1116 1672//6730 603//482
f 1672//6730 401//3743 1673//480
f 1673//480 4282//6731 1674//6732
f 1672//6730 3807//3740 401//3743
f 3270//1113 2149//6733 2392//6734
f 2392//6734 2149//6733 1676//1120
f 2148//3745 3762//3070 4284//3503
f 3762//3070 2148//3745 2999//3071
f 670//6735 3541//5886 4284//3746
f 3809//2453 3542//3750 3271//3752
f 3542//2454 3201//6256 3695//3751
f 3271//3752 3695//3751 4362//3759
f 3694//6736 3809//2453 3391//3753
f 3391//3753 3271//3752 604//5887
f 1681//6260 4101//6516 4052//6737
f 3810//3755 2398//3923 3543//3756
f 1679//6259 3543//3756 2398//3923
f 1679//6259 2398//3923 4950//1180
f 3695//3751 4287//6263 1684//3760
f 1682//2458 2152//3757 2399//3761
f 1700//4180 4467//5890 1699//496
f 409//1704 3697//3144 1696//492
f 3005//3099 1627//3776 1701//497
f 2770//3660 3272//3780 1628//6738
f 3272//3778 2770//3660 3531//2403
f 2155//3842 3203//5813 2400//5242
f 2400//3843 3811//6739 714//2569
f 3812//1162 412//1735 2401//3786
f 3204//3789 4423//6740 369//3078
f 1583//475 681//6741 4172//5896
f 3775//3145 2405//860 4172//5896
f 3775//3145 3581//6526 4240//6742
f 1146//4666 182//1745 3274//1141
f 1768//6743 2923//3694 2379//3695
f 2773//3793 3816//3794 2631//2638
f 3275//3796 3549//3795 2773//3793
f 3275//3796 1146//4666 2407//1140
f 3817//3802 3205//868 3276//3803
f 3205//868 3817//3802 608//6744
f 4904//6745 3276//6746 3804//3805
f 3276//3803 3205//868 3700//3804
f 3804//3805 3700//3804 3267//5882
f 2158//3148 1659//6747 1714//3806
f 1659//3129 2158//3148 4280//3800
f 1714//3806 3582//2641 1715//2493
f 3700//3804 2161//3814 2381//3813
f 3699//867 607//5814 1716//3815
f 4838//1146 607//5814 3698//864
f 1776//2604 4281//5898 4860//6721
f 3551//6722 4281//5898 1719//511
f 2409//3821 439//2606 3818//5478
f 3608//5140 3818//4443 439//2606
f 3819//2497 2145//4530 1116//117
f 417//2508 3277//3827 4440//6748
f 419//6749 3820//1154 2413//3833
f 3820//1154 1834//3834 2412//3828
f 1834//3834 3820//1154 419//6749
f 2410//1150 4843//3835 2164//5525
f 2410//1150 2164//5525 418//3824
f 1151//1752 2695//3832 1789//4860
f 1151//3830 1789//4860 1788//3892
f 4288//1654 4961//3767 4892//6750
f 611//3836 3822//3838 2956//2568
f 3279//3837 3701//5579 3822//3838
f 3701//5579 429//5367 3823//3840
f 3822//3838 3823//3840 2414//3841
f 2165//6751 2853//5046 429//5367
f 1799//3845 3278//5365 2632//6326
f 3278//6752 1799//3845 2415//4231
f 4535//3849 2417//6753 713//3850
f 1161//5244 3879//3852 4737//3851
f 3879//3852 1161//5244 3880//4232
f 4105//1206 2419//1157 4491//1159
f 2419//1157 3824//6754 2420//1158
f 3279//5902 611//6755 2420//1158
f 3824//6754 2421//3936 2420//1158
f 4182//2565 146//2564 2418//3853
f 3280//3858 2966//5563 612//3854
f 2422//1160 3814//3787 2403//1161
f 431//1739 4103//1741 2422//1160
f 1141//1736 412//1735 3812//1162
f 1801//574 3281//1164 157//2716
f 1704//3863 157//2716 3281//5903
f 717//6756 1708//504 2423//3871
f 699//2411 3283//2407 1642//2409
f 1165//119 3826//3876 434//1763
f 613//6757 4058//874 3826//3876
f 613//2588 3827//6758 2425//1169
f 3397//3877 1765//1168 1145//1170
f 4558//3880 2425//1169 3266//3688
f 2426//6759 3828//3883 1777//3154
f 2426//5526 3818//5478 4456//3885
f 4736//5907 3828//6760 4456//3885
f 2386//1179 3760//3490 117//1098
f 2890//5176 1832//6761 2169//3161
f 2169//6762 2397//6763 2151//3162
f 4433//5908 4290//6764 4241//3163
f 763//1788 3302//6765 4950//1180
f 1679//6259 3286//1182 2760//6257
f 1153//1792 167//1750 2430//6766
f 3704//876 2399//3761 4672//6767
f 210//4298 4563//3897 1226//172
f 4563//3898 4862//6768 4562//3895
f 3577//3896 443//560 1792//558
f 2696//720 2432//5252 4565//6769
f 2433//5913 1804//5912 4522//6329
f 4292//6770 2333//3573 4291//6771
f 3288//3904 2774//3903 2436//4866
f 3288//3904 2436//4866 1806//6772
f 2438//6773 3829//3907 1807//5914
f 3829//6774 2438//6773 4295//1188
f 2174//3174 1812//3810 619//6331
f 1810//2642 3582//2641 4294//6775
f 4294//6776 1909//2778 1810//2642
f 619//3175 1811//6332 3583//3914
f 1906//653 3583//3914 1811//6332
f 3137//2644 1820//1190 4296//1189
f 151//3886 3831//1193 1781//549
f 3832//6384 2441//1192 3831//1193
f 3833//6777 1818//4238 4888//6778
f 3589//3918 1723//1195 620//2650
f 458//590 2828//6779 3289//1198
f 4308//4039 206//6780 2613//3956
f 3145//2677 2613//3956 206//6780
f 621//6781 3290//3919 2444//6782
f 206//4038 2443//1222 3290//6783
f 2398//3923 3810//3755 4492//3924
f 1182//134 3591//133 1826//3929
f 3291//3926 1826//3929 3591//133
f 3291//3926 2447//3928 720//3930
f 720//3930 4297//4241 2448//3960
f 4297//4241 3622//1852 1918//3961
f 4806//6364 3578//3931 4862//6768
f 3580//5437 3601//6784 3834//4867
f 3834//4867 1797//6785 3580//5437
f 1797//565 3834//4867 2975//1801
f 3824//6754 3624//680 4306//3992
f 2452//1204 1859//1203 1860//5137
f 3702//3940 1861//1205 4105//3856
f 3824//6786 2419//1157 3624//6787
f 3294//3948 476//6076 3160//3946
f 3570//4440 3295//5918 2603//6788
f 3296//3953 4641//6379 4446//6789
f 3412//6386 1875//627 3142//6349
f 188//2609 3142//5734 1875//6527
f 4351//3965 1890//3963 1893//642
f 253//6790 4302//6791 4153//1945
f 3297//3973 492//6792 2456//1351
f 2457//1354 3297//3973 3835//4158
f 493//4156 3835//4158 2456//1351
f 2432//5252 3298//6793 1804//5912
f 1253//1215 3418//6794 1254//887
f 2459//3977 1254//887 3840//6795
f 4207//3181 3417//2892 3299//6796
f 4985//6797 3830//3915 3299//6796
f 3300//3978 1871//6383 2752//2837
f 3836//3984 727//4002 4673//3985
f 727//4002 3836//3984 2461//1237
f 724//6406 4304//6798 2462//4012
f 4715//1218 4634//6799 4305//4524
f 3302//6765 4635//1790 486//5507
f 2467//1220 3839//3989 1262//6800
f 3421//6801 1262//1221 3839//5931
f 4826//3991 2555//1487 463//1486
f 4807//2818 3303//681 2750//2813
f 1964//2873 3304//1227 2734//2870
f 4673//3985 727//4002 2468//5407
f 197//3998 2469//1234 482//1236
f 3842//1241 202//2647 3628//6408
f 724//4879 3628//4003 4304//6798
f 2184//891 1946//691 4604//6802
f 3629//4007 2472//1244 1949//695
f 1949//695 2471//1240 2470//1239
f 2474//1249 4457//1247 728//3183
f 724//4879 2462//4012 3009//1217
f 2578//2907 3843//5076 4566//6416
f 3307//4015 2833//2785 1914//2784
f 629//5761 4242//1901 4458//4041
f 629//6080 4308//6803 2613//3956
f 3845//4016 276//2933 1995//1261
f 2928//4033 3651//4017 3845//4016
f 3845//4016 3425//1902 4370//4800
f 4370//6804 3425//1902 1292//5929
f 1283//5070 510//2823 4309//6805
f 630//6806 3171//5767 4710//6807
f 1983//4802 2475//4021 4710//6807
f 1987//4006 2477//6808 4863//6809
f 3629//4007 1948//1255 4400//5306
f 3847//6810 4592//6811 3848//5533
f 4387//6812 4934//4164 3847//6810
f 3847//6810 2588//4030 1288//6078
f 2587//6813 3849//4047 764//1400
f 2753//6814 4313//2936 2641//6815
f 3954//4049 731//4892 1921//4050
f 772//2911 3309//4051 784//264
f 3309//4051 772//2911 1999//1266
f 3309//4051 2487//4054 529//265
f 2487//4054 3616//5932 1894//6816
f 3615//4057 2830//2768 4930//5924
f 3173//4059 1324//4416 2972//4060
f 1980//1885 2606//2834 1311//6817
f 3627//4061 3311//6818 2606//2834
f 2005//5153 3648//2919 4434//2894
f 3648//2919 524//2918 3643//5018
f 4434//2894 3648//2919 4787//2895
f 2479//4065 259//1892 1981//2897
f 3312//4069 732//4068 4636//6819
f 2491//4071 4111//747 2007//4070
f 2756//4075 2492//1273 1993//6820
f 2493//4265 534//6821 4378//6540
f 631//6822 3850//5155 2482//5933
f 1332//2945 3851//2921 287//2920
f 4766//6823 730//2905 536//2922
f 3653//2935 538//4085 2641//4084
f 3176//2937 3711//3204 2020//6447
f 2685//3203 2042//5275 3711//3204
f 3711//3204 2042//5275 2020//6447
f 2020//6447 2496//1306 3431//6446
f 3860//6824 3431//6446 2496//1306
f 2023//6825 3852//4088 523//1927
f 1993//6820 2045//1455 3853//4093
f 906//6826 2037//5936 3854//4092
f 3853//4093 3854//4092 2037//5936
f 1328//5636 2589//4090 2500//4189
f 1328//5636 2500//4189 3652//1958
f 2589//4090 3313//5939 2500//4189
f 3313//4190 2589//4090 2498//5937
f 4315//1412 2498//5937 4112//781
f 2498//6827 2589//4090 2497//5556
f 4802//758 3855//1293 4946//6444
f 3320//2932 2503//1294 3308//1263
f 2486//1296 3308//1263 2503//1294
f 3856//4097 2504//6828 3321//4121
f 4372//4105 3857//4102 3315//4099
f 3857//4102 2779//4101 547//4098
f 2936//4104 4712//6829 4382//6830
f 736//1297 3316//4107 4750//1298
f 543//4091 3318//4113 4081//4109
f 3318//4113 4316//1516 3317//4111
f 4316//1516 873//1515 3661//2975
f 3317//4111 3661//6831 2043//782
f 2017//2931 276//2933 3651//4017
f 3320//4096 2017//6442 4244//6469
f 3885//5955 3858//6832 4244//6833
f 3666//3210 4244//6469 3858//4270
f 2507//4114 3859//6834 795//6835
f 3889//6836 891//4279 3859//4115
f 2508//1304 3314//5941 4902//1305
f 3314//5941 2508//1304 2042//5275
f 2042//5275 2508//1304 2496//1306
f 2496//6837 4223//808 3860//6824
f 3321//4121 2504//1295 3859//4115
f 735//4116 3859//4115 2504//1295
f 15//15 3356//6838 4893//4548
f 3440//1988 2509//1312 2619//1313
f 2509//1312 1392//5326 4425//390
f 3861//6839 2058//6840 4908//6841
f 2058//6840 3861//6842 973//1314
f 3327//1339 1410//1318 301//354
f 738//6843 4975//3273 1432//1322
f 739//6148 2236//3321 1451//385
f 3862//1323 4578//6844 4495//1324
f 2511//6845 3324//6846 743//4143
f 4806//6364 1224//4127 1845//6362
f 1052//1336 1029//6027 3325//1081
f 68//6003 963//1563 4588//6847
f 2257//3269 3721//6568 2218//3270
f 3187//6492 3721//6568 90//4130
f 996//5607 995//47 315//4131
f 739//6148 4042//384 316//6848
f 4042//384 4675//6849 4637//6850
f 3863//4136 2517//4135 1472//4897
f 1471//2193 2517//6851 2081//6852
f 3676//3346 2081//5790 3863//4136
f 1471//2193 2081//6852 3489//2195
f 3675//4139 3489//2195 2081//5790
f 1705//4140 386//2397 2361//5470
f 422//6265 3554//4141 3865//1344
f 3556//2521 1840//602 3865//1344
f 1840//602 3556//2521 741//603
f 2518//1395 3866//4284 169//1722
f 1121//1724 2518//1395 169//1722
f 461//3927 2985//5359 4638//6853
f 3866//6854 3867//6855 4791//6856
f 3867//4147 2519//4150 3332//4148
f 4791//6856 3332//4148 4824//6857
f 3332//4148 3611//2736 4200//2735
f 3564//536 4321//1754 3790//1753
f 3424//4157 1284//1352 3835//4158
f 2457//1354 3835//4158 1284//1352
f 3625//6858 4945//6859 4460//5980
f 3868//4163 3015//4162 4932//5181
f 3333//6860 4538//4028 2900//6439
f 3333//6860 2900//6439 631//6861
f 1298//6082 3869//4173 752//4167
f 3334//5953 2032//5774 3626//6402
f 2032//6456 2586//2916 3626//6402
f 3334//5953 3626//6402 1938//6862
f 1940//4169 754//740 753//742
f 4449//4171 2036//4170 4572//4916
f 287//6863 2010//749 3335//1355
f 3335//6864 3712//6865 545//775
f 2495//6866 2521//5954 2494//5956
f 3319//1301 2627//1364 2757//2984
f 4436//3243 2522//4174 4373//6560
f 2221//3274 4648//2135 3870//3275
f 639//6572 3870//3275 3871//4461
f 1423//4178 4086//955 746//4137
f 3464//6867 746//4137 3490//3242
f 601//4949 3872//4794 3017//4544
f 1974//5284 2524//5283 2780//5254
f 4066//6868 3014//4185 2525//4182
f 3313//4190 2499//1411 2615//1291
f 2500//4189 3855//1293 3652//1958
f 2528//5960 737//4123 3337//5961
f 3075//1338 3337//5961 737//4123
f 2062//3247 4542//6869 4951//6870
f 744//6871 317//4210 4626//6872
f 4451//4211 2529//1379 3906//3034
f 1003//1598 4325//5838 100//66
f 3873//5466 2336//4843 4612//4375
f 2327//1046 1644//5053 3534//3560
f 702//3797 4272//1383 3875//4906
f 3874//6873 2919//5215 2742//6874
f 702//3797 3875//6875 2383//3799
f 3876//3623 691//6876 2352//1389
f 2359//4620 3567//2571 4327//4621
f 3567//2571 2359//4620 4846//5220
f 1105//5001 4327//4621 2810//6877
f 1630//6878 3343//1392 2594//4391
f 3343//1392 2366//1391 3259//6700
f 3877//6879 3259//6700 3958//6880
f 4278//3685 2366//1391 3825//3859
f 3690//3114 2369//3679 3878//4225
f 4196//6881 4703//6882 697//6883
f 2390//3497 4114//4230 761//3498
f 2415//5364 3879//3852 2417//6753
f 2417//6753 3880//6884 713//3850
f 1788//6885 4706//3894 2430//6766
f 2430//6766 4851//3167 1835//6360
f 1190//1397 3866//4284 2518//1395
f 4824//6857 2676//2692 4791//4149
f 3866//4284 4791//4149 169//1722
f 1269//202 2658//4243 1270//1864
f 3298//1212 2434//1398 449//3901
f 2437//6886 1807//5914 2439//5968
f 2439//5968 2524//5283 2437//3902
f 2439//5968 3881//4247 2780//5255
f 3881//4247 2439//5968 3829//6774
f 1974//5284 2780//5255 495//5257
f 1921//4050 3882//6887 725//4048
f 3344//4251 725//4048 3882//4249
f 2533//4250 4331//6888 4332//227
f 2466//6889 4332//6890 208//1824
f 2861//1401 2465//5926 2761//1399
f 3838//6891 3883//4254 3301//5925
f 251//1880 267//1881 3416//6074
f 3416//4505 3345//6892 3049//5630
f 1950//889 3884//6893 3630//2901
f 2537//6894 534//6821 2493//4265
f 732//4068 534//5971 2862//5970
f 2707//4264 3011//4064 2493//4265
f 2494//5956 3885//5955 729//4032
f 2618//4269 2934//4095 2539//1441
f 3858//4270 2521//5954 3346//4271
f 2521//5954 3858//4270 3885//5955
f 3346//4271 2521//5954 4314//6895
f 3886//4259 2781//4261 923//1363
f 2480//1402 2776//6896 2781//4261
f 3887//4274 938//6897 3888//4275
f 3888//4275 1306//1429 3887//4274
f 3889//4117 735//3209 3209//1438
f 2543//6898 3889//4117 3209//1438
f 3348//1963 546//1483 889//4280
f 2052//794 2788//1498 805//6899
f 509//1877 3888//4275 2545//2820
f 3888//4275 938//6900 868//6901
f 3406//6902 2546//4288 3867//6903
f 2546//4288 3406//4285 1189//5296
f 4001//4287 463//1486 2935//1488
f 2519//5977 3867//4147 2546//4288
f 3890//2979 849//6904 866//287
f 849//6905 3890//2979 541//4913
f 243//1872 2548//1459 2549//1461
f 4990//6906 874//4915 2551//6907
f 1323//4417 3658//2961 2036//4170
f 3658//4301 2786//6908 4572//4916
f 817//4887 2476//4022 4335//1536
f 3891//6909 1321//4290 807//4920
f 879//4355 4676//6910 806//6911
f 4676//6912 879//4355 2544//4281
f 1966//718 4676//4302 3892//4283
f 1966//718 3892//4283 252//639
f 2040//4307 2051//4308 804//4305
f 2051//792 805//6899 804//4305
f 3976//6913 3891//6909 2787//4325
f 3660//6460 2559//6914 811//6915
f 240//1505 791//1504 880//6916
f 3663//4333 2790//4922 1340//4335
f 3155//2737 2564//6388 783//4349
f 1968//2879 2567//1523 2568//6917
f 3084//4934 4680//6918 3894//4935
f 4346//4363 4415//6919 3014//4185
f 3983//4367 3366//6920 985//45
f 4738//6921 378//6922 1195//2516
f 1824//2661 3895//5748 1220//5626
f 2995//3051 3679//4422 3896//3049
f 3679//6923 1523//409 3896//3049
f 263//5635 2970//6924 1328//5636
f 4650//6925 4112//781 2041//6926
f 4027//62 2571//4358 3377//1616
f 114//55 4864//6927 3104//4550
f 3033//5610 4864//6928 1086//111
f 3525//6929 2576//4370 378//2365
f 3966//4956 2958//2830 1252//2829
f 3898//6930 1274//6530 625//6931
f 3027//6932 3899//6933 54//6934
f 2574//6545 3900//2095 3713//5312
f 1369//2027 954//6935 25//2028
f 3005//3099 1701//497 2797//3782
f 3574//6307 2603//6788 4573//4392
f 1851//6057 470//6071 1210//2750
f 1869//6936 4640//6937 3039//4874
f 483//4008 3901//4883 3153//5528
f 3712//6541 634//1286 2037//5936
f 3679//4422 2995//3051 4090//4423
f 2995//3051 4462//4424 350//3052
f 3535//2417 3002//2416 3902//4427
f 2801//4490 4585//6938 2621//4954
f 3908//5489 2572//4414 1973//3194
f 644//4206 3727//4431 646//6587
f 3761//6939 1538//6940 2113//1014
f 109//1661 3903//4436 1494//965
f 3903//4436 109//2222 1069//1662
f 3904//6941 2583//4907 4004//5561
f 2375//6708 3574//6307 395//1688
f 2794//4932 2380//5497 683//3706
f 3905//5305 2380//5497 3816//3794
f 2584//4381 1672//6515 2391//1116
f 3116//4444 1717//510 2609//3153
f 3610//3180 4147//1821 3635//4448
f 2855//886 3707//651 1908//2779
f 2478//1257 2897//5019 2907//3197
f 1288//6078 2588//4030 514//1894
f 234//6942 4447//6943 731//6944
f 2597//4062 2005//744 3311//6945
f 3460//4457 3923//6946 4470//6947
f 2617//25 3076//4460 3328//1340
f 4532//6948 2263//1341 4730//6180
f 2523//4624 3269//6949 2384//3721
f 46//6950 2056//4194 2932//4195
f 2526//4192 74//289 2939//2010
f 3906//3034 759//1342 2263//6951
f 3341//4465 588//1057 1594//4217
f 1774//2600 3907//6952 2673//4574
f 1773//547 2384//3721 3538//2432
f 2607//1419 3347//1421 753//742
f 2572//4414 3908//5489 899//6953
f 2619//1313 3372//2165 1351//5646
f 1547//2306 1548//6201 1549//4435
f 3909//4502 453//1777 4146//1780
f 3910//4595 997//4779 2628//6954
f 300//4472 3453//6116 2633//6955
f 3388//1681 4726//6026 1084//109
f 1885//1873 3911//6956 3422//1874
f 3428//1920 254//1464 3654//6448
f 2622//6957 3362//1565 967//4474
f 3372//2165 2619//1313 3477//2163
f 1462//6547 4345//6958 78//6959
f 1064//6960 358//6961 1541//451
f 2637//5864 3092//5689 1519//5688
f 1683//1123 3912//2459 1682//2458
f 1774//2600 3398//1749 1771//2603
f 2870//4361 4346//4363 3594//596
f 2634//6962 4346//4363 3014//6963
f 251//1880 3914//4507 250//735
f 3914//4507 251//1880 3416//6074
f 731//4892 2641//4084 2608//4083
f 650//6593 2628//6954 2240//6964
f 4809//3012 4732//6965 2078//3013
f 2305//4604 670//3502 1538//3507
f 3251//3585 3915//4513 2339//5518
f 2638//4521 3779//3592 1584//3591
f 2530//1382 3874//6966 3916//4517
f 3874//4515 2742//6678 3782//6715
f 3916//5500 3782//4516 373//3714
f 3930//6967 1598//4499 2350//4500
f 2341//5228 3967//6968 3801//3698
f 3967//6968 2341//5228 3780//4518
f 2631//2638 3816//3794 2380//6969
f 430//4412 3279//5902 2421//3936
f 3279//5902 430//4412 3701//5579
f 2635//4488 3917//4875 478//4489
f 1913//4525 4148//1896 1289//1898
f 2643//4043 2484//4042 3844//1900
f 3968//4527 2643//4043 1995//1261
f 3918//4652 2718//1601 2669//438
f 295//2000 3919//5318 2663//4570
f 2807//4983 3920//4984 2738//6970
f 1507//4833 4751//3035 1559//4834
f 885//6971 3922//4541 870//6972
f 3110//4542 1627//3776 3005//3099
f 1779//1175 2639//4237 2427//6973
f 3461//6974 3923//5456 70//2115
f 882//5982 241//6975 2569//1528
f 3924//5575 952//1547 953//5285
f 75//35 3925//5328 76//63
f 4498//1597 3364//6010 1001//6976
f 4870//4479 1030//6977 4726//6026
f 1053//1646 2722//4645 2701//1325
f 3926//6978 2728//4659 1125//4986
f 774//4924 4937//2753 775//4350
f 48//5374 50//2006 4349//4566
f 3447//5652 2664//4569 26//4571
f 16//2039 3449//342 3920//4984
f 2973//2085 1383//6979 1395//6980
f 1034//60 3500//2261 2668//4719
f 1341//1969 3927//2263 1032//58
f 1551//2298 3511//6981 4832//6982
f 2143//4740 4350//6250 1652//4741
f 3785//3613 3121//4573 4463//4745
f 2653//132 3576//6315 1782//550
f 3576//6315 2653//132 3399//2611
f 1850//6983 3928//6984 1238//5750
f 2463//4013 4715//1218 628//3987
f 3631//622 1952//2848 2991//623
f 1953//699 3167//701 3632//5017
f 4855//2853 3632//5017 3167//701
f 3641//3195 2681//724 1974//5284
f 1982//5021 4693//5020 4581//4803
f 1434//4811 91//2208 1433//6476
f 3990//950 3910//6985 2628//6954
f 2233//3312 3765//2297 1543//3517
f 1061//6986 3929//4848 372//2428
f 3758//3477 2346//3611 4015//6987
f 368//2336 2575//3668 1577//5697
f 1638//6988 2370//5881 3799//3683
f 2671//2414 2377//6710 2692//3690
f 4143//1747 3284//2586 1165//119
f 3826//3876 1165//119 3284//2586
f 3951//6989 1939//2831 3626//6402
f 3836//6990 3931//4615 2461//1237
f 2489//5274 257//4486 1976//6426
f 3857//4102 4372//4105 2936//4104
f 1452//2157 4675//6991 2702//2158
f 857//6992 3657//6993 2708//6994
f 2519//5977 2783//4912 777//4151
f 919//6995 4650//6996 292//4326
f 3860//4630 2712//807 835//4353
f 2736//4689 3932//6997 959//6095
f 3059//2079 959//6095 3932//6121
f 3364//6010 66//300 82//6627
f 4580//6998 3668//1593 993//6999
f 2717//46 3329//4641 995//47
f 3183//5187 4697//4780 4732//5787
f 96//1577 4498//7000 1002//5609
f 1015//5793 2719//3383 1016//5035
f 2722//4645 4500//1649 3389//4654
f 405//4987 2647//5321 4381//4359
f 2646//4549 3918//4652 2669//438
f 2701//1325 2722//4645 3862//1323
f 3389//4654 3862//1323 2722//4645
f 2802//7001 3819//2497 1116//117
f 3603//7002 2729//4379 3394//4663
f 3396//1732 1084//109 4726//6026
f 3404//6050 2950//4939 3584//6334
f 2796//4491 3584//2646 2950//4939
f 3041//7003 1188//1791 2870//4361
f 2820//6368 360//2366 4738//6921
f 360//2366 378//2365 4738//6921
f 3410//4537 178//106 175//5617
f 1241//7004 4032//7005 1209//6067
f 1275//4563 4359//7006 2548//4564
f 916//7007 3934//2871 279//6083
f 4367//6437 531//4683 520//1922
f 1975//1966 3433//4159 1336//1493
f 3962//7008 3027//4690 2716//4640
f 947//1543 3441//1995 1348//1980
f 1366//312 3443//4699 44//6113
f 1366//7009 44//6113 58//5424
f 2739//7010 83//6104 4039//5664
f 33//7011 3935//3217 948//7012
f 296//7013 3936//4708 3179//5095
f 3359//5994 1388//6117 3455//5958
f 2973//2085 1395//6980 302//2142
f 2686//5454 3460//4457 3937//369
f 3460//4457 2616//2105 3937//369
f 2702//2158 4675//6991 72//6094
f 3480//4714 3479//7014 4752//7015
f 2904//1127 3749//6623 4728//7016
f 1509//978 317//4210 2917//3406
f 3932//6121 3500//2261 4465//2077
f 2668//4719 3932//6997 2736//4689
f 3932//6121 2668//4719 3500//7017
f 116//4519 3094//4721 1035//4508
f 3094//413 116//4519 3780//4518
f 580//5843 1533//5846 4262//4603
f 3098//2289 4829//6648 1544//2290
f 2820//6368 1545//418 360//2366
f 3103//7018 3481//2171 1463//393
f 1408//4365 3105//2338 1407//5699
f 683//3706 2380//6969 3905//5305
f 1589//5531 3017//7019 707//3822
f 3523//447 2883//2354 133//2356
f 4196//6881 697//3678 1642//7020
f 3989//7021 2924//3697 3947//6712
f 604//5887 3938//1119 3200//5809
f 3546//2539 2726//1703 407//7022
f 3559//7023 2930//4483 3560//7024
f 3561//5125 2812//5124 3006//2537
f 1135//4751 142//2383 1615//461
f 3939//2648 4146//1780 2605//2649
f 3302//6765 3595//5508 3287//1181
f 4564//3964 2678//4757 3533//2408
f 1816//5733 452//5623 1871//6383
f 4928//5951 1179//6347 1825//6348
f 1229//7025 773//7026 2565//632
f 3940//4759 1194//1795 928//2741
f 3409//7027 4895//7028 4943//7029
f 4907//7030 4204//4484 3928//7031
f 4204//4484 4907//7030 3911//6956
f 1883//7032 4032//7033 1241//7004
f 4032//7033 1883//5628 4517//2556
f 496//4765 3941//4766 1772//4873
f 1775//2601 1900//2774 1902//5395
f 1902//5395 1901//4948 4366//655
f 3942//1527 4203//4126 2832//1530
f 2458//1211 4330//5049 493//4156
f 2460//5545 1943//7034 1944//2839
f 3634//4771 516//2850 4711//4035
f 516//2850 3634//7035 1956//705
f 279//6083 3934//2874 1301//6084
f 3312//4069 2755//1268 2007//4070
f 2481//1259 2756//1272 2591//4074
f 3654//6448 530//7036 4821//7037
f 1337//4775 540//2942 3177//4583
f 3659//2964 3335//1355 293//7038
f 3319//1301 2757//2984 549//286
f 3223//6156 1470//6162 326//4420
f 2994//5514 569//5194 2901//5193
f 4793//4831 3943//5164 2902//7039
f 2684//3115 3798//4224 2691//3670
f 704//6725 3872//4794 601//4949
f 2890//5176 2169//3161 2170//880
f 2183//4797 2761//1399 3708//3187
f 3883//4254 3708//3187 2761//1399
f 2763//4526 2779//4101 2946//7040
f 633//4103 2685//3203 1312//251
f 3210//916 636//3338 2909//5183
f 3937//369 3716//7041 4582//2112
f 3472//374 1495//2227 2912//4812
f 2069//6481 4226//6480 2068//6479
f 3945//4816 2843//3295 3725//4814
f 3369//1596 1439//3391 2072//4594
f 3921//3331 4696//5038 2758//4778
f 3462//3223 2245//3347 1413//7042
f 3029//7043 3737//3351 2080//7044
f 3946//3356 331//4781 2086//5791
f 3738//3357 1478//6192 4613//2273
f 1478//6192 3738//3357 2086//7045
f 2251//5199 3974//5036 332//5341
f 1491//5342 3974//5036 4530//7046
f 3498//3414 2767//4824 3090//7047
f 2844//7048 319//7049 4839//7050
f 105//6674 3493//3444 2288//5840
f 3241//3065 4805//3473 2311//4722
f 3764//4832 4793//4831 2314//5217
f 4396//5517 3687//3089 4275//1066
f 1599//1067 3787//6688 1598//4499
f 1612//881 3876//3623 1798//882
f 4629//1032 1562//1034 4643//7051
f 3789//4837 3767//4836 2114//7052
f 1613//5519 2690//6690 4639//3092
f 4622//5879 2136//7053 3260//5521
f 3800//7054 1763//6709 2378//5371
f 2377//7055 3800//7054 2692//3690
f 3947//7056 1649//3696 2849//3704
f 1649//3696 3250//3081 2338//3705
f 3994//4855 3199//3135 2642//3137
f 2584//4381 3807//3740 1672//6730
f 3938//1119 4362//7057 3004//1117
f 1700//4180 1699//6272 757//2480
f 1713//3801 2383//3799 2159//3151
f 3550//3818 4490//1147 4633//5915
f 1730//7058 4102//7059 4274//1065
f 4375//4858 2164//7060 3007//877
f 3948//6304 1756//5351 2372//4862
f 2167//3866 3572//2578 4953//7061
f 2168//5174 1758//6306 2373//5175
f 4558//3880 742//7062 3323//4863
f 4279//7063 4558//3880 3266//3688
f 3286//1182 617//3166 2172//3169
f 2943//6385 3832//6384 4658//7064
f 3950//4870 3008//3944 252//2875
f 2453//5319 3295//5918 2178//5249
f 477//1807 721//3941 1967//2880
f 496//4765 3917//4875 2635//4488
f 3917//7065 496//4765 1772//7066
f 258//1949 3951//7067 1322//739
f 3951//7067 258//1949 3619//4947
f 1322//739 3951//6401 2586//2916
f 498//6404 3931//4615 1941//3983
f 1922//1223 3952//7068 4690//7069
f 2697//3994 2751//2814 2030//766
f 217//764 2640//5314 4376//3995
f 482//1236 2752//2837 1871//7070
f 483//7071 3953//1242 3901//4929
f 3953//1242 483//5553 2472//1244
f 3307//4015 3843//5076 1959//4014
f 2479//4065 4466//7072 259//1891
f 2776//2987 2480//1402 2048//2985
f 4115//4256 3305//4888 3884//4889
f 3305//4888 2473//5930 3644//2902
f 3884//4889 3644//2902 3630//2901
f 3839//3989 1997//4772 1263//5509
f 764//1400 3849//4047 725//5969
f 2753//7073 4377//7074 2778//3206
f 2753//7073 2641//6815 3954//4893
f 3851//2921 1332//2945 1331//1960
f 2020//6447 2042//5275 2496//6837
f 4023//7075 49//7076 3356//7077
f 2876//7078 324//2182 3955//5557
f 2835//745 2597//4062 3956//4902
f 1940//4169 3956//4902 2597//5154
f 4449//7079 2862//5970 4952//5972
f 2754//7080 2862//5970 4990//6906
f 3788//3621 3521//1385 2531//4214
f 3101//3543 3904//4908 2846//3544
f 3688//5167 4621//5223 3958//7081
f 729//4032 3885//5955 2017//2931
f 4244//6833 2017//2931 3885//5955
f 3613//1835 2747//2754 926//2756
f 2835//745 3956//4902 3959//4911
f 3956//4902 753//742 3347//1421
f 3959//4911 3347//1421 2972//4060
f 3642//1426 3852//7082 931//1427
f 3852//4088 3642//1426 523//1927
f 3960//2967 2592//777 2039//779
f 3908//5489 2784//4161 899//6953
f 3426//209 1276//208 812//5149
f 511//5074 3961//7083 770//5073
f 4381//4359 2791//1723 405//4988
f 2736//4689 3962//7008 2668//4719
f 2668//4719 3962//7008 344//1622
f 2672//4368 2595//4397 618//4411
f 3901//4929 2793//4928 3153//5528
f 456//2658 4991//7084 3895//5748
f 2770//3660 3894//4935 1634//3659
f 3894//4935 2770//3660 3897//4840
f 2795//4393 3963//4501 163//129
f 3899//6933 2736//4689 959//6095
f 26//333 3964//328 30//7085
f 1249//4506 3048//4946 1888//4763
f 2759//7086 2119//996 586//1050
f 3903//4436 1549//4435 656//3387
f 3871//4461 2065//5104 639//6572
f 3957//5234 748//4904 2938//5373
f 2673//4574 3907//6952 2523//4235
f 3907//6952 183//648 1168//1766
f 541//4913 3960//2967 849//6905
f 3965//7087 849//6904 3960//2967
f 3966//4956 2801//4487 257//4486
f 3103//7018 1573//2331 3481//7088
f 1590//2495 1589//5531 707//2496
f 4712//7089 2899//4890 4382//6830
f 2769//4514 3030//4835 3779//3592
f 2803//7090 3967//4520 2769//7091
f 116//4519 2769//4514 3967//7092
f 3968//4527 3856//4097 2763//4526
f 1995//1261 3308//1263 3968//4527
f 1218//5415 3969//5486 204//5532
f 3872//4794 748//4793 2804//4531
f 1063//4970 2805//4972 3381//4971
f 101//3423 3918//4652 2725//4651
f 166//3831 1151//1752 189//1751
f 159//101 3410//7093 175//98
f 3964//328 2663//4570 3919//5318
f 3964//328 3919//5318 53//326
f 3545//2472 2650//2693 152//2473
f 870//6972 3922//4541 4220//7094
f 530//7036 3922//4541 4755//7095
f 191//145 3942//7096 4992//4995
f 2809//4996 3386//2370 1077//2376
f 4410//5492 2812//5124 140//4403
f 2813//4378 4737//3851 3394//5615
f 294//294 2874//5082 2792//7097
f 4799//7098 35//7099 4789//4547
f 1033//59 345//7100 4942//7101
f 3501//3564 4269//2265 4942//7101
f 3970//7102 3502//7103 4511//2181
f 3144//2664 3588//5130 1181//1197
f 4138//2384 1131//2709 3602//2626
f 4971//7104 1925//678 4747//6419
f 3642//6427 2513//5361 1310//6428
f 3643//5018 2834//2898 4787//2895
f 2897//5019 3171//7105 2610//5308
f 2873//803 3971//7106 3655//7107
f 1560//6215 2837//5464 3683//6654
f 948//3216 3713//3215 2840//3214
f 2876//5028 4386//5030 3484//5387
f 3484//5387 4386//5030 1394//3222
f 1436//936 561//935 2843//3295
f 3222//5828 2914//4606 2233//3312
f 2223//3279 3723//3277 641//2206
f 3723//3277 2250//5195 3972//5033
f 641//2206 3972//7108 2845//2207
f 2253//5549 3973//5158 4454//7109
f 2962//3377 1490//7110 4723//3376
f 150//4853 2925//1106 1667//4852
f 4673//3985 2856//7111 1941//3983
f 3425//1902 3845//4016 3975//5052
f 1995//1261 3975//7112 3845//4016
f 253//1944 2858//4894 2488//4153
f 2933//5966 3341//4465 2590//2348
f 1934//6400 3893//5057 3976//7113
f 789//4331 3971//5023 856//802
f 3971//5023 789//4331 3663//4333
f 2841//1562 3955//5029 963//1563
f 2866//1628 1038//6630 4232//4602
f 1075//2371 2809//4996 2825//2372
f 3977//5066 3044//7114 1234//1829
f 4524//4898 1164//7115 3604//5393
f 505//672 3156//638 469//637
f 4383//1895 1287//698 4389//4579
f 3978//5072 4389//4579 3631//622
f 4494//1932 3623//2799 3979//1933
f 3430//1948 2976//5280 511//5074
f 4154//7116 537//2925 2012//2952
f 2873//803 3058//5641 814//1367
f 3980//5083 113//7117 2720//57
f 2939//2010 4025//1567 4122//7118
f 3935//3217 2662//7119 2574//6545
f 1382//5777 3358//1557 3179//5095
f 4868//5091 4122//7120 972//5100
f 3981//6012 62//2255 2909//5183
f 325//2185 3485//2189 2877//4715
f 3227//2219 2915//2221 2255//3453
f 1023//7121 338//1613 1017//7122
f 3374//6153 3970//7102 4511//2181
f 3970//7102 3374//6153 3378//2262
f 2878//2288 1066//1659 123//2294
f 2881//7123 3103//7018 2721//7124
f 3982//5112 1573//2331 2881//7123
f 3982//5112 1575//7125 1574//5331
f 3983//4367 2868//5113 1408//7126
f 3485//2189 4966//2188 2868//5113
f 370//7127 1586//837 4753//5226
f 4030//6235 1609//2382 2825//2372
f 2826//7128 4607//4827 4819//3726
f 2885//2449 1674//6732 4584//3139
f 1099//1657 404//2686 1100//1700
f 1752//5119 2811//4999 2810//6877
f 1713//3801 3817//3802 700//6252
f 3560//7024 2930//4483 2886//4655
f 2886//4655 3561//5125 1123//4656
f 2984//2585 1763//6709 1764//4614
f 1688//5128 123//2294 376//1660
f 3140//2656 3588//5130 1823//5737
f 1832//6761 4393//5177 1831//3921
f 3984//1797 467//2518 4936//7129
f 1849//4504 3601//6784 2854//1185
f 3150//5132 2891//5131 1853//4959
f 1212//5134 2892//1804 1856//1803
f 4435//2630 2893//2629 4598//7130
f 3608//5140 162//5139 3818//5478
f 3044//7114 3977//5066 1123//4656
f 3283//2407 1757//7131 2896//5144
f 3617//2771 1897//1210 490//2766
f 3056//5637 4067//2800 263//5635
f 1259//1857 3979//1933 3623//2799
f 836//239 3169//5762 2952//240
f 3162//5757 3168//717 4747//7132
f 3162//5757 4747//6419 1926//5315
f 2541//4320 4395//7133 1975//7134
f 929//1425 2513//5361 3642//7135
f 3054//647 226//619 3647//2914
f 3605//621 3647//2914 226//619
f 2900//7136 3174//7137 631//7138
f 3850//5155 631//6822 3174//751
f 3843//5076 4218//5156 2871//7139
f 3985//759 2871//5075 4218//5156
f 2015//754 1327//753 2871//5075
f 3986//5157 2058//6840 1051//61
f 1415//7140 551//3230 3212//5337
f 2912//4812 312//7141 4948//7142
f 993//6006 557//1592 3669//5826
f 563//2139 3669//5826 557//1592
f 3991//5197 2765//5159 2901//5193
f 1482//394 4825//7143 4865//2214
f 2836//3032 4451//4211 3906//3034
f 3943//5164 583//3073 2902//7039
f 3987//6214 2837//5464 1560//6215
f 2837//5464 3987//6214 2114//6653
f 1579//439 1056//5222 4478//7144
f 3982//5112 4587//5165 1575//5390
f 1575//7125 4587//5165 3688//5167
f 3688//5167 3988//5560 4621//5301
f 3947//6712 3691//3703 3989//7021
f 3691//3703 598//3123 3902//4427
f 3989//7021 3902//4427 370//7127
f 3808//3744 1093//83 2148//5810
f 626//7145 3709//6532 3620//2776
f 3709//6532 626//7145 2856//6533
f 650//3394 3730//5186 2628//6954
f 3990//950 2628//7146 3730//5186
f 3732//5189 3733//5188 2076//816
f 2076//816 1449//2155 3732//5189
f 3990//950 2918//3417 2844//951
f 636//3338 4085//949 2909//5183
f 1456//52 3981//6013 2242//3339
f 3972//7147 569//5194 2997//5196
f 569//5194 3972//5033 2250//5195
f 2251//5199 332//5515 3740//7148
f 2994//5514 3740//5548 332//5341
f 3973//5158 3946//3356 652//3355
f 3973//5158 3991//5197 3946//3356
f 2844//7048 2918//3417 3752//5204
f 667//5289 2299//1011 2687//1013
f 2837//7149 3992//7150 3683//6654
f 367//2325 2879//2327 3517//3546
f 1567//5537 3517//3546 2879//2327
f 2846//3544 1567//5537 2879//2327
f 2846//3544 4642//7151 1572//5538
f 3778//5212 348//824 2759//4786
f 3929//4848 3993//5214 1587//4849
f 3786//1068 3930//7152 3764//4832
f 3930//7153 3786//1068 1598//4499
f 4735//7154 2356//7155 4721//4931
f 3792//1675 593//1677 1624//7156
f 3795//441 3927//2263 1056//5222
f 698//5350 596//7157 2371//3682
f 370//5471 4753//7158 3989//7021
f 3253//5227 2341//5228 2924//3697
f 2850//5043 4724//7159 700//6252
f 700//6252 3803//2421 2850//5043
f 3692//3127 3267//3812 599//7160
f 4502//1770 3805//3718 3539//3128
f 3756//1099 3237//5232 1531//6635
f 3693//7161 705//1692 1667//4852
f 2938//4854 3003//3729 3994//4855
f 1675//3742 3995//7162 671//3509
f 119//4572 4926//7163 2963//7164
f 3912//2459 1683//1123 3004//1117
f 3121//4573 2395//1125 1152//1124
f 3996//7165 2882//3581 3778//5212
f 4341//5498 3996//5241 3019//5211
f 2956//2568 3822//3838 2414//3841
f 2853//3844 2414//3841 3823//3840
f 3823//3840 429//5367 2853//5046
f 2424//1165 1898//3873 3618//5352
f 2177//3942 2178//5249 1213//614
f 3614//2770 2830//2768 3615//4057
f 723//5554 4786//5256 3881//4247
f 3881//4247 4365//3906 723//5554
f 3840//1229 4894//7166 4989//7167
f 1941//3983 2856//6533 626//7145
f 3662//2982 4115//4256 765//2980
f 729//4032 3651//4017 2928//4033
f 4370//4800 2928//4033 3845//4016
f 4596//4910 4466//7168 2707//4264
f 484//7169 4312//4451 2857//4450
f 4000//5295 3172//5769 2857//7170
f 1995//1261 2643//4043 3975//5052
f 2485//7171 2899//4890 3646//7172
f 2183//4797 1313//5270 2587//4046
f 2908//4055 3310//4056 4930//5924
f 3998//5360 1977//5547 2513//2887
f 3331//5279 2930//4483 3559//7173
f 930//5180 3998//5179 929//1425
f 1933//1250 3423//1883 1283//5070
f 4494//1932 2198//1373 2497//1374
f 2527//5310 4401//1555 2526//4192
f 1410//1318 737//4123 3336//1319
f 3519//5288 2859//3661 2327//1046
f 2859//3661 2582//6248 1644//472
f 3999//5294 2417//6753 4535//7174
f 2417//6753 3999//5294 2415//4231
f 3344//4251 2861//1401 764//1400
f 1189//5296 4001//7175 3350//1490
f 4001//7175 2935//1488 3350//1490
f 4002//7176 2035//5299 857//6992
f 293//1481 545//5300 848//7177
f 2049//7178 3655//2946 3971//5023
f 84//44 3983//4367 985//45
f 1175//127 4003//5529 4145//123
f 4755//7179 4367//6437 4981//7180
f 1179//6347 2894//7181 4991//7084
f 2894//2730 1179//7182 1218//5415
f 4928//5951 1218//5415 1179//6342
f 2945//5111 3982//5112 1574//5331
f 1207//2478 3547//6270 625//5558
f 4587//5165 2881//7123 4004//5561
f 2721//7124 4004//5561 2881//7123
f 683//3706 3905//5305 1650//5041
f 3802//3701 1650//3700 3905//5305
f 4831//4452 4000//5295 2857//4450
f 46//1548 2932//4195 953//5285
f 2880//2326 367//2325 678//4213
f 1027//5585 2940//4985 19//16
f 4130//7183 4611//7184 4360//4695
f 3388//4480 1084//109 1085//1680
f 4828//4717 1023//7121 4026//6011
f 3913//4503 186//126 3963//4501
f 121//1653 135//1663 154//91
f 3919//5318 295//2000 1357//306
f 3256//3648 3110//4542 2132//3649
f 2918//3417 2278//3419 4813//5203
f 2304//1384 667//5289 2687//7185
f 2904//1127 4178//6269 2852//1128
f 3696//4539 2852//1128 4178//6269
f 4565//6769 2433//7186 4293//3909
f 4539//3212 4018//5571 23//4565
f 4415//6919 3413//1855 2525//4182
f 215//1868 624//1432 2595//4397
f 4922//1955 4154//1954 2012//7187
f 2871//7139 1327//753 1959//4014
f 1343//4364 3439//1985 1342//1989
f 1360//7188 20//5086 3456//5327
f 999//2174 3456//5327 20//5086
f 17//5989 3354//7189 3924//5575
f 3986//5157 3925//24 4893//4548
f 324//2182 2876//5028 1006//2183
f 1067//73 2883//2354 4681//71
f 3947//6712 2924//7190 1649//3696
f 1123//4656 3598//2698 3044//5627
f 3598//2698 1123//4656 3561//5125
f 3285//1171 448//7191 1166//120
f 2829//6382 4754//5068 3608//5140
f 4754//5068 1173//5138 3608//5140
f 1900//2774 1771//6313 3941//4766
f 4421//5335 3941//4766 1771//6313
f 725//4048 3849//4047 4377//7074
f 1415//7140 3212//5337 4593//7192
f 3212//5337 2816//5102 3463//5338
f 4593//813 3463//5338 1473//4807
f 2994//5458 2901//5193 2765//5159
f 3763//5397 584//5163 3943//5164
f 1344//291 3210//916 2909//5183
f 3945//4816 2611//4430 2068//6479
f 2997//5196 4008//3370 2845//2207
f 4008//3370 2997//5460 3745//5344
f 4607//4827 4402//4828 4134//7193
f 2902//7039 583//3073 1539//5235
f 3993//5214 1061//7194 1588//6223
f 2335//3579 3948//6304 2372//4862
f 4521//7195 2941//1346 2451//1348
f 3952//7068 4919//7196 4826//3991
f 484//7169 4387//7197 3848//5533
f 3847//6810 3848//7198 4387//7199
f 2488//4153 2929//4634 1892//5536
f 3874//4515 4326//5362 2919//3594
f 3877//6879 4621//5223 2594//4221
f 2165//5047 2416//5901 3999//5294
f 3278//5365 3999//5294 2416//7200
f 3656//5298 2034//6457 2035//5299
f 4712//7201 2936//4104 2193//253
f 1819//5266 4009//5591 201//5268
f 531//4683 4755//7095 2806//7202
f 2604//1771 4145//123 4003//7203
f 968//1564 1372//1566 2947//1972
f 1131//7204 1132//494 4010//6292
f 3393//5382 4010//6292 1132//494
f 480//2726 2949//4681 2950//7205
f 2950//7206 1173//5138 480//2726
f 4754//5068 480//2726 1173//5138
f 3427//1912 1302//1913 4011//5384
f 473//5540 3427//1912 1301//6084
f 8//2041 4158//2036 1359//2042
f 1399//2091 3352//5389 3458//7207
f 3352//5389 1399//2091 4752//7015
f 1691//7208 404//2686 1601//4728
f 2998//3508 584//5163 2113//1014
f 3682//1015 2113//1014 584//5163
f 3191//838 4409//3693 1587//3692
f 2961//4877 1944//2839 3207//5399
f 2996//5400 3207//6529 1944//7209
f 1453//2159 3731//5401 4809//3012
f 1566//2318 3768//436 1049//3534
f 3768//7210 2964//1071 3769//3630
f 119//4572 1596//1062 672//7211
f 2965//5523 3995//5236 1675//3742
f 3995//5236 2965//1118 2963//7212
f 2967//1167 3282//3872 2424//1165
f 3834//4867 1205//5414 2975//1801
f 2479//4065 1981//2897 2969//6085
f 2735//4686 3013//7213 2505//5276
f 3448//1540 944//1539 3353//2002
f 4698//984 4257//2239 1050//1640
f 1125//4986 2974//5333 3926//4660
f 3563//2543 3926//4660 2974//5333
f 4010//6292 427//2554 1131//7204
f 2894//2730 204//7214 485//2728
f 1273//1869 265//1866 2542//1870
f 247//5634 4011//5384 1302//1913
f 4011//5384 247//5634 863//258
f 3021//4776 3979//7215 502//2796
f 2947//5420 1343//4364 2573//2088
f 948//3216 29//3213 35//5650
f 2978//322 33//5087 1367//5649
f 960//2076 1393//7216 1394//5542
f 2574//6545 2662//5661 4794//5659
f 3459//5423 1404//2104 58//5424
f 1417//4462 756//3235 1418//2992
f 4012//5427 4667//5428 1488//5345
f 4667//5428 2261//3366 653//3369
f 3096//2293 4731//5429 1540//7217
f 3097//1378 1540//7217 4731//5429
f 1574//5331 3927//2263 1341//1969
f 1583//444 2120//443 2337//7218
f 1608//489 4013//1669 1074//429
f 1623//3540 3528//3639 3791//5469
f 1654//5435 3804//3805 3692//3127
f 3544//2474 1691//7208 2954//7219
f 1154//608 3558//2526 3599//7220
f 3558//2526 4137//6283 3599//2524
f 2427//6973 1818//7221 3833//7222
f 3939//2648 3913//4503 4146//1780
f 3405//5439 4406//6052 461//3927
f 2987//5136 3568//2717 1751//7223
f 1861//1205 475//1875 1928//679
f 486//5507 3301//5925 4006//598
f 3422//1874 1242//5394 1886//676
f 2989//3719 1907//5754 1909//2778
f 3949//7224 2442//7225 3289//1198
f 1901//4948 2958//2830 1939//2831
f 500//2788 1329//1956 2992//5446
f 3178//5448 2993//2955 1337//2954
f 2047//1458 4072//2981 2960//6464
f 4368//1246 4408//7226 4457//7227
f 3180//2994 4982//3234 1418//2992
f 3330//4133 313//4815 315//4131
f 4748//5450 313//4815 3725//4814
f 3694//85 1094//84 2150//3741
f 1473//4807 2202//917 2059//814
f 3923//5456 2204//6556 70//7228
f 2219//1320 4975//3273 2218//3270
f 1449//2155 2076//816 3734//3334
f 4770//815 3734//3334 2076//816
f 4014//6624 1557//2313 3750//2315
f 3189//3074 2112//3506 2111//3072
f 3992//3530 3767//4836 3514//3528
f 3873//6672 3001//3580 2336//4843
f 2339//5467 2794//4932 683//3706
f 118//2440 2343//2442 3806//7229
f 3254//3598 4015//7230 2346//3611
f 4015//7230 3254//5873 2106//7231
f 2143//4740 2995//3051 2903//3050
f 1654//5435 3692//3127 2903//7232
f 600//2435 4097//3724 1664//2437
f 2343//2442 3003//3729 3806//7229
f 3818//5478 2426//6759 2408//7233
f 4016//5484 2972//4060 3347//1421
f 2969//4066 1981//2897 3643//5018
f 3559//7023 2980//1668 3331//5279
f 4013//1669 3331//5279 2980//6285
f 1976//727 3010//7234 2489//5274
f 2505//5276 3869//4173 4151//7235
f 2417//6753 3879//7236 3880//4232
f 852//2866 243//1872 2549//1461
f 3842//1241 3016//4372 202//2647
f 2635//4488 3966//4956 1252//2829
f 681//6741 1583//475 4514//2427
f 1641//3157 1756//5351 4184//3865
f 2634//6962 207//4184 2985//5359
f 3422//1874 3911//6956 1242//7237
f 3019//5211 1060//4425 4341//5498
f 1060//7238 3019//5211 2759//7086
f 3916//5500 3875//4851 4272//1383
f 3875//6875 3916//5500 373//3714
f 2950//4939 3404//6050 1173//5138
f 179//5722 1213//7239 4300//3951
f 752//4167 3021//4776 502//2796
f 181//3882 3639//6436 3647//2914
f 2806//7202 886//799 1321//7240
f 3977//5066 1736//5065 3555//2520
f 3179//7241 3936//4708 1382//5777
f 3200//5809 3938//1119 1675//5474
f 151//3886 3833//7242 3831//1193
f 3833//7242 151//3886 2427//6973
f 486//5507 3595//6359 3302//6765
f 2580//3292 2624//3337 3944//1591
f 2963//7212 2965//1118 2395//1125
f 3007//877 4843//3835 616//4746
f 2793//4928 4003//7203 3153//5528
f 1185//1786 2634//6962 4406//6052
f 3930//6646 2350//4500 2308//7243
f 3848//5533 3969//5486 484//7169
f 3023//5064 3525//2364 139//6323
f 485//2728 3978//5072 1873//2729
f 98//2333 3980//5083 2720//57
f 3980//5083 98//4643 2792//7244
f 2841//1562 960//2076 4386//5030
f 3108//5114 4606//7245 1070//1665
f 3827//3686 613//6757 1764//4614
f 3984//1797 1844//2694 2895//6056
f 1892//5536 1891//2767 2488//4153
f 3169//5762 1276//5631 507//7246
f 331//4781 3991//5197 2901//5193
f 2093//3036 342//2247 2274//833
f 4897//7247 3208//7248 2187//4018
f 3208//3196 4897//7247 3015//4162
f 3740//5548 2765//5159 2253//5549
f 2765//5159 3740//7148 2994//5458
f 4431//5891 2964//6656 674//435
f 599//6253 3267//3812 1655//474
f 3994//4855 2388//3731 3199//3135
f 3012//3015 3955//5029 324//2182
f 4299//3939 3703//5562 749//4227
f 3336//1319 737//4123 2528//5960
f 215//1868 719//4576 2674//4577
f 618//4369 4461//7249 3547//6270
f 3898//6930 3547//6270 4461//4398
f 3959//4911 1324//4416 2835//745
f 2721//7124 3904//4908 4004//5561
f 612//3854 2966//5563 3702//3940
f 958//7250 3453//6116 3445//2023
f 4713//5567 163//129 199//128
f 208//1824 3052//5572 231//1823
f 3869//4173 1298//6082 4151//5277
f 4006//598 3301//5925 208//1824
f 4017//5580 883//260 528//262
f 2806//7251 1321//4684 531//4683
f 3854//7252 851//1457 906//6826
f 1961//2856 2560//4152 880//4329
f 22//7253 4018//5571 25//2028
f 4007//4975 23//4565 4018//5571
f 2807//4983 4007//4975 4590//2037
f 4014//6624 4171//6622 4815//7254
f 3112//7255 161//2599 3538//2432
f 2634//6962 3014//6963 207//4184
f 3052//5572 1223//169 231//1825
f 1888//7256 4019//7257 1249//4506
f 3914//4506 1249//4506 4019//5573
f 161//2599 1773//547 3538//2432
f 1862//3943 3950//4870 224//5250
f 4971//2811 2952//240 507//7246
f 4856//7258 2452//1204 1860//5137
f 3022//7259 3745//5578 2997//5460
f 2845//2207 4008//3370 91//2208
f 234//6942 731//7260 2608//5309
f 706//1104 4713//5567 185//1149
f 4713//5567 706//1371 150//4853
f 3701//5579 3024//5313 429//5367
f 528//262 2534//4258 4017//5580
f 224//4282 3950//4870 3892//4283
f 215//1868 2674//4575 214//1867
f 2617//25 2515//4458 4470//6947
f 2942//5317 4019//4763 1888//4763
f 2675//594 166//3831 189//1751
f 186//126 200//125 3963//4501
f 3377//1616 1027//5585 64//288
f 9//5985 3065//345 4020//7261
f 4020//7261 61//5325 1372//6001
f 4848//6110 4417//7262 3067//347
f 4417//7262 9//7263 4020//7261
f 3067//5588 4020//7261 1372//1566
f 2647//5321 135//89 121//1653
f 220//7264 3411//1846 222//7265
f 230//193 4021//5593 3154//5590
f 4009//5591 3154//5590 4021//5593
f 261//7266 4021//5593 230//193
f 278//1934 539//5597 4151//7235
f 197//4927 482//1236 2793//4928
f 4003//5529 452//5623 2604//1771
f 452//5623 4003//5529 2793//4928
f 4596//4910 4021//5593 261//7266
f 201//5594 4596//4910 4469//4909
f 4022//7267 2538//4268 794//7268
f 280//1476 4022//5600 794//1494
f 4022//7267 280//277 2534//4258
f 68//6003 4024//1587 961//1559
f 2599//4419 3029//4421 2080//5451
f 4026//6011 1017//7122 4948//7142
f 1035//4508 4028//7269 3030//4835
f 1064//453 1065//1658 4029//1655
f 2848//2379 4030//5115 1077//2376
f 4032//7033 1208//5718 1209//6067
f 1232//606 190//175 3407//7270
f 517//1831 1235//176 1236//4312
f 1267//5409 212//2858 1268//1533
f 4034//236 244//1445 3053//237
f 4152//252 1313//5270 2193//253
f 234//6942 1314//5584 4035//1935
f 234//6942 4035//1935 1297//1905
f 234//6942 1330//4453 1314//5584
f 870//7271 4220//6450 871//6449
f 4036//2058 1380//2057 1375//6108
f 4605//2059 1375//6108 1380//2057
f 1396//358 1398//4124 2717//46
f 4037//5605 1400//2092 1401//7272
f 1405//6129 3074//5663 4039//5664
f 1409//364 3367//365 3459//5423
f 4040//2126 1429//2125 1430//6138
f 4437//5778 4866//5782 1441//3309
f 964//2084 4041//2143 1444//934
f 3482//6151 4043//7273 999//2174
f 1497//972 1498//5201 4896//7274
f 1020//50 4044//2236 1493//7275
f 336//1611 1020//50 1493//2237
f 1536//6642 1537//3488 4045//3487
f 4046//7276 1040//7277 4993//2287
f 1556//428 4047//430 339//6212
f 1580//6671 680//1650 1581//3433
f 1542//448 4048//1656 1066//1659
f 4049//6242 1638//6988 1639//851
f 3543//3756 4051//7278 4052//6737
f 4052//6737 4051//7278 1681//6260
f 1703//2484 1106//5000 4758//7279
f 2811//4999 4756//7280 4758//7279
f 4179//1132 4289//7281 4054//7282
f 1723//1195 4055//1717 1722//2499
f 1737//7283 4195//5742 4056//6037
f 4617//7284 4518//7285 4180//677
f 1754//2576 4057//2573 1142//7286
f 4058//2587 1765//1168 718//7287
f 4480//2593 1766//1172 1148//2591
f 1767//6310 4820//7288 4059//2596
f 1794//2618 4060//6322 1793//561
f 4062//6425 1865//7289 1866//6423
f 4689//7290 1852//7291 427//2554
f 4475//6375 4063//2761 1158//7292
f 2990//7293 1914//2784 1916//5755
f 4064//7294 1914//2784 1915//5015
f 4066//6868 1260//2793 4725//7295
f 1929//2815 1304//2816 1278//1876
f 1969//1918 4214//7296 1866//7297
f 500//2788 4067//7298 3056//5637
f 4069//2923 1326//271 2026//6466
f 2029//2957 4070//7299 4750//1298
f 1333//2971 1334//1422 2038//778
f 2046//2977 4072//2981 2047//1458
f 1414//2109 309//3226 2060//7300
f 4073//7301 4998//7302 4544//7303
f 4074//6167 3675//4139 3674//6165
f 4680//7304 4808//7305 4075//7306
f 4076//6241 1639//851 2139//853
f 1094//84 4283//6254 4077//3141
f 4283//6254 2149//6733 4077//3141
f 3815//3079 4423//6740 4644//7307
f 2158//3148 4078//3150 2159//3151
f 1830//2676 4079//878 2176//3178
f 2170//880 2176//3178 4079//7308
f 525//2903 4647//7309 4526//748
f 2197//1283 543//7310 4081//4109
f 4083//5106 4695//7311 554//3263
f 2223//3279 2217//5824 4648//2135
f 314//7312 4774//3319 2231//7313
f 314//7314 4866//7315 559//7316
f 2225//3284 4084//3327 1390//3328
f 4085//7317 648//948 2242//3339
f 1481//7318 4251//7319 4759//7320
f 4251//7319 570//7321 4759//7320
f 2271//976 4087//3408 4088//3405
f 4087//3408 2271//976 2917//3406
f 4955//7322 2276//980 3246//3632
f 2243//953 747//4176 4089//6491
f 4544//7303 4089//6491 747//7323
f 4090//4423 2288//5840 577//7324
f 1537//3488 2600//3489 4091//1024
f 3088//1025 4091//1024 2600//3489
f 681//6741 4092//7325 2334//7326
f 4235//7327 4093//3605 2348//3597
f 4102//7059 4094//7328 4274//1065
f 4094//7328 688//7329 4095//7330
f 4274//1065 4095//7331 1597//6230
f 2848//2379 2351//3624 4236//2380
f 4238//7332 1700//4180 2355//1370
f 2771//4861 2372//4862 698//5350
f 2139//853 393//7333 4704//7334
f 4704//7334 4847//7335 2374//7336
f 4096//6511 2375//4439 3264//3118
f 4096//6511 4683//6303 1755//4407
f 1656//475 4092//7325 681//6741
f 4092//7325 1656//2425 2382//3713
f 2387//1107 4098//6682 688//7329
f 709//2448 4584//3139 4100//3138
f 2397//6763 4101//6516 2151//3162
f 1768//6743 2379//3695 2157//3147
f 4102//7059 1730//7058 4909//3829
f 4182//7337 2418//3853 611//3857
f 3571//7338 4103//1741 4519//4406
f 4193//7339 2428//3887 1785//553
f 1832//6761 2397//6763 2169//3161
f 4104//3891 2396//3748 1786//2614
f 4295//1188 1813//1187 4871//3905
f 4105//3856 1928//679 2419//1157
f 2179//883 4537//2855 4106//2854
f 1902//5395 1903//649 1775//2601
f 1261//1858 4107//1789 2446//3922
f 4307//1243 1987//4006 1986//1232
f 2185//893 4567//7340 632//4036
f 4309//1251 2186//3192 2563//1252
f 4995//5408 4310//7341 4355//4631
f 1951//7342 4108//4029 2482//5933
f 2483//5269 4109//3201 2192//3200
f 4110//7343 1305//246 2454//3968
f 80//1552 4317//7344 4023//1553
f 2234//4204 4113//4207 2268//4205
f 602//5710 4114//4230 2390//3497
f 4571//1537 2781//1403 779//4260
f 919//6995 4117//1413 4650//6925
f 4869//5273 522//7345 4118//5978
f 4117//1413 919//7346 890//1442
f 4034//236 2711//4629 2710//1446
f 2711//7347 4034//236 875//238
f 4201//1463 893//1405 2709//7348
f 826//4306 546//1483 2040//6459
f 4119//244 1245//4314 2557//4318
f 4120//1524 2567//7349 1968//2878
f 74//289 4121//1568 4025//1567
f 4121//1568 62//7350 3363//1569
f 971//2258 4659//2089 4874//7351
f 4025//1567 4817//7352 4122//2011
f 4123//1580 306//1579 4161//5660
f 553//2110 4124//7353 4784//7354
f 1392//5326 4160//2176 4425//390
f 1013//3021 4125//1610 568//3022
f 4126//2230 1019//49 4127//2231
f 1021//51 4127//2231 1019//49
f 1019//49 4128//2235 1020//50
f 4129//1614 338//7355 1023//7356
f 3377//1616 4130//7357 1027//5585
f 1041//1631 1040//6021 4677//6206
f 1553//6203 4131//6205 362//7358
f 4131//6205 1553//6203 2821//1638
f 1058//3075 2838//3077 4132//1652
f 4132//1652 4133//1651 1058//3075
f 372//7359 4134//7360 1061//7194
f 121//1653 4288//1654 4381//7361
f 358//6961 1064//453 4048//1656
f 4048//1656 4029//1655 1066//1659
f 4029//1655 1065//1658 376//1660
f 337//3388 377//6231 1068//455
f 1029//1333 4135//1678 77//1315
f 1051//64 77//1315 4135//1678
f 4876//1648 100//66 3035//7362
f 4137//6283 4195//5742 1738//6282
f 1131//2709 4138//2384 1132//494
f 431//1739 1140//113 1142//7363
f 4103//1741 4139//1740 4652//7364
f 1144//4551 4573//4392 1760//7365
f 3041//4672 1153//1792 1188//7366
f 4142//5620 432//1738 1163//2634
f 4143//1747 1165//119 4144//2721
f 1167//121 4144//2721 1165//119
f 1176//4938 453//1777 3909//4502
f 1177//1778 4146//1780 453//2653
f 1187//6053 1186//5438 419//6749
f 167//1750 3041//4672 189//1751
f 4031//6267 152//2473 1191//139
f 2178//5249 4300//3951 1213//614
f 4147//1821 1219//2846 4448//6412
f 1230//629 4503//1828 464//1793
f 465//2689 4194//2691 1231//2742
f 4795//7367 4801//6327 1250//640
f 4148//6350 4746//2663 1256//2851
f 499//5147 3622//1852 4329//7368
f 1258//7369 502//2796 1259//1857
f 1267//5409 1268//1533 4320//4677
f 215//1868 1272//1863 1273//1869
f 4760//7370 250//5574 268//1940
f 4149//1884 3423//1883 2976//5280
f 234//7371 1297//1905 4447//6943
f 1299//4682 4447//6943 1297//1905
f 4151//7235 2733//1928 278//1934
f 4152//252 1312//251 2778//3206
f 1297//1905 4035//1935 278//1934
f 4035//1935 1314//5584 285//5583
f 1318//1947 4153//1945 1319//1353
f 4154//1954 1327//7372 537//2925
f 2872//1961 1331//1960 1332//2945
f 4812//5943 4155//4687 1338//5942
f 21//7373 22//5570 4156//7374
f 4159//7375 4880//7376 1360//7188
f 4472//2066 967//4474 3026//6125
f 33//7011 2978//322 4718//7377
f 4158//7378 8//2041 4941//2038
f 1375//6108 952//1547 4412//4636
f 1381//5092 1378//2062 2636//4706
f 42//5377 962//7379 4939//7380
f 1386//2021 3453//6116 300//4472
f 4788//6120 4159//7381 1360//7188
f 1392//5326 999//2174 4160//2176
f 966//359 3361//4125 1398//360
f 4037//5605 1401//7272 51//1573
f 4038//2096 306//1579 1402//2178
f 81//361 4161//5660 1403//7382
f 87//5820 4162//7383 3079//2127
f 4040//2126 3079//2127 4162//2124
f 4040//2126 1430//5672 3720//2128
f 4160//2176 4043//7384 566//821
f 1465//7385 4043//2175 3482//6151
f 86//1317 4164//4134 987//1586
f 4165//2345 3224//7386 3493//7387
f 3493//3444 105//6674 4165//2345
f 3030//4936 4028//7269 1475//7388
f 1475//2202 3494//3590 3030//4936
f 568//3022 4125//1610 1479//3358
f 1490//7110 2962//3377 4012//7389
f 4730//6180 1493//2237 4167//3384
f 93//4203 1500//5683 1492//398
f 1500//397 4127//2231 1021//51
f 4127//2231 1500//5683 4168//2229
f 1019//7390 1046//2234 4128//2235
f 4128//2235 1501//2310 4044//2236
f 1501//2310 4128//2235 339//6212
f 4044//2236 108//2309 4166//3385
f 108//2309 4044//2236 1501//2310
f 340//6489 4126//2230 4168//6619
f 1500//5683 1503//4208 4168//2229
f 1513//7391 3090//5685 4813//7392
f 4653//7393 4169//7394 1517//7395
f 1518//2257 4653//7393 1519//2329
f 1518//2257 3092//7396 971//2258
f 3500//2261 3378//2262 3483//5386
f 577//7397 1523//409 3679//4422
f 2309//1028 4045//3487 669//5853
f 4419//1630 4857//6204 1546//426
f 1073//7398 4047//430 1074//429
f 4171//6622 2581//3523 3748//3397
f 4882//7399 1560//6215 4619//7400
f 4619//7400 1563//431 1565//433
f 4554//6663 1568//6664 4999//7401
f 1583//444 4172//7402 1582//442
f 684//3431 4173//4498 1584//3591
f 1592//959 2743//961 4701//7403
f 1605//2367 360//2366 4677//5010
f 2825//2372 1609//2382 3037//7404
f 4053//7405 1616//2385 142//2383
f 693//2406 1636//2405 2363//3655
f 1636//2405 4175//4226 4906//7406
f 2744//4737 1646//2412 2671//2414
f 397//2430 4664//2429 3112//2431
f 1666//1102 2826//5012 4819//3726
f 4176//3133 4098//6682 4479//3134
f 4051//6258 1680//3758 1681//7407
f 1680//3758 4051//7278 2760//6257
f 4178//6269 2904//1127 4728//7016
f 1132//494 4138//2384 1698//495
f 4053//7408 142//2383 1135//4751
f 4757//6048 143//7409 385//5221
f 4756//7280 4179//7410 4758//7411
f 4758//7279 4054//7412 1703//2484
f 4054//2482 1705//4140 128//1043
f 4886//7413 1730//7058 375//3084
f 1071//7414 4056//7415 406//487
f 4056//6037 1071//7414 1737//7283
f 1208//7416 1748//3770 156//2476
f 428//4960 1133//6295 1749//7417
f 173//2758 4617//7284 4180//677
f 4617//2559 4181//2563 4518//7285
f 2956//2568 4182//2565 611//3857
f 1751//7418 4441//7419 4598//5719
f 179//5722 1753//2572 4188//2574
f 4188//2574 4057//2573 1754//7420
f 1753//7421 4139//1740 4057//2573
f 4057//7422 431//1739 1142//7363
f 2404//7423 4184//5171 3948//6304
f 4185//7424 2332//3567 4520//4748
f 3125//1748 4186//2595 1147//7425
f 4140//2592 4186//2595 4692//2597
f 4186//2595 1767//6310 4059//2596
f 4692//2597 4059//2596 1768//6743
f 1770//544 161//2599 1769//545
f 3828//3883 4187//2608 1777//3154
f 3129//5729 4181//2563 1799//3845
f 4435//2630 3395//1760 1800//572
f 432//1738 4142//5620 1754//2576
f 3638//2635 4189//576 180//7426
f 4189//576 3293//2582 180//3947
f 2438//6773 4707//7427 451//3176
f 4490//1147 4838//1146 1808//2640
f 1810//2642 3707//651 1906//653
f 1826//3929 722//3959 2828//6779
f 1184//2670 1183//589 4190//2672
f 1827//585 4190//2672 1183//589
f 4190//7428 164//584 4685//2506
f 4191//3754 1832//6761 1831//1200
f 188//2609 1833//7429 4193//7430
f 4192//2679 4193//7430 1833//626
f 4192//2679 460//2673 2176//3178
f 4290//6764 4523//7431 2170//880
f 1842//2690 2986//2802 4194//2691
f 4194//2691 1841//604 741//7432
f 1738//6365 4195//5742 1196//142
f 4351//7433 474//2769 1858//1202
f 392//4758 4196//6881 2678//7434
f 1863//1808 4198//7435 4197//2719
f 181//3882 1864//616 4062//6425
f 1867//2723 4144//2721 1167//121
f 4144//2721 1867//2723 4688//2720
f 4199//5443 1167//121 448//620
f 1230//629 466//2734 1228//6063
f 4200//2735 1228//1827 466//2734
f 1233//635 4201//7436 1879//200
f 4202//174 240//1505 468//1834
f 191//145 4203//4126 3942//1527
f 624//1432 4727//4399 4461//7249
f 4358//4678 4689//7437 427//2554
f 1884//4761 4063//2761 4475//6375
f 4206//3971 3618//7438 492//3972
f 3619//4679 1901//4948 1939//2831
f 1905//652 4207//3181 1906//3913
f 1916//7439 4064//2852 4746//2663
f 3420//6075 3161//2794 232//2791
f 207//4184 4066//4186 3997//7440
f 4066//4186 501//4248 1260//2793
f 4068//670 489//2803 908//1435
f 2640//5314 472//568 2450//3993
f 475//1875 1929//2815 1278//1876
f 4209//7441 1930//1226 519//1938
f 497//1848 4211//2833 2606//2834
f 4211//2833 1940//4169 3627//4061
f 4064//7294 1915//5015 4855//2853
f 4797//2867 4414//6069 852//2866
f 3934//2874 1964//2873 2734//2870
f 1931//686 4209//2822 1966//718
f 4213//2881 1967//2880 1968//2878
f 4120//1524 1967//2880 224//5250
f 3639//6436 4214//7296 4981//7180
f 4215//658 1980//1885 481//5013
f 184//4979 4215//1886 481//5013
f 1985//4001 4216//1254 727//7442
f 2992//5446 4218//5156 2578//2907
f 4110//1267 876//281 518//247
f 1308//248 4150//2882 2000//1471
f 542//6467 2011//7443 4069//2923
f 2011//7443 4528//7444 1994//732
f 3654//6448 4220//6450 530//7036
f 4958//6454 2011//7443 542//6467
f 2013//7445 4221//7446 2025//2972
f 1339//5775 4070//7299 2044//785
f 291//273 4070//7299 2029//2957
f 2052//7447 2016//755 3665//7448
f 548//811 786//7449 4222//6463
f 747//4176 1425//2119 4073//7450
f 2063//3245 4224//1588 2064//2995
f 4225//7451 2065//5104 554//3263
f 4226//6480 2843//3295 3945//4816
f 4227//5779 4437//5778 558//7452
f 3181//3009 311//3289 4580//6478
f 1454//818 318//2160 4839//7050
f 4228//6487 1015//7453 4252//3380
f 4229//6596 2096//5693 4249//3042
f 2101//3056 4230//7454 2099//7455
f 2102//827 4231//3474 2103//3060
f 2866//7456 4232//4602 4352//3055
f 2689//7457 2116//6660 3770//3536
f 4235//7327 2122//1058 1593//6226
f 2122//1058 4235//7327 587//2444
f 4236//2380 2127//3093 691//6876
f 4671//3100 2131//3101 2132//847
f 4237//3103 1054//1645 4369//7458
f 4467//5890 1700//4180 4238//7332
f 2154//7459 4239//3848 713//3850
f 4239//3848 3203//7460 2155//3842
f 2405//860 4240//6742 2156//861
f 4078//3150 606//2494 1115//7461
f 4078//7462 1115//866 608//3152
f 4686//2512 3120//6279 609//3825
f 4886//7413 4536//7463 1730//7058
f 4702//3086 4886//7413 375//7464
f 4050//4447 2839//3158 393//7465
f 4241//3163 2151//3162 4285//7466
f 4851//3167 4706//3894 3206//3168
f 402//3171 1680//3758 2760//4864
f 4371//3202 4109//3201 2762//3191
f 1313//5270 4243//3207 2587//4046
f 4243//3207 1313//5270 4152//252
f 4080//6539 2195//4067 4647//7467
f 2198//1373 4081//4109 734//4454
f 2199//906 4244//6469 2053//907
f 2816//919 2910//7468 3375//3017
f 2205//6551 4247//3260 4245//5818
f 309//3226 2203//7469 4918//3233
f 4162//7383 87//5820 2207//3238
f 4651//7470 104//7471 4246//7472
f 2213//3261 4246//7472 104//7471
f 4695//5817 4245//5818 2212//929
f 4247//2107 2212//929 4245//5818
f 4246//3258 2212//929 1474//928
f 2214//3262 2213//3261 104//7471
f 2214//3262 4225//7451 554//3263
f 2222//6571 2223//3279 4648//2135
f 1429//2125 4162//2124 2206//3236
f 2071//7473 4227//5779 2069//3297
f 4041//2143 302//2142 3370//48
f 4163//2148 649//2151 1448//2152
f 1447//382 4163//2148 4540//3324
f 2238//7474 3733//5188 3731//5401
f 4084//3327 649//2151 4163//2148
f 4084//3327 1446//6592 3454//7475
f 1445//380 4085//7476 636//3338
f 4497//6595 4778//7477 2667//2179
f 4086//955 747//4176 2243//953
f 4248//7478 3491//7479 4249//3042
f 310//2998 4759//7480 2257//3269
f 1489//5034 4336//4402 1016//5035
f 572//962 4254//7481 2089//7482
f 4532//6948 4730//6180 4531//7483
f 4166//7484 108//2309 1603//2358
f 338//1613 4255//3401 1017//6617
f 2267//3389 656//3387 1549//4435
f 1497//972 1548//7485 3509//1633
f 4255//3401 2241//3400 2624//3337
f 4087//3408 2917//3406 4323//3409
f 4813//7392 2277//979 1513//7391
f 4257//2239 2278//3419 1504//7486
f 2275//7487 4956//3548 4955//981
f 1025//6183 3753//3422 4169//6184
f 1517//989 4169//403 3753//3422
f 4259//407 3230//3570 2282//7488
f 4089//6491 576//3046 328//3343
f 4544//7303 4763//7489 4089//6491
f 4260//5841 1588//6223 4487//3464
f 2296//6176 2297//6675 3233//6632
f 4230//3452 1480//1006 333//6485
f 4261//7490 665//3460 2299//1011
f 580//7491 4262//4603 1529//3466
f 2103//828 4231//3474 2302//7492
f 4015//7493 2106//7231 4885//7494
f 2109//1019 2108//5798 356//3069
f 4263//7495 1535//2284 2107//7496
f 4233//3064 4264//3379 654//3378
f 4091//7497 4858//6637 4045//6641
f 666//2280 4546//3494 2311//4722
f 2312//3499 2311//4722 4265//3493
f 4546//7498 4265//3493 2311//4722
f 4265//3493 2390//3497 2312//7499
f 672//2353 4926//7163 119//4572
f 4974//3627 4266//4610 3987//6214
f 4619//7400 1565//433 4882//7399
f 4488//7500 1565//7501 4267//2323
f 2115//834 2274//833 342//2247
f 321//1036 3515//3538 3478//7502
f 78//6959 4548//5704 4625//7503
f 4669//1038 4547//7504 2689//7505
f 4267//2323 2116//6660 4488//7500
f 2323//3559 1571//2328 111//988
f 3773//3558 4268//3547 3248//6665
f 2280//5860 2323//3559 2281//986
f 2331//3562 4269//2265 585//5465
f 4133//1651 4473//2343 1059//5210
f 347//3425 2332//3567 660//2413
f 4185//7424 4279//7506 2332//7507
f 4270//411 351//6175 4779//412
f 2345//1056 4272//5501 702//3797
f 107//3456 4701//7403 2346//3611
f 4273//3604 4873//7508 4734//3615
f 2348//3597 4093//3605 374//3132
f 4273//7509 2347//7510 4093//3605
f 2347//6683 4273//3604 4734//3615
f 2347//6683 4176//3133 4093//3605
f 4176//3609 2347//6683 4098//7511
f 690//3614 4274//1065 1597//6230
f 4095//6686 688//7329 3784//7512
f 381//1671 1078//74 1614//460
f 4138//2384 1614//460 1698//495
f 1617//2389 4548//5704 3256//5703
f 4547//7513 676//2390 3193//3637
f 1081//5468 3791//5469 2358//3638
f 2135//849 4276//3657 4905//7514
f 2095//7515 4905//6698 1634//3659
f 388//1086 4277//4612 2367//7516
f 4847//7335 2921//7517 2374//7336
f 2374//7336 2368//3677 391//6703
f 4096//6511 1755//4407 4764//6707
f 394//3076 1058//3075 2140//3121
f 4278//3685 3825//7518 3571//4405
f 3196//5808 4683//6303 4096//6511
f 4353//4608 3534//4607 3265//3122
f 660//2413 4279//7506 2377//6710
f 4668//4791 1520//405 4259//407
f 1520//405 4668//4791 4716//1091
f 1520//405 4489//1093 4699//2270
f 4291//6771 4092//7325 2382//3713
f 2144//4850 4280//3800 2383//3799
f 4860//6721 3551//6722 2385//3722
f 4479//3134 4098//6682 2387//1107
f 1674//6732 4282//3736 4994//7519
f 151//3886 1783//551 1670//2447
f 4077//3141 2149//6733 3270//5885
f 2149//6733 4283//6254 1676//1120
f 3808//3744 4284//3503 3541//5886
f 711//2450 4285//7466 1677//6255
f 1679//6259 4950//1180 3286//1182
f 2152//3757 4286//6261 1680//3758
f 4287//7520 2152//3757 1682//2458
f 2963//7521 2395//1125 3121//4573
f 2402//1134 4289//7281 4179//1132
f 4289//7281 4775//7522 386//2397
f 2156//861 4240//6742 413//1137
f 4480//2593 4692//2597 2157//3147
f 1768//6311 2157//7523 4692//2597
f 1591//1054 4374//7524 4724//7525
f 4432//7526 2630//3717 4294//6775
f 4432//3807 4294//6775 3582//2641
f 2411//3826 3552//1152 2412//3828
f 132//2510 4094//7328 4102//7059
f 2675//594 1187//6053 166//3831
f 1803//873 718//2589 1865//7289
f 1869//6041 1148//2591 1766//1172
f 188//2609 4193//7430 1785//553
f 2397//6763 1832//6761 4191//3754
f 1786//2614 2396//3748 2394//5475
f 2429//3890 442//3888 2428//3887
f 4290//6764 2428//3887 4193//7430
f 1789//4860 610//2514 2163//3155
f 2333//3573 3132//6330 3581//6526
f 450//4865 4292//7527 2436//4866
f 1807//5914 3288//3904 4707//7427
f 4293//3909 2433//7186 450//4865
f 4294//6775 2630//3717 2989//5480
f 451//3910 4295//1188 2438//6773
f 4207//3181 3299//6431 3583//3914
f 205//6415 3949//7224 722//3959
f 4297//4241 4329//7368 3622//1852
f 2421//3936 3824//6754 2449//3933
f 4298//3937 2449//7528 3706//3935
f 4299//3939 1858//1202 2452//1204
f 4573//4392 2603//6706 1760//7365
f 4300//3951 3295//6302 3569//6300
f 4709//1208 2454//3968 1305//246
f 717//2577 2423//3970 1898//3873
f 3618//5352 4301//4901 2455//3874
f 3297//3973 4302//6791 4206//3971
f 2605//2649 4304//6798 202//2647
f 4476//2783 2462//4012 4938//3986
f 1261//1858 4624//4253 4107//1789
f 206//6780 2467//1220 2443//1222
f 2450//3993 4376//7529 2640//5314
f 1942//1238 2461//1237 2996//5400
f 4307//7530 2472//1244 3629//4007
f 4715//1218 2463//4013 4634//6799
f 4458//4041 4308//4039 629//6080
f 1933//1250 1283//5070 4309//1251
f 755//1358 2558//4024 4710//6807
f 1984//729 630//6806 4310//1253
f 2480//1402 4116//1404 4311//4026
f 4311//4026 4217//7531 4837//7532
f 4400//5306 1987//4006 3629//4007
f 1819//5266 4312//4451 4595//5488
f 4570//4806 526//903 2900//6439
f 514//1894 4108//4029 1951//7342
f 4108//7533 631//6822 2482//5933
f 4308//4039 4458//4041 2485//7534
f 4243//3207 2778//3206 3849//4047
f 2194//3205 4313//2936 2753//7073
f 1305//246 4110//7343 518//247
f 4118//5978 2032//5774 4869//7535
f 2483//4031 4340//5934 2494//5956
f 2018//2934 4371//3202 632//4036
f 4314//6895 2027//4081 289//7536
f 263//5635 3623//2799 2970//6924
f 1330//4453 2044//785 291//7537
f 3313//5939 4315//1412 2499//1411
f 3320//4096 4244//6833 2199//906
f 920//795 4223//808 2054//796
f 742//7062 4185//7424 4520//7538
f 1796//563 4203//4126 191//2624
f 2516//4132 3329//4641 4318//5948
f 4318//5948 744//6871 4626//7539
f 1468//2184 4164//4134 3864//1376
f 4319//4144 446//7540 3601//6372
f 3580//5437 4319//4144 3601//7541
f 1267//5409 4320//4677 1846//4373
f 1802//2636 1866//6423 1865//617
f 1866//6423 1802//2636 3638//2635
f 2457//1354 1319//7542 4153//1945
f 754//740 4211//2833 258//7543
f 2495//5935 4314//4082 2521//5954
f 749//4227 392//4758 4299//3939
f 4561//7544 2931//5247 1974//5284
f 308//6558 3337//5961 3075//1338
f 2230//939 4322//4201 3340//415
f 4829//416 4322//4202 1543//7545
f 644//4206 646//6587 4113//4207
f 4666//945 4113//4207 646//6587
f 739//6148 316//6848 3729//3323
f 4323//3409 317//4210 744//6871
f 4324//3424 1090//79 4325//5838
f 4427//6628 4325//5838 1003//1598
f 2530//1382 4326//6677 3874//4515
f 1612//881 691//6876 3876//3623
f 3343//7546 3259//3663 3877//6879
f 3147//5909 4851//3167 617//3166
f 720//3930 4328//4239 4297//4241
f 4328//4239 2860//5358 4329//7547
f 750//4154 4302//6791 253//1944
f 4330//5049 4210//2824 3424//4157
f 3882//4249 1299//4682 4331//4252
f 1295//228 4331//4252 1299//4682
f 1950//3184 4115//4256 3884//7548
f 4538//4028 2481//1259 4570//4806
f 2502//1292 4388//5054 2019//5940
f 4117//1413 2539//1443 2499//1411
f 1836//7549 463//1486 4001//4287
f 521//7550 4964//3193 816//269
f 2031//7551 2553//5981 808//7552
f 4209//2822 2554//2938 1966//718
f 517//1831 1236//4312 803//4311
f 1245//7553 4334//1838 2557//4318
f 4119//244 2557//4318 799//4317
f 3657//7554 4995//7555 4355//4631
f 4120//7556 224//5250 2544//1522
f 4212//2877 834//7557 4150//1469
f 4135//1678 2571//7558 4027//1679
f 4571//1537 4656//7559 4116//1404
f 1058//4646 4133//7560 1059//5040
f 4727//5178 1274//6530 3898//6930
f 326//4420 2599//4419 102//7561
f 2600//3489 4336//4402 3088//1025
f 2317//6649 4337//7562 341//974
f 4266//4610 1613//5519 2114//4839
f 2812//4481 4410//5492 3006//7563
f 4298//3937 3706//3935 1855//4413
f 4338//4432 1483//7564 4865//2214
f 2121//836 4428//4438 4234//6500
f 4050//3159 2981//4446 1641//3157
f 4339//3996 1964//2873 1965//6420
f 2476//4022 2535//4449 4335//1536
f 1502//3399 4255//3401 338//7355
f 2118//3577 4341//5498 3776//7565
f 2310//6643 2629//3495 4342//3491
f 4546//7498 4342//3491 2629//7566
f 1027//5585 4130//7183 2940//4985
f 4337//7562 2315//3520 1047//2317
f 1885//1873 4204//4484 3911//6956
f 940//2055 1//351 4344//6109
f 18//341 4416//5655 4344//6109
f 3897//4840 4345//6958 3084//5677
f 4173//4498 2638//4521 1584//3591
f 1853//7567 1749//543 4722//6376
f 3909//4502 4146//1780 3913//4503
f 1876//2732 1227//173 462//559
f 2450//4528 472//568 2451//1348
f 4521//7195 2451//1348 472//568
f 4347//2605 149//1768 2652//7568
f 34//4546 29//3213 4579//4692
f 1879//2744 4201//1463 2709//7348
f 277//224 2659//6081 1296//7569
f 4349//4566 2738//4697 48//7570
f 1388//6117 1391//6119 3455//5958
f 3537//3708 4350//7571 1651//7572
f 2678//7573 4351//3965 1858//1202
f 4232//4602 1529//3466 4262//4603
f 4352//3055 4232//4602 664//1004
f 2689//7574 2322//5804 365//3542
f 4266//4610 2690//6690 1613//7575
f 2691//3670 4277//4612 2137//7576
f 2394//5475 4898//7577 3807//3740
f 522//1410 4354//4628 913//1408
f 4354//4628 2541//773 911//772
f 4355//4631 2713//4322 2708//7578
f 2431//1184 4937//2753 774//4924
f 4356//4635 2566//1521 2715//902
f 740//7579 4726//6026 1052//1336
f 4515//7580 4790//4735 1071//7414
f 1170//1769 1171//579 3933//4753
f 1232//606 237//4676 1235//176
f 4320//7581 213//4540 1846//4373
f 216//6068 4954//7582 4348//1871
f 1962//2865 854//2862 4359//7006
f 4718//7377 2666//4704 2662//5661
f 957//356 4361//5657 300//4472
f 4361//5657 1384//7583 300//4472
f 4164//4134 1468//2184 2877//2186
f 1099//1657 1064//453 1600//445
f 604//5887 4362//3759 3938//1119
f 2820//6368 1737//7283 1071//7414
f 1761//4664 4363//4749 2888//1743
f 4795//7584 1250//640 4594//615
f 1837//599 1876//2732 462//559
f 4358//4678 2732//1836 4689//7290
f 1884//4761 4689//7290 2732//1836
f 3621//2782 4899//6340 1913//4525
f 4715//1218 4305//4524 3837//700
f 4033//2725 2949//4681 480//2726
f 4768//283 2006//1269 2754//7080
f 2814//2943 4368//1246 540//2942
f 1634//3659 4075//7306 2095//7515
f 2116//6660 2689//7574 365//7585
f 2762//3191 632//4036 4371//3202
f 4372//4105 4459//4804 633//4103
f 4373//4809 2764//3240 2209//4593
f 4762//4808 4250//4818 3462//3223
f 2245//3347 3462//3223 4250//4818
f 2099//7455 4230//3452 2255//3453
f 4402//4828 1665//3462 2294//4601
f 391//6508 4704//7334 2374//7336
f 4724//7159 4374//7524 700//7586
f 700//6252 4374//7524 1713//3801
f 450//4865 3132//6330 4292//7587
f 2333//3573 4292//7587 3132//6330
f 1207//2478 625//5558 4954//7582
f 4889//7588 4910//7589 1907//5754
f 2697//3994 2775//4795 1927//4767
f 4376//7529 2697//3994 2030//766
f 2048//2985 2473//5930 3305//4888
f 3954//4893 4377//7074 2753//7073
f 2195//4067 4378//7590 732//7591
f 732//4068 4378//7590 534//5971
f 1303//7592 4407//5441 1856//1803
f 1897//1210 2455//1209 4301//5251
f 4301//4901 490//2766 1897//1210
f 4379//6277 2359//4620 1105//5001
f 2754//7080 2551//6907 4768//283
f 787//7593 4208//4338 217//764
f 44//7594 1384//7583 4361//5657
f 4862//6768 2731//1826 4806//6364
f 4381//4359 2647//5321 121//1653
f 2946//4100 4382//6830 2777//7595
f 1283//5070 4149//1884 1285//4768
f 514//1894 4383//1895 1288//6078
f 2823//7596 3101//3543 4384//5110
f 1826//3929 2828//6779 1182//7597
f 2442//1196 3144//2664 1181//1197
f 1896//5905 2896//5145 3617//2771
f 2897//5019 1982//5766 3171//5767
f 3198//3130 4385//3716 4623//5883
f 4330//5049 2927//1213 4210//5336
f 1318//1947 2858//4894 253//1944
f 4328//4239 2447//3928 4638//6853
f 927//1497 2540//1496 4388//5054
f 3665//7598 4388//5054 2540//7599
f 2841//1562 4386//5030 3955//5029
f 982//5006 2865//5061 4123//1580
f 2867//532 1047//2317 4343//7600
f 1047//2317 2867//2546 126//2316
f 680//1650 4132//7601 2117//5025
f 4136//5380 1110//1080 4237//3103
f 79//3650 4237//3103 1110//1080
f 4149//1884 2976//5280 1284//5071
f 1320//7602 3430//1948 511//5074
f 4796//1951 4219//7603 282//1952
f 4720//5355 4155//4687 2735//4686
f 3962//7604 4390//1970 344//1622
f 2815//5003 4391//5080 2874//5082
f 113//7117 4391//5080 65//7605
f 4391//5080 113//7117 3980//5083
f 4718//7377 2662//7119 3935//3217
f 4468//5089 6//6 4036//350
f 4868//5091 3924//5575 4714//2009
f 2065//5104 4083//5106 554//3263
f 2818//5107 2865//1578 1466//7606
f 2878//2288 4046//7276 4993//2287
f 4046//7276 2878//2288 4177//2295
f 3772//3556 2822//5009 678//4213
f 2879//2327 4384//5110 3101//3543
f 2884//5168 1637//5224 4049//6242
f 4392//7607 2811//4999 1752//6298
f 1181//1197 3588//5130 455//2655
f 2890//5176 4393//5177 1832//6761
f 3152//2715 4854//5135 2893//2629
f 2893//2629 4854//7608 4598//5719
f 2895//6056 4394//5141 237//4676
f 2800//7609 237//4469 4394//5141
f 1194//1795 465//2738 1878//634
f 1255//4680 4033//2725 4980//7610
f 4354//4628 522//1410 3010//5272
f 4459//4804 4372//4105 3315//7611
f 4396//6687 2902//7039 357//3510
f 4363//4749 2838//3077 131//1689
f 4079//878 621//2678 4393//5177
f 621//2678 4079//878 1830//2676
f 1977//5547 4932//5181 4897//7247
f 577//7612 2287//7613 1524//410
f 1059//5040 4397//5209 2376//4648
f 2848//7614 4629//1032 2351//3624
f 2371//3682 2771//4861 698//5350
f 4398//6711 2849//3704 1650//3700
f 2414//5243 2400//3843 714//7615
f 4399//2579 433//2581 2612//4871
f 2448//3960 205//6415 722//3959
f 4301//5251 3618//5352 4206//3971
f 4305//4524 1289//1898 3167//701
f 4765//4617 2858//4894 1318//1943
f 3010//5272 1976//727 4395//7133
f 2507//4114 2683//911 2201//910
f 2860//5358 207//4184 3997//7440
f 2926//4429 4654//5304 2612//4871
f 4400//5306 2907//3197 2477//7616
f 2822//5009 2880//2326 678//4213
f 2315//3520 4337//7562 2317//6649
f 541//4913 2960//6464 2814//2943
f 2670//5320 405//4987 3545//4730
f 4123//7617 3073//2098 307//2101
f 3073//2098 4123//7618 4161//5660
f 4772//2304 4131//6205 1045//1629
f 2888//1743 4363//4749 131//1689
f 4793//4831 2902//7039 4396//5517
f 3703//5562 2452//1204 4856//7258
f 1588//6223 4402//4828 2294//4601
f 2898//2908 205//6415 2448//3960
f 1856//1803 221//7619 2734//2870
f 511//5074 785//1285 3961//7620
f 4356//4635 2908//4055 4930//5924
f 4403//39 2945//2332 4390//1970
f 4343//5376 3000//5535 4464//4661
f 1364//1544 43//5378 949//5990
f 4182//2565 2956//2568 1750//1131
f 4199//5443 1867//2723 1167//121
f 3995//5236 4926//3511 1539//5235
f 2973//2085 4082//5410 298//2070
f 4136//3104 144//1730 3326//1334
f 4788//6120 1360//5084 3456//5327
f 4404//5541 83//6104 2977//2024
f 1632//6697 594//3110 1466//7606
f 461//7621 4406//6052 2985//5359
f 1856//1803 4407//5441 2987//5136
f 3604//5393 4407//5441 4524//4898
f 179//5722 4188//2574 4795//7584
f 494//2772 4199//5443 1868//2773
f 1900//2774 1252//2829 2988//2828
f 1938//6862 3966//4956 257//4486
f 1957//2847 1952//2848 3634//7035
f 4072//2981 4408//7226 2960//6464
f 2953//7622 1415//7140 4593//813
f 4392//5118 3813//3784 4756//7280
f 4375//4858 2171//3164 2163//3155
f 2959//721 4380//5248 1970//2886
f 1942//1238 2996//7623 627//4000
f 4932//5181 3015//4162 4897//7247
f 493//4156 2520//1350 2458//1211
f 4410//4404 1740//526 3006//2537
f 2601//1155 4410//4404 2955//491
f 4671//3100 2797//499 2154//7459
f 4539//3212 4349//4566 2875//2008
f 4411//5503 3663//4333 1340//4335
f 4815//7624 1022//1612 4129//1614
f 288//7625 2049//5058 4504//5510
f 998//4713 971//2258 3092//5689
f 4404//5541 1366//312 58//5424
f 1575//5390 4478//5544 1056//5391
f 1534//6196 2262//1021 4338//4432
f 3512//6210 4728//7016 4741//7626
f 2733//1906 4151//7235 4599//1929
f 4338//4432 4254//3381 1534//6196
f 2964//1071 4431//5891 4238//7332
f 2596//218 198//4670 2796//4491
f 4413//7627 974//1997 975//7628
f 2599//1604 2080//5451 2948//3016
f 1025//6183 1026//401 3376//54
f 1081//5468 127//2550 2319//1031
f 4140//2592 1147//5725 4186//2595
f 4205//7629 4984//1840 3046//1839
f 209//170 3050//1854 4415//4362
f 267//1881 249//186 3345//6892
f 4157//7630 1368//2025 1365//7631
f 3069//355 4361//5657 957//356
f 3072//357 1395//6980 4418//6124
f 4039//5664 983//362 2666//7632
f 3076//4460 308//6558 3075//1338
f 4345//7633 1462//6547 4657//7634
f 3086//5694 1476//5680 1036//7635
f 4419//1630 3099//6198 1040//6200
f 4549//4212 3102//1041 1570//3552
f 1580//3569 1581//3433 3230//3570
f 4606//7245 3108//5114 4742//7636
f 3383//2361 4606//7245 4742//6281
f 4175//5709 1636//2405 695//2404
f 4114//4230 4420//5711 1671//7637
f 4463//4745 1152//1124 616//4746
f 4892//4360 4961//3767 1733//4142
f 1136//6297 4183//5721 2810//6877
f 4183//5721 1136//7638 4435//2630
f 1752//6298 4183//5721 4441//5720
f 4183//5721 1752//5119 2810//6877
f 4189//576 3131//578 3293//2582
f 3404//6050 3136//2645 1817//6335
f 4364//597 3147//7639 3595//6359
f 3147//5909 4364//597 1835//6360
f 4446//6789 4641//6379 1870//1173
f 1228//1827 4200//2735 3155//2737
f 4329//7368 3997//7440 499//1850
f 3166//694 1948//1255 3629//4007
f 4958//6454 2027//4081 2011//7443
f 4221//7446 2013//7445 3650//2930
f 556//3288 4580//6478 311//3289
f 4227//5779 2071//5827 4422//7640
f 994//1594 4422//5780 2071//5827
f 994//1594 559//7316 4422//5780
f 4866//5782 4422//5780 559//7641
f 4233//3064 1039//7642 4263//3485
f 356//7643 3188//6495 2109//1019
f 2144//4850 3198//3130 4280//7644
f 2148//5810 3200//5473 2999//3071
f 1677//2451 4452//6517 3201//6256
f 4239//3848 2154//7459 2772//7645
f 1459//2162 4425//7646 4657//7647
f 4083//5106 3717//7648 4245//5818
f 2205//7649 4245//5818 3717//7648
f 87//5820 3214//5819 2207//3238
f 4251//7319 653//3369 4733//3368
f 1005//1599 4324//5837 4427//5839
f 4260//5841 1037//1626 353//4437
f 4234//6500 4428//7650 2297//6675
f 3233//6632 2297//6675 4428//7650
f 3233//6632 4429//6193 2296//6176
f 1531//6635 3237//5232 2301//4476
f 4430//7651 2103//828 2302//5852
f 4430//7651 580//5843 2103//7652
f 4601//5865 3249//6667 1461//2167
f 4507//3432 2284//992 4694//5871
f 4735//7653 2357//1078 2356//4380
f 4279//7506 3266//3688 2377//6710
f 4398//3699 2141//3124 2849//5042
f 4431//5891 1696//492 3697//3144
f 3203//5813 2772//7645 4804//5895
f 4172//7402 2334//7326 3775//7654
f 1659//3129 4432//3807 1714//2492
f 1727//5899 2412//3828 165//2666
f 2435//5916 1809//2639 1806//6772
f 2907//3197 4400//5306 2478//1257
f 4311//4026 4837//7655 2473//5930
f 2857//4450 4387//7199 484//7169
f 2008//746 2195//4067 3312//4069
f 2495//7656 536//2922 4528//7444
f 1472//4897 2517//4135 1468//2184
f 3335//1355 2196//905 3712//6541
f 744//6871 3329//4641 3729//7657
f 522//7345 846//7658 4118//5978
f 271//1491 2553//5981 2031//7551
f 4597//5060 3360//6100 41//4700
f 4025//7659 3363//1569 970//400
f 3351//5987 4413//7627 975//7628
f 4037//5605 4413//7660 3479//6002
f 988//3229 3716//7041 989//370
f 4041//2143 3370//5606 996//7661
f 1015//5793 4336//4402 4252//3380
f 4026//6011 312//5340 1018//2225
f 4171//6622 1022//1612 4815//7662
f 104//7471 1036//7663 89//7664
f 3060//6016 4870//4479 112//1619
f 4630//7665 383//2557 1745//2558
f 1625//470 692//3642 3387//2396
f 148//7666 1089//77 115//1687
f 4134//7193 372//7359 397//6032
f 4137//2525 3115//488 4056//6037
f 406//487 4056//6037 3115//488
f 3395//2627 4435//2630 3566//6296
f 1136//7638 3566//6296 4435//7667
f 1144//4551 1760//7365 433//2581
f 4443//6308 4501//7668 4357//5127
f 4357//5127 3323//7669 1761//4664
f 1135//4751 1158//7292 1134//7670
f 458//590 1181//1197 455//2655
f 4503//1828 1229//7025 4911//7671
f 465//2738 1231//2742 488//1830
f 1209//7672 4414//6069 1241//178
f 4414//6069 1209//6067 4348//1871
f 4205//5629 4334//1838 1243//7673
f 1245//7674 1243//7673 4334//1838
f 3050//1854 3413//1855 4415//6919
f 1223//169 3050//1854 209//170
f 862//257 1300//242 918//4316
f 4150//2882 1214//7675 4213//2881
f 477//1807 4213//2881 1214//250
f 1969//1918 3428//1920 4821//7676
f 3431//6446 290//4354 4761//5640
f 4121//1568 1344//291 62//2255
f 4159//7375 4158//7677 4880//7376
f 4156//7374 2808//5085 1360//7188
f 1384//313 44//6113 3443//4699
f 4157//6106 1365//7631 1353//302
f 4036//350 1375//6108 4412//4636
f 4848//6110 4416//5655 4417//5587
f 4344//6109 4845//7678 940//2055
f 1386//7679 300//4472 1384//7680
f 1396//358 4418//6124 3026//2064
f 3451//2065 4418//6124 1395//2083
f 4161//5660 306//1579 1403//5658
f 83//6104 1405//6129 4039//5664
f 59//6145 964//2084 1444//2144
f 566//821 4345//5678 4657//7647
f 1006//2183 3483//7681 3374//6153
f 1475//7388 4651//7682 1474//3256
f 653//3369 4251//7319 4814//6613
f 4126//7683 1024//2232 1019//49
f 1022//1612 1502//3399 338//1613
f 4780//6211 4129//1614 1023//7121
f 1049//5403 3089//2241 1505//4723
f 4169//7684 1516//399 1026//401
f 305//5062 4170//7685 3028//2172
f 4170//7685 305//5062 2818//5107
f 4857//6204 1045//1629 4131//6205
f 1045//1629 4857//6204 4419//1630
f 1072//2305 4772//2304 1545//418
f 1545//418 4677//5010 360//2366
f 4047//430 1501//2310 339//6212
f 3248//6665 4749//1039 3773//3558
f 3774//6668 585//5465 4269//3563
f 4269//2265 4513//2341 3774//2340
f 371//6222 4260//5841 353//4437
f 351//6191 4438//6225 106//2272
f 4235//3596 4616//6227 4273//3604
f 1082//7686 385//5221 1624//469
f 3529//3631 1626//7687 4554//6663
f 391//6703 2884//5168 4076//7688
f 4049//6242 4076//6241 2884//5168
f 596//5434 1638//6988 3799//3683
f 4350//6250 3536//3126 1651//7689
f 1654//5435 3754//2420 4904//2422
f 397//2430 3112//2431 4819//3726
f 3539//7690 4432//3807 1659//3129
f 1671//1112 4420//5711 4282//3736
f 4283//6254 3541//5886 1676//1120
f 1677//2451 3542//2454 3113//2452
f 3543//3756 4052//6737 4191//3754
f 1679//6259 4051//6258 3543//3756
f 1681//6260 1680//3758 4286//6261
f 4453//6262 4286//6261 1095//6518
f 1689//1697 422//6265 1690//1345
f 4031//7691 3544//2474 152//2473
f 406//487 1607//483 4515//7580
f 407//7022 1694//859 1692//7692
f 1555//6268 4178//6269 4728//7016
f 1135//4751 1134//7670 4053//7408
f 4756//7280 2811//4999 4392//5118
f 1727//5899 4439//2507 4440//1719
f 3119//5716 4439//2507 4685//7693
f 3108//5114 3559//6286 4174//2531
f 3560//7024 4174//7694 3559//6286
f 421//6288 3553//2519 3560//7024
f 3568//2717 4441//7419 1751//7223
f 4441//7419 157//2716 1704//3863
f 157//2716 4441//7419 3568//2717
f 4139//2575 1753//2572 2620//6299
f 1753//2572 4442//7695 2620//6299
f 3571//7338 1755//4407 4278//3685
f 4683//6303 4278//3685 1755//4407
f 4443//6308 3293//2582 3131//578
f 3573//2580 4443//6308 4646//7696
f 4421//5335 1147//7425 1772//4873
f 161//2599 3036//5612 1769//545
f 4187//2608 3828//3883 614//1176
f 4100//3138 4744//7697 1780//5727
f 4060//6322 1794//2618 139//2363
f 4060//6322 3114//2362 1688//5128
f 3128//1755 4321//7698 4319//4144
f 4181//2563 3402//3846 1799//3845
f 1810//2642 1906//653 1811//5731
f 1182//134 2828//6779 1183//7699
f 4193//7430 4192//2679 4523//7431
f 1185//1786 4346//4363 2634//7700
f 3392//2471 4444//2683 420//6036
f 4690//7701 4444//2683 3597//2682
f 4195//5742 1737//6367 3149//7702
f 4197//2719 4198//6378 4654//5304
f 4198//7435 476//5633 3294//7703
f 2612//4871 4654//5304 4399//2579
f 4198//7435 225//249 476//5633
f 479//2827 4446//5746 1215//1810
f 1228//1827 3155//2737 487//667
f 4445//1832 239//668 238//1462
f 3623//2799 263//5635 4067//7298
f 1921//4050 4447//7704 1299//4682
f 4444//2683 3952//5353 623//3990
f 3053//1909 3051//210 3426//209
f 1246//1842 246//1844 1300//242
f 4208//4338 2640//5314 217//764
f 1303//4900 1857//684 4524//4898
f 4210//2824 510//2823 1285//4768
f 1949//695 3166//694 3629//4007
f 3630//2901 512//2842 1950//3184
f 4448//7705 3636//4037 3635//5921
f 4567//5922 3636//4037 632//4036
f 4214//6424 181//3882 4062//6425
f 181//3882 4214//7296 3639//6436
f 4434//2894 1311//5763 3311//4063
f 3647//2914 4367//7706 520//1922
f 4069//2923 2011//7443 1994//732
f 4220//6450 3654//6448 2021//1466
f 2050//7707 289//6453 4505//4334
f 2036//4170 282//1952 4219//7603
f 1425//7708 991//2121 3667//6475
f 4073//7709 1425//7708 3667//6474
f 4580//6478 993//6999 3670//3286
f 3669//5826 3670//3286 993//6006
f 2843//3295 4226//6480 558//7452
f 4227//5779 558//3296 4226//6480
f 559//7316 994//1594 2070//6482
f 4074//7710 1011//1605 3675//7711
f 4250//4818 4762//4808 4739//7712
f 4228//6487 4264//3379 572//962
f 4228//7713 3228//7714 1015//5793
f 4485//3041 2094//3040 1514//2252
f 2096//7715 4258//3429 2097//991
f 3777//7716 2579//3045 3186//825
f 330//3435 2098//994 576//3046
f 1039//7717 3379//5799 581//3483
f 1039//830 4233//3064 1536//6640
f 1039//830 1536//6642 3681//831
f 2689//7574 3515//3538 4669//7718
f 3815//5240 4341//5498 2118//3576
f 4234//6500 2340//6224 1586//837
f 2125//6502 4873//7508 4534//6689
f 3192//841 2124//1061 2123//3085
f 4277//4612 3194//3676 2137//3671
f 391//6703 4076//7688 4704//7334
f 4704//7334 4076//6241 2139//853
f 604//5887 3200//5473 1093//83
f 2151//3162 4101//6516 4452//6517
f 4101//6516 1681//6260 4453//6262
f 4452//6517 4453//6262 3201//6256
f 1095//6518 4286//6261 4287//6263
f 605//1135 2156//861 2694//1138
f 4423//6740 3204//3789 2905//869
f 4424//6520 3698//864 607//5814
f 3703//5562 4299//3939 2452//1204
f 2170//880 2169//3161 4241//3163
f 402//5889 2760//4864 2172//3169
f 3207//6529 498//6404 4989//1230
f 1274//6530 4359//7006 1275//4563
f 2610//5308 1984//729 2188//3198
f 4378//6540 4080//6539 2699//4895
f 2214//3262 104//7471 89//7664
f 4225//6601 639//3276 2065//5104
f 3671//7719 2068//6479 1437//7720
f 2229//4599 3473//6579 4451//4211
f 4509//3311 2073//5783 3475//3313
f 4426//3317 2075//3318 3182//3008
f 4666//945 1508//944 4655//4209
f 2238//7474 3731//5401 2239//947
f 1454//818 4839//7721 319//819
f 1465//7385 4497//6595 2667//2179
f 3736//6160 2847//2342 2824//2344
f 2244//4842 4074//7710 2336//4843
f 1011//1605 2244//7722 327//1606
f 1527//3053 4454//7109 3503//7723
f 4454//7109 1527//3053 3226//3362
f 2260//3455 2259//960 1592//7724
f 4264//3379 4253//3063 572//962
f 4254//7725 572//962 4253//3063
f 4531//7483 4167//7726 4925//6616
f 4255//3401 2624//3337 2580//3292
f 2267//3389 1549//4435 1548//6201
f 1497//972 3509//1633 1498//5201
f 3746//3038 4168//6619 1503//4208
f 1452//2248 4088//2250 4637//6850
f 4256//3410 2273//3529 3751//2233
f 4455//3531 658//3411 2092//3037
f 1512//5684 4956//3548 2279//7727
f 659//3039 2280//985 2094//3040
f 82//6627 4427//6628 1003//1598
f 1524//410 2286//3438 4973//3439
f 353//4437 578//5207 3233//6632
f 4429//6193 578//6633 3234//3054
f 4615//1009 3235//7728 4261//7490
f 4261//7729 2299//1011 4615//1009
f 4430//7651 2302//6494 669//7730
f 3758//3477 4015//7493 2105//1012
f 4271//4784 3238//6681 118//2440
f 3380//3481 3240//3484 581//3483
f 1536//6642 4233//3064 654//3378
f 3088//1025 3757//7731 2303//5847
f 117//1098 4342//3491 2301//4476
f 4455//3531 3514//3528 658//3411
f 2115//834 342//2247 2272//3532
f 2276//980 2320//1074 3246//3632
f 2689//7457 4547//3539 2322//5804
f 2324//7732 3529//3631 4554//6663
f 2325//3096 592//3551 1568//3553
f 3248//5861 4268//3547 2323//3559
f 1461//2167 322//2169 1400//2092
f 3736//6160 2329//5866 4767//7733
f 3736//6160 4767//7734 2847//5039
f 2117//3565 2332//7507 347//3425
f 4438//7735 4234//6500 2297//6675
f 4234//6500 4438//6225 2340//1052
f 4271//4784 3781//3595 4326//5362
f 688//6726 4098//6682 3784//3607
f 688//7329 4094//7328 132//2510
f 383//2557 4630//7665 4735//7653
f 1081//5468 2358//3638 4630//7665
f 3792//1675 2359//4620 4379//6033
f 4379//6277 4591//1676 3792//7736
f 2326//1042 1703//2484 128//1043
f 4516//1129 389//6275 2364//1130
f 3531//2403 694//3781 3272//5893
f 1406//6127 4957//5520 3793//6696
f 1576//5431 4632//7737 4631//3666
f 1638//6243 696//3665 2370//7738
f 2375//4439 4096//6511 4764//6707
f 3265//3122 2376//4736 4353//4608
f 4397//7739 4353//4608 2376//4736
f 4479//3134 2387//1107 1092//82
f 2397//6763 4052//6737 4101//6516
f 4052//6737 2397//6763 4191//3754
f 3201//6256 4453//6262 1095//6518
f 2398//3923 763//1788 4950//1180
f 2963//7521 3121//4573 119//4572
f 4423//6740 3815//3079 369//3078
f 4172//5896 681//6741 2334//7326
f 4240//6742 3581//6526 413//1137
f 1713//3801 4374//7524 2383//3799
f 4440//6034 3277//3827 1727//5899
f 712//3766 4912//7740 4961//3767
f 4892//4360 4381//4359 4288//1654
f 4103//1741 3571//4405 2422//1160
f 3282//3872 717//3869 1898//3873
f 613//6757 3826//3876 1764//4614
f 1803//873 1865//7289 1864//616
f 1869//6041 1766//1172 1870//1173
f 4456//3885 162//5139 1817//6335
f 2396//7741 4104//3891 2429//3890
f 1786//6319 2394//5475 2584//4381
f 4285//7466 4433//5908 4241//3163
f 4433//5908 2428//3887 4290//6764
f 4241//3163 4290//6764 2170//880
f 167//1750 1788//3892 2430//6766
f 4565//6769 2432//5252 2433//7186
f 1807//5914 3829//3907 2439//5968
f 4294//6776 2989//7742 1909//2778
f 1810//2642 1909//2778 3707//651
f 3829//3907 4295//1188 4871//3905
f 4296//1189 4888//6778 3137//2644
f 4823//7743 4589//7744 4658//7064
f 3289//1198 1181//1197 458//590
f 3810//3755 4191//3754 1831//3921
f 1844//2694 4394//5141 2895//6056
f 3824//6754 4306//3992 2449//3933
f 2421//3936 4298//3937 430//4412
f 4856//7258 1860//5137 475//1875
f 1929//2815 475//1875 1860//5137
f 2419//7745 1928//679 3624//680
f 4442//3950 3569//7746 2620//6299
f 477//1807 4197//2719 721//7747
f 3295//5918 4300//3951 2178//5249
f 3296//3953 4446//6789 479//1809
f 2179//883 4649//3957 1829//2674
f 1890//3963 3614//2770 3615//4057
f 1929//7748 4709//1208 1305//246
f 4302//6791 2457//7749 4153//1945
f 2457//1354 4302//6791 3297//3973
f 1804//5912 3298//1212 449//3901
f 4304//6798 2605//2649 4938//7750
f 4624//4253 3838//4255 4107//1789
f 4306//3992 3624//680 508//7751
f 2734//2870 3304//1227 1303//4900
f 4304//6798 3628//6408 202//2647
f 4566//6416 3843//7752 3307//4015
f 3844//1900 4458//7753 4242//1901
f 4309//6805 510//2823 2186//898
f 4710//6807 2475//4021 755//1358
f 2558//4024 4310//7754 630//6806
f 4310//7341 2558//4024 4355//4631
f 4400//5306 1948//1255 2478//1257
f 484//7169 4595//5488 4312//4451
f 485//2728 204//5532 4592//7755
f 3847//6810 4934//4164 2588//4030
f 4570//4806 2900//6439 4538//4028
f 2778//3206 2194//3205 2753//6814
f 2493//4265 4378//7590 2699//4895
f 536//2922 4340//5934 4766//4079
f 4766//4079 2192//3200 4371//3202
f 4112//781 4650//6925 4315//1412
f 2042//5275 4459//4804 3314//5941
f 2936//4104 4382//6830 2946//7040
f 2785//1299 4750//1298 840//6471
f 4081//4109 3317//4111 734//4187
f 795//4120 3859//4115 891//4279
f 3321//4121 2779//4101 3856//4097
f 2509//1312 4425//7646 1458//389
f 315//4131 995//47 2516//4132
f 744//7756 4318//5948 3329//4641
f 2517//4135 3863//4136 2081//5790
f 743//4143 4319//4144 4321//7698
f 2860//5358 3997//7440 4329//4240
f 271//1491 3433//4159 4460//5980
f 3625//6858 4460//5980 3433//7757
f 3868//7758 4932//5181 930//7759
f 1543//5854 4322//4202 645//2141
f 4323//3409 3729//7760 316//6848
f 4324//5837 115//1687 1090//1686
f 4325//5838 1090//1686 100//7761
f 4374//7524 702//3797 2383//3799
f 4327//4621 1136//6297 2810//6877
f 2594//4391 3343//1392 3877//7762
f 3878//4225 2532//4228 4913//7763
f 4851//3167 3147//7639 1835//6360
f 1299//4682 3882//6887 1921//4050
f 4331//4252 1295//228 4332//227
f 4332//7764 3052//7765 208//1824
f 2465//7766 3883//4254 2761//1399
f 3838//6891 3301//5925 486//5507
f 2019//5940 3665//7448 275//2929
f 2055//4272 4314//6895 289//6453
f 2776//6896 2627//1364 2781//4261
f 2052//794 3665//7767 2540//1496
f 1934//6400 4460//5980 4945//6859
f 4334//1838 245//206 2557//4318
f 3893//7768 255//1921 3640//5151
f 1029//6027 1028//1618 4135//1678
f 2970//6924 2589//4090 1328//5636
f 25//2028 954//7769 22//5570
f 326//2191 102//1603 1469//2269
f 3088//1025 4336//4402 1489//5034
f 4337//7562 1048//2319 341//974
f 4981//7180 4214//7296 4821//7037
f 4462//7770 2995//3051 3896//3049
f 4409//3693 3902//4427 3002//3691
f 3296//3953 4585//7771 4641//6379
f 4585//7771 3296//3953 2621//4954
f 3233//6632 4428//4438 353//4437
f 3412//6386 4147//1821 3610//3180
f 4147//1821 4448//7772 3635//5921
f 4447//6943 1921//4050 731//4892
f 2192//7773 4340//5934 2483//4031
f 3460//4457 4470//6947 2515//4455
f 997//4779 2240//5037 2628//7146
f 3428//1920 3654//6448 4821//7676
f 78//7774 4345//7633 3897//4840
f 1869//6041 4641//6379 4640//7775
f 4726//6026 1030//6977 1052//1336
f 4349//4566 50//2006 2875//2008
f 4350//6250 3537//3708 1652//7776
f 4843//3835 689//3612 4463//7777
f 3785//3613 4463//4745 689//3612
f 3744//3372 1433//7778 91//2208
f 3203//5813 3811//6739 2400//5242
f 4650//6925 2041//6926 292//4326
f 3031//7779 1572//5538 4978//7780
f 3926//4660 1126//1726 4464//4661
f 4357//5127 1759//1742 4646//7696
f 4359//7006 847//2863 2548//4564
f 4360//4695 4611//6014 1349//5643
f 2739//7781 4039//5664 2666//4711
f 4465//2077 3500//2261 3483//5386
f 4262//4603 1533//5846 664//1004
f 1099//1657 1600//7782 1601//4728
f 1642//2409 697//6883 2921//7517
f 440//4754 3933//4669 1149//5732
f 3287//1181 3595//5508 3147//5909
f 4196//6881 3533//2408 2678//7434
f 493//4156 4330//7783 3424//4157
f 4368//1246 3306//1245 540//2970
f 4369//4789 2701//1325 4495//7784
f 2222//3278 4125//1610 1014//1609
f 4226//6480 3945//4816 2068//6479
f 4352//3055 664//1004 2254//1003
f 4396//6687 4275//5874 2314//5217
f 1613//7575 4639//3092 2128//3091
f 4633//5915 4490//1147 1809//2639
f 1730//7058 4274//1065 690//3614
f 1161//5244 762//2393 3880//6884
f 2906//5172 2905//7785 4717//3790
f 156//2476 1207//2478 216//6068
f 217//764 4376//3995 2030//766
f 4466//7786 261//7266 259//1892
f 3849//4047 2778//3206 4377//7074
f 2779//4101 2201//910 547//4098
f 2846//3544 3904//4908 4642//7151
f 4382//6830 2899//4890 2777//4044
f 3516//1044 2822//5009 3772//3556
f 4467//5890 3697//3144 2153//3143
f 3669//5826 4770//5457 3673//3325
f 3300//3978 2460//5545 4303//4876
f 2961//4877 4303//3979 2460//5545
f 4232//4602 1038//1627 1529//3466
f 3604//5393 1164//7787 1163//2634
f 1338//7788 635//4342 4812//5943
f 4390//1970 3962//7604 2716//5311
f 2720//57 113//7117 1031//1621
f 4412//7789 4468//5089 4036//2058
f 1375//6108 1374//5984 952//1547
f 2881//7123 1573//2331 3103//7018
f 4393//5177 621//2678 2444//1201
f 4854//5135 1212//5134 1751//7223
f 4067//2800 500//2788 1257//2787
f 3891//6909 3893//5057 3640//4685
f 2015//754 2871//7139 3985//759
f 2049//5058 288//7625 3655//2946
f 4132//7790 2838//3077 1762//5024
f 1274//6530 1275//4563 625//6931
f 2816//5102 3375//7791 1010//5103
f 4085//7476 3981//6012 2909//5183
f 3981//6012 4085//7317 2242//3339
f 4254//3381 4865//2214 2089//6486
f 4236//2380 2351//7792 2127//3093
f 4926//3511 3995//5236 2963//7164
f 261//7266 4466//7786 4596//4910
f 4466//7168 2479//4065 2707//4264
f 2822//5009 4384//7793 2880//2326
f 2863//4896 4000//5295 4469//4909
f 4469//4909 4000//5295 4831//4452
f 2940//4985 4130//7183 48//7570
f 4360//4695 48//7570 4130//7183
f 4026//6011 1023//7121 1017//7122
f 3696//4539 4178//6269 1694//859
f 4380//7794 4293//3909 2440//3908
f 4293//3909 4380//5248 4565//6769
f 21//2035 4007//4975 22//7795
f 4415//6919 2525//4182 3014//6963
f 2595//4397 624//1432 4461//7796
f 1327//753 4154//7797 1959//7798
f 182//1745 4688//2720 3274//1141
f 725//5969 4377//7074 3954//4049
f 1094//84 3808//3744 4283//6254
f 4402//4828 1061//5213 4134//7360
f 1061//5213 4402//4828 1588//6223
f 583//3073 671//3509 1539//5235
f 3993//5214 1588//6223 371//5347
f 4097//3724 3756//1099 2300//3468
f 1856//1803 2734//2870 1303//4900
f 2867//2546 4343//5376 4464//4661
f 4158//7799 4159//7375 1359//2042
f 1491//5342 1490//7800 4012//5427
f 1110//1080 4136//5380 3326//1334
f 3122//533 4464//4661 1126//2545
f 2605//2649 4146//1780 203//1781
f 3969//5486 4595//5488 484//7801
f 4408//7226 765//2980 4457//7227
f 765//2980 4408//7226 4072//2981
f 309//3226 2953//7802 2059//814
f 3514//3528 3767//4836 4643//3527
f 4271//4784 118//2440 3781//3595
f 4171//6622 4014//5462 2581//3523
f 179//5722 4300//3951 4442//3950
f 1213//7239 179//5722 4594//615
f 2026//6466 4411//5503 3664//6465
f 1060//4425 2759//4786 586//4426
f 3794//5522 1632//6697 1466//7606
f 3953//1242 2472//1244 4307//1243
f 4406//7803 2634//7804 2985//5359
f 1764//4614 1763//6709 3827//3686
f 4151//7235 1298//4168 4599//1929
f 3354//7189 4468//5089 4412//4636
f 4468//5089 3354//1541 3448//1540
f 1534//6196 4254//7481 655//2286
f 4431//5891 3697//3144 4238//7332
f 4467//5890 4238//7332 3697//3144
f 234//6942 2608//5309 1330//4453
f 2617//25 4470//6947 3461//6974
f 4470//6947 3923//6946 3461//6974
f 1314//5584 1330//4453 291//273
f 1027//5585 3025//30 64//1615
f 4996//7805 1003//1598 1004//65
f 1745//2558 127//2550 1081//5468
f 147//7806 4471//7807 130//4390
f 3452//352 1381//5092 4472//2066
f 4509//6144 1442//2140 1443//938
f 1402//2178 305//5062 3028//2172
f 1516//399 4653//7393 1518//2257
f 2637//7808 1519//2329 1571//2328
f 4473//7809 1580//6671 103//5691
f 4644//7307 2335//3579 2882//3581
f 4521//567 3130//569 3129//5729
f 3132//6330 4522//6329 1805//7810
f 1814//4667 2989//3719 3805//6719
f 1884//2760 4475//6375 4689//7290
f 4476//7811 4634//6799 2463//4013
f 4661//1926 1904//2777 1979//760
f 1323//4417 4219//7812 2004//743
f 524//7813 2004//743 4219//7603
f 4526//748 4111//747 2009//1258
f 4527//6086 4803//7814 2993//2955
f 2101//3056 2099//7455 2100//3057
f 4477//843 2130//3097 2325//3096
f 1579//439 4478//5544 1635//6221
f 3199//3135 4479//3134 2146//81
f 4480//2593 2157//3147 1710//2489
f 4481//904 634//7815 2196//905
f 4691//3220 298//2070 4082//5410
f 2077//817 4482//3011 1448//2152
f 1486//5198 2259//960 2260//3455
f 2266//967 4483//969 2091//3030
f 4484//971 1548//6201 1497//972
f 4485//3041 1512//5684 2279//7727
f 2280//5860 4486//987 2094//3040
f 2294//4601 4487//3464 1588//6223
f 2260//3455 2298//3457 4771//3454
f 4620//1035 2272//977 1563//431
f 4512//7816 1571//2328 2323//3559
f 1569//1040 1568//3553 3102//1041
f 4489//7817 1585//4496 4173//7818
f 607//5814 4490//1147 1716//3815
f 2445//1199 2446//3922 4492//3924
f 3840//1229 4493//1231 2459//1216
f 3623//2799 4494//1932 2970//4089
f 4495//1324 2133//7819 4369//4789
f 4042//384 1397//4401 4675//7820
f 791//1504 4496//6066 2714//4632
f 4496//1506 240//1505 4202//174
f 4691//7821 951//22 950//21
f 4497//6595 954//2032 3064//2031
f 97//4644 1002//5609 4996//7805
f 97//7822 4996//7823 1004//65
f 1050//1640 4499//6025 364//1369
f 97//4644 4500//1649 2722//4645
f 4500//1649 97//4644 1004//65
f 1092//82 2146//81 4479//3134
f 1602//6232 1097//1693 1098//1695
f 4757//6048 1134//7670 1159//7824
f 763//1788 4635//7825 3302//6765
f 4503//1828 487//667 1229//631
f 1247//571 1244//6072 3415//2633
f 4765//4617 1318//1943 1320//1946
f 1326//271 1325//1959 4504//5510
f 288//5078 4504//5510 1325//1959
f 113//7117 4610//5644 1031//7826
f 3936//4708 4506//4707 297//20
f 1413//4596 4507//7827 1412//930
f 1425//2119 747//4176 1423//4178
f 562//3306 4509//6144 1443//938
f 339//6212 4128//2235 1046//2234
f 1528//3458 665//3460 4261//7828
f 4512//7816 4268//3547 3517//3546
f 4473//2343 680//1650 1580//6671
f 1692//485 1555//7829 1607//7830
f 4740//6234 1607//7830 1555//6268
f 1631//2399 1629//2398 1630//2400
f 596//5434 698//5350 2981//4446
f 4514//2427 1656//2425 681//7831
f 3114//2362 4177//7832 1688//5128
f 4515//7580 1071//7414 406//487
f 1695//7833 1104//3773 3547//7834
f 3273//6274 4516//6276 3811//6739
f 1208//5718 4032//7033 4743//7835
f 4555//7836 4182//2565 1750//1131
f 4519//7837 4652//7838 4764//6707
f 3572//3868 717//3869 3282//3872
f 4363//4749 4520//4748 1762//5024
f 1150//7839 1785//553 442//7840
f 4521//7195 3129//5729 2632//7841
f 3285//1171 434//1763 1803//873
f 450//4865 4522//6329 3132//6330
f 1726//2505 1184//2670 4190//2672
f 4685//2506 1726//588 4190//2672
f 2170//880 4523//7431 2176//3178
f 470//6071 1239//2751 2577//2707
f 1164//7787 4524//4898 193//2765
f 474//2769 4709//1208 1859//1203
f 1859//1203 4709//3966 1860//5137
f 1901//4948 2988//2828 2958//7842
f 1260//2793 1919//7843 1258//661
f 1939//2831 1938//2832 3626//6402
f 852//2866 4414//6069 243//7844
f 4212//2877 4213//2881 1968//2878
f 523//1927 4661//1926 1979//760
f 4525//728 2188//3198 1984//729
f 2698//4616 4765//4617 1320//1946
f 525//2903 4526//748 2009//1258
f 546//1483 4527//6086 2025//2972
f 1326//271 4504//5510 2026//6466
f 2027//4081 4528//7444 2011//7443
f 1339//5775 4529//2991 4070//7299
f 4750//1298 4070//7299 4529//2991
f 4482//3011 2076//816 3733//5188
f 1016//5035 2719//3383 4530//7845
f 4532//6948 2836//3032 3906//3034
f 3186//7846 576//3046 2098//994
f 3188//6495 4533//7847 3241//3065
f 1593//6226 4616//6227 4235//3596
f 590//6503 2125//6502 4534//6689
f 2125//6502 590//6503 1062//840
f 4477//843 1625//470 593//1677
f 2139//7848 1640//852 4050//3159
f 374//3132 4479//3134 3199//3135
f 4535//3849 4239//3848 2155//3842
f 4480//2593 1710//506 716//2594
f 434//1763 4058//874 1803//873
f 4537//2855 2185//893 1960//895
f 4538//7849 2190//899 2191//901
f 1420//6550 4508//7850 1414//2109
f 4507//3432 1474//928 1412//930
f 1434//4811 1433//6476 3217//3267
f 3733//5188 2238//946 4482//7851
f 4540//7852 4482//7851 2238//946
f 1448//2152 4540//3324 4163//2148
f 103//5691 4645//6597 2824//2344
f 1413//4596 2246//993 4507//7827
f 2248//958 2085//957 4542//6869
f 4763//7489 2084//7853 330//7854
f 4225//6601 4543//6603 1479//3358
f 4543//6603 89//7855 4600//6604
f 1486//5198 571//7856 2259//960
f 2091//3030 4531//7483 2264//7857
f 2091//3030 4483//969 574//3390
f 4483//969 2267//968 4484//971
f 1548//6201 4484//971 2267//3389
f 2274//833 2092//3413 2093//3036
f 2094//3040 4486//987 575//2253
f 2287//6629 577//2271 2288//5840
f 652//3355 4545//6177 3503//7723
f 2100//3057 2099//7455 3235//1008
f 2301//4476 4546//7498 666//2280
f 4547//7513 1618//1037 676//2390
f 1628//6738 4548//5704 78//6959
f 4628//7858 2116//6660 365//7585
f 4291//6771 4550//7859 4092//7325
f 4550//7859 3581//6526 3775//3145
f 2340//6224 351//6175 4270//411
f 2358//3638 4552//7860 4735//7653
f 591//2395 4552//7860 3528//3639
f 692//842 4553//3644 3387//2396
f 2363//3655 4555//7836 2364//1130
f 4556//3669 368//2336 1576//5431
f 1645//473 4557//3684 4683//6303
f 742//7062 4558//3880 4185//7424
f 4489//1093 1520//405 4716//1091
f 105//6674 2288//5840 1652//4741
f 2337//7861 1657//7862 4514//2427
f 4555//7836 1750//2567 2364//1130
f 609//3825 4909//7863 4536//7463
f 4559//7864 2336//4843 3001//3580
f 4523//7431 4290//6764 4193//7430
f 1849//4504 4560//5048 3637//7865
f 4561//7544 4380//5248 2931//5247
f 2444//6782 1831//3921 4393//5177
f 4492//3924 2446//3922 763//3925
f 4862//6768 4563//3898 210//709
f 2696//720 4565//6769 2959//721
f 2468//5407 727//7866 4216//7867
f 2459//1216 4493//1231 626//7145
f 1983//4802 1982//5021 4581//7868
f 2485//7171 4458//7753 2484//4042
f 635//7869 1338//5942 3316//4107
f 2727//1683 4578//6844 3862//1323
f 2257//3269 90//4130 3721//6568
f 1472//4897 4568//6168 3863//7870
f 1492//6179 336//1611 2263//1341
f 4730//6180 2263//6951 336//1611
f 4824//6857 3332//4148 4200//2735
f 2190//899 4538//4028 3333//6860
f 4108//7533 4890//4166 631//6822
f 4959//7871 2228//4197 4920//4200
f 2268//4205 4655//4209 1503//4208
f 4655//7872 2268//4205 4113//4207
f 4656//7559 4569//7873 4116//1404
f 4990//6906 4572//7874 874//4915
f 2554//2938 806//6911 4676//7875
f 470//6071 2577//2707 1210//2750
f 4560//5048 2705//4477 3637//2804
f 2622//2052 4574//4473 2636//4706
f 4575//1620 2720//57 1031//1621
f 3776//7565 4576//4588 2120//4785
f 4668//7876 2744//4589 4716//1091
f 3811//6739 4804//5895 3273//6274
f 2727//1683 160//1710 4578//6844
f 4579//4692 955//4638 4798//5645
f 1070//1665 4606//7245 377//6231
f 2676//2692 4824//6857 1843//7877
f 4580//6478 556//3288 3668//1593
f 2758//3332 4697//4780 564//4817
f 1016//5035 4530//7845 3974//5036
f 2535//7878 4581//4803 4656//7559
f 2221//3274 1479//3358 4125//1610
f 4583//3375 2766//3028 2090//3029
f 2688//7879 4577//4605 2741//1017
f 2244//4842 4559//4844 2771//7880
f 1716//3815 4490//1147 3550//3818
f 4559//7864 3001//5477 2372//4862
f 3832//6384 3831//1193 3833//7222
f 3658//2961 4572//4916 2036//4170
f 2046//2983 2757//2984 4947//5259
f 4585//7881 2801//4487 478//4489
f 2808//5085 954//6935 4497//6595
f 4046//7276 4177//2295 1605//2367
f 4524//4898 1857//684 193//2765
f 4618//5014 2829//6382 184//4979
f 4586//2965 1332//2945 287//7882
f 2091//3030 4532//7883 4531//7483
f 4532//7883 2091//3030 2836//3032
f 4530//7046 4723//4821 1490//7110
f 2854//5246 4560//5048 1849//4504
f 4506//4707 296//2048 1378//2062
f 2881//7123 4587//7884 3982//5112
f 103//5691 2824//2344 4473//2343
f 4177//2295 123//2294 1688//5128
f 3289//1198 722//3959 3949//7224
f 1255//4680 2834//2898 229//1893
f 2910//921 4588//6847 3375//3017
f 4588//6847 2910//7468 68//6003
f 2611//4430 644//4206 4959//7871
f 2921//7517 4847//7335 699//2411
f 4737//3851 2813//4378 1161//5244
f 366//5485 2823//7596 4384//7885
f 4539//3212 25//2028 4018//5571
f 1970//2886 4561//7544 256//2883
f 3020//7886 2262//1021 1534//6196
f 593//1677 4591//1676 2130//3097
f 2983//2718 3568//2717 2987//5136
f 1916//7439 2442//1196 3949//7224
f 1288//6078 4592//7755 3847//6810
f 4593//813 1473//4807 2059//3225
f 4566//6416 2990//7293 205//6415
f 740//1335 3396//1732 4726//6026
f 4478//7144 3958//6880 1635//6221
f 1250//640 3008//3944 4594//7887
f 4596//4910 201//5594 4021//5593
f 4642//7151 4978//7780 1572//5538
f 4630//7665 1745//7888 1081//5468
f 1143//6301 4764//6707 4652//7364
f 3076//4460 3461//6974 1411//2117
f 1411//2117 308//7889 3076//4460
f 1454//818 1455//5673 3082//2161
f 1540//7217 3097//1378 3508//5962
f 4562//3895 3126//3932 3577//3896
f 4599//1929 3161//2794 3420//1930
f 4448//7705 4711//7890 3636//4037
f 4711//4035 4448//7772 1957//2847
f 1990//7891 3172//5769 1992//2904
f 2025//2972 4527//6086 2993//2955
f 1476//5680 4853//7892 4600//6604
f 4600//6604 89//7893 1476//7894
f 4543//7895 2214//3262 89//7664
f 4601//5865 2637//5864 3249//6667
f 4603//5702 3134//581 4988//7896
f 2152//3757 402//5889 2399//3761
f 1702//5894 4804//5895 2772//3783
f 4292//7587 2435//5916 2436//4866
f 4567//5922 4537//2855 2180//885
f 2179//883 2180//3179 4537//2855
f 4604//7897 1988//4004 2184//891
f 4525//728 726//3999 2477//7616
f 635//4342 3316//4107 736//1297
f 3323//7669 742//7062 1761//4664
f 2516//4132 2237//943 3330//6586
f 4605//2059 3068//3 941//7898
f 42//5377 4597//5998 962//7379
f 3351//5987 3479//6002 4413//7660
f 4601//5865 304//2168 998//4713
f 3375//3017 4588//6847 3012//3015
f 4611//7184 4130//7357 3377//1616
f 3060//7899 1028//1618 1030//6977
f 4575//1620 114//55 2720//57
f 4257//2239 4499//6025 1050//1640
f 4606//7245 1068//455 377//6231
f 363//2368 3386//2370 1076//4997
f 4607//4827 4134//7360 397//6032
f 3131//578 4501//6040 4443//6308
f 3039//4874 1772//4873 1147//7425
f 3400//6316 1150//554 442//7840
f 447//2764 4142//5620 1164//5621
f 517//7900 4496//1506 4202//174
f 1244//1845 1246//1842 3415//2633
f 1887//2812 3415//2633 1246//1842
f 3348//1963 4527//6086 546//1483
f 4720//5355 1338//7788 4155//7901
f 65//4693 4798//5645 113//7117
f 22//7253 2808//5085 4156//7374
f 4157//2026 32//6105 1370//7902
f 4157//2026 1370//327 31//324
f 3452//352 4506//4707 1381//5092
f 70//2115 1411//2117 3461//6974
f 4508//2114 1415//7140 2953//7903
f 3480//2090 998//4713 304//2168
f 4810//6158 3486//6159 3487//6161
f 4568//6168 1472//4897 745//1375
f 746//4179 4568//6168 3490//4175
f 4613//2273 106//2272 2296//6176
f 4545//6177 652//3355 3738//3357
f 3738//3357 4613//2273 4545//6177
f 3089//2241 1504//2240 650//6593
f 3502//2267 2331//3562 1469//7904
f 4545//6177 4429//7905 3503//7723
f 4615//1009 667//5289 2979//1055
f 4533//7847 4805//3473 3241//3065
f 1541//451 3507//2291 122//72
f 4780//7906 3512//6210 4741//7907
f 3520//2349 3107//3620 4616//6227
f 1603//2358 3384//1666 377//6231
f 3811//6739 4516//1129 714//2569
f 4608//2562 4617//7284 3038//2711
f 4617//2559 3151//2561 3038//2711
f 1778//5726 4187//2608 614//1176
f 4518//7908 174//2869 4180//2808
f 4522//6329 449//7909 1805//5815
f 3830//3915 1813//1187 3583//3914
f 419//6749 1186//5438 1834//3834
f 4816//6035 420//6036 4444//2683
f 1846//4373 444//607 2971//609
f 3604//5393 2983//2718 2987//5136
f 1868//646 4199//5443 448//7191
f 4595//5488 4823//7743 1819//5266
f 4493//1231 1941//7910 626//7911
f 4566//6416 2898//2908 2578//2907
f 3646//4891 2899//4890 1997//4772
f 1996//7912 1997//4772 4712//6829
f 328//7913 4612//4375 3674//3344
f 4533//7847 3188//6495 2110//1026
f 4619//7400 3683//6654 4620//1035
f 3190//835 4620//1035 3683//6654
f 692//3642 1625//470 4477//843
f 2130//3097 4477//843 593//1677
f 388//1086 4622//5879 4277//4612
f 3198//3130 4623//5883 3539//3128
f 3708//3187 4624//4253 3421//6801
f 4625//7503 4923//2388 1459//2162
f 1462//6547 4625//7503 1459//391
f 4582//2112 3716//368 3211//3228
f 4510//3282 647//3316 642//379
f 59//3293 3728//6590 3714//6546
f 2237//943 4626//7539 1508//944
f 346//2190 3223//6163 326//4420
f 639//3276 4225//6601 1479//3358
f 4759//7320 310//3268 1481//7318
f 1022//1612 3748//3397 1502//3399
f 3246//3632 2275//6662 4955//7914
f 4486//7915 2281//986 1517//989
f 575//2253 4486//987 3753//3422
f 3493//3444 3755//3442 2288//5840
f 2297//6675 2296//6176 106//2272
f 2099//7455 4261//7916 3235//7728
f 1532//2281 4627//3471 1531//6635
f 4577//4605 3759//2282 2741//7917
f 4619//7400 4620//1035 1563//431
f 1049//3534 3769//3630 4499//6025
f 364//1369 4499//6025 3769//3630
f 3770//3536 3515//3538 2689//7457
f 3771//6236 4488//7500 4628//7918
f 4488//7500 3771//6236 677//3526
f 1623//3540 3771//7919 4628//3541
f 2116//6660 4628//3541 4488//7500
f 4485//3041 2279//3550 4987//6218
f 3773//3558 4549//4212 760//3545
f 3501//3564 345//1625 3795//5701
f 2334//7326 4550//3574 3775//3145
f 2351//3624 4629//1032 3789//4837
f 3387//2396 4553//3644 382//1674
f 3111//7920 4631//3666 3262//6239
f 4631//3666 3111//3667 4556//3669
f 2575//3668 4556//7921 3111//3667
f 1576//7922 1008//2198 4632//3664
f 2374//7336 2921//2410 697//3678
f 682//1051 105//6674 1652//7776
f 1651//7923 3536//6249 599//3125
f 401//3743 3270//1113 1673//480
f 2905//869 2404//7423 4423//6740
f 3550//3818 4633//5915 2382//3713
f 1151//1752 1788//6885 167//1750
f 1227//173 1226//172 1792//558
f 2433//7186 4522//6329 450//4865
f 2435//5916 1806//6772 2436//4866
f 1807//5914 4707//7427 2438//7924
f 4633//5915 4291//6771 2382//3713
f 4633//5915 2435//5916 4291//6771
f 3832//6384 3833//7222 4888//6778
f 4492//3924 3810//3755 2445//1199
f 4564//3964 1890//3963 4351//3965
f 4634//6799 1913//4525 4305//4524
f 3838//7925 4635//1790 4107//1789
f 4635//1790 3838//6891 486//5507
f 512//2842 4604//7897 1946//691
f 4604//7926 512//2842 3630//2901
f 1983//4802 2535//4801 2475//4021
f 4592//7927 204//5532 3848//5533
f 2485//7171 2484//4042 2899//4890
f 3312//4069 4636//6819 2006//1269
f 2562//1517 4316//1516 2506//4344
f 2133//3105 4495//1324 4578//6844
f 4588//6847 963//1563 3012//3015
f 1452//2248 4637//7928 4675//6991
f 4042//384 4637//6850 316//6848
f 4638//6853 2985//5359 2860//5358
f 4824//6857 4200//2735 466//7929
f 4449//7079 4572//4916 4990//6906
f 4340//5934 2495//5935 2494//5956
f 4542//6869 2062//3247 2248//958
f 4626//6872 317//4210 3497//2244
f 2127//3093 4639//3092 2352//1389
f 4639//3092 2354//1387 2352//1389
f 2447//3928 461//7621 4638//6853
f 3883//4254 2465//5926 3301//5925
f 3345//6892 3416//4505 267//1881
f 4571//1537 4116//1404 2781//4261
f 817//4887 4335//1536 824//1538
f 4640//6937 3917//4875 3039//4874
f 3714//6546 4691//7930 4082//5410
f 4570//7931 2591//4074 4481//7932
f 634//1286 4481//904 2591//4074
f 4732//6965 3910//6985 2078//3013
f 4581//4803 4693//5020 4569//7933
f 4697//4780 997//4779 4732//5787
f 3910//4595 4732//6965 997//4779
f 4500//1649 4876//1648 3389//4654
f 531//4683 3640//5151 520//1922
f 148//7934 4471//7807 1706//501
f 4928//5951 1825//6348 1872//3954
f 4634//6799 3621//2782 1913//4525
f 4636//6819 732//4068 2862//5970
f 1470//6162 3029//4421 326//2191
f 3937//369 4582//2112 2686//5454
f 2222//7935 2221//3274 4125//1610
f 4583//7936 4723//4821 2766//3028
f 1491//5342 4530//7937 1490//7110
f 1507//7938 3766//3524 2317//6649
f 4629//7939 4643//7051 3789//4837
f 2136//7053 1632//6697 3260//5878
f 4644//7940 2404//3864 2335//3579
f 4521//7195 2632//6326 2941//1346
f 3877//7941 3958//7942 4621//5301
f 4478//7144 3688//5167 3958//7942
f 3815//3079 4644//7307 3996//5241
f 1076//2374 2809//4996 1075//2371
f 3607//2727 4618//5014 481//5013
f 4868//5091 3458//5099 17//5090
f 3096//2293 1540//7217 2819//5007
f 4598//5719 4854//5135 1751//7223
f 3168//717 4971//2811 4747//6419
f 3487//6161 4645//6597 4810//6158
f 2371//3682 596//5434 3799//3683
f 3805//3718 4502//1770 1170//1769
f 2882//3581 3996//5238 4644//7307
f 2822//5009 366//7943 4384//5110
f 3092//7396 4601//5865 998//4713
f 3098//2289 4881//7944 3508//414
f 491//1919 1969//1918 3160//3946
f 3487//6161 2824//2344 4645//6597
f 357//3510 2902//7039 1539//7945
f 3573//2580 4646//7696 1144//4551
f 2987//5136 1751//7223 1212//5134
f 313//4815 4748//5450 315//4131
f 1654//7946 2903//7232 350//3052
f 3003//3729 704//6725 3806//6724
f 4179//1132 4756//7280 2401//1133
f 4595//5488 4589//7947 4823//7743
f 4589//7744 4595//5488 2679//5487
f 4514//2427 1583//444 2337//7218
f 3505//7948 3020//7886 1534//6196
f 3977//5066 3555//2520 421//6288
f 2742//6678 2344//3593 1589//5531
f 4642//7151 3904//6941 2721//7124
f 4590//2037 4007//4975 21//7949
f 434//1763 3285//1171 1166//1764
f 3160//3946 1969//1918 3638//2635
f 68//6003 961//1559 963//1563
f 4614//970 1497//972 4896//7274
f 393//7950 2139//853 4050//3159
f 2811//4999 4758//2483 1106//5000
f 416//1718 4055//1717 1723//2501
f 4009//5591 4823//7743 4061//5589
f 2026//6466 542//6467 4069//2923
f 4222//2989 4529//2991 1339//5775
f 4647//7951 2008//746 4526//748
f 2008//746 4647//7467 2195//4067
f 709//2448 4100//7952 1780//5727
f 1728//2509 4909//3829 417//2508
f 4102//7059 4909//3829 1728//2509
f 2418//7953 4491//1159 611//7954
f 4519//7837 4103//1741 4652//7364
f 4106//2854 4649//3957 2179//883
f 4650//6996 4117//1413 4315//5938
f 4691//7930 950//21 298//2070
f 4511//2268 3373//6152 3374//6153
f 104//7471 4651//7955 1036//6190
f 362//7358 4131//6205 4772//2304
f 4474//7956 1602//6232 1098//1695
f 160//7957 1139//112 1138//7958
f 4652//7364 4139//7959 2620//6299
f 1160//5618 4757//6048 1159//1758
f 4041//2143 4748//7960 561//935
f 4163//2148 1446//381 4084//3327
f 4043//7384 1464//7961 566//821
f 4651//7470 4028//4510 1036//6190
f 363//2368 339//6212 1046//2234
f 4653//7393 111//7962 1519//2329
f 4619//7400 1560//6215 3683//7963
f 1609//2382 141//610 3037//7404
f 375//3084 1730//7964 690//3614
f 4598//5719 4183//5721 4435//2630
f 4520//4748 2332//7507 1762//3566
f 4475//6375 1158//7292 3602//2626
f 623//3990 4816//7965 4444//2683
f 4517//2556 1883//5628 4358//4678
f 3159//2631 3415//2633 1887//2812
f 4855//2853 1915//2786 3632//5017
f 1967//2880 4213//2881 477//1807
f 4693//5020 1989//7966 4569//7967
f 4528//7444 536//2922 1994//732
f 4686//2512 4536//7968 4886//7413
f 2184//891 513//4027 3166//694
f 643//2149 4849//3283 3081//378
f 1447//382 4540//3324 2238//946
f 4625//7503 4548//5704 1617//7969
f 4268//3547 4512//7816 2323//3559
f 4092//7325 4550//3574 2334//7326
f 4735//7653 4552//7860 2357//1078
f 4489//1093 4173//4498 4699//2270
f 684//3588 4699//2270 4173//4498
f 2392//6734 710//3747 4114//4230
f 4291//6771 2435//5916 4292//7587
f 4707//7427 3288//3904 1806//6772
f 4634//6799 4476//2783 3621//2782
f 4567//5922 2185//893 4537//2855
f 2468//4881 4216//1254 4995//5408
f 742//7062 4520//4748 1761//4664
f 4318//5948 4626//7539 2237//943
f 4113//4207 4666//7970 4655//4209
f 4570//7971 2481//1259 2591//4074
f 4656//7559 4571//1537 4335//1536
f 1381//5092 4574//7972 4472//2066
f 4574//7972 1381//7973 2636//4493
f 4579//4692 29//3213 2660//2007
f 2820//419 1071//7974 1072//417
f 2099//7455 1528//3458 4261//7490
f 2754//7975 2006//1269 4636//7976
f 2688//7879 2741//7917 2109//1019
f 4397//7739 4767//7733 4353//4608
f 1161//5244 4551//1077 762//2393
f 1970//2886 4380//7794 4561//7544
f 4328//4239 4638//7977 2860//5358
f 2829//7978 439//2606 4347//4961
f 1842//2690 465//2738 1194//1795
f 4354//4628 3010//5272 4395//7133
f 1872//3954 2943//6385 4928//7979
f 2614//5263 2699//7980 4080//6539
f 4229//6169 4645//6597 4769//5692
f 4591//1676 1083//3645 2130//3097
f 4795//7584 4594//5479 179//5722
f 4504//5510 4411//5503 2026//6466
f 4254//7725 4338//4432 4865//2214
f 1143//6301 4652//7838 2620//6299
f 1402//2178 3028//2172 2667//2179
f 4742//6281 3108//5114 4174//2531
f 4177//2295 3114//2362 1605//2367
f 2154//7459 2797//3782 2772//7981
f 1459//2162 4657//7647 1462//7982
f 3203//5813 4804//7983 3811//6739
f 1760//5920 2453//5319 433//2581
f 4525//728 2477//5307 2907//3197
f 2495//7984 4528//7444 2027//4081
f 4611//7184 3377//1616 2571//4358
f 1300//242 4119//244 918//4316
f 566//821 4657//7647 4160//2176
f 4425//390 4160//2176 4657//7634
f 4653//7393 1517//989 111//988
f 4511//2181 3502//2267 1469//2192
f 4616//6227 4873//7985 4273//3604
f 4646//7696 4443//6308 4357//5127
f 1183//7986 2828//6779 458//590
f 4523//7431 4192//2679 2176//3178
f 4690//5440 3597//2682 1841//604
f 4654//7987 3294//7703 4399//2579
f 4517//2556 4358//4678 427//2554
f 4063//2761 4141//6047 1157//1757
f 1313//5270 1996//4773 2193//253
f 250//735 1998//2910 268//1940
f 2036//4170 4219//7603 1323//4417
f 1039//830 581//7988 4263//3485
f 2184//891 3166//6409 1947//892
f 2073//7989 314//7314 2070//6482
f 2073//5783 2070//6482 3475//3313
f 3736//6160 2824//2344 3487//6161
f 2260//3455 1592//959 107//3456
f 4088//3405 4087//3408 4637//6850
f 316//6848 4637//6850 4087//3408
f 1529//3466 2104//829 580//5843
f 4767//7733 4397//7739 2847//2342
f 4513//2341 3501//7990 3795//441
f 4630//7665 2358//3638 4735//7653
f 4632//3664 1008//2198 3263//3681
f 2374//7336 697//6883 2368//3677
f 2392//6734 4114//4230 1671//1112
f 146//2564 4906//7406 3280//7991
f 1817//6335 162//5139 3404//6050
f 1227//173 1792//558 462//559
f 2943//6385 4658//7064 4589//7947
f 4061//5589 4658//7992 4296//1189
f 4658//7064 4061//5589 4823//7743
f 485//7993 4592//7755 1288//6078
f 4750//1298 4529//2991 840//6471
f 4316//1516 3318//4113 2506//4344
f 3729//3323 4323//3409 744//7756
f 1508//944 4626//7539 3497//2244
f 4569//7933 4217//7531 4116//1404
f 341//974 1048//2319 3747//975
f 4640//7775 478//7994 3917//4875
f 4641//6379 4585//7881 4640//6937
f 478//4489 4640//6937 4585//7881
f 955//4638 4579//4692 2660//2007
f 4656//7559 4581//4803 4569//7995
f 4646//7696 1759//1742 1144//4551
f 3933//4753 1171//579 1149//5732
f 2688//3480 2109//1019 668//3066
f 341//974 1507//7938 2317//6649
f 4565//6769 4380//5248 2959//721
f 2829//6382 4347//4961 184//656
f 2838//3077 4363//4749 1762//5024
f 2614//5263 4080//6539 1992//2904
f 4603//5702 2742//6874 1589//5531
f 4660//7996 1241//178 4797//7997
f 3040//180 4678//182 1244//1845
f 4661//1926 1310//1925 1309//1924
f 4610//5644 2593//6015 3060//6016
f 1485//7998 4662//2220 1487//3363
f 4780//7999 1023//7121 4828//4717
f 4663//467 1616//2385 4053//8000
f 1178//582 4687//583 1825//6348
f 4660//7996 4797//2867 1963//715
f 4667//5428 4814//6613 1488//5345
f 4668//4791 2282//3426 1646//2412
f 2324//7732 4999//7401 2279//7727
f 2361//5470 1631//2399 2360//4222
f 1651//8001 1657//2426 2337//3583
f 4670//3769 1748//3770 2153//3772
f 2131//845 4671//8002 4705//3775
f 1120//1721 3821//1396 4912//7740
f 180//7426 3293//2582 4399//2579
f 4673//3985 3841//8003 2856//6533
f 4674//4040 3646//4891 2467//1220
f 4675//8004 1397//8005 72//6094
f 1705//4140 2361//5470 366//7943
f 2554//2938 4676//4302 1966//718
f 20//5086 2808//5085 4497//6595
f 4677//5010 1040//6021 4046//5011
f 898//713 1240//177 4660//7996
f 1467//823 323//2259 4680//6918
f 4808//7305 4680//7304 323//2259
f 4694//2203 1474//928 4507//7827
f 335//4820 1484//396 1483//395
f 4662//8006 4960//8007 1486//8008
f 4662//8006 1486//8008 2915//2221
f 4740//6234 1555//6268 4728//7016
f 109//1661 4682//8009 120//69
f 4683//6303 3196//5808 1645//473
f 1658//1103 3538//2432 398//3725
f 4682//2468 1602//6232 4474//2464
f 165//2666 4684//2668 1727//5899
f 4685//2506 1722//2499 3119//5716
f 4686//2512 1729//523 3120//6279
f 187//8010 4687//583 1180//131
f 4684//2668 1828//2681 1726//2505
f 4688//2720 435//1812 3274//1141
f 4689//7290 4475//6375 1852//6374
f 4801//6327 447//2764 1250//640
f 4444//8011 4690//7069 3952//7068
f 951//22 4691//3220 2057//912
f 1593//8012 2122//1058 588//1057
f 4702//3086 2123//3085 2124//1061
f 1686//2465 1120//1721 712//3766
f 4140//2592 4692//2597 4480//2593
f 418//3824 4686//2512 2162//1151
f 414//1177 4744//7697 400//3734
f 2057//912 4691//7930 1387//3219
f 2213//8013 4695//7311 4246//3258
f 2227//3294 1436//936 3726//6582
f 2075//3318 4774//8014 314//8015
f 4666//7970 646//6587 2237//943
f 4696//5038 997//4779 2758//3332
f 564//4817 4697//8016 3732//5189
f 2257//8017 4759//7320 2256//2209
f 2277//979 4698//984 2276//980
f 4699//2270 2283//990 1521//8018
f 4668//7876 4259//407 2282//3426
f 328//3343 2243//3342 4089//6491
f 4700//8019 2292//1000 2293//1002
f 2255//3453 4771//3454 1528//3458
f 2309//3486 3681//831 4045//3487
f 107//3456 1592//7724 4701//7403
f 2349//1060 4702//3086 2124//6228
f 1631//2399 387//2401 2360//5292
f 749//4227 4703//8020 392//4758
f 327//1606 2244//4842 2771//4861
f 2292//1000 4700//8019 2850//8021
f 156//2476 4670//3769 1695//8022
f 4670//3769 409//1704 1104//8023
f 409//1704 4670//3769 2153//3143
f 4705//8024 2154//7459 713//3850
f 4702//3086 2349//6685 2162//1151
f 4707//7427 1809//2639 451//3176
f 4708//3920 2444//6782 3290//3919
f 4708//3920 2445//1199 2444//1201
f 2441//1192 4687//583 187//130
f 4710//6807 3171//5767 1983//4802
f 4674//4040 4308//4039 2485//7171
f 3646//7172 4674//4040 2485//7534
f 1992//2904 4080//6539 4647//7467
f 4713//5567 4927//8025 163//129
f 4742//6233 3554//4141 422//1343
f 4850//3893 1788//3892 1789//4860
f 2527//5286 4714//2009 953//5285
f 2676//2692 2650//2693 2791//1723
f 4577//4605 2688//3480 2306//3479
f 2739//5505 4718//7377 2978//322
f 1176//1775 2746//4395 1724//2502
f 1974//5284 2681//724 4561//7544
f 4872//8026 4841//8027 1572//5538
f 3260//5878 4719//3674 4622//5879
f 539//5278 4005//274 4720//5355
f 4720//5355 2505//4172 539//8028
f 210//4298 2731//1826 4862//6768
f 2729//4379 4721//4931 2356//7155
f 4722//4930 1749//7417 4721//4931
f 3970//7102 4942//7101 3502//2267
f 2719//3383 4723//3376 4530//7845
f 1149//5732 2802//8029 440//4754
f 4751//3035 2269//973 4696//5038
f 2371//3682 327//1606 2771//7880
f 2850//8021 4700//8019 4724//7159
f 2466//5927 2465//5926 2861//1401
f 3727//4431 2611//4430 3945//4816
f 4725//5418 2951//1856 499//1850
f 4727//4399 1962//2865 1274//6530
f 148//8030 1087//1685 1089//77
f 962//7379 4729//8031 57//1558
f 4729//8032 962//7379 4597//5060
f 4678//182 3047//181 1243//7673
f 2079//820 3091//2254 1515//3421
f 4769//5692 3093//3571 2096//7715
f 4672//3170 3206//3168 3705//3165
f 4695//7311 2212//929 4246//3258
f 2216//5822 4450//3003 1433//6476
f 4953//7061 3572//2578 3282//3872
f 4456//3885 1817//6335 4736//8033
f 4736//8033 614//1176 3828//3883
f 4708//3920 3290//3919 2443//1222
f 180//3947 4399//2579 3294//7703
f 2533//4250 4332//227 2466//6889
f 3482//6151 20//5086 4497//8034
f 971//2258 4874//7351 3499//2256
f 168//137 1120//1721 3202//3142
f 4608//2562 4737//3851 3402//8035
f 4737//3851 4608//2562 3394//4663
f 3409//6294 428//4960 1853//7567
f 1243//7673 3047//181 4141//6047
f 1309//1924 3429//2893 4661//1926
f 4796//1951 524//2918 4219//7603
f 3064//2031 4778//2097 4497//8034
f 3365//6126 1407//4943 4679//2102
f 3726//6582 1436//936 558//8036
f 4680//6918 3084//4934 1467//823
f 4682//2468 3229//5836 1602//6232
f 4681//446 1541//451 122//72
f 4740//6234 3512//6210 3513//6209
f 4129//1614 4741//7626 4815//7624
f 4684//2668 1726//588 4439//8037
f 422//6265 136//1694 4742//6281
f 3123//2551 1745//2558 425//540
f 4010//2555 4743//6293 4517//2556
f 425//540 1745//2558 1133//6295
f 400//3734 4744//3160 4100//3138
f 3415//2633 4745//5745 1247//571
f 4736//5907 3136//2645 2639//4237
f 3149//2696 4738//6369 1195//2516
f 4738//6369 3149//7702 1737//7283
f 2729//4379 3603//7002 4722//6376
f 3150//5132 4722//6376 3603//2712
f 2943//6385 1872//3954 2441//1192
f 1850//8038 470//6071 1851//6057
f 470//6071 1850//6373 1238//5750
f 2951//1856 4725//8039 1260//2793
f 4747//6419 174//8040 1926//5315
f 3180//8041 552//2993 4124//7353
f 571//7856 4960//8007 4825//7143
f 3520//2349 1593//6226 588//8042
f 2125//6502 4734//3615 4873//7985
f 543//4091 733//1282 4155//7901
f 308//6558 1411//2117 1422//6559
f 2227//3294 1444//2144 1436//936
f 4426//3317 2235//6588 4774//3319
f 1525//2274 90//4130 3742//2211
f 3744//3372 4867//6614 1433//6476
f 3091//2254 2079//820 2767//6625
f 3730//5186 1504//2240 2278//983
f 659//3039 4749//1039 3248//5861
f 386//2397 1631//2399 2361//5470
f 3570//4440 2375//4439 1143//6301
f 2337//3583 3537//3708 1651//7572
f 3537//8043 2337//3583 3684//3584
f 2392//6734 1676//1120 710//3747
f 1628//3777 3897//4840 2770//3660
f 1146//4666 3274//8044 2407//1140
f 3704//876 4672//3170 3705//3165
f 4711//4035 2018//2934 3636//4037
f 2029//2957 4750//1298 3316//4107
f 3330//4133 2237//943 646//6587
f 3516//1044 1705//4140 366//5008
f 3825//3859 2366//1391 3342//1390
f 4703//8020 2369//3679 697//3678
f 2466//6889 2861//1401 2533//4250
f 4004//5561 2583//4907 3988//5560
f 2625//8045 3507//2291 1541//451
f 4751//3035 3921//3331 1559//4834
f 953//5285 4714//2009 3924//5575
f 4752//7015 3351//2004 3352//5389
f 4752//7015 3479//7014 3351//2004
f 2086//5791 331//4781 3184//8046
f 4981//7180 4821//7676 530//7036
f 4220//6450 3922//8047 530//7036
f 1033//59 4942//7101 3970//5108
f 4942//7101 4269//3563 3502//2267
f 1131//7204 1852//6374 3602//2626
f 4696//5038 2240//8048 997//4779
f 4729//8049 2841//1562 961//1559
f 4753//7158 1586//837 2340//6224
f 4030//6235 2825//2372 2809//4996
f 2885//2449 4584//3139 709//2448
f 3921//3331 4751//3035 4696//5038
f 383//542 4721//4931 1749//543
f 4721//4931 383//2557 4735//7653
f 4724//7525 4700//8019 1591//1054
f 1991//5768 4387//7199 2857//7170
f 4755//7095 3922//4541 2806//7202
f 4752//7015 1399//2091 3480//2090
f 2969//6085 3643//5018 524//2918
f 4869//5273 3334//5953 2489//5274
f 2308//1020 3020//7886 2644//8050
f 208//1824 3301//5925 2466//6889
f 1134//1756 4757//8051 4053//7405
f 1914//2784 4064//2852 1916//5755
f 4066//4186 4725//5418 3997//7440
f 4686//2512 4886//7413 2162//1151
f 4317//8052 80//1552 1347//296
f 972//8053 4874//7351 4659//2089
f 504//712 1225//171 1227//173
f 4701//7403 2743//961 686//2347
f 1082//7686 4663//467 385//5221
f 4053//7408 4757//8051 4663//467
f 4663//467 4757//6048 385//5221
f 1778//5726 4744//3160 4187//2608
f 2828//6779 722//3959 3289//1198
f 1876//2732 504//712 1227//8054
f 4746//2663 4064//2852 1256//2851
f 3180//2994 4124//7353 2060//7300
f 747//4176 4073//7301 4544//7303
f 314//7314 559//7316 2070//6482
f 2256//2209 4759//7320 570//2213
f 4733//5835 570//2213 4251//7319
f 4730//6180 4167//7726 4531//7483
f 4763//8055 330//3435 4089//6491
f 2324//7732 4554//6663 4999//8056
f 4701//7403 686//2347 2346//3611
f 392//3938 4703//6882 4196//6881
f 4764//6707 1755//4407 4519//4406
f 419//6749 2413//3833 166//3831
f 2774//3903 4293//3909 450//4865
f 2858//4894 4765//4617 2566//4926
f 522//7345 4869//7535 3010//5272
f 1000//1643 2510//8057 1347//296
f 2566//1521 4765//4617 776//1519
f 4766//4079 4340//5934 2192//8058
f 4353//4608 4767//7733 2328//1047
f 543//4091 4155//7901 4812//5943
f 169//1722 2676//2692 2791//1723
f 2906//8059 4184//5171 2905//7785
f 4768//283 2551//6907 830//284
f 4248//5191 4739//6172 3491//6170
f 4122//7120 4868//8060 4714//2009
f 288//5078 2872//1961 3655//7107
f 2838//3077 394//3076 131//8061
f 4727//4399 2864//1434 1962//2865
f 4688//2720 3043//5622 435//1812
f 2096//5693 4229//6596 4769//5692
f 4671//3100 2154//7459 4705//3775
f 2960//2978 4408//7226 4368//1246
f 4728//7016 3749//3403 4741//7626
f 4815//7624 4741//7626 3749//6623
f 3185//8062 1485//2217 2090//3029
f 4784//6552 1428//2123 1419//5667
f 4694//2203 3252//3589 3494//3590
f 4953//7061 3282//3872 2967//5404
f 3362//1565 968//1564 967//4474
f 89//7664 1036//7635 1476//5680
f 250//8063 4760//7370 1281//214
f 3431//6446 4761//5640 1335//5639
f 1403//8064 306//1579 4038//2096
f 4437//5778 3726//6143 558//7452
f 4744//3160 1778//5726 1780//5727
f 4073//7450 3667//6475 4951//6870
f 4762//4808 3677//3020 4739//3019
f 553//2110 4784//7354 1419//5667
f 1525//2274 3742//2211 663//2275
f 3190//835 4455//3531 2274//833
f 4365//8065 4871//3905 4985//6797
f 2754//7080 4990//6906 2551//6907
f 3185//8062 2090//3029 4822//3027
f 2906//5172 4717//3790 2166//3867
f 4770//815 2077//817 3673//3325
f 4770//5457 3669//5826 563//2139
f 1374//5984 46//1548 952//1547
f 1991//5768 2857//4450 3172//5769
f 4755//7095 531//4683 4367//6437
f 118//2440 3806//6724 3781//3595
f 1685//3765 4474//2464 712//3766
f 4771//3454 2298//3457 1528//8066
f 4699//2270 684//3431 2283//990
f 3512//6210 4740//6234 4728//7016
f 1629//2398 4861//3860 1630//2400
f 4517//2556 4743//6293 4032//7033
f 1208//5718 4743//6293 3124//5381
f 3217//3267 1433//7778 555//6477
f 4748//5450 4041//2143 996//5607
f 2084//5831 2249//3436 330//7854
f 4185//8067 4558//3880 4279//7506
f 290//4354 3431//6446 3860//8068
f 4697//4780 3183//5187 3732//5189
f 68//6003 2910//8069 988//3229
f 2915//2221 2260//3455 4771//3454
f 4610//5644 3060//6016 1031//1621
f 3409//6294 1853//7567 2891//5131
f 4780//7906 4741//7907 4129//1614
f 4515//7580 1607//483 1606//8070
f 4618//5014 4754//5068 2829//6382
f 4712//6829 1997//4772 2899//4890
f 1481//7318 310//3268 2216//5822
f 2404//3864 4644//7307 4423//6740
f 290//4354 3860//8071 835//4353
f 4981//7180 530//7036 4755//7095
f 2356//7155 2357//1078 4551//1077
f 4756//7280 3813//3784 2401//3786
f 1158//8072 1135//4751 3602//2626
f 4707//7427 1806//6772 1809//2639
f 1989//7966 4217//7531 4569//7933
f 1992//2904 4647//7309 525//3199
f 2225//3284 2224//3281 4849//3283
f 1264//1430 2555//1487 4826//3991
f 4769//8073 4645//6597 103//5691
f 904//1861 2555//1487 1264//1430
f 1475//7388 4694//2203 3494//3590
f 4767//7734 2329//5866 2328//1047
f 146//2564 3280//7991 2418//3853
f 2356//7155 4551//1077 2813//4378
f 3033//5610 129//1734 4827//8074
f 129//1734 1112//1713 4827//8075
f 1102//92 4777//94 1104//3773
f 349//3048 4782//5794 1526//997
f 4772//2304 1041//1631 1545//418
f 1627//5892 3110//4542 4548//5704
f 1989//7966 4693//5020 2189//1256
f 1554//8076 573//8077 1496//2226
f 2403//8078 4775//7522 2402//1134
f 1011//1605 4776//1607 1012//6164
f 4881//8079 2625//4494 4967//449
f 618//4411 4777//94 1103//93
f 1157//1757 1134//8080 1158//7292
f 1243//7673 1245//4314 246//243
f 3479//6002 304//2168 1400//8081
f 3900//2095 4778//8082 3064//2031
f 333//6485 1480//1006 3087//2210
f 1809//2639 1808//2640 451//3176
f 1937//8083 479//1809 1936//2826
f 726//3999 4525//728 1942//1238
f 513//4027 1988//2900 4773//8084
f 1979//760 3620//2776 4986//3189
f 4005//274 2029//2957 544//4108
f 1464//822 3028//2172 323//2259
f 567//3354 4781//6598 2085//957
f 1522//408 3187//6492 4782//5794
f 2839//3158 4783//5173 2167//5026
f 513//4005 4773//8084 2189//1256
f 1989//7966 2189//1256 4773//8084
f 4784//7354 3718//2997 1428//2123
f 1441//3309 2232//942 3726//8085
f 1554//425 2226//6576 92//2292
f 1012//6164 4776//1607 3263//3681
f 4842//8086 3814//3787 4861//3860
f 2402//1134 4775//7522 4289//7281
f 2168//5174 2167//3866 4953//7061
f 3648//2919 3643//5018 4787//2895
f 3442//2043 4788//6120 2509//1312
f 2497//1374 2501//1290 2498//5937
f 1190//1397 3821//1396 168//137
f 504//712 2789//2733 790//710
f 2593//6015 2571//4358 1028//1618
f 29//3213 4789//4547 35//5650
f 3928//7031 4204//4484 1881//2747
f 4790//8087 362//7358 1072//2305
f 1606//4733 4790//4735 4515//7580
f 169//1722 4791//4149 2676//2692
f 1439//8088 4792//8089 2916//8090
f 2584//4381 2394//5475 3807//8091
f 49//8092 4023//1553 4317//8052
f 84//44 2877//4715 3485//2189
f 4783//5173 1641//3157 2906//5172
f 3511//2300 125//2299 2670//5320
f 4783//5173 2166//3867 2167//5026
f 2574//6545 4794//5659 3900//2095
f 2969//4066 4796//1951 3011//4064
f 4037//5605 974//1997 4413//7660
f 4797//7997 1241//8093 4414//6069
f 1349//5643 4798//8094 955//4638
f 38//295 4799//5651 2815//5003
f 4799//7098 38//295 1367//317
f 4800//5654 3066//5421 1374//5984
f 4794//5659 4038//2096 3900//2095
f 4801//6327 1754//2576 4142//5620
f 3625//6858 1937//3952 1936//2826
f 1333//2971 4803//2956 4527//6086
f 4782//5794 3187//8095 1525//2274
f 2110//1026 2309//1028 2302//7492
f 3273//6274 4804//5895 2365//6699
f 4800//5654 4605//2059 941//7898
f 143//5219 1160//5618 3403//1761
f 3435//6091 1343//4364 1342//1989
f 4788//6120 3456//5327 1392//5326
f 4231//3474 4805//3473 4533//7847
f 3513//6209 4780//7906 110//4716
f 3547//6270 4777//94 618//4411
f 143//5219 3403//1761 3567//2571
f 3567//2571 4846//5220 143//7409
f 1734//5122 1122//6363 4936//7129
f 4806//8096 1734//5122 3578//6280
f 3225//5792 568//3022 4600//6604
f 3678//3112 4808//5690 594//3110
f 4706//3894 4850//3893 3705//3165
f 3728//6590 59//3293 2227//3294
f 4809//8097 3731//5401 3183//5187
f 4785//3335 563//2139 1435//2138
f 3371//6007 3477//2163 651//8098
f 4781//6598 3224//5832 2084//5831
f 3236//1010 4615//1009 2979//1055
f 4793//4831 3763//5397 3943//5164
f 3238//3600 3783//3599 1668//2441
f 3794//5522 3793//2100 4957//5520
f 3263//8099 4776//1607 2370//5881
f 3799//3683 2370//8100 4776//1607
f 3814//3787 2422//1160 3571//7338
f 3825//7518 3814//3787 3571//4405
f 2603//6706 3295//5918 1760//7365
f 3857//4102 547//4098 3315//4099
f 4779//412 3495//2205 3086//5679
f 3928//7031 1881//2747 1238//5750
f 3752//5204 319//7049 2844//951
f 2815//5003 4789//4547 34//5081
f 4789//4547 2815//5003 4799//7098
f 4787//2895 2834//2898 4980//7610
f 4812//4112 635//7869 2506//4344
f 4868//5091 972//5100 3458//5099
f 4792//8101 2913//3305 2916//8090
f 2553//5981 3976//8102 808//8103
f 4813//5203 2278//3419 2277//979
f 948//7012 35//5650 33//5087
f 4794//5659 2662//7119 1403//5658
f 653//3369 4814//6613 4667//5428
f 4808//5690 2818//8104 594//3110
f 4014//5462 4815//7624 3749//3403
f 4289//7281 1705//4140 4054//2482
f 4816//6035 623//8105 1836//4673
f 546//8106 4221//1485 2040//4307
f 4140//2592 1148//2591 3039//4874
f 941//2054 1376//2047 4800//8107
f 4808//5690 4170//7685 2818//8104
f 4289//7281 386//2397 1705//4140
f 4795//7584 4188//2574 4801//6327
f 1754//2576 4801//6327 4188//8108
f 2088//3024 4818//2212 2087//3025
f 4075//7306 4808//7305 2095//7515
f 2150//3741 4077//3141 401//3743
f 4124//8109 552//2993 3214//6553
f 4955//7914 1513//5686 2277//979
f 4279//7506 660//2413 2332//3567
f 120//69 1685//3765 1063//4970
f 4775//7522 1629//2398 386//2397
f 3583//3914 3299//6431 3830//3915
f 4807//2818 4306//3992 508//1879
f 2315//3520 4343//5376 1047//2317
f 18//341 4344//6109 1//351
f 4790//4735 1072//417 1071//7414
f 4075//7306 1634//3659 3894//4935
f 1907//5754 4910//8110 1908//2779
f 3861//6842 4317//8052 2510//8057
f 2731//1826 1224//8111 4806//6364
f 4772//2304 1045//1629 1041//1631
f 1147//7425 4140//2592 3039//4874
f 1627//5892 4548//5704 1628//3777
f 4814//6613 4251//7319 1481//7318
f 4819//3726 3112//2431 1658//1103
f 3781//3595 2919//3594 4326//5362
f 4820//7288 1769//545 3036//5612
f 548//811 4761//5640 290//4354
f 4821//7037 4214//6424 1969//6421
f 4823//7743 4009//5591 1819//5266
f 4781//6598 4997//8112 2085//957
f 726//3999 1942//1238 627//4000
f 2819//5007 1540//7217 4881//8079
f 4824//6857 466//8113 1843//7877
f 4841//8027 4512//7816 1567//5537
f 3511//8114 2670//5320 2883//2354
f 1138//8115 4578//8116 160//1710
f 4798//5645 4610//5644 113//7117
f 4811//4597 4614//970 1499//4598
f 3728//6590 2227//3294 2232//942
f 3488//2199 4810//6158 4229//6596
f 3755//3442 2287//3441 2288//5840
f 4700//8019 3236//1010 2979//1055
f 2335//3579 2404//7423 3948//6304
f 4881//8117 1540//7217 3508//414
f 4818//2212 570//2213 2087//3025
f 4784//6552 4124//8109 3214//6553
f 4680//6918 4075//7306 3894//4935
f 4841//8027 1567//5537 1572//5538
f 4579//4692 4798//8094 65//7605
f 4059//2596 4820//7288 4914//8118
f 4063//2761 1157//1757 1158//7292
f 548//811 290//4354 771//809
f 4678//182 1243//7673 246//1844
f 4818//2212 333//6485 3087//2210
f 447//2764 1889//641 1250//640
f 2373//5175 4847//7335 393//7950
f 4825//7143 4822//3027 2089//6486
f 4822//3027 4825//7143 3185//8062
f 168//137 3202//3142 420//6036
f 571//7856 4825//7143 1482//394
f 3807//8091 2150//3741 401//3743
f 4847//7335 4704//7334 393//7333
f 4822//3027 2090//3029 2766//3028
f 2216//5822 310//3268 2067//3000
f 1139//112 145//108 4875//8119
f 45//3218 2224//3281 2225//3284
f 1137//107 4852//6039 4875//8119
f 135//1663 125//2299 4903//8120
f 4915//8121 270//8122 4760//8123
f 2646//4549 4827//8075 147//4650
f 4827//8075 2646//4549 3033//5610
f 4827//8075 1112//1712 147//4650
f 3508//5962 4829//416 3098//2289
f 4830//8124 1687//556 4835//2687
f 1100//1700 4835//8125 1687//556
f 2174//3174 2175//1186 1808//2640
f 2106//7231 3254//5873 3238//3600
f 4863//1233 726//8126 2469//3997
f 201//8127 4831//4452 1819//5266
f 976//1570 52//8128 974//1997
f 1457//5675 2702//2158 3435//6091
f 3371//6007 3478//5857 3083//2166
f 3234//8129 1527//3053 3503//7723
f 1043//423 4832//5330 1067//73
f 4830//2688 153//2617 1687//556
f 1693//2527 4833//2528 1101//484
f 4834//2538 1741//527 3546//2539
f 1741//527 4834//8130 444//607
f 4835//2687 1192//140 4830//2688
f 1192//140 464//1793 1838//600
f 4217//7531 4773//8084 4837//7655
f 2060//7300 4124//8109 553//2110
f 1096//2470 3392//2471 420//6036
f 4887//3811 2174//3174 4838//3816
f 4901//941 3070//3320 3728//6590
f 3990//950 4839//7050 2078//3013
f 2088//3364 4840//3365 333//6485
f 2092//3413 4256//3410 340//6489
f 4512//7816 4841//8027 1571//2328
f 2403//1161 4842//3788 4775//7522
f 4834//8130 4833//2528 423//2529
f 4844//6202 1018//2225 573//1637
f 4845//7678 1377//2053 1379//2063
f 385//5221 4846//5220 1624//469
f 4597//8131 2841//1562 4729//8031
f 2839//3158 2373//5175 393//7950
f 4846//5220 3792//1675 1624//469
f 4832//6982 3511//8132 2883//2354
f 2789//2733 1839//601 2565//632
f 705//8133 1091//80 3118//517
f 4913//7763 2966//8134 3280//7991
f 2513//2887 1977//8135 4836//1923
f 4416//5655 4848//346 4344//6109
f 3081//378 4849//3283 642//379
f 1978//8136 3170//2891 1309//1924
f 2106//8137 3238//8138 4271//4784
f 4850//6320 2163//3155 2171//3164
f 4706//3894 4851//3167 2430//6766
f 962//7379 3357//2106 4939//7380
f 1096//2470 420//6036 3202//3142
f 158//8139 4852//6039 177//1731
f 177//105 4852//6039 1137//107
f 4141//8140 4205//7629 1243//7673
f 4159//7375 4788//6120 3442//2043
f 1377//2053 4845//7678 4848//6110
f 3463//5338 1416//5101 3677//3020
f 1457//5675 3435//6091 320//1990
f 3372//2165 3371//6007 3083//2166
f 4853//6174 1476//5680 3495//2205
f 4853//6174 1478//8141 3225//6484
f 1637//8142 696//3665 1638//6243
f 1767//8143 437//546 1769//545
f 1100//1700 404//2686 4835//8125
f 4231//3474 4533//7847 2110//1026
f 4856//5442 3702//3940 3703//5562
f 4839//7050 318//2160 2078//3013
f 1473//4807 3463//5338 3677//3020
f 4840//3365 3227//2219 2255//3453
f 4867//6614 4814//6613 1481//7318
f 4857//6204 573//8077 1554//8076
f 669//5853 4858//6637 4430//5844
f 1533//5846 4858//6637 2303//5847
f 2344//3593 3781//3595 601//4949
f 149//1768 4860//6721 3269//6949
f 4860//6721 4281//5898 3551//6722
f 705//1692 3118//3728 1725//5714
f 4859//3658 3273//6274 2365//1083
f 1776//2604 4860//6721 149//1768
f 4562//3895 4862//8144 3578//6280
f 1987//4006 4863//1233 1986//1232
f 4863//1233 2477//7616 726//3999
f 3861//4639 4908//6841 49//7076
f 4864//6928 3033//5610 3104//4550
f 4864//6928 1085//1680 1086//111
f 1085//1680 4864//6927 114//55
f 3510//1634 4832//5330 1043//423
f 4832//5330 3510//1634 1551//2298
f 4844//1639 4828//4717 1018//2225
f 4908//6841 2058//6840 3986//5157
f 4900//1214 626//8145 3620//2939
f 4893//4548 4908//6841 3986//5157
f 3806//6724 601//4949 3781//3595
f 1367//317 33//5087 35//7099
f 4898//7577 3694//85 2150//3741
f 3703//5562 2966//5563 749//4227
f 1481//7318 2216//5822 4867//6614
f 3665//7448 2016//755 275//2929
f 2060//7300 553//2110 1414//2109
f 4866//5782 2231//3307 1441//8146
f 2303//5847 4858//6637 4091//1024
f 4858//8147 669//7730 4045//3487
f 132//2510 4102//7059 1728//520
f 4869//7535 2032//6456 3334//5953
f 333//6485 4840//3365 4230//3452
f 4459//4804 3315//4099 3314//5941
f 4856//5442 1861//1205 3702//3940
f 975//2001 974//1997 52//308
f 2473//5930 4837//7532 3644//2902
f 4845//6111 1379//2056 940//2055
f 4429//6193 3234//3054 3503//7723
f 4820//7288 1767//5724 1769//545
f 3246//3632 2320//1074 3034//3633
f 2084//8148 4763//7489 4997//8112
f 4849//3283 4510//3282 642//379
f 4872//8026 1571//2328 4841//8027
f 1571//2328 4872//8026 2637//7808
f 4853//6174 3225//5792 4600//6604
f 1349//5643 4611//7184 2593//6015
f 4534//6689 4873//8149 3107//3620
f 4870//4479 3060//7899 1030//6977
f 4873//7508 4616//6227 3107//3620
f 4780//7906 4828//4717 110//4716
f 4872//8026 3031//7779 3249//6667
f 4865//2214 4825//7143 2089//963
f 4159//7375 3442//8150 1359//2042
f 1256//2851 4855//2853 1289//1898
f 1422//6559 1411//2117 1421//2116
f 4867//6614 2216//5822 1433//6476
f 1844//8151 211//1502 1265//5142
f 1844//2694 1265//1499 4394//5141
f 841//1307 4505//4334 818//4336
f 2637//7808 4872//8026 3249//6667
f 4122//7118 4817//7352 4874//7351
f 4889//3980 1907//5754 1814//8152
f 2960//6464 4368//1246 2814//2943
f 4871//3905 3830//3915 4985//6797
f 712//3766 4474//2464 1686//2465
f 2342//8153 685//8154 4962//5225
f 1349//5643 2593//6015 4610//5644
f 1606//8070 1607//483 4740//6234
f 1496//8155 2226//6576 1554//8076
f 2819//5007 4967//449 1542//5109
f 4833//2528 407//2475 1101//484
f 4830//2688 1192//140 1838//2685
f 4775//7522 4842//3788 1629//2398
f 4861//3860 1629//2398 4842//3788
f 4836//1923 1978//8136 1309//1924
f 4658//7064 3832//6384 4888//6778
f 2095//7515 4808//5690 3678//3112
f 1706//501 1087//1685 148//8156
f 4875//8119 145//8157 1137//107
f 3210//916 1391//6119 636//8158
f 1138//8115 4875//8119 4852//6039
f 4875//8119 1138//8115 1139//112
f 1317//1942 270//1917 4915//8121
f 4876//1648 1087//1685 1088//500
f 1191//630 4877//141 4031//6267
f 1590//2495 3819//2497 2802//8159
f 1988//2900 3644//2902 4837//7532
f 2043//782 4112//8160 734//4187
f 2264//7857 2265//966 2266//967
f 1498//5201 1042//420 4878//5202
f 4882//7399 1565//433 4488//7500
f 4879//8161 3027//4690 54//1998
f 4879//1571 976//1570 51//1573
f 1198//6371 3600//8162 4977//8163
f 216//6068 1209//6067 1208//5718
f 21//7373 4156//7374 4880//7376
f 1457//5675 1460//5676 95//2156
f 571//7856 1482//394 1484//8164
f 2625//4494 4881//8117 3098//2289
f 1561//1030 4882//7399 677//6691
f 362//7358 4883//8165 1553//6203
f 4898//7577 3809//2453 3694//6736
f 4877//141 1192//8166 4835//2687
f 4922//1955 2012//2952 274//6413
f 2105//1012 4885//7494 2687//1013
f 3666//3210 781//1310 550//1439
f 4998//7302 4542//6869 4997//8112
f 2259//960 571//7856 1484//396
f 685//2415 2342//8153 3929//4848
f 685//2415 3929//4848 3002//2416
f 4886//7413 4702//3086 2162//3823
f 1153//1792 2430//6766 1835//6360
f 2174//3174 4887//6521 1812//3810
f 4888//8167 1818//4238 3137//2644
f 1872//8168 1825//8169 4687//583
f 4889//3980 1814//8152 1172//4668
f 4891//4810 4373//6560 2522//4174
f 1153//1792 1835//6360 3596//167
f 4892//4360 1121//1724 2791//1723
f 15//15 4893//4548 14//13
f 1388//6117 3454//3329 60//2147
f 4883//8165 362//7358 4790//4735
f 4885//7494 2106//8137 4271//4784
f 2764//3240 4891//4810 1422//6559
f 4365//4246 4985//6430 4884//5555
f 4894//7166 1908//2779 4910//7589
f 4405//3981 3300//3978 4889//3980
f 4895//7028 3409//7027 2891//5131
f 1149//5732 1590//2495 2802//8029
f 2916//8090 4878//5202 94//3393
f 4878//5550 2916//8090 4896//7274
f 3261//8170 2884//5168 2138//3116
f 2702//2158 1457//5675 95//2156
f 4896//7274 2916//8090 1499//4598
f 4953//7061 2967//5404 4933//8171
f 4897//7247 4931//8172 1977//5547
f 1550//422 4878//5202 1042//420
f 4898//7577 2394//5475 1678//2455
f 3846//5546 4884//5555 1978//8136
f 3357//2106 3445//2023 4939//7380
f 4879//1571 977//37 2716//4640
f 942//5986 9//343 4417//5587
f 3513//6209 4883//4734 1606//4733
f 1719//8173 1718//5712 3551//6722
f 1823//5737 4899//6340 3140//2656
f 3168//717 864//241 2952//240
f 2061//5449 3180//8041 2060//7300
f 4901//941 4510//3282 2224//3281
f 2269//973 3747//975 650//6593
f 4894//7166 3840//1229 2855//886
f 4902//1305 3315//4099 2200//909
f 4891//4810 3337//5961 308//6558
f 2795//4393 1176//4938 3909//4502
f 1691//5392 4877//141 404//2686
f 1198//6371 4977//8163 1237//2746
f 1388//6117 60//2147 1391//6119
f 1437//4199 3473//3301 3671//3300
f 312//5340 1496//8174 1018//2225
f 1553//6203 4844//1639 2821//1638
f 3100//8175 4903//8120 1551//8176
f 1747//2704 1746//538 4943//7029
f 3140//2656 4899//6340 454//1783
f 1912//2781 454//1783 4899//6340
f 4911//8177 1838//600 464//8178
f 1747//2704 3565//8179 1850//8038
f 3657//5482 857//6992 2035//5299
f 2866//1628 4352//3055 3234//8129
f 3721//6568 661//5357 2219//5356
f 651//2387 321//1036 3371//6007
f 3529//3631 2275//6662 3246//3632
f 1633//1084 4905//6698 4276//3657
f 1636//2405 4906//7406 146//2564
f 1663//479 1718//5884 703//3819
f 1172//4668 4405//3981 4889//3980
f 1911//4878 4894//7166 4910//7589
f 630//6806 4710//6807 2558//4024
f 2478//1257 2189//1256 4693//5020
f 4108//8180 2588//4030 4890//4166
f 4934//4164 4890//4166 2588//4030
f 3311//6945 1311//5763 2606//2834
f 4895//7028 4907//7030 3565//8179
f 3565//8179 4907//7030 3928//7031
f 3911//6956 4907//7030 1242//8181
f 3177//4583 540//2942 3306//1245
f 2687//1013 4885//7494 355//5290
f 2048//2985 2480//1402 2473//5930
f 489//2803 4992//4995 241//1526
f 4895//7028 1242//5394 4907//7030
f 1242//7237 4895//7028 2891//5131
f 4016//5484 3347//1421 935//1454
f 4333//5599 256//2883 2799//723
f 4817//7352 4025//7659 970//400
f 4031//6267 4877//141 1691//7208
f 314//8182 2231//3307 4866//5782
f 216//6068 1208//8183 156//2476
f 4880//7376 4156//7374 1360//7188
f 548//811 4222//2989 4609//6087
f 2061//5449 2060//7300 309//3226
f 4686//2512 609//3825 4536//7463
f 340//6489 4256//3410 1024//2232
f 4015//7230 4885//7494 2105//1012
f 3678//3112 4905//6698 2095//7515
f 4905//6698 1633//1084 1634//3659
f 4909//3829 1730//7058 4536//7968
f 1187//6053 419//6749 166//3831
f 2019//5940 4388//5054 3665//8184
f 2431//1184 774//4924 2705//4477
f 4899//6340 1823//5737 1913//4525
f 942//5986 4417//5587 3450//2051
f 4876//1648 3035//6507 1087//8185
f 4911//6361 1229//631 1839//601
f 4880//7376 4158//7677 21//7373
f 4911//6361 464//1793 4503//1828
f 2862//5970 2754//7080 4636//7976
f 2866//1628 3234//3054 578//6633
f 4126//2230 340//6489 1024//2232
f 3821//1396 1733//4142 4912//7740
f 4961//3767 4912//7740 1733//4142
f 1890//3963 3615//4057 1893//642
f 1003//1598 1001//6976 82//6627
f 4763//7489 4998//7302 4997//8112
f 677//6691 4882//7399 4488//7500
f 4890//4166 3333//8186 631//7138
f 1122//6363 3148//5740 1844//2694
f 2795//4393 3909//4502 3963//4501
f 1868//2773 448//7191 226//619
f 4460//5980 1934//8187 2553//5981
f 4614//970 4896//7274 1499//4598
f 1120//1721 4912//7740 712//3766
f 3499//2256 4817//7352 970//6185
f 2342//8153 4664//2429 372//8188
f 2478//1257 4693//5020 2897//5019
f 3929//4848 2342//8153 372//2428
f 4872//8026 1572//5538 3031//7779
f 4817//7352 3499//2256 4874//7351
f 2868//5113 84//44 3485//2189
f 1063//4970 4961//3767 4288//1654
f 1122//6363 1844//2694 3984//1797
f 2279//7727 4999//7401 4987//6218
f 135//1663 4903//8189 124//2307
f 1316//261 4915//8121 268//1940
f 4760//8123 268//1940 4915//8190
f 3846//5546 1978//8136 4836//1923
f 3070//3320 3714//6546 3728//6590
f 4303//3979 4910//7589 4889//3980
f 3846//5546 4836//1923 1977//5547
f 4510//3282 4901//941 4924//3308
f 3565//8179 3928//7031 1850//8038
f 4908//8191 4893//4548 49//8092
f 532//4415 4333//2884 2799//723
f 4913//8192 4906//7406 3878//4225
f 2091//3030 2264//7857 2266//967
f 4847//7335 2373//5175 1758//8193
f 4903//6208 125//2299 1551//2298
f 1317//1525 4915//8121 1316//261
f 32//2033 1353//302 1355//1996
f 4916//8194 1291//697 273//2845
f 1291//697 4916//222 1290//706
f 110//4716 1553//6203 4883//8165
f 1717//510 3116//4444 1719//511
f 4917//8195 1746//538 1747//2704
f 171//2536 1739//524 1198//6371
f 4918//8196 2203//7469 2205//7649
f 4949//6728 4099//1109 4994//7519
f 2409//8197 2408//509 1719//511
f 4919//8198 503//663 1264//1430
f 2228//6577 2529//4198 4920//4200
f 532//4415 912//8199 815//5598
f 1128//8200 1129//2552 1130//8201
f 171//2536 1198//6371 1199//2745
f 4921//221 283//731 4916//8194
f 1290//706 4916//8202 283//731
f 4921//221 1331//1960 1325//5077
f 4941//2038 942//5986 16//2039
f 1485//2217 4960//8007 4662//2220
f 4782//5794 349//3048 1523//409
f 4923//2388 1617//2389 1618//1037
f 4917//539 426//1330 1129//2552
f 4917//539 2677//1328 426//1330
f 1980//1885 4944//6381 481//5013
f 4751//3035 1507//7938 341//974
f 4918//3233 3717//7648 4982//8203
f 3717//7648 4918//3233 2205//6551
f 1417//4462 2065//5104 3871//4461
f 4924//3308 2231//3307 647//3316
f 1603//2358 4925//6616 4167//3384
f 4948//7142 1017//6617 2580//3292
f 4978//7780 322//2169 3031//7779
f 417//2508 2411//3826 3277//3827
f 4938//3986 2605//2649 203//1781
f 4920//4200 2529//1379 3473//6579
f 2502//1292 2934//4095 2618//4269
f 4927//4394 150//4853 2746//4395
f 3984//1797 4936//7129 1122//6363
f 299//5997 3071//2072 3359//5996
f 2305//4604 2768//3501 670//3502
f 1539//5235 4926//3511 357//3510
f 4303//4876 1911//4878 4910//8110
f 1816//5733 4969//8204 4979//4964
f 2041//6926 2043//782 2559//8205
f 4966//2188 1057//4726 2868//5113
f 1926//5315 174//2869 3130//569
f 4962//5225 685//8154 1648//1094
f 4947//5259 3305//4888 3662//2982
f 4931//5262 723//8206 3846//5546
f 3998//5179 4932//5181 1977//5547
f 4933//8207 2626//1166 1757//3875
f 1991//5768 4934//4164 4387//7199
f 2644//8050 4935//3515 3930//6967
f 2576//4370 3023//5064 4936//7129
f 4931//5262 4897//7247 2187//6535
f 2957//5444 4976//5491 483//4008
f 4603//5702 1590//2495 3134//581
f 3513//6209 110//4716 4883//4734
f 150//4853 4927//8025 4713//5567
f 4937//2753 2577//2707 3158//8208
f 1915//2786 2833//2785 4922//8209
f 2310//6643 2389//3733 2147//3732
f 4476//8210 4938//3986 1912//2781
f 2522//4174 3337//5961 4891//4810
f 4952//5972 534//5971 2537//1950
f 4937//2753 3158//2806 775//4350
f 2675//8211 4940//1787 1187//6053
f 4940//8212 3405//5439 1186//5438
f 4941//2038 4590//2037 4158//7677
f 3501//3564 4942//7101 345//8213
f 4943//7029 3565//8179 1747//2704
f 1926//5315 3130//569 472//568
f 456//2658 3141//2660 1178//582
f 481//5013 4944//5764 3607//2727
f 4945//6859 3625//4160 1936//688
f 1936//2826 1935//687 4945//6859
f 3168//717 4208//4338 887//716
f 3606//2896 4944//5764 1311//5763
f 2610//5308 3171//5767 630//6806
f 2015//754 4946//6444 275//2929
f 2046//2983 4947//5259 3662//2982
f 4973//8214 661//8215 1522//8216
f 3724//3005 4948//7142 2580//3292
f 4925//6616 1603//2358 337//2357
f 1626//3643 692//842 2325//3096
f 602//8217 2310//6643 4949//6728
f 1892//5536 2929//5354 4356//4635
f 2034//6457 3841//8003 2968//5406
f 3615//4057 4930//5924 3310//4056
f 4946//6444 3855//1293 2019//5940
f 4951//6870 4542//6869 4998//7302
f 2537//1950 282//1952 4952//5972
f 647//3316 2231//3307 4774//8218
f 358//6961 2625//4494 1541//451
f 2716//4640 3027//4690 4879//1571
f 4943//7029 4895//7028 3565//8179
f 4449//7079 4952//5972 282//1952
f 3660//6460 2041//6926 2559//8205
f 4936//7129 467//2518 2576//4370
f 2912//4812 4948//7142 3724//3005
f 1922//1223 4919//1225 3952//5353
f 4919//1225 1264//1430 4826//3991
f 2219//5356 2218//3272 3721//6568
f 2168//5174 4953//8219 4933//5405
f 3453//6116 958//4456 2633//8220
f 2034//6457 2968//4882 2035//5299
f 507//2809 2952//240 3169//5762
f 946//336 4023//7075 3356//6838
f 4026//6011 4948//7142 312//7141
f 167//1750 1153//1792 3041//6055
f 4950//8221 3302//6765 3287//1181
f 4941//2038 8//2041 942//5986
f 4999//8222 1568//3553 1569//1040
f 4099//1109 2147//3732 400//3734
f 602//5710 4949//6728 4420//5711
f 1275//4563 4954//7582 625//5558
f 2610//5308 630//6806 1984//729
f 309//3226 4918//3233 2061//5449
f 1512//5684 1513//5686 4956//8223
f 4955//981 4956//3548 1513//7391
f 4938//3986 2462//4884 4304//6798
f 4317//7344 3861//4639 49//7076
f 3657//6458 4355//4631 2708//6994
f 4954//8224 1275//4563 4348//1871
f 4360//4695 1349//5643 955//4638
f 1207//2478 4954//7582 216//6068
f 2502//1292 2618//8225 4388//5054
f 4406//6052 3405//5439 4940//1787
f 289//7536 4958//6454 4505//4334
f 4531//7483 4925//6616 2264//8226
f 4956//8227 2275//7487 2324//7732
f 4285//7466 2151//3162 4452//6517
f 1138//8115 158//104 4578//6844
f 1892//5923 4356//4635 4930//5924
f 4554//6663 1626//3643 2325//3096
f 2611//4430 4959//7871 1437//4199
f 4920//4200 1437//7720 4959//7871
f 4947//5259 2757//8228 2776//2987
f 4959//7871 644//4206 2228//4197
f 3185//8062 4960//8007 1485//7998
f 4923//2388 651//2387 1459//2162
f 1617//2389 4923//2388 4625//7503
f 3664//6465 4505//4334 4958//6454
f 4589//7947 4928//5951 2943//8229
f 4928//5951 4589//7744 2679//5487
f 1677//2451 4285//8230 4452//6517
f 647//3316 4774//8218 2235//3315
f 4960//8007 571//7856 1486//5198
f 4927//8025 2795//4393 163//129
f 4960//8007 3185//8231 4825//7143
f 2532//4228 3878//4225 2369//3679
f 4073//7301 4951//6870 4998//7302
f 3797//5876 4957//5520 1406//5698
f 4703//8232 2532//8233 2369//3679
f 990//6136 2062//3247 3667//6474
f 3710//8234 4934//4164 1991//5768
f 4931//5262 2187//4018 4786//4020
f 275//2929 4946//8235 2019//5940
f 1734//5122 4936//7129 3023//5064
f 4281//5898 2409//3821 1719//5713
f 1685//2462 4961//3767 1063//70
f 4913//7763 2532//4228 749//4227
f 565//5687 1515//8236 1025//3420
f 1989//7966 4773//8084 4217//8237
f 2990//7293 1916//5755 3949//7224
f 57//8238 3357//5601 962//7379
f 2990//8239 3949//7224 205//6415
f 4405//3981 4969//8204 1871//8240
f 565//5687 1025//8241 1456//52
f 4914//8242 4820//7288 3036//5612
f 2084//7853 4997//8112 4781//6598
f 281//1362 1307//8243 270//8122
f 218//8244 1248//6060 220//157
f 2342//8153 4962//5225 4914//8242
f 4658//7064 4888//6778 4296//1189
f 1391//6119 60//2147 636//8245
f 4977//8163 3600//1799 1201//1798
f 4921//221 273//2845 1331//1277
f 274//6413 2012//2927 2024//2950
f 4365//3906 4884//5555 723//5554
f 1758//6306 4933//5405 1757//3875
f 4943//7029 1746//538 3409//6294
f 3606//6380 1311//8246 4434//2894
f 489//2803 241//1526 882//5982
f 4099//8247 400//3734 4100//7952
f 50//2006 4360//4695 955//4638
f 1561//1030 1560//6215 4882//7399
f 1001//6976 3364//1581 82//6627
f 1934//6400 3976//4324 2553//5981
f 3099//6198 2819//5007 4993//2287
f 2050//1309 4505//4334 841//1307
f 4913//7763 749//4227 2966//5563
f 4929//4752 4405//3981 1172//4668
f 4847//8248 1758//6306 699//2411
f 4914//8242 4962//5225 2923//3694
f 4404//8249 1405//6129 83//6104
f 2621//4954 3432//1965 227//1964
f 4929//4752 1172//4668 3933//4753
f 2538//1480 1307//8243 843//1474
f 148//7934 115//1687 4471//8250
f 4471//8250 147//4650 1706//501
f 238//1462 239//668 264//8251
f 1355//1996 1353//302 1354//304
f 1558//434 1048//8252 4337//7562
f 4963//2825 1934//8187 4945//6859
f 4333//8253 4964//3193 1972//2885
f 503//1224 915//662 914//1431
f 1008//2198 4965//2335 1007//2194
f 4966//8254 1007//2187 4965//2335
f 2625//4494 358//6961 4967//449
f 1113//1711 1111//502 1112//1713
f 1188//7366 1221//166 209//170
f 507//8255 1276//5631 1277//5632
f 1379//2063 1376//2047 941//2054
f 4968//2073 3071//2072 299//5997
f 1128//5717 380//2548 1744//1070
f 1128//2553 3123//2551 425//540
f 4929//4752 4969//8204 4405//3981
f 1922//1223 1842//2690 1193//664
f 1924//674 4970//2810 1277//675
f 507//8255 1277//5632 4970//2810
f 1924//674 1925//8256 4970//8257
f 4971//8258 4970//2810 1925//678
f 1935//687 4963//2825 4945//6859
f 1899//645 1935//687 494//2722
f 1216//689 494//2772 1935//687
f 3632//5017 4972//6451 1953//699
f 1953//699 4972//6451 1954//8259
f 2186//898 4964//3193 521//7550
f 2623//2118 638//927 2208//3253
f 2312//5851 761//3498 2306//3479
f 2305//4604 3761//4433 3759//2282
f 4974//3627 2353//3625 4266//4610
f 206//6780 3290//3919 3145//8260
f 1951//696 2482//4077 273//2845
f 4976//5491 3585//4371 3016//4372
f 2233//3312 1550//422 3765//2297
f 4366//655 3619//4947 1910//654
f 1368//4702 4983//2016 1365//7631
f 4992//4995 489//2803 4977//8163
f 4978//7780 3103//7018 1463//2170
f 4979//4964 3135//116 1816//5733
f 2870//4361 1188//7366 209//170
f 4980//7610 2834//2898 1255//4680
f 4981//8261 4367//6437 3639//6436
f 2610//5308 2907//3197 2897//5019
f 4982//3234 1417//5105 1418//2992
f 1576//5431 4965//2335 1008//2198
f 1186//8262 3593//8263 3592//591
f 2721//7124 3103//8264 4978//2330
f 4978//7780 4642//7151 2721//7124
f 489//2803 1237//669 4977//8163
f 1354//304 3437//1982 1355//1996
f 4983//2016 3062//5648 1365//7631
f 1353//302 1365//7631 956//303
f 3455//5958 3210//916 303//290
f 186//126 3585//4371 2957//5444
f 4984//1840 4141//8140 4063//2761
f 1302//1913 3152//5744 3159//2631
f 1922//1223 1193//664 503//1224
f 1899//645 255//1921 4963//2825
f 3893//5057 4963//2825 255//1921
f 274//6413 3632//5017 4922//1955
f 3170//2890 4985//6797 3299//6431
f 4972//6451 3178//5448 1954//702
f 4986//3189 3656//5298 2022//761
f 1382//5777 4968//2073 299//5997
f 1389//2071 4968//2073 2057//6472
f 2686//5454 4582//2112 1420//2111
f 2764//3240 2623//2118 2208//3253
f 4973//8214 3231//3437 2285//1321
f 2305//4604 3759//2282 4577//4605
f 2742//6678 4988//8265 3782//6715
f 3782//4516 4988//6679 3268//3715
f 711//2450 2429//3890 4433//8266
f 1911//4878 4989//7167 4894//7166
f 4975//3273 2219//5356 1432//1322
f 3710//4165 2190//899 3333//6860
f 1047//2317 1558//434 4337//7562
f 4977//8163 1201//4994 4992//4995
f 79//1642 3861//4639 2510//8057
f 2740//320 3444//2017 4983//2016
f 3561//5125 3006//525 171//8267
f 456//2658 3895//5748 1824//2659
f 3895//5748 4991//7084 1873//2729
f 4991//7084 2894//2730 1873//2729
f 4493//1231 4989//1230 498//6404
f 1179//6347 4991//7084 456//2658
f 4966//2188 4965//2335 1057//2337
f 1417//4462 4982//3234 3717//7648
f 3280//3858 4906//7406 4913//8268
f 3930//6646 2308//1020 2644//8050
f 2604//1771 452//5623 1816//5733
f 4420//5711 4994//7519 4282//3736
f 4584//3139 4994//7519 4099//1109
f 4310//8269 4995//7555 4216//1254
f 42//5999 4939//7380 43//5378
f 3619//4679 1939//2831 3951//6989
f 1674//481 4994//7519 4584//3139
f 4333//5599 815//5598 4964//3193
f 816//269 4964//3193 815//5598
f 4083//5106 1417//5105 3717//7648
f 4980//8270 4033//4769 3606//6380
f 711//2450 4433//8266 4285//7466
f 4984//1840 4205//5629 4141//6047
f 4449//7079 4990//6906 2862//5970
f 3207//5399 4989//1230 1911//4878
f 2686//5454 1420//2111 2204//5668
f 79//3102 2510//8057 1000//1643
f 4454//7109 3973//5158 652//3355
f 1002//5609 4498//7000 4996//7805
f 1001//6976 4996//7805 4498//7000
f 4996//7823 1001//6976 1003//8271
f 4997//8112 4542//6869 2085//957
f 2834//2898 259//1892 229//1893
f 4988//6679 1815//6718 3268//3715
f 4485//3041 4987//6218 659//3039
f 2510//8057 4317//8052 1347//296
f 4544//7303 4998//7302 4763//7489
f 4881//8079 4967//449 2819//5007
f 4787//2895 4980//8270 3606//2896
f 3503//7723 4454//7109 652//3355
f 4059//2596 4914//8242 2923//3694
f 4664//2429 2342//8153 4914//8242
f 2050//7707 902//8272 2055//4272
f 4890//4166 3710//4165 3333//6860
f 4874//8273 972//8053 4122//7118
f 4967//8274 358//6961 4048//1656
f 2050//1309 2055//4272 289//6453
f 912//8199 532//4415 899//6953
f 1988//2900 4837//7655 4773//8084
f 1626//3643 3529//3631 3034//3633
f 3168//717 2952//240 4971//2811
f 1198//6371 1237//2746 1199//2745
f 4553//3644 1626//3643 3034//3633
f 565//5687 1455//5673 1454//818
f 2990//7293 4566//6416 3307//4015
f 565//5687 1454//818 2079//820
f 2990//7293 3307//4015 1914//2784
f 270//1917 1317//1525 281//1362
f 220//7264 2655//4555 218//1806
f 4999//8056 1569//1040 4987//6218
f 4893//4548 3356//6838 49//7076
f 3878//4225 4906//7406 4175//5709
f 532//4415 2572//4414 899//6953
f 4//8275 1371//2040 2665//4568
f 45//3218 1387//3219 3070//3320
f 4949//6728 4994//7519 4420//5711
f 1130//535 1129//2552 426//1330
f 1522//408 4782//5794 1523//409
f 3031//7779 322//2169 3249//6667
f 4//4 2665//338 24//1550
f 3071//2072 1388//6117 3359//5996
f 4929//4752 4979//4964 4969//8204
f 4979//4964 4929//4752 440//4754
f 2868//5113 1057//4726 1408//4725
f 1648//1094 685//2415 3535//8276
f 1365//7631 3062//2015 956//303
f 45//3218 3070//3320 2224//3281
f 958//4456 2515//4458 2633//8277
f 946//336 3356//6838 945//1551
f 4992//4995 3942//1527 241//6975
f 4578//6844 158//104 2133//7819
f 2228//4197 644//4206 2234//4204
f 3664//6465 4958//6454 542//6467
f 4760//7370 270//8278 269//1478
f 2062//3247 4951//6870 3667//6474
f 4969//8204 1816//5733 1871//6383
f 101//4388 130//4390 115//1687
f 124//1664 1069//1662 2724//90
f 4933//5405 1758//8279 2168//5027
f 101//4388 115//1687 4324//5837
f 124//6207 1547//2306 1069//4434
f 4974//3627 1560//6215 1561//1030
f 3096//2293 2819//5007 3099//5695
f 1281//214 4760//7370 269//215
f 4664//8280 4914//8242 3036//5612
f 227//1964 1975//1966 4395//7133
f 1976//6426 227//1964 4395//5152
f 907//776 545//5300 3712//6865
f 907//776 3712//6541 2037//5936
f 248//188 3049//5630 3345//8281
f 248//188 3345//6892 249//4762
f 1404//5666 1405//6129 4404//5541
f 1937//3952 3432//1965 2621//4954
f 965//6000 3026//6125 967//4474
f 965//6000 967//8282 968//1564
f 178//103 177//105 175//8283
f 223//5592 1888//4763 3048//190
f 177//105 2649//99 175//8283
f 85//8284 84//44 69//8285
f 178//4675 218//8286 2656//4536
f 222//158 218//1806 178//106
f 5//5 2//12 1380//2057
f 267//733 1282//216 2534//4258
f 267//8287 2534//8288 1998//2910
f 2538//4268 843//1474 819//4267
f 1211//8289 222//158 178//106
f 4471//7807 115//1687 130//4390
f 1706//501 147//7806 1112//1713
f 264//4262 239//8290 1266//1406
f 249//4762 2942//5582 1888//4763
f 2942//5582 249//4762 267//1881
f 82//8291 99//1600 1005//8292
f 5//349 4//4 15//15
f 1107//95 158//104 178//106
f 86//1317 85//8284 986//367
f 98//8293 66//300 2792//4957
f 82//6627 66//300 98//4643
f 99//1600 82//6627 98//8294
f 873//8295 2562//8296 792//8297 780//8298 2785//8299 840//8300 828//8301 786//8302 771//8303 835//8304 2712//8305 920//8306 917//8307 872//8308 796//8309 795//8310 891//8311 2543//8312 550//8313 781//8314 810//8315 902//8316 841//8317 818//8318 2790//8319 789//8320 856//8321 855//8322 814//8323 813//8324 848//8325 907//8326 906//8327 851//8328 850//8329 884//8330 900//8331 831//8332 830//8333 2551//8334 874//8335 2786//8336 2552//8337 936//8338 4016//8339 935//8340 853//8341 858//8342 903//8343 939//8344 846//8345 913//8346 911//8347 845//8348 798//8349 2031//8350 808//8351 2787//8352 807//8353 886//8354 885//8355 870//8356 871//8357 838//8358 839//8359 834//8360 2568//8361 2567//8362 879//8363 806//8364 869//8365 1315//8366 1965//8367 916//8368 279//8369 2547//8370 863//8371 862//8372 918//8373 799//8374 801//8375 802//8376 926//8377 2748//8378 898//8379 1963//8380 852//8381 2549//8382 847//8383 854//8384 909//8385 933//8386 925//8387 896//8388 767//8389 766//8390 881//8391 1961//8392 880//8393 791//8394 2714//8395 803//8396 901//8397 793//8398 809//8399 878//8400 782//8401 2561//8402 895//8403 894//8404 827//8405 790//8406 910//8407 773//8408 783//8409 2564//8410 777//8411 2783//8412 865//8413 2556//8414 800//8415 904//8416 914//8417 915//8418 2749//8419 3940//8420 928//8421 837//8422 2709//8423 893//8424 2706//8425 2536//8426 908//8427 882//8428 2569//8429 506//8430 2570//8431 768//8432 860//8433 861//8434 774//8435 775//8436 832//8437 833//8438 2711//8439 875//8440 897//8441 2680//8442 812//8443 836//8444 864//8445 887//8446 787//8447 788//8448 867//8449 2682//8450 859//8451 868//8452 938//8453 3887//8454 921//8455 876//8456 772//8457 784//8458 924//8459 937//8460 776//8461 2698//8462 770//8463 3961//8464 785//8465 778//8466 877//8467 816//8468 815//8469 912//8470 899//8471 2784//8472 3868//8473 930//8474 929//8475 931//8476 922//8477 2700//8478 892//8479 4002//8480 857//8481 2708//8482 2713//8483 797//8484 825//8485 817//8486 824//8487 779//8488 3886//8464 923//8489 2703//8490 844//8491 866//8492 849//8493 3965//8464 888//8494 2782//8495 932//8496 889//8497 826//8498 804//8499 805//8500 2788//8501 927//8502 934//8503 890//8504 919//8505 292//8506 811//8507 2559//8508
f 769//8509 883//8510 820//8511 821//8512 822//8513 823//8514 794//8515 819//8516 843//8517 829//8518 842//8519 905//8520
