# Blender v3.6.0 OBJ File: 'defomrableFetalModelv4.blend'
# www.blender.org
mtllib deformable_fixed_final_001.mtl
o deformable_fixed_final_001_deformable_fixed_final.001
v -0.084453 0.250363 1.108542
v -0.076996 0.250866 1.109021
v -0.081466 0.257843 1.110808
v -0.045999 0.269567 1.111553
v -0.045922 0.260463 1.108920
v -0.040192 0.264401 1.107563
v -0.083877 0.456895 1.078493
v -0.092230 0.456799 1.078638
v -0.086622 0.450658 1.080545
v -0.093530 0.253069 1.108004
v -0.098992 0.259769 1.109649
v -0.102435 0.255365 1.107157
v -0.126857 0.265327 1.102644
v -0.121163 0.266812 1.105270
v -0.032267 0.274466 1.105130
v -0.028911 0.280427 1.104095
v -0.008101 0.361841 1.082425
v -0.007140 0.369824 1.079573
v -0.136790 0.431459 1.075785
v -0.142423 0.425374 1.074929
v -0.131368 0.432750 1.078892
v -0.139162 0.435667 1.077331
v -0.142237 0.433944 1.070881
v -0.132382 0.446112 1.072332
v -0.135961 0.440725 1.074733
v -0.131189 0.439327 1.075757
v -0.137681 0.440809 1.071172
v -0.108506 0.456158 1.075554
v -0.115902 0.453868 1.074293
v -0.111879 0.448002 1.078788
v -0.051784 0.468529 1.065792
v -0.043056 0.472574 1.061915
v -0.048561 0.475600 1.062699
v -0.066298 0.496761 1.061509
v -0.058197 0.494445 1.059825
v -0.057573 0.500847 1.057623
v -0.099828 0.549900 1.048818
v -0.092650 0.552217 1.049084
v -0.098562 0.558510 1.046572
v -0.017807 0.192741 1.108178
v -0.021139 0.204407 1.107726
v -0.025107 0.198239 1.108213
v -0.099997 0.196822 1.107698
v -0.092828 0.202465 1.107650
v -0.099774 0.206083 1.107433
v -0.072477 0.192447 1.108298
v -0.072506 0.182423 1.108588
v -0.065627 0.189764 1.108518
v -0.109431 0.225215 1.105204
v -0.117815 0.225268 1.103992
v -0.116383 0.219767 1.105255
v 0.005627 0.235725 1.100719
v 0.015967 0.233165 1.099247
v 0.011123 0.241011 1.098715
v -0.140608 0.275267 1.099312
v -0.163134 0.300122 1.089331
v -0.160834 0.291709 1.090780
v -0.007175 0.348535 1.084199
v -0.002038 0.354293 1.078654
v -0.009046 0.355068 1.084610
v -0.165790 0.366317 1.077075
v -0.168738 0.356148 1.077009
v -0.011599 0.386471 1.078199
v -0.023456 0.418563 1.073844
v -0.019979 0.412385 1.074191
v -0.015950 0.416502 1.069295
v -0.020048 0.423996 1.068951
v -0.012658 0.421293 1.064975
v -0.015981 0.428559 1.064551
v -0.144585 0.442231 1.067317
v -0.149330 0.436212 1.066280
v -0.010601 0.443069 1.057743
v -0.014749 0.439395 1.060608
v -0.006867 0.437997 1.057748
v -0.018570 0.526378 1.040658
v -0.023487 0.519980 1.043284
v -0.014609 0.519241 1.040821
v -0.025593 0.532846 1.041488
v -0.021926 0.540714 1.039084
v -0.030549 0.538976 1.041764
v -0.039330 0.584259 1.035234
v -0.034872 0.590096 1.032890
v -0.043303 0.590464 1.034683
v -0.107905 0.588777 1.037266
v -0.107682 0.597427 1.035047
v -0.114237 0.597057 1.034300
v -0.098002 0.622171 1.028833
v -0.093349 0.625887 1.027945
v -0.099726 0.634142 1.025002
v -0.070885 0.620919 1.029159
v -0.064242 0.614844 1.030628
v -0.066027 0.626590 1.026857
v -0.110901 0.159340 1.106340
v -0.111991 0.168230 1.106831
v -0.117523 0.163415 1.106120
v 0.019307 0.183237 1.103908
v 0.020368 0.174229 1.103524
v 0.027649 0.180550 1.101750
v 0.026431 0.270488 1.084971
v 0.034598 0.264915 1.085330
v 0.034767 0.272509 1.081316
v 0.001595 0.301391 1.084482
v -0.005739 0.301917 1.088929
v -0.002566 0.294001 1.087665
v -0.012098 0.393850 1.075528
v -0.006245 0.396597 1.069416
v -0.006704 0.404926 1.066795
v -0.011684 0.402042 1.071910
v -0.011414 0.529644 1.037860
v -0.016931 0.535100 1.038599
v 0.002213 0.542196 1.031176
v -0.005709 0.541937 1.033932
v -0.000519 0.535062 1.033266
v -0.009524 0.535757 1.036216
v -0.013957 0.542141 1.036556
v -0.162365 0.562867 1.030660
v -0.157166 0.554798 1.034629
v -0.156869 0.563399 1.032717
v -0.143571 0.611066 1.024004
v -0.143838 0.603050 1.026058
v -0.138247 0.606464 1.026845
v -0.039487 0.126904 1.103698
v -0.029557 0.124366 1.102216
v -0.030821 0.132192 1.105212
v -0.108545 0.136454 1.103290
v -0.106161 0.130506 1.100271
v -0.102931 0.138697 1.103502
v 0.029203 0.162644 1.099654
v 0.035122 0.160217 1.096450
v 0.036410 0.169395 1.097890
v -0.180614 0.178047 1.096747
v -0.184095 0.168075 1.094430
v -0.176841 0.169660 1.097697
v 0.064867 0.193580 1.086299
v 0.059103 0.193746 1.089878
v 0.060677 0.186724 1.088249
v -0.184160 0.240517 1.087763
v -0.187960 0.247426 1.084877
v -0.191078 0.237671 1.085613
v 0.064266 0.243489 1.080713
v 0.063945 0.253836 1.077334
v 0.057497 0.252646 1.083582
v 0.041751 0.311813 1.067312
v 0.041926 0.304991 1.068954
v 0.048017 0.308194 1.066193
v -0.178382 0.329389 1.073231
v -0.178925 0.323659 1.074902
v -0.174229 0.324337 1.076392
v 0.005218 0.357506 1.072414
v 0.005210 0.348445 1.074369
v 0.011372 0.351635 1.069232
v 0.004397 0.392525 1.062335
v -0.000747 0.390728 1.066966
v 0.006579 0.384941 1.063156
v -0.162227 0.431523 1.060681
v -0.161110 0.421823 1.063421
v -0.154994 0.429115 1.064936
v 0.031850 0.409634 1.046218
v 0.029776 0.416938 1.045848
v 0.024215 0.411683 1.049041
v -0.189525 0.516102 1.028067
v -0.193648 0.524927 1.023598
v -0.195539 0.517282 1.024340
v 0.015921 0.519717 1.029953
v 0.022678 0.516072 1.028037
v 0.025199 0.521032 1.026265
v 0.022823 0.565933 1.019848
v 0.027325 0.572942 1.017019
v 0.019370 0.574377 1.020034
v 0.024970 0.591015 1.015536
v 0.022326 0.588723 1.016934
v 0.025916 0.588125 1.015536
v -0.115461 0.114106 1.100686
v -0.123013 0.114968 1.103326
v -0.118891 0.111372 1.101362
v -0.063395 0.110450 1.097343
v -0.054987 0.106734 1.098094
v -0.058331 0.113440 1.099754
v -0.096449 0.111253 1.096716
v -0.090657 0.107192 1.094216
v -0.090590 0.113686 1.096843
v -0.096962 0.122761 1.096656
v -0.101840 0.118250 1.094933
v -0.097045 0.116246 1.097677
v -0.044122 0.114309 1.100546
v -0.040410 0.107219 1.099009
v -0.034756 0.111724 1.099138
v -0.091005 0.121319 1.099369
v -0.094992 0.126164 1.099934
v -0.002465 0.106416 1.087618
v 0.001363 0.113268 1.090130
v -0.006349 0.110401 1.091346
v -0.163379 0.141822 1.097225
v -0.166635 0.133367 1.093568
v -0.161332 0.132395 1.095498
v 0.021385 0.147051 1.098127
v 0.021374 0.138159 1.094375
v 0.027785 0.144809 1.094602
v -0.210046 0.285330 1.067824
v -0.203140 0.286874 1.071285
v -0.204636 0.292509 1.069012
v -0.193556 0.368187 1.056305
v -0.186694 0.371900 1.059450
v -0.191095 0.377056 1.055849
v -0.194989 0.400943 1.048706
v -0.188589 0.403256 1.051876
v -0.188999 0.408746 1.050539
v -0.217157 0.413852 1.031570
v -0.208211 0.415790 1.036891
v -0.210772 0.422097 1.033535
v 0.048011 0.418720 1.036299
v 0.055013 0.416804 1.032883
v 0.052416 0.423991 1.032459
v -0.191002 0.565208 1.015536
v -0.190632 0.557546 1.017564
v -0.184919 0.564779 1.019124
v -0.190577 0.566234 1.015536
v -0.052919 0.086757 1.084165
v -0.052069 0.091303 1.089131
v -0.061012 0.091721 1.085602
v -0.014785 0.107803 1.092964
v -0.023265 0.105071 1.094900
v -0.018633 0.100140 1.090589
v -0.103462 0.111914 1.096084
v -0.103121 0.118128 1.091239
v 0.033609 0.135811 1.086951
v 0.037333 0.132654 1.082536
v 0.040791 0.138321 1.083551
v 0.054184 0.186407 1.092206
v 0.050600 0.177875 1.092380
v 0.056343 0.178758 1.089062
v 0.085262 0.204068 1.069973
v 0.089581 0.198071 1.063959
v 0.092789 0.206785 1.063126
v -0.209335 0.341458 1.053680
v -0.215023 0.336792 1.051814
v -0.210091 0.332105 1.055595
v -0.214673 0.500641 1.015536
v -0.213838 0.498742 1.016456
v -0.211654 0.505679 1.016678
v -0.213196 0.506149 1.015536
v -0.139335 0.093765 1.087162
v -0.138050 0.086433 1.082440
v -0.132092 0.091113 1.086405
v -0.105220 0.103156 1.094539
v -0.106088 0.098340 1.088536
v -0.103231 0.099944 1.087483
v 0.005840 0.098991 1.077707
v -0.001303 0.100110 1.082451
v -0.000543 0.094369 1.077618
v -0.180754 0.110559 1.077320
v -0.172678 0.106344 1.080895
v -0.175196 0.114576 1.082505
v 0.043413 0.124873 1.074328
v 0.043605 0.130772 1.077380
v 0.038047 0.126130 1.078424
v -0.200655 0.129845 1.073220
v -0.196373 0.124668 1.073695
v -0.195041 0.132023 1.078252
v 0.071906 0.171105 1.073214
v 0.077260 0.176758 1.070676
v 0.073819 0.178513 1.074713
v -0.231854 0.241488 1.062568
v -0.237961 0.242125 1.057284
v -0.236391 0.236989 1.059666
v -0.245790 0.288474 1.041605
v -0.242308 0.285200 1.046724
v -0.239557 0.290862 1.046908
v -0.247865 0.299015 1.037077
v -0.253631 0.296862 1.032031
v -0.249918 0.292347 1.036000
v 0.105381 0.328847 1.027207
v 0.100153 0.334696 1.029597
v 0.099070 0.326514 1.033507
v -0.087192 0.349956 1.036713
v -0.080218 0.340900 1.035960
v -0.081438 0.340927 1.041869
v -0.078754 0.342419 1.038681
v -0.077366 0.346992 1.028735
v -0.082161 0.353874 1.040018
v 0.072475 0.406790 1.025345
v 0.072129 0.399605 1.027267
v 0.077947 0.400760 1.023451
v -0.225216 0.464047 1.015536
v -0.220206 0.462434 1.019261
v -0.219614 0.469958 1.018119
v -0.224652 0.465910 1.015536
v -0.015636 0.094465 1.085225
v -0.012700 0.088823 1.079293
v -0.007762 0.095454 1.082317
v -0.113832 0.085577 1.071077
v -0.120552 0.083709 1.072407
v -0.116434 0.081848 1.064460
v 0.076015 0.158447 1.060004
v 0.078629 0.166782 1.063389
v 0.074883 0.160052 1.064667
v 0.107390 0.269442 1.048046
v 0.110029 0.262719 1.047610
v 0.110863 0.267390 1.043497
v 0.117285 0.284625 1.031523
v 0.114327 0.277884 1.036960
v 0.118951 0.277159 1.029012
v 0.119371 0.291102 1.025707
v 0.114843 0.292252 1.033168
v -0.246782 0.310836 1.035552
v -0.252134 0.304226 1.032153
v -0.245422 0.304008 1.038248
v -0.083272 0.345225 1.032736
v -0.079939 0.341489 1.030479
v 0.103541 0.374879 1.015536
v 0.103244 0.370811 1.016996
v 0.105062 0.372115 1.015536
v -0.140621 0.083072 1.076708
v -0.147941 0.084882 1.077010
v -0.143205 0.079798 1.070644
v -0.125638 0.076784 1.060070
v -0.129672 0.078966 1.068178
v -0.131954 0.075766 1.062288
v -0.057086 0.081654 1.074181
v -0.065562 0.086120 1.074840
v -0.060519 0.080614 1.068449
v -0.179430 0.089218 1.068084
v -0.179142 0.082609 1.063458
v -0.173488 0.086067 1.069848
v -0.111100 0.079887 1.056391
v -0.106536 0.076653 1.049358
v -0.103612 0.080727 1.056127
v 0.047825 0.117230 1.060021
v 0.043972 0.111199 1.064154
v 0.045244 0.112558 1.057259
v 0.056288 0.130108 1.059697
v 0.058104 0.134408 1.053736
v 0.061854 0.138189 1.058824
v 0.061961 0.142500 1.046171
v 0.066265 0.148118 1.050033
v 0.063100 0.141546 1.052572
v 0.111128 0.226633 1.045208
v 0.108012 0.217836 1.044766
v 0.110277 0.222019 1.038740
v -0.247517 0.274715 1.044277
v -0.251251 0.276845 1.039075
v -0.250369 0.268793 1.041907
v -0.078672 0.344397 1.018575
v -0.077901 0.345720 1.023632
v -0.075560 0.356037 1.015536
v -0.075036 0.353893 1.016996
v -0.077156 0.356463 1.016527
v -0.077135 0.357555 1.015536
v -0.035682 0.072428 1.062974
v -0.042524 0.074876 1.068095
v -0.045163 0.073624 1.062384
v 0.008701 0.080886 1.061494
v 0.004290 0.076015 1.060463
v 0.008469 0.075162 1.057156
v 0.029457 0.094727 1.060224
v 0.023566 0.087866 1.057013
v 0.030606 0.092790 1.054937
v -0.192660 0.100706 1.064043
v -0.193219 0.093832 1.059393
v -0.188311 0.095737 1.064927
v 0.039107 0.105978 1.054165
v 0.036245 0.098794 1.057585
v 0.032183 0.098218 1.051244
v 0.043357 0.112342 1.051565
v 0.038018 0.109657 1.047150
v 0.045284 0.118235 1.046096
v 0.048816 0.119993 1.052253
v 0.048807 0.124694 1.044397
v 0.044129 0.121798 1.039782
v 0.048722 0.128969 1.038296
v -0.239279 0.157198 1.041028
v -0.238750 0.160353 1.049334
v -0.243059 0.166706 1.045281
v 0.112295 0.218279 1.031283
v 0.115255 0.227357 1.032691
v 0.119632 0.250203 1.028659
v 0.119122 0.242869 1.030142
v 0.122451 0.243361 1.022565
v 0.125772 0.260002 1.015536
v 0.123465 0.258933 1.020176
v 0.125721 0.253904 1.015536
v 0.124714 0.290002 1.018166
v 0.122112 0.299015 1.019739
v -0.156494 0.064279 1.051508
v -0.152271 0.057886 1.044337
v -0.147305 0.062005 1.048208
v -0.053794 0.069363 1.049556
v -0.064237 0.071793 1.051409
v -0.064722 0.068940 1.046963
v -0.206362 0.100126 1.047434
v -0.208590 0.107728 1.046799
v -0.204561 0.103880 1.042083
v -0.212520 0.110517 1.051080
v -0.211769 0.115059 1.046017
v -0.212707 0.118515 1.039969
v -0.217280 0.121606 1.044209
v 0.063701 0.142026 1.038861
v 0.067714 0.148707 1.043640
v 0.070598 0.160714 1.034515
v 0.074382 0.165361 1.039585
v 0.073509 0.160139 1.041077
v 0.074526 0.162059 1.033370
v 0.078508 0.165565 1.036262
v -0.240179 0.162581 1.027437
v -0.238216 0.157539 1.032551
v -0.242908 0.164210 1.034830
v -0.253778 0.186230 1.028262
v -0.257562 0.192523 1.032666
v -0.256326 0.193803 1.026183
v -0.133576 0.060608 1.041138
v -0.125049 0.064796 1.041672
v -0.131685 0.065093 1.046064
v -0.033026 0.053242 1.040481
v -0.030985 0.060389 1.047063
v -0.039861 0.059672 1.043467
v -0.114939 0.075816 1.050071
v -0.121886 0.074487 1.052139
v -0.118460 0.070323 1.044918
v -0.193538 0.091303 1.036296
v -0.196491 0.089259 1.041929
v -0.198301 0.094578 1.038574
v 0.006440 0.089880 1.032833
v 0.009332 0.093429 1.029764
v 0.012347 0.091343 1.034801
v -0.205392 0.108067 1.034497
v -0.202776 0.099919 1.035711
v -0.198471 0.097422 1.032143
v 0.032063 0.103701 1.046667
v 0.034163 0.108534 1.041520
v 0.043356 0.118330 1.033877
v 0.044012 0.115048 1.039731
v 0.063491 0.136335 1.035370
v 0.067947 0.141201 1.034026
v 0.073723 0.157585 1.032064
v 0.070418 0.155221 1.035101
v 0.073948 0.152060 1.032236
v -0.245045 0.171920 1.024446
v -0.245204 0.177031 1.018097
v -0.242485 0.170860 1.018593
v -0.013193 0.044860 1.029616
v -0.009599 0.048264 1.035015
v -0.018159 0.046037 1.035205
v -0.068135 0.056395 1.038473
v -0.072951 0.051176 1.035659
v -0.064734 0.050966 1.034598
v -0.190460 0.083600 1.031553
v -0.194931 0.090436 1.029869
v 0.052678 0.103496 1.024775
v 0.050678 0.108840 1.027723
v 0.046629 0.104756 1.029282
v -0.218583 0.123446 1.029199
v -0.214315 0.117666 1.026809
v -0.215034 0.119572 1.033596
v 0.048520 0.115887 1.028883
v 0.043856 0.110691 1.033324
v -0.231002 0.146823 1.023148
v -0.226893 0.137735 1.024118
v -0.230571 0.144104 1.029931
v -0.267451 0.225403 1.015536
v -0.268340 0.226576 1.017227
v -0.267697 0.226871 1.015536
v -0.045896 0.044341 1.028995
v -0.055091 0.047719 1.032284
v -0.053996 0.047283 1.028069
v -0.175196 0.051272 1.030131
v -0.169484 0.049200 1.027669
v -0.171090 0.050231 1.032838
v -0.070096 0.054261 1.032189
v -0.077648 0.054658 1.032820
v -0.073425 0.059119 1.028921
v -0.065295 0.053197 1.027970
v -0.004397 0.053794 1.027291
v -0.005309 0.059195 1.029161
v 0.000686 0.058198 1.032517
v -0.061527 0.069274 1.020163
v -0.064230 0.062165 1.025175
v -0.070597 0.067082 1.023741
v 0.033340 0.095340 1.024089
v 0.041048 0.093307 1.018919
v 0.041367 0.096770 1.023869
v 0.062781 0.113210 1.022262
v 0.071388 0.114770 1.017617
v 0.066593 0.119588 1.023530
v 0.113622 0.189656 1.015536
v 0.114082 0.191001 1.015536
v 0.113248 0.190768 1.016372
v -0.037669 0.047146 1.026080
v -0.029222 0.044752 1.027100
v -0.037136 0.042259 1.029548
v -0.023207 0.055708 1.023450
v -0.017289 0.061679 1.023251
v -0.016088 0.053493 1.024517
v -0.055771 0.052585 1.025502
v -0.059839 0.058260 1.024694
v -0.031211 0.056848 1.022568
v -0.024708 0.061981 1.021789
v -0.180330 0.064852 1.029172
v -0.173288 0.066703 1.021811
v -0.176800 0.060998 1.025946
v -0.042000 0.069835 1.015761
v -0.034233 0.068009 1.015860
v -0.038510 0.064457 1.021762
v -0.236162 0.157857 1.015536
v -0.236024 0.158516 1.015849
v -0.236292 0.158567 1.015536
v -0.061495 0.072221 1.015536
v -0.057299 0.070022 1.015536
v -0.064552 0.074106 1.015536
v -0.067281 0.073874 1.018521
v -0.066643 0.075901 1.015536
v 0.024976 0.093915 1.024373
v 0.017801 0.091361 1.023269
v 0.023325 0.089670 1.019167
v -0.006877 0.382479 1.075481
v -0.000254 0.380653 1.070118
v -0.006186 0.388265 1.072503
v -0.069355 0.449790 1.080122
v -0.103915 0.449512 1.080582
v -0.078104 0.450592 1.080299
v -0.095068 0.450343 1.080564
v -0.089721 0.257603 1.110569
v -0.034517 0.267943 1.105680
v -0.034212 0.259289 1.103993
v -0.051311 0.255929 1.109398
v -0.044782 0.251507 1.106371
v -0.164378 0.314681 1.088394
v -0.171901 0.313311 1.082165
v -0.164839 0.308740 1.088068
v -0.166758 0.320142 1.085480
v -0.029787 0.419825 1.077896
v -0.043958 0.435363 1.079090
v -0.050151 0.440178 1.080102
v -0.036637 0.430692 1.076460
v -0.039292 0.437934 1.073195
v -0.045181 0.441580 1.074903
v -0.049636 0.446021 1.073540
v -0.055745 0.444459 1.079053
v -0.062639 0.449416 1.077614
v -0.075178 0.457144 1.077781
v -0.081530 0.463484 1.076573
v -0.089194 0.462559 1.077147
v -0.100253 0.456513 1.077812
v -0.089142 0.245743 1.106328
v -0.133659 0.269582 1.100902
v -0.114745 0.260357 1.106099
v -0.017809 0.286720 1.097594
v -0.021897 0.281062 1.099537
v -0.028293 0.269748 1.102136
v -0.013531 0.291952 1.094651
v -0.172431 0.319587 1.079580
v -0.168503 0.325975 1.081975
v -0.010454 0.379103 1.079911
v -0.165773 0.380584 1.073362
v -0.163548 0.374527 1.077035
v -0.159197 0.381480 1.079224
v -0.160889 0.386186 1.075700
v -0.148079 0.417444 1.073895
v -0.153910 0.410576 1.072242
v -0.159653 0.403221 1.070352
v -0.160109 0.412114 1.066367
v -0.148169 0.426797 1.069374
v -0.124913 0.442939 1.076543
v -0.118808 0.447804 1.076454
v -0.124719 0.450433 1.072986
v -0.051163 0.452341 1.070753
v -0.057053 0.450293 1.074304
v -0.073995 0.463940 1.074063
v -0.036222 0.486876 1.055557
v -0.030572 0.483709 1.054742
v -0.026950 0.490879 1.051485
v -0.071615 0.470412 1.071344
v -0.065850 0.467531 1.070472
v -0.063162 0.474313 1.067546
v -0.049064 0.458751 1.067914
v -0.043775 0.455599 1.067190
v -0.040919 0.462281 1.064280
v -0.040303 0.502655 1.051945
v -0.041052 0.496309 1.054124
v -0.031757 0.500539 1.050065
v -0.074084 0.511592 1.059120
v -0.073946 0.505428 1.060976
v -0.065889 0.509444 1.057445
v -0.075281 0.486275 1.067402
v -0.076289 0.479815 1.069727
v -0.067938 0.483723 1.066098
v -0.104763 0.488484 1.066960
v -0.107163 0.483195 1.067631
v -0.100392 0.480079 1.070053
v -0.126360 0.523742 1.053263
v -0.128619 0.517702 1.054139
v -0.121767 0.515650 1.056359
v -0.113254 0.525748 1.054700
v -0.111943 0.518830 1.057104
v -0.106133 0.523292 1.056179
v -0.089724 0.491184 1.068099
v -0.089115 0.484202 1.070381
v -0.082707 0.488607 1.068581
v -0.027295 0.526120 1.043212
v -0.033873 0.532134 1.043886
v -0.034682 0.525445 1.045325
v -0.089610 0.565708 1.045727
v -0.084073 0.559170 1.048130
v -0.082748 0.566111 1.046362
v -0.116616 0.565998 1.042187
v -0.111315 0.559761 1.044600
v -0.110043 0.566034 1.043009
v -0.070360 0.561322 1.047008
v -0.071993 0.554385 1.048866
v -0.064947 0.556105 1.046916
v -0.036953 0.216837 1.107736
v -0.031876 0.220989 1.107333
v -0.038898 0.228838 1.107204
v -0.021603 0.167659 1.109552
v -0.018110 0.174800 1.109082
v -0.025263 0.179230 1.109174
v -0.006542 0.194089 1.107575
v -0.002554 0.198976 1.107135
v -0.009320 0.204815 1.107158
v -0.092808 0.220702 1.107017
v -0.085843 0.217466 1.107322
v -0.086169 0.226556 1.106950
v -0.121157 0.198655 1.107180
v -0.114004 0.195126 1.107479
v -0.114131 0.203988 1.107186
v -0.093314 0.183408 1.108150
v -0.086447 0.179334 1.108374
v -0.086243 0.189135 1.108140
v -0.036076 0.174366 1.109534
v -0.039690 0.165241 1.109714
v -0.032611 0.162998 1.109904
v -0.063815 0.219370 1.107677
v -0.068014 0.211019 1.107846
v -0.061304 0.208220 1.108061
v -0.058606 0.177795 1.109013
v -0.065212 0.170737 1.109020
v -0.058186 0.168823 1.109235
v -0.136275 0.204259 1.105404
v -0.128796 0.202645 1.106686
v -0.130206 0.209100 1.105397
v -0.100684 0.224337 1.106479
v -0.102853 0.230759 1.105115
v -0.143000 0.216788 1.101676
v -0.134621 0.218808 1.102672
v -0.137979 0.223800 1.101198
v -0.047030 0.235685 1.107235
v -0.052536 0.231269 1.107370
v -0.045572 0.227368 1.107488
v -0.124140 0.248159 1.102628
v -0.128972 0.254861 1.101142
v -0.133406 0.249050 1.100386
v -0.038058 0.246688 1.105818
v -0.040358 0.243238 1.106390
v 0.027599 0.243959 1.095005
v 0.032147 0.236106 1.095624
v 0.038233 0.241584 1.093405
v -0.015004 0.253755 1.101197
v -0.009485 0.246081 1.101638
v -0.004598 0.251262 1.099723
v 0.004888 0.222589 1.103240
v 0.009125 0.214721 1.103851
v 0.014611 0.219985 1.101892
v -0.140421 0.267276 1.097133
v -0.146058 0.268977 1.095241
v 0.026687 0.262016 1.089270
v 0.027706 0.255412 1.091836
v 0.034356 0.257786 1.089117
v -0.017325 0.270887 1.097213
v -0.011005 0.274217 1.094407
v -0.017164 0.278184 1.096814
v -0.024388 0.274990 1.100423
v -0.029277 0.263696 1.102507
v -0.023236 0.267396 1.099884
v -0.153466 0.279917 1.094168
v -0.158560 0.283797 1.092059
v -0.008108 0.294622 1.090910
v -0.007436 0.287532 1.091212
v -0.170296 0.303321 1.084031
v -0.165292 0.285374 1.087591
v -0.007584 0.316186 1.088783
v -0.002715 0.330851 1.083307
v -0.006187 0.339460 1.084868
v -0.171436 0.330775 1.078993
v -0.175314 0.335801 1.075838
v -0.000832 0.344676 1.079587
v -0.167991 0.337926 1.082042
v -0.172578 0.341532 1.077302
v -0.159410 0.394347 1.073907
v -0.166056 0.388907 1.070133
v -0.153140 0.395194 1.079104
v -0.164819 0.397429 1.068110
v -0.006086 0.420421 1.060873
v -0.007506 0.413632 1.064359
v -0.028219 0.426233 1.073578
v -0.017177 0.406115 1.074910
v -0.032073 0.434879 1.070952
v -0.034531 0.441595 1.068346
v -0.139885 0.447475 1.068206
v -0.146075 0.451719 1.064109
v -0.026604 0.444020 1.064045
v -0.033260 0.447178 1.065833
v -0.165692 0.470580 1.050489
v -0.170280 0.465026 1.049554
v -0.163979 0.463606 1.052908
v -0.180091 0.472292 1.043082
v -0.185503 0.461668 1.041849
v -0.176428 0.466416 1.046201
v -0.149897 0.507568 1.049178
v -0.143897 0.502767 1.052754
v -0.142831 0.508864 1.051668
v -0.009757 0.549684 1.034302
v -0.013540 0.556167 1.034601
v -0.018001 0.548481 1.036900
v -0.008712 0.564230 1.032101
v -0.016760 0.561893 1.034666
v -0.021048 0.554906 1.036848
v -0.025887 0.547019 1.039320
v -0.042329 0.603132 1.031452
v -0.033969 0.602278 1.029835
v -0.037632 0.609034 1.029013
v -0.060866 0.579159 1.041091
v -0.052426 0.578426 1.039479
v -0.056234 0.585272 1.038667
v -0.026928 0.578213 1.033836
v -0.018848 0.577814 1.032094
v -0.022650 0.583745 1.031604
v -0.120275 0.613876 1.029102
v -0.114001 0.614888 1.029670
v -0.120245 0.623029 1.026696
v -0.121547 0.580141 1.037697
v -0.114925 0.580410 1.038540
v -0.121140 0.588150 1.035659
v -0.094844 0.580874 1.041003
v -0.088198 0.581480 1.041655
v -0.094723 0.589690 1.038689
v -0.096800 0.649765 1.020254
v -0.090481 0.642018 1.023034
v -0.092143 0.653874 1.019189
v -0.115402 0.635416 1.023602
v -0.109173 0.627253 1.026569
v -0.110598 0.638622 1.022918
v -0.089850 0.602076 1.035544
v -0.083208 0.593924 1.038419
v -0.084994 0.605697 1.034673
v -0.054221 0.626032 1.026027
v -0.052631 0.615177 1.029472
v -0.047488 0.620673 1.027167
v -0.080590 0.651228 1.019804
v -0.079231 0.639430 1.023644
v -0.073997 0.644550 1.021515
v -0.073684 0.603334 1.035225
v -0.071501 0.591800 1.038834
v -0.066853 0.597597 1.036546
v -0.136505 0.144620 1.103326
v -0.131244 0.140322 1.103462
v -0.132217 0.149078 1.104069
v -0.125368 0.176152 1.106367
v -0.119806 0.181056 1.107040
v -0.126645 0.184803 1.106783
v -0.120526 0.140886 1.104342
v -0.115305 0.145753 1.105049
v -0.121629 0.149683 1.104932
v -0.098402 0.159899 1.107147
v -0.092424 0.164679 1.107862
v -0.099355 0.168874 1.107720
v -0.152742 0.194496 1.103332
v -0.154917 0.186334 1.103246
v -0.148708 0.188854 1.104447
v -0.174749 0.193712 1.098490
v -0.178759 0.186916 1.097779
v -0.171798 0.186213 1.099528
v 0.037478 0.190910 1.099154
v 0.033596 0.186384 1.100225
v 0.040638 0.184684 1.098169
v 0.013285 0.164638 1.104980
v 0.022590 0.164685 1.102633
v 0.036365 0.198103 1.098987
v 0.042824 0.194440 1.097258
v -0.161240 0.253158 1.092701
v -0.164955 0.249052 1.092518
v -0.158846 0.246437 1.094201
v -0.172051 0.212797 1.096386
v -0.176385 0.208830 1.096084
v -0.169684 0.204859 1.098092
v 0.000000 0.285972 1.087584
v 0.008145 0.301396 1.081062
v 0.005374 0.309019 1.081459
v -0.003904 0.323641 1.085261
v 0.003485 0.324015 1.080252
v -0.004806 0.309614 1.087672
v 0.000010 0.315818 1.083719
v 0.008572 0.316882 1.078326
v -0.004480 0.376290 1.075277
v -0.169891 0.381468 1.068617
v -0.169963 0.373001 1.071642
v -0.171505 0.387115 1.065385
v 0.000232 0.407361 1.060761
v -0.011513 0.433393 1.060990
v -0.008183 0.426271 1.060737
v 0.040824 0.480715 1.026634
v 0.039506 0.475526 1.028584
v 0.046093 0.475577 1.025674
v -0.000017 0.494110 1.040554
v -0.003943 0.489310 1.043491
v 0.004347 0.489493 1.039973
v 0.005242 0.537376 1.030874
v 0.005968 0.532244 1.031534
v -0.002524 0.517969 1.037062
v -0.009780 0.523382 1.038514
v -0.008381 0.518330 1.039017
v 0.009946 0.541097 1.028613
v -0.003877 0.528832 1.035528
v -0.145904 0.555335 1.038893
v -0.146713 0.547132 1.040582
v -0.140903 0.547051 1.042826
v -0.167223 0.588490 1.022576
v -0.167547 0.579443 1.024629
v -0.161741 0.580541 1.026686
v -0.167950 0.553001 1.030712
v -0.168493 0.544623 1.032461
v -0.162997 0.545748 1.034454
v 0.007270 0.549058 1.028492
v -0.001362 0.549765 1.031456
v -0.001490 0.565364 1.029588
v -0.005189 0.557223 1.031862
v -0.010163 0.587484 1.027638
v -0.007261 0.581146 1.028452
v -0.000973 0.585930 1.025439
v -0.132098 0.627009 1.023162
v -0.137720 0.623052 1.022579
v -0.132198 0.618254 1.025478
v -0.154968 0.611641 1.020373
v -0.160668 0.607618 1.019724
v -0.155044 0.603657 1.022509
v 0.008889 0.612493 1.015536
v 0.008578 0.612258 1.015695
v 0.009458 0.611918 1.015536
v -0.015282 0.627633 1.017994
v -0.021840 0.622768 1.021257
v -0.014409 0.620061 1.019943
v -0.068455 0.660105 1.015536
v -0.066634 0.658351 1.015970
v -0.066353 0.659459 1.015536
v -0.047222 0.639760 1.020527
v -0.040831 0.634121 1.021786
v -0.038916 0.642316 1.018607
v -0.119467 0.118409 1.101787
v -0.115040 0.119039 1.099118
v -0.119932 0.122670 1.100974
v -0.019476 0.141429 1.107465
v -0.026943 0.143627 1.108943
v -0.026296 0.136683 1.106625
v -0.049139 0.129580 1.104885
v -0.047480 0.121688 1.102179
v -0.028344 0.116321 1.099198
v -0.019972 0.122238 1.100545
v -0.090041 0.155558 1.106992
v -0.096863 0.150943 1.106371
v -0.090750 0.144032 1.104379
v -0.114344 0.137360 1.104155
v -0.119544 0.132689 1.103294
v -0.113153 0.129871 1.101000
v -0.097800 0.144617 1.104916
v -0.097238 0.137279 1.102354
v -0.088158 0.130166 1.101615
v -0.082925 0.123557 1.100659
v -0.081329 0.131764 1.102666
v 0.007773 0.155855 1.105379
v 0.004645 0.143675 1.102001
v 0.014135 0.150490 1.101960
v 0.005987 0.135107 1.098237
v 0.005422 0.125434 1.094407
v 0.013572 0.132152 1.094646
v 0.036228 0.177865 1.099309
v 0.043920 0.176321 1.095797
v 0.022014 0.155839 1.101136
v 0.033960 0.151392 1.094546
v 0.041116 0.157026 1.092537
v -0.169195 0.170696 1.100432
v -0.172664 0.162280 1.098747
v -0.185432 0.187279 1.095210
v 0.070672 0.193114 1.082251
v 0.068199 0.200126 1.084541
v 0.073028 0.206679 1.081650
v 0.067663 0.207127 1.085094
v 0.053760 0.193657 1.092845
v -0.201795 0.242135 1.080448
v -0.198767 0.251283 1.079872
v -0.205689 0.248825 1.077593
v -0.186298 0.214111 1.092128
v -0.183339 0.223625 1.091423
v -0.190255 0.221335 1.089192
v -0.174214 0.253318 1.089026
v -0.171185 0.263044 1.088275
v -0.178062 0.260074 1.086254
v 0.065653 0.224297 1.084988
v 0.072430 0.230092 1.078245
v 0.066905 0.235483 1.081148
v 0.058408 0.261812 1.078717
v 0.065797 0.262534 1.072377
v 0.060471 0.270573 1.073568
v 0.054816 0.297507 1.066572
v 0.048670 0.294384 1.069418
v 0.055239 0.290523 1.068191
v 0.053602 0.325027 1.060026
v 0.047519 0.321861 1.062896
v 0.053811 0.318086 1.061764
v 0.029514 0.312325 1.071083
v 0.023357 0.309362 1.073836
v 0.029368 0.305336 1.072913
v -0.182846 0.335100 1.069787
v -0.182109 0.328691 1.071687
v -0.175798 0.318610 1.078209
v 0.005777 0.340978 1.075476
v 0.001153 0.336684 1.079629
v 0.009455 0.333376 1.074407
v 0.017514 0.355016 1.064221
v 0.017331 0.347478 1.066102
v 0.024386 0.351425 1.060866
v 0.021694 0.360240 1.059922
v 0.005773 0.365661 1.069874
v 0.005999 0.374651 1.067004
v -0.000133 0.371569 1.072830
v 0.011503 0.359124 1.067420
v 0.018155 0.368597 1.059776
v 0.011935 0.375771 1.062066
v 0.011937 0.367481 1.064680
v 0.005415 0.399620 1.059436
v -0.001005 0.398974 1.064364
v -0.164062 0.442012 1.057555
v -0.169839 0.433623 1.056302
v -0.167466 0.414074 1.061719
v 0.039000 0.406797 1.043663
v 0.034050 0.401337 1.046710
v -0.189011 0.492475 1.033925
v -0.187145 0.499981 1.033244
v -0.193240 0.500929 1.029524
v -0.181697 0.522692 1.030926
v -0.179697 0.530076 1.030307
v -0.185584 0.531188 1.026720
v 0.041116 0.519107 1.020635
v 0.038984 0.513686 1.022325
v 0.048062 0.515390 1.018646
v 0.015587 0.533364 1.027791
v 0.012108 0.528874 1.029832
v 0.020864 0.529919 1.026396
v 0.003544 0.513895 1.035530
v 0.000286 0.508959 1.037552
v 0.010185 0.509967 1.033712
v -0.122267 0.655682 1.015536
v -0.121970 0.652084 1.017064
v -0.117485 0.655506 1.016313
v -0.118883 0.656890 1.015536
v -0.061221 0.119851 1.101222
v -0.053503 0.117033 1.101640
v -0.070722 0.113882 1.096827
v -0.070009 0.107590 1.094103
v -0.052729 0.099987 1.095739
v -0.046088 0.102932 1.098598
v -0.097699 0.105664 1.094616
v -0.083687 0.116476 1.097236
v -0.083697 0.109325 1.094235
v -0.102132 0.124098 1.093250
v -0.026438 0.109502 1.097606
v -0.037046 0.100355 1.097198
v -0.146568 0.125078 1.098061
v -0.154403 0.120765 1.094974
v -0.146346 0.117455 1.096984
v -0.131665 0.122921 1.101441
v -0.138167 0.116899 1.099636
v -0.130477 0.115743 1.101621
v -0.118435 0.123346 1.096996
v -0.107175 0.116193 1.093192
v -0.109813 0.115052 1.097704
v -0.076315 0.111737 1.094786
v -0.075428 0.120016 1.099702
v -0.056925 0.124142 1.103148
v -0.066305 0.125143 1.102591
v -0.099961 0.129155 1.099397
v -0.118813 0.128191 1.101409
v -0.117026 0.128020 1.096146
v -0.105303 0.128729 1.092757
v -0.009960 0.115815 1.095344
v 0.009416 0.114820 1.087862
v 0.007164 0.119449 1.091321
v -0.119901 0.126725 1.093014
v -0.115207 0.128117 1.089788
v -0.109858 0.128374 1.086840
v -0.111248 0.128972 1.093867
v -0.156893 0.129002 1.096309
v -0.155947 0.137619 1.098610
v -0.156829 0.148506 1.100794
v -0.161489 0.154281 1.100903
v -0.169605 0.141820 1.094784
v -0.171776 0.134576 1.091701
v -0.172448 0.155719 1.097603
v -0.173865 0.147367 1.094833
v -0.167580 0.150576 1.097980
v -0.181636 0.145661 1.091308
v -0.182621 0.136679 1.087938
v -0.176349 0.139913 1.091603
v -0.177056 0.131117 1.088404
v 0.034010 0.142880 1.090881
v 0.022127 0.127793 1.088989
v -0.166127 0.160319 1.100808
v -0.190416 0.192475 1.093020
v -0.191342 0.183757 1.091970
v -0.221349 0.210245 1.074321
v -0.228096 0.208106 1.070023
v -0.223946 0.203511 1.072916
v -0.199598 0.213162 1.086387
v -0.202385 0.205796 1.085623
v -0.195753 0.206404 1.089254
v -0.214838 0.240410 1.074821
v -0.217682 0.232827 1.074131
v -0.211064 0.233707 1.077729
v 0.092811 0.281566 1.053719
v 0.084012 0.279552 1.058694
v 0.093544 0.275684 1.055984
v -0.192174 0.301653 1.073625
v -0.190609 0.296094 1.075833
v -0.185081 0.303622 1.076988
v -0.213894 0.272564 1.068913
v -0.212411 0.266596 1.071176
v -0.207077 0.273670 1.072360
v 0.093310 0.288983 1.050597
v 0.099343 0.285514 1.048734
v -0.203481 0.311915 1.064448
v -0.210218 0.310323 1.061100
v -0.208094 0.304562 1.063928
v -0.181667 0.389158 1.058703
v -0.177693 0.384033 1.062160
v -0.175170 0.392433 1.061838
v -0.209435 0.374759 1.045866
v -0.205033 0.369548 1.049475
v -0.202341 0.378535 1.049108
v -0.191107 0.353986 1.060712
v -0.186609 0.348781 1.064462
v -0.184612 0.357764 1.063722
v -0.208219 0.389059 1.043551
v -0.200813 0.392505 1.047096
v -0.202289 0.397795 1.045155
v -0.194845 0.432310 1.041261
v -0.192772 0.425875 1.044241
v -0.186012 0.433853 1.046558
v -0.231465 0.425112 1.019225
v -0.228732 0.418540 1.022714
v -0.222558 0.426711 1.024669
v -0.220666 0.398943 1.033229
v -0.218207 0.392342 1.036568
v -0.212147 0.400962 1.038262
v 0.047089 0.448059 1.030327
v 0.046358 0.439740 1.032292
v 0.056537 0.441344 1.026525
v 0.055007 0.434968 1.028539
v 0.057602 0.427622 1.028649
v 0.063151 0.431417 1.024811
v 0.021950 0.543520 1.023705
v 0.028624 0.540435 1.021710
v 0.027524 0.549096 1.020666
v -0.178786 0.553845 1.025182
v -0.184042 0.547222 1.023789
v -0.178396 0.545276 1.027444
v -0.069465 0.091814 1.081565
v -0.068791 0.096446 1.086738
v -0.052820 0.082248 1.079117
v -0.044994 0.082597 1.082539
v -0.043296 0.091262 1.092135
v -0.050559 0.095423 1.093497
v -0.019200 0.113569 1.097185
v -0.043112 0.096148 1.096353
v -0.035880 0.094532 1.093777
v -0.154650 0.112697 1.092505
v -0.147119 0.108291 1.093686
v -0.060741 0.103731 1.095123
v -0.070234 0.101436 1.089909
v -0.059927 0.096715 1.090812
v -0.085848 0.101058 1.087956
v -0.098728 0.101833 1.091620
v -0.102948 0.122841 1.087099
v -0.108124 0.123137 1.086605
v -0.113897 0.124868 1.086748
v -0.110902 0.120585 1.089812
v 0.040690 0.148191 1.089475
v 0.061354 0.179309 1.085885
v 0.047542 0.169706 1.092211
v 0.042056 0.166444 1.094622
v 0.047313 0.162496 1.090304
v -0.194975 0.160930 1.087362
v -0.197550 0.154038 1.084348
v -0.190420 0.156362 1.089257
v 0.098584 0.294112 1.045982
v 0.105689 0.289677 1.043036
v 0.105535 0.297126 1.040291
v 0.110105 0.292459 1.038621
v 0.098864 0.309977 1.039699
v 0.098888 0.302124 1.042710
v 0.105132 0.303581 1.037237
v -0.216471 0.318506 1.055582
v -0.221498 0.322611 1.051778
v -0.222227 0.313684 1.053610
v -0.193670 0.336135 1.063360
v -0.198708 0.340876 1.059493
v -0.199339 0.331806 1.061403
v -0.213192 0.355959 1.048064
v -0.217978 0.360915 1.044211
v -0.219061 0.351141 1.046023
v -0.078561 0.347851 1.035653
v -0.075464 0.343339 1.031833
v -0.083592 0.347242 1.045314
v -0.201468 0.495124 1.025553
v -0.204059 0.488225 1.025087
v -0.197737 0.486506 1.029697
v -0.118493 0.099917 1.092966
v -0.125390 0.096382 1.090257
v -0.118435 0.093843 1.088806
v -0.146492 0.094846 1.086742
v -0.151996 0.090458 1.083057
v -0.145023 0.088328 1.082804
v -0.125077 0.089338 1.085522
v -0.111953 0.098350 1.091872
v -0.111870 0.093995 1.085407
v -0.123924 0.085886 1.079882
v -0.118065 0.090189 1.083389
v -0.111187 0.089819 1.078042
v -0.105464 0.094624 1.082367
v -0.104324 0.091698 1.076802
v -0.101793 0.097437 1.080450
v -0.092751 0.101481 1.089778
v -0.097202 0.099554 1.086181
v 0.001853 0.088429 1.071610
v -0.005146 0.089478 1.076226
v 0.010827 0.109651 1.083272
v 0.004127 0.109627 1.086847
v -0.009169 0.101961 1.087600
v -0.177253 0.122981 1.084551
v -0.169525 0.118739 1.087591
v -0.188749 0.113710 1.073256
v -0.185764 0.107092 1.072529
v -0.171305 0.099263 1.078903
v -0.164297 0.101551 1.084159
v -0.160667 0.107877 1.088333
v -0.161980 0.115703 1.090216
v -0.167192 0.110378 1.085876
v -0.157407 0.100455 1.087118
v 0.041375 0.119644 1.072677
v 0.048095 0.123118 1.069959
v -0.189385 0.134355 1.083043
v -0.183675 0.128465 1.083500
v -0.193909 0.140043 1.082578
v -0.200713 0.137594 1.076615
v -0.206906 0.133864 1.070421
v -0.198006 0.118255 1.069294
v -0.191920 0.119258 1.073939
v 0.069693 0.178051 1.078293
v 0.072560 0.185754 1.078800
v 0.071078 0.163122 1.070336
v 0.075602 0.168749 1.068428
v 0.081292 0.175489 1.065628
v 0.080573 0.182787 1.070064
v 0.081552 0.189584 1.070784
v 0.076295 0.191782 1.076573
v 0.076976 0.184541 1.074329
v 0.079246 0.205880 1.075901
v 0.074502 0.199342 1.079563
v -0.234831 0.219280 1.063977
v -0.230458 0.229020 1.066079
v -0.236337 0.224604 1.061900
v 0.113130 0.241045 1.043835
v 0.109776 0.244254 1.050490
v 0.110766 0.235238 1.047711
v 0.109647 0.254193 1.050549
v 0.106436 0.253059 1.055900
v 0.107668 0.238336 1.053529
v 0.107460 0.229469 1.052573
v 0.109625 0.272732 1.042467
v 0.107405 0.281303 1.044323
v 0.105650 0.275239 1.046910
v 0.116900 0.264284 1.033345
v 0.117409 0.270505 1.032084
v 0.113401 0.268952 1.037860
v -0.236366 0.296808 1.047617
v -0.232938 0.292577 1.052320
v -0.252070 0.285176 1.036093
v -0.243648 0.278504 1.047988
v -0.237935 0.278784 1.052333
v -0.235001 0.304260 1.047130
v -0.241711 0.300818 1.042188
v -0.258872 0.299085 1.026711
v -0.234215 0.312863 1.045513
v -0.228940 0.309350 1.050615
v -0.082360 0.341945 1.044725
v 0.097691 0.384104 1.015947
v 0.093475 0.390562 1.016498
v 0.091914 0.384737 1.019287
v 0.095897 0.365929 1.022821
v 0.091620 0.372075 1.023500
v 0.088072 0.366049 1.027599
v -0.206817 0.473794 1.026010
v -0.206879 0.466300 1.027475
v -0.200383 0.472122 1.030694
v -0.229447 0.449892 1.015536
v -0.230031 0.447911 1.015536
v -0.228057 0.449430 1.016586
v 0.071935 0.442899 1.018035
v 0.062103 0.448222 1.022354
v 0.066105 0.440083 1.021645
v 0.077884 0.438601 1.015536
v 0.072060 0.429013 1.020445
v 0.080538 0.430110 1.015536
v -0.016926 0.079813 1.072004
v -0.023252 0.082361 1.077015
v -0.025652 0.076703 1.070597
v -0.023350 0.092768 1.087298
v -0.027077 0.098272 1.092925
v -0.031543 0.090953 1.089419
v -0.009653 0.082615 1.072514
v -0.002626 0.084193 1.070556
v -0.119013 0.078125 1.057941
v -0.106959 0.087523 1.070151
v -0.127357 0.082168 1.074189
v -0.094733 0.097463 1.081071
v -0.097990 0.093136 1.077637
v -0.191423 0.107141 1.068734
v -0.186249 0.101940 1.070192
v 0.033797 0.119673 1.077559
v 0.038897 0.114833 1.070891
v 0.024892 0.119987 1.083010
v 0.015981 0.120480 1.088337
v 0.017069 0.115565 1.084314
v 0.035320 0.107682 1.067843
v 0.053585 0.137200 1.073949
v 0.055633 0.132201 1.068781
v 0.059656 0.138886 1.069046
v 0.050298 0.129413 1.072068
v 0.053329 0.125927 1.066054
v 0.059580 0.134187 1.064873
v 0.065632 0.143433 1.064481
v -0.218653 0.169103 1.072772
v -0.224488 0.174957 1.069508
v -0.226661 0.168650 1.065546
v 0.079398 0.164614 1.057052
v 0.083231 0.172071 1.057188
v 0.086472 0.180759 1.059809
v 0.093455 0.191817 1.054757
v 0.089279 0.189068 1.061530
v 0.090040 0.184762 1.055215
v 0.113939 0.262970 1.039912
v 0.121552 0.283558 1.023970
v 0.112739 0.286491 1.038561
v 0.116235 0.299239 1.027550
v 0.110702 0.297716 1.034883
v -0.240797 0.308035 1.041343
v -0.263121 0.291699 1.022373
v -0.264864 0.299960 1.019788
v 0.104479 0.311612 1.034085
v 0.109676 0.313232 1.028516
v 0.113780 0.307641 1.026660
v 0.114631 0.314366 1.023143
v 0.110460 0.321275 1.025023
v 0.110968 0.330153 1.021636
v 0.098924 0.318144 1.036655
v 0.098217 0.384407 1.015536
v 0.098921 0.383186 1.015536
v 0.103029 0.361843 1.019661
v -0.138267 0.075179 1.064291
v -0.146003 0.076309 1.064681
v -0.133811 0.081454 1.076106
v -0.155507 0.087009 1.077367
v -0.135028 0.072296 1.056804
v -0.054821 0.075400 1.062265
v -0.063528 0.078882 1.062437
v -0.048883 0.077635 1.073410
v -0.075389 0.090560 1.075393
v -0.184996 0.083079 1.059619
v -0.181246 0.076093 1.057101
v -0.100858 0.088761 1.070437
v -0.100800 0.084655 1.063123
v -0.096175 0.080635 1.054756
v -0.093458 0.090553 1.072306
v -0.092399 0.083808 1.060337
v -0.095035 0.086689 1.065777
v -0.091957 0.094591 1.079166
v -0.086180 0.091641 1.073332
v -0.085857 0.095731 1.080752
v 0.027819 0.100491 1.066481
v 0.034983 0.101357 1.062651
v -0.207489 0.121958 1.063216
v -0.206429 0.127597 1.067528
v -0.212996 0.126351 1.060640
v -0.195409 0.112704 1.068336
v -0.202408 0.115118 1.063654
v 0.056607 0.134914 1.041581
v 0.055142 0.131993 1.048657
v 0.052334 0.128457 1.045902
v 0.050732 0.122403 1.060279
v 0.067423 0.146179 1.057592
v 0.059339 0.137815 1.048023
v -0.220506 0.143105 1.061989
v -0.222863 0.136985 1.056663
v -0.217247 0.136462 1.062127
v -0.213407 0.138506 1.066629
v -0.227628 0.154739 1.059929
v -0.231019 0.148950 1.054134
v -0.226711 0.148506 1.058477
v 0.070696 0.153900 1.051113
v 0.075053 0.158871 1.054747
v 0.071489 0.152855 1.056371
v 0.082965 0.173863 1.051410
v 0.078945 0.170608 1.045749
v 0.082858 0.176663 1.046040
v 0.086659 0.180120 1.050354
v 0.086762 0.178373 1.055534
v 0.094315 0.194078 1.049142
v 0.097037 0.199112 1.043005
v 0.098080 0.200111 1.049445
v 0.101299 0.205768 1.045606
v 0.101490 0.205630 1.051332
v 0.107700 0.219733 1.050670
v 0.115781 0.241998 1.037658
v 0.112955 0.248171 1.044171
v 0.116580 0.256927 1.034814
v 0.113163 0.255702 1.042843
v -0.248362 0.261043 1.045570
v -0.253410 0.261959 1.039407
v -0.242262 0.271368 1.049984
v -0.254850 0.278634 1.033973
v -0.075004 0.344715 1.024849
v 0.112133 0.337551 1.017944
v 0.116764 0.329661 1.016080
v 0.117291 0.329677 1.015536
v 0.117908 0.327637 1.015536
v -0.074586 0.353644 1.015536
v -0.074702 0.355990 1.015536
v 0.103784 0.352954 1.020284
v 0.102166 0.345905 1.024031
v 0.108360 0.344636 1.018969
v -0.008704 0.063424 1.052513
v -0.005481 0.068886 1.057325
v -0.012296 0.067113 1.056327
v -0.001312 0.064671 1.052592
v -0.047031 0.071009 1.054765
v -0.029372 0.070117 1.058480
v -0.026274 0.071822 1.063660
v -0.039858 0.076288 1.073364
v -0.002089 0.074294 1.061695
v 0.002335 0.081745 1.065851
v 0.005260 0.065650 1.051917
v 0.010689 0.072090 1.053108
v 0.015768 0.080158 1.055814
v -0.085577 0.081540 1.060618
v -0.091638 0.079052 1.054756
v -0.082790 0.088207 1.070263
v -0.076882 0.083830 1.065751
v -0.071292 0.079286 1.061106
v -0.067080 0.074694 1.055635
v -0.175005 0.093778 1.074217
v -0.182083 0.096427 1.070759
v -0.189088 0.089677 1.060482
v -0.190928 0.084187 1.054973
v -0.186435 0.076375 1.053179
v 0.041015 0.105059 1.060965
v -0.183851 0.089538 1.064968
v -0.197722 0.107058 1.063504
v -0.207866 0.105211 1.054839
v -0.206763 0.098435 1.051021
v -0.203112 0.098683 1.054365
v -0.202677 0.092486 1.049254
v -0.196776 0.089359 1.052836
v -0.203673 0.106349 1.058975
v -0.208844 0.113227 1.056252
v 0.040173 0.113532 1.044137
v -0.211572 0.120353 1.057823
v 0.043059 0.124704 1.034084
v -0.225126 0.132858 1.046415
v -0.220564 0.125819 1.048355
v -0.222185 0.132172 1.052590
v -0.226948 0.142942 1.055380
v -0.230923 0.145437 1.049706
v -0.226571 0.138890 1.050724
v -0.229480 0.140064 1.044656
v -0.218596 0.131255 1.058127
v 0.070122 0.148311 1.035475
v 0.072445 0.154448 1.042714
v 0.085744 0.174857 1.038499
v 0.086740 0.182529 1.044817
v 0.118144 0.235438 1.031769
v 0.119066 0.230351 1.026564
v 0.125633 0.243967 1.015536
v 0.124925 0.236432 1.016889
v 0.125604 0.241705 1.015536
v 0.119952 0.257674 1.027325
v 0.120450 0.265413 1.026265
v -0.148814 0.068209 1.055223
v -0.140731 0.067011 1.052958
v -0.152374 0.052938 1.038040
v -0.143469 0.056934 1.041342
v -0.037925 0.066349 1.050145
v -0.047051 0.065878 1.046587
v -0.019415 0.068588 1.058016
v -0.028810 0.066770 1.053585
v -0.072427 0.072077 1.050943
v -0.081303 0.070980 1.048232
v -0.089791 0.069107 1.044339
v -0.082274 0.067429 1.043678
v -0.073540 0.067321 1.044083
v -0.065111 0.066115 1.043270
v 0.013099 0.074236 1.049115
v 0.018902 0.082528 1.049351
v 0.026271 0.089341 1.051740
v -0.198907 0.087281 1.047362
v -0.201845 0.095526 1.043123
v 0.022619 0.089345 1.047469
v 0.027405 0.096183 1.047319
v -0.210156 0.103949 1.051515
v -0.207037 0.112055 1.041179
v -0.215567 0.118219 1.050610
v -0.218539 0.124507 1.038275
v -0.221910 0.128842 1.041632
v 0.076257 0.164723 1.045234
v 0.080673 0.169085 1.040562
v 0.100465 0.194563 1.033326
v 0.098308 0.196791 1.038214
v 0.095982 0.189427 1.035287
v 0.100917 0.189200 1.028595
v 0.095492 0.183435 1.031247
v -0.262840 0.207565 1.026924
v -0.258470 0.201038 1.023561
v -0.260181 0.199959 1.030032
v 0.105420 0.195333 1.027459
v 0.109227 0.202681 1.027214
v 0.103291 0.200808 1.033741
v 0.106156 0.207199 1.034213
v 0.101549 0.205126 1.039700
v 0.110707 0.210397 1.030154
v 0.111320 0.196278 1.020890
v 0.114890 0.201862 1.019807
v 0.115129 0.207493 1.022508
v 0.115487 0.214782 1.024711
v 0.120703 0.213252 1.016426
v 0.119214 0.219926 1.020759
v -0.267839 0.224696 1.023235
v -0.270036 0.234289 1.020984
v -0.267293 0.287215 1.017192
v -0.262515 0.282743 1.022903
v -0.268558 0.286321 1.015536
v -0.268497 0.291631 1.015536
v -0.258571 0.306267 1.025567
v -0.262215 0.309439 1.018433
v -0.264986 0.306598 1.015536
v -0.264010 0.310018 1.015536
v -0.134024 0.067867 1.050817
v -0.139596 0.062350 1.046939
v -0.136039 0.056419 1.035357
v -0.117812 0.066166 1.039051
v -0.125918 0.060764 1.035398
v -0.115828 0.064597 1.034306
v -0.048793 0.059479 1.040473
v -0.034442 0.046039 1.033912
v -0.026015 0.048381 1.038489
v -0.022238 0.061399 1.050653
v -0.126617 0.069236 1.048297
v -0.110898 0.072138 1.043434
v -0.110456 0.068697 1.038314
v -0.102319 0.072048 1.042017
v -0.098182 0.077461 1.049658
v 0.006794 0.074238 1.040373
v 0.002423 0.079754 1.037388
v 0.008213 0.080791 1.041335
v 0.013239 0.074612 1.045058
v 0.014020 0.081256 1.045266
v 0.002275 0.085768 1.032673
v 0.003221 0.091077 1.028104
v 0.018500 0.086622 1.044301
v 0.017244 0.095838 1.030692
v 0.017619 0.091778 1.038030
v -0.203486 0.103557 1.027169
v 0.027061 0.103152 1.039562
v 0.039473 0.111152 1.038901
v -0.211075 0.114435 1.033778
v -0.208502 0.110324 1.027344
v 0.048506 0.125511 1.032194
v 0.055096 0.125679 1.030079
v 0.053519 0.129395 1.035034
v 0.062364 0.125885 1.027953
v 0.069709 0.126285 1.025469
v 0.066276 0.129867 1.029890
v 0.069179 0.137027 1.030922
v 0.073651 0.141417 1.030282
v 0.074114 0.133624 1.026561
v 0.086496 0.145482 1.025057
v 0.083480 0.150867 1.027304
v 0.078297 0.147393 1.029845
v 0.078171 0.154160 1.029748
v 0.084702 0.162054 1.029868
v -0.250555 0.178649 1.029574
v -0.248784 0.179946 1.023443
v 0.101904 0.176461 1.021828
v 0.096192 0.177563 1.027810
v 0.096318 0.170264 1.025170
v 0.101978 0.183321 1.024711
v 0.107568 0.189641 1.022099
v -0.249722 0.190133 1.015536
v -0.249832 0.190321 1.015678
v -0.249784 0.190359 1.015536
v -0.273467 0.244668 1.015536
v -0.272629 0.244097 1.018320
v -0.273480 0.250075 1.015536
v -0.051479 0.053415 1.035964
v -0.047012 0.048301 1.032889
v -0.003489 0.050453 1.034920
v -0.006752 0.053202 1.041289
v -0.000640 0.055018 1.040499
v -0.004172 0.059018 1.047384
v -0.164292 0.048252 1.029441
v -0.158721 0.047415 1.030049
v -0.158926 0.050214 1.035214
v -0.175935 0.052354 1.034948
v -0.171990 0.054177 1.040172
v -0.160059 0.054344 1.040923
v -0.056394 0.065608 1.043374
v -0.062539 0.061076 1.040812
v -0.055816 0.059767 1.039800
v -0.075442 0.055063 1.038240
v -0.059808 0.054581 1.037022
v 0.004400 0.060240 1.039306
v 0.002324 0.060288 1.046297
v -0.006697 0.047000 1.029771
v -0.002405 0.051222 1.032156
v -0.180851 0.054048 1.033148
v -0.179336 0.056467 1.039834
v -0.183285 0.058460 1.036908
v -0.080025 0.051525 1.036073
v -0.083269 0.055704 1.037903
v -0.085669 0.055156 1.035008
v -0.091671 0.059372 1.035544
v -0.095852 0.066315 1.038970
v -0.097719 0.063492 1.034334
v -0.042235 0.052187 1.036827
v -0.040826 0.046329 1.032566
v -0.182168 0.059031 1.032270
v -0.071049 0.061694 1.041212
v -0.087191 0.062166 1.040701
v -0.079068 0.061009 1.040820
v -0.105320 0.067708 1.033733
v -0.094137 0.073455 1.046906
v -0.005554 0.069068 1.028566
v -0.001256 0.074407 1.033372
v 0.001397 0.068444 1.034988
v 0.007691 0.066404 1.040902
v -0.185956 0.076233 1.032676
v -0.189951 0.083058 1.035962
v -0.198910 0.096658 1.027930
v 0.034200 0.098741 1.028610
v 0.029687 0.101335 1.033226
v 0.026408 0.097624 1.029381
v 0.036606 0.107329 1.035039
v 0.040885 0.104850 1.031793
v 0.035835 0.101882 1.032028
v 0.042126 0.100788 1.029001
v 0.048686 0.100042 1.025921
v 0.057480 0.106698 1.022278
v 0.053901 0.112516 1.025550
v 0.045684 0.120927 1.031160
v 0.051615 0.120519 1.028945
v 0.058323 0.119278 1.026502
v -0.222442 0.129357 1.033488
v -0.233932 0.147632 1.043004
v -0.230388 0.141668 1.037174
v -0.226563 0.135556 1.031271
v -0.222863 0.129158 1.025431
v -0.234545 0.150391 1.035788
v -0.235154 0.155980 1.022187
v -0.232014 0.149561 1.016868
v -0.223958 0.131307 1.018413
v 0.095981 0.162990 1.022970
v 0.090440 0.164977 1.028656
v 0.090290 0.156462 1.026006
v -0.259722 0.205940 1.019484
v -0.254457 0.200787 1.016309
v -0.059919 0.049401 1.028552
v -0.114194 0.068286 1.030346
v -0.095796 0.067974 1.030333
v -0.085895 0.067404 1.027824
v -0.077682 0.071015 1.023750
v -0.078498 0.065537 1.026978
v -0.081927 0.060463 1.030523
v -0.043574 0.058769 1.022362
v -0.046253 0.065738 1.022472
v -0.011392 0.065995 1.025092
v -0.009755 0.062741 1.027727
v -0.117494 0.071645 1.026580
v -0.110517 0.077721 1.023949
v -0.109837 0.073640 1.027494
v -0.093821 0.072670 1.026052
v -0.102253 0.080069 1.020282
v -0.101962 0.076484 1.024371
v -0.055122 0.065067 1.021622
v -0.183692 0.081047 1.025497
v -0.183254 0.085724 1.019889
v -0.176139 0.081224 1.019717
v 0.004240 0.086848 1.022808
v 0.002412 0.085754 1.027643
v -0.194510 0.092732 1.024221
v 0.004957 0.081700 1.016802
v 0.009808 0.086184 1.019748
v -0.197924 0.098399 1.021748
v -0.201420 0.103454 1.018349
v -0.197147 0.100114 1.015536
v -0.200290 0.102863 1.015536
v -0.212669 0.114324 1.020969
v -0.206550 0.108343 1.019769
v -0.219147 0.121466 1.018894
v -0.214732 0.115650 1.016025
v 0.076838 0.126222 1.020388
v 0.081933 0.131785 1.020192
v -0.011603 0.049759 1.026881
v -0.030065 0.050203 1.024192
v -0.029560 0.040809 1.030316
v -0.045807 0.051027 1.024978
v -0.166052 0.051419 1.022812
v -0.151280 0.054773 1.021263
v -0.149024 0.052996 1.027663
v -0.154029 0.051160 1.025985
v -0.156727 0.053430 1.018959
v -0.159673 0.050217 1.024265
v -0.021067 0.047811 1.026169
v -0.010642 0.057249 1.025501
v -0.175499 0.055428 1.026224
v -0.168842 0.056235 1.020048
v -0.171757 0.052869 1.025072
v -0.052639 0.057325 1.022599
v -0.036112 0.059079 1.022269
v -0.031149 0.062894 1.021217
v -0.184930 0.069588 1.033592
v -0.179423 0.071644 1.027098
v -0.173334 0.075181 1.021464
v -0.120159 0.075906 1.021674
v -0.125850 0.071584 1.016820
v -0.118469 0.076370 1.015475
v -0.135810 0.064771 1.023203
v -0.140298 0.060812 1.016057
v -0.133858 0.065618 1.016502
v -0.097627 0.080639 1.015524
v -0.107337 0.081691 1.015640
v -0.107243 0.081709 1.015536
v 0.071996 0.121559 1.021226
v 0.078082 0.120429 1.016058
v -0.028122 0.066117 1.015536
v -0.027662 0.065198 1.016979
v -0.033906 0.068070 1.015536
v -0.050979 0.069397 1.015536
v -0.055861 0.069285 1.015536
v -0.107352 0.081649 1.015536
v -0.068781 0.078736 1.015536
v -0.068886 0.078738 1.015679
v -0.068945 0.079046 1.015536
v 0.009842 0.090793 1.025564
v -0.062076 0.262514 1.111961
v -0.071266 0.259566 1.111239
v -0.079245 0.241509 1.107000
v -0.039596 0.272921 1.109480
v -0.053908 0.264740 1.112215
v -0.039606 0.255234 1.105344
v -0.097422 0.249298 1.105747
v -0.107981 0.261726 1.108465
v -0.122924 0.258580 1.102816
v -0.155470 0.389008 1.079497
v -0.153467 0.401797 1.076139
v -0.068015 0.455107 1.076187
v -0.109400 0.463133 1.072665
v -0.111264 0.468432 1.070566
v -0.115406 0.460736 1.071955
v -0.114939 0.472692 1.068450
v -0.117685 0.477679 1.066392
v -0.122624 0.470917 1.067133
v -0.131457 0.472031 1.064600
v -0.129723 0.465665 1.066874
v -0.054335 0.478525 1.063590
v -0.045455 0.482658 1.059641
v -0.060095 0.464475 1.069639
v -0.054471 0.461558 1.068761
v -0.037627 0.469312 1.061182
v -0.034294 0.476472 1.058038
v -0.057222 0.507333 1.055534
v -0.048833 0.504987 1.053764
v -0.074256 0.499142 1.063027
v -0.074787 0.492698 1.065212
v -0.059136 0.487941 1.062147
v -0.050279 0.492086 1.058203
v -0.117617 0.507317 1.059344
v -0.123529 0.503586 1.058715
v -0.117145 0.500228 1.061106
v -0.131413 0.512021 1.054668
v -0.137700 0.506487 1.054169
v -0.130655 0.503305 1.056889
v -0.138473 0.498093 1.055881
v -0.132037 0.494346 1.058571
v -0.089027 0.516021 1.059898
v -0.088438 0.507232 1.062762
v -0.081949 0.513578 1.060484
v -0.102566 0.507913 1.061615
v -0.101898 0.501428 1.063819
v -0.095735 0.503284 1.063771
v -0.089213 0.498394 1.065735
v -0.082017 0.501834 1.064179
v -0.041099 0.524608 1.047189
v -0.047668 0.526733 1.048541
v -0.045084 0.520038 1.049104
v -0.037294 0.518251 1.047335
v -0.041133 0.513927 1.049199
v -0.121201 0.550035 1.046315
v -0.127956 0.544645 1.047156
v -0.120454 0.541645 1.048958
v -0.103446 0.565789 1.043925
v -0.096559 0.565480 1.044896
v -0.087688 0.546907 1.051144
v -0.085725 0.552456 1.049801
v -0.059606 0.550857 1.046679
v -0.061029 0.542318 1.048836
v -0.054139 0.545067 1.046511
v -0.074111 0.548031 1.050662
v -0.074544 0.541440 1.052174
v -0.067377 0.546949 1.049432
v -0.061899 0.533811 1.050851
v -0.054954 0.536780 1.048453
v -0.028980 0.191597 1.108700
v -0.032686 0.203881 1.108228
v -0.014348 0.181363 1.108569
v -0.010448 0.187753 1.108060
v -0.016977 0.209134 1.107297
v -0.023932 0.215818 1.107241
v -0.106966 0.209415 1.107139
v -0.099802 0.215014 1.107089
v -0.107067 0.191308 1.107703
v -0.100163 0.187532 1.107922
v -0.086015 0.198958 1.107861
v -0.085928 0.208256 1.107594
v -0.059349 0.197185 1.108429
v -0.058973 0.187096 1.108733
v -0.072723 0.202604 1.107998
v -0.079244 0.195290 1.108080
v -0.079556 0.175426 1.108595
v -0.072539 0.172686 1.108810
v -0.123406 0.214336 1.105338
v -0.114779 0.213234 1.106664
v -0.061492 0.236717 1.107192
v -0.060379 0.226811 1.107462
v -0.055876 0.227487 1.107476
v -0.056611 0.216289 1.107863
v -0.055237 0.204906 1.108277
v -0.049494 0.206380 1.108282
v -0.048396 0.218365 1.107837
v -0.043401 0.206557 1.108313
v -0.149979 0.252718 1.095458
v -0.145453 0.245350 1.097578
v -0.141772 0.250609 1.097961
v -0.138457 0.242811 1.099735
v -0.110520 0.246327 1.104189
v -0.116216 0.244286 1.103445
v -0.109914 0.238387 1.103869
v -0.017883 0.239932 1.104123
v -0.026039 0.244769 1.104440
v -0.020935 0.236299 1.105009
v -0.032627 0.250954 1.104598
v -0.034581 0.247683 1.105149
v -0.014692 0.227605 1.105457
v -0.025588 0.231229 1.106181
v 0.006050 0.248836 1.098160
v 0.016632 0.246352 1.096628
v -0.004484 0.238466 1.102098
v 0.000192 0.230588 1.102655
v 0.020295 0.225337 1.099841
v 0.026040 0.230658 1.097774
v -0.146994 0.275177 1.096131
v 0.003481 0.266249 1.093383
v 0.005263 0.260002 1.095378
v 0.012072 0.262914 1.092624
v 0.010443 0.270331 1.089933
v 0.018717 0.265897 1.089643
v -0.011928 0.298963 1.093130
v -0.168110 0.294270 1.085758
v -0.172233 0.363403 1.072074
v -0.012827 0.409902 1.069847
v -0.023099 0.432179 1.067612
v -0.028325 0.438633 1.066756
v -0.150687 0.445787 1.063226
v -0.156284 0.438696 1.062120
v 0.004395 0.447340 1.050692
v -0.003304 0.452296 1.052615
v -0.003091 0.443681 1.054549
v -0.159000 0.458020 1.056551
v -0.165382 0.451945 1.054721
v -0.169897 0.457086 1.051399
v -0.175915 0.459139 1.047848
v -0.177459 0.449041 1.048666
v -0.159360 0.469185 1.053778
v -0.154174 0.462500 1.057792
v -0.151728 0.469677 1.057217
v -0.146254 0.465109 1.060834
v -0.144184 0.471958 1.060097
v -0.006197 0.481331 1.046460
v -0.008519 0.474793 1.049051
v -0.001415 0.476278 1.045891
v -0.020836 0.475538 1.053620
v -0.022778 0.467231 1.056499
v -0.014103 0.469937 1.052464
v -0.016276 0.461359 1.055491
v -0.008248 0.463481 1.051827
v -0.153252 0.532212 1.041621
v -0.147146 0.526801 1.045421
v -0.146405 0.533723 1.043963
v -0.156209 0.519829 1.043565
v -0.154773 0.513424 1.045725
v -0.149116 0.520139 1.046332
v -0.140843 0.521063 1.049335
v -0.016680 0.512728 1.042707
v -0.044536 0.565650 1.040343
v -0.040209 0.560367 1.040314
v -0.034835 0.566993 1.037921
v -0.049173 0.558911 1.042610
v -0.044799 0.553746 1.042542
v -0.032799 0.559440 1.038805
v -0.029019 0.554161 1.038853
v -0.025138 0.559858 1.036984
v -0.051608 0.591328 1.036242
v -0.047069 0.597225 1.033873
v -0.043794 0.578342 1.037581
v -0.035261 0.578272 1.035691
v -0.026510 0.589632 1.031110
v -0.030345 0.595813 1.030533
v -0.120770 0.596453 1.033557
v -0.120480 0.605066 1.031364
v -0.108258 0.580415 1.039398
v -0.101617 0.580624 1.040200
v -0.101270 0.598077 1.035672
v -0.107658 0.606452 1.032677
v -0.105983 0.642137 1.022095
v -0.101381 0.645857 1.021206
v -0.102828 0.618817 1.029570
v -0.096419 0.610456 1.032550
v -0.086914 0.617783 1.030797
v -0.088709 0.629866 1.026927
v -0.067401 0.638094 1.023115
v -0.060802 0.631943 1.024612
v -0.077492 0.627315 1.027541
v -0.075663 0.615361 1.031377
v -0.062202 0.603557 1.034164
v -0.057435 0.609360 1.031824
v -0.151815 0.167554 1.103584
v -0.145982 0.163750 1.103894
v -0.145219 0.173887 1.104589
v -0.145564 0.153526 1.103177
v -0.141223 0.148333 1.103210
v -0.137741 0.152855 1.103868
v -0.140123 0.160235 1.104162
v -0.133555 0.157805 1.104542
v -0.134997 0.166193 1.104977
v 0.005932 0.164850 1.106365
v 0.009087 0.171479 1.106016
v 0.001220 0.169864 1.107296
v -0.122855 0.158602 1.105418
v -0.124034 0.167464 1.105904
v -0.109903 0.150600 1.105756
v -0.104262 0.155318 1.106449
v -0.106259 0.173089 1.107507
v -0.112971 0.177158 1.107283
v -0.160919 0.192724 1.101656
v -0.166470 0.187659 1.100698
v -0.161057 0.184183 1.102068
v -0.174242 0.178227 1.099125
v -0.167672 0.178906 1.100766
v -0.162687 0.178096 1.101949
v -0.157877 0.177840 1.102958
v 0.030590 0.215372 1.099133
v 0.038283 0.211653 1.097342
v 0.038030 0.219966 1.096658
v 0.029403 0.201116 1.100712
v 0.035016 0.205233 1.098817
v 0.047470 0.208124 1.094833
v 0.045754 0.216964 1.094704
v -0.153734 0.225282 1.098185
v -0.160214 0.220457 1.097608
v -0.151779 0.216285 1.099942
v -0.165522 0.232430 1.094823
v -0.171057 0.228434 1.094276
v -0.167412 0.223318 1.095782
v -0.166744 0.216265 1.096940
v -0.160499 0.212625 1.098732
v 0.028601 0.296257 1.075412
v 0.019573 0.294245 1.078799
v 0.023910 0.286100 1.079536
v 0.004129 0.293618 1.084276
v -0.000228 0.308231 1.084851
v -0.175838 0.370176 1.066536
v 0.020035 0.487830 1.033641
v 0.016709 0.483684 1.036270
v 0.024287 0.483301 1.033072
v 0.008772 0.484066 1.039614
v 0.007279 0.476981 1.042268
v 0.014368 0.478018 1.038964
v 0.013325 0.471089 1.041402
v 0.019429 0.472533 1.038352
v -0.161318 0.489841 1.048069
v -0.165388 0.495006 1.045089
v -0.167544 0.488221 1.045573
v -0.158036 0.505247 1.046172
v -0.163285 0.510774 1.042606
v -0.166546 0.502059 1.043032
v -0.171413 0.508591 1.039363
v -0.174829 0.500605 1.039526
v -0.156383 0.572045 1.030812
v -0.151108 0.563746 1.034850
v -0.167681 0.570422 1.026704
v -0.167859 0.561690 1.028696
v -0.157518 0.546421 1.036469
v -0.152102 0.546992 1.038482
v 0.004019 0.558028 1.028496
v -0.132403 0.557997 1.042212
v -0.129825 0.563913 1.041002
v -0.137153 0.564103 1.039106
v -0.011381 0.604989 1.023318
v -0.008363 0.598675 1.024185
v -0.002682 0.603586 1.021295
v -0.017248 0.599721 1.026331
v -0.013827 0.593528 1.027041
v -0.004745 0.592700 1.024781
v 0.004661 0.592539 1.022160
v -0.132480 0.609564 1.027703
v -0.133067 0.601224 1.029745
v -0.143228 0.619098 1.021962
v -0.148970 0.615602 1.021143
v -0.149482 0.599494 1.025309
v -0.143822 0.595180 1.028176
v -0.000791 0.621975 1.015536
v -0.006714 0.617473 1.018514
v 0.000941 0.614930 1.017084
v -0.000096 0.621295 1.015536
v -0.060087 0.651922 1.017564
v -0.053708 0.645720 1.019096
v -0.051616 0.654197 1.015793
v -0.041156 0.135037 1.106517
v -0.037752 0.118969 1.100855
v -0.054913 0.153535 1.108895
v -0.052387 0.145250 1.107785
v -0.047241 0.150019 1.108906
v -0.049052 0.137329 1.106564
v -0.043785 0.141875 1.107810
v -0.103539 0.146788 1.105689
v -0.109024 0.142090 1.105006
v -0.085564 0.137769 1.103493
v -0.077125 0.136838 1.104059
v -0.070734 0.132455 1.103789
v -0.069936 0.141385 1.105579
v -0.004300 0.142095 1.103926
v -0.002931 0.133687 1.100242
v 0.013508 0.141286 1.098533
v 0.029788 0.171777 1.100934
v 0.028055 0.153584 1.097999
v -0.186335 0.178225 1.094218
v -0.178846 0.161433 1.096067
v 0.066444 0.184824 1.083746
v 0.062327 0.201058 1.088213
v 0.058116 0.222362 1.089323
v 0.052361 0.214532 1.092702
v 0.061638 0.211720 1.088094
v -0.194117 0.228323 1.086262
v -0.197938 0.235246 1.083359
v -0.180301 0.233477 1.090631
v -0.177218 0.243361 1.089851
v -0.184865 0.257036 1.084192
v -0.191784 0.254132 1.082052
v 0.055341 0.243964 1.088544
v 0.069323 0.247078 1.075162
v -0.178348 0.279907 1.083103
v -0.186605 0.281814 1.079933
v -0.183657 0.272257 1.082112
v 0.030408 0.336239 1.063399
v 0.022518 0.333780 1.066719
v 0.028576 0.328108 1.066610
v 0.053981 0.311337 1.063413
v 0.054349 0.304533 1.064975
v 0.041563 0.318610 1.065638
v 0.035556 0.315451 1.068359
v 0.035713 0.301529 1.071816
v 0.042194 0.298177 1.070561
v 0.013788 0.338483 1.070549
v 0.016543 0.328797 1.070695
v 0.011089 0.344748 1.070921
v -0.168618 0.423898 1.058973
v -0.153999 0.419560 1.067942
v -0.197428 0.509684 1.025038
v -0.201592 0.518540 1.020541
v -0.185335 0.507563 1.032471
v -0.183459 0.515196 1.031713
v -0.191445 0.532542 1.023041
v -0.197433 0.533793 1.019313
v 0.027354 0.526373 1.024564
v 0.034149 0.522768 1.022627
v 0.009502 0.523591 1.031687
v 0.006788 0.518611 1.033535
v 0.019992 0.511117 1.029852
v 0.029484 0.512370 1.026095
v 0.023108 0.595968 1.015536
v 0.022403 0.597706 1.015536
v 0.020377 0.595987 1.016622
v 0.024120 0.581110 1.017161
v 0.027217 0.583904 1.015536
v -0.111991 0.108192 1.098518
v -0.066201 0.117166 1.099226
v -0.049736 0.110018 1.100198
v -0.031380 0.104905 1.097406
v -0.139581 0.124969 1.099708
v -0.115223 0.122199 1.093051
v -0.143260 0.133274 1.100609
v -0.141857 0.140546 1.102313
v -0.148698 0.139436 1.100699
v -0.150857 0.129657 1.098035
v -0.001444 0.117975 1.093555
v -0.163353 0.124345 1.092306
v -0.178650 0.153395 1.094552
v 0.028269 0.136332 1.090573
v -0.185032 0.159114 1.092852
v -0.185774 0.150974 1.090806
v -0.204749 0.188934 1.084902
v -0.203687 0.180902 1.084903
v -0.199440 0.187758 1.087811
v -0.203189 0.172370 1.084297
v -0.197304 0.178982 1.088308
v -0.191157 0.173506 1.091199
v -0.207229 0.226858 1.080624
v -0.210350 0.219529 1.079743
v -0.203479 0.220091 1.083462
v -0.224361 0.231449 1.070318
v -0.220930 0.225137 1.073111
v -0.217353 0.218681 1.075868
v -0.213738 0.211994 1.078571
v 0.089351 0.245169 1.067357
v 0.081365 0.249062 1.069578
v 0.083171 0.240319 1.070916
v 0.087276 0.260950 1.064270
v 0.080818 0.263403 1.065997
v 0.082755 0.256157 1.067265
v 0.073523 0.251792 1.071865
v 0.075449 0.243786 1.073241
v 0.086191 0.270146 1.061856
v -0.230837 0.285286 1.055619
v -0.236646 0.287314 1.051160
v -0.206108 0.298146 1.066737
v -0.199245 0.299694 1.070175
v -0.216822 0.284407 1.064255
v -0.215231 0.278416 1.066677
v -0.201615 0.281123 1.073505
v -0.196157 0.288488 1.074673
v 0.074192 0.319422 1.051430
v 0.075032 0.312984 1.052706
v 0.079856 0.315940 1.049153
v 0.065035 0.311470 1.058626
v 0.067505 0.303475 1.059395
v 0.072868 0.307504 1.055383
v 0.074977 0.299198 1.056461
v 0.080177 0.302741 1.052580
v -0.191941 0.320918 1.068371
v -0.199462 0.321525 1.063974
v -0.196290 0.313034 1.068195
v 0.049228 0.353439 1.052660
v 0.055695 0.356716 1.049737
v 0.047709 0.360857 1.050768
v 0.041236 0.357761 1.053478
v 0.041054 0.364347 1.051570
v -0.195198 0.382175 1.052430
v -0.188354 0.385690 1.055606
v -0.200355 0.364349 1.053243
v -0.195805 0.359205 1.056927
v -0.182377 0.366676 1.063161
v -0.180025 0.375500 1.062646
v 0.021003 0.396622 1.052985
v 0.024449 0.387572 1.053177
v 0.029076 0.395102 1.049889
v 0.016160 0.389636 1.056350
v 0.019179 0.381262 1.056590
v 0.029694 0.381767 1.052038
v 0.031994 0.374012 1.052566
v 0.036120 0.379487 1.049848
v -0.196113 0.406200 1.046973
v -0.190588 0.413599 1.048618
v -0.193693 0.395818 1.050474
v -0.186763 0.398651 1.053838
v -0.213419 0.428396 1.030178
v -0.204175 0.430356 1.035691
v -0.225935 0.412015 1.026296
v -0.223277 0.405594 1.029748
v -0.205822 0.409555 1.040098
v -0.199385 0.417792 1.042093
v -0.199702 0.446550 1.035292
v -0.204937 0.454314 1.030860
v -0.211323 0.443995 1.028359
v 0.039660 0.422393 1.039949
v 0.043554 0.412827 1.040225
v 0.058699 0.410629 1.032435
v 0.062997 0.416141 1.028561
v 0.053857 0.451516 1.026144
v 0.041064 0.493929 1.024090
v 0.037318 0.503396 1.024381
v 0.026982 0.497077 1.029122
v 0.035282 0.537070 1.019784
v 0.042096 0.533544 1.017826
v 0.041081 0.542524 1.016680
v -0.179156 0.571437 1.020798
v -0.178924 0.562580 1.023032
v -0.195967 0.550209 1.016247
v -0.189904 0.548740 1.020070
v -0.060895 0.086814 1.080370
v -0.044269 0.086914 1.087476
v -0.141361 0.111885 1.097014
v -0.138512 0.105666 1.095493
v 0.047840 0.186757 1.095740
v 0.053180 0.169385 1.088461
v -0.201346 0.160343 1.083194
v -0.197577 0.167665 1.086933
v 0.091765 0.216991 1.066137
v 0.088060 0.212611 1.068913
v 0.097854 0.237226 1.062835
v 0.091404 0.235560 1.067875
v 0.096268 0.229536 1.063514
v 0.100221 0.225772 1.059539
v 0.096449 0.221607 1.062492
v -0.205095 0.327445 1.059425
v -0.210871 0.323161 1.057406
v -0.203536 0.345967 1.055667
v -0.208400 0.350851 1.051875
v -0.219953 0.341375 1.047963
v -0.220736 0.331925 1.049886
v 0.092416 0.330594 1.036742
v 0.092982 0.337467 1.034025
v 0.085338 0.335095 1.039692
v 0.085352 0.342222 1.037244
v 0.078246 0.339575 1.042564
v -0.080758 0.346489 1.040611
v 0.070232 0.370106 1.037263
v 0.069412 0.362052 1.040451
v 0.076142 0.366093 1.034937
v 0.063359 0.366444 1.042558
v 0.062243 0.359019 1.045713
v 0.072201 0.356431 1.040606
v 0.072082 0.350326 1.042725
v 0.077341 0.353080 1.038542
v -0.209566 0.512718 1.016779
v -0.205567 0.503894 1.021138
v -0.216443 0.491957 1.015927
v -0.210356 0.490056 1.020442
v -0.133914 0.099142 1.091374
v -0.131144 0.084832 1.081806
v -0.117601 0.087164 1.077920
v -0.088132 0.098319 1.083044
v 0.003940 0.104719 1.083218
v -0.183709 0.119109 1.078923
v -0.178568 0.102324 1.075337
v -0.154972 0.106239 1.090254
v -0.190003 0.125629 1.078355
v -0.201747 0.122780 1.068874
v -0.206584 0.148109 1.075692
v -0.207612 0.156109 1.077408
v -0.211963 0.151445 1.072514
v 0.066584 0.159752 1.073157
v 0.067445 0.169277 1.076621
v 0.061831 0.156891 1.076403
v 0.062989 0.163801 1.078414
v 0.080363 0.197589 1.073584
v -0.227419 0.236783 1.067064
v -0.233665 0.233018 1.062726
v -0.239180 0.230775 1.058365
v 0.114639 0.234030 1.039383
v -0.236358 0.262008 1.055871
v -0.236663 0.271187 1.054746
v -0.241302 0.263959 1.051539
v -0.246607 0.267664 1.046645
v -0.243073 0.294289 1.042034
v -0.247925 0.282312 1.041947
v -0.256384 0.291070 1.029992
v -0.238826 0.334698 1.035886
v -0.239654 0.325430 1.037685
v -0.232380 0.330809 1.042187
v 0.104717 0.320458 1.030816
v 0.105930 0.337623 1.023589
v -0.244737 0.358717 1.025418
v -0.248399 0.351027 1.024267
v -0.241285 0.351655 1.029737
v -0.242983 0.387584 1.020045
v -0.237250 0.395718 1.022553
v -0.246580 0.394080 1.015737
v 0.086685 0.382957 1.023020
v 0.080491 0.386999 1.025534
v 0.081387 0.380009 1.027175
v 0.085905 0.374249 1.026271
v 0.077651 0.373551 1.031543
v 0.097179 0.375017 1.019211
v 0.092016 0.378902 1.021060
v 0.086915 0.392574 1.019957
v 0.078937 0.393193 1.024658
v -0.219403 0.477614 1.016701
v -0.213173 0.475623 1.021329
v -0.220845 0.455008 1.020328
v -0.213843 0.460593 1.023925
v 0.070140 0.465835 1.015536
v 0.068375 0.466313 1.016428
v 0.071036 0.459465 1.015930
v 0.071608 0.460070 1.015536
v 0.071795 0.459303 1.015536
v -0.020417 0.087484 1.081656
v -0.109307 0.083583 1.063150
v -0.123246 0.080111 1.066088
v -0.078925 0.097509 1.083619
v 0.029624 0.113988 1.076170
v 0.057217 0.142119 1.073928
v 0.061309 0.144824 1.071176
v -0.236987 0.211498 1.061530
v -0.240492 0.204294 1.056501
v -0.233601 0.204277 1.064406
v -0.235368 0.196536 1.061319
v -0.228754 0.197072 1.068768
v 0.110191 0.304492 1.031600
v 0.101798 0.378101 1.015536
v 0.106554 0.368903 1.015536
v -0.033251 0.074042 1.068524
v -0.135980 0.078329 1.070141
v -0.152037 0.081208 1.070786
v -0.128613 0.073123 1.054427
v -0.051930 0.076678 1.068114
v -0.069203 0.083416 1.067495
v -0.172724 0.080689 1.065812
v -0.088929 0.087613 1.066837
v 0.023670 0.106465 1.073583
v 0.018216 0.099611 1.071009
v -0.213010 0.131384 1.063674
v 0.053040 0.127339 1.054083
v -0.241740 0.176913 1.050435
v -0.247314 0.173658 1.042268
v -0.235745 0.177067 1.057716
v -0.238083 0.168909 1.052951
v -0.233388 0.169138 1.058681
v 0.078676 0.166831 1.050836
v 0.090503 0.186934 1.049619
v 0.092289 0.191147 1.043386
v 0.106422 0.212891 1.038498
v -0.251189 0.216182 1.044436
v -0.246412 0.216886 1.050409
v -0.247639 0.223531 1.048909
v 0.116292 0.249525 1.036313
v -0.254246 0.270941 1.036489
v -0.259694 0.336024 1.015536
v -0.257939 0.331117 1.019111
v -0.255753 0.337777 1.020211
v -0.259282 0.338068 1.015536
v 0.116906 0.330939 1.015536
v 0.110568 0.349368 1.015536
v 0.112281 0.344135 1.015536
v 0.113358 0.341264 1.015536
v 0.114712 0.337439 1.015536
v -0.010563 0.073364 1.062240
v 0.001830 0.070762 1.057730
v -0.036822 0.070090 1.056422
v -0.197846 0.099037 1.058459
v -0.217250 0.125052 1.054623
v 0.076318 0.160541 1.050242
v -0.246357 0.169206 1.038166
v 0.090623 0.183533 1.038196
v 0.116744 0.222853 1.026221
v -0.261493 0.239881 1.032263
v -0.264238 0.235096 1.028880
v -0.258931 0.230360 1.034964
v 0.121487 0.236121 1.024447
v 0.121473 0.228559 1.020144
v 0.122983 0.250853 1.021120
v 0.125803 0.263451 1.015536
v 0.124085 0.267667 1.019086
v 0.125716 0.251987 1.015536
v -0.262273 0.255728 1.029860
v -0.259740 0.261452 1.031768
v -0.264977 0.263582 1.024676
v 0.126053 0.276142 1.015536
v 0.122876 0.276365 1.021577
v 0.126034 0.274512 1.015536
v 0.126117 0.278973 1.015536
v 0.126260 0.282672 1.015536
v 0.125635 0.282675 1.016609
v -0.160629 0.060358 1.047524
v -0.176470 0.070443 1.055329
v -0.169774 0.070073 1.058151
v -0.175455 0.076391 1.060745
v 0.008184 0.066752 1.046705
v -0.225719 0.134634 1.038971
v 0.084827 0.167017 1.034805
v -0.263213 0.317618 1.015536
v -0.010191 0.057663 1.047007
v -0.017687 0.055785 1.045638
v -0.012746 0.051119 1.040741
v -0.024593 0.054508 1.044122
v 0.008675 0.086626 1.037391
v 0.022513 0.094513 1.042874
v 0.060387 0.131364 1.034729
v 0.078983 0.162198 1.031759
v -0.252217 0.187847 1.022682
v -0.247938 0.183712 1.017290
v 0.102382 0.168904 1.018938
v 0.108327 0.182677 1.018234
v -0.253879 0.194905 1.019662
v 0.121962 0.217406 1.015536
v 0.121374 0.213848 1.015536
v -0.021761 0.042459 1.029815
v -0.166856 0.051645 1.037424
v 0.000896 0.055024 1.035529
v -0.185815 0.065013 1.040941
v -0.184029 0.063897 1.033817
v -0.234774 0.153120 1.028774
v -0.228033 0.140468 1.017706
v 0.090400 0.150879 1.024079
v 0.092616 0.145452 1.020397
v 0.102217 0.157191 1.015536
v 0.100844 0.161062 1.017758
v 0.096542 0.154695 1.020425
v 0.101613 0.154683 1.015536
v -0.089543 0.062631 1.031769
v -0.132930 0.061159 1.029128
v -0.002650 0.063996 1.032799
v -0.123610 0.070674 1.025101
v -0.122838 0.064947 1.030065
v -0.129678 0.066238 1.025818
v -0.101702 0.071685 1.028703
v -0.092846 0.078437 1.020457
v -0.189820 0.086183 1.025604
v 0.031581 0.091676 1.019277
v 0.048974 0.095820 1.019854
v 0.065736 0.107502 1.016979
v 0.080603 0.139467 1.025621
v 0.087608 0.138570 1.020305
v -0.162285 0.054563 1.017449
v -0.148128 0.054917 1.021568
v -0.145223 0.052576 1.033975
v -0.037552 0.053381 1.023249
v -0.128410 0.070441 1.022384
v -0.007864 0.072949 1.015536
v -0.006752 0.071351 1.022527
v -0.013621 0.067892 1.017924
v -0.009406 0.071815 1.015536
v -0.183771 0.091944 1.015536
v -0.177123 0.088449 1.015536
v -0.022435 0.065857 1.015536
v -0.020184 0.066260 1.015536
v -0.014212 0.068747 1.015536
v 0.017063 0.086602 1.017474
v 0.059887 0.101242 1.015536
v 0.060950 0.102008 1.015536
v 0.060934 0.102117 1.015664
v -0.057271 0.257498 1.110133
v -0.064261 0.254255 1.109483
v -0.056568 0.250322 1.108167
v -0.070854 0.248102 1.108268
v -0.069835 0.237671 1.107246
v -0.063080 0.245479 1.107527
v -0.049403 0.246589 1.107074
v -0.034450 0.423935 1.079254
v -0.041310 0.445373 1.069902
v -0.086599 0.469008 1.075342
v -0.116193 0.252525 1.103900
v -0.108965 0.254900 1.105570
v -0.103225 0.247937 1.105034
v -0.011235 0.307699 1.092388
v -0.001023 0.364007 1.075696
v -0.166402 0.404027 1.064639
v -0.045900 0.449571 1.069927
v -0.056051 0.455392 1.071248
v -0.061910 0.457108 1.072761
v -0.068105 0.460674 1.073395
v -0.079305 0.467069 1.074530
v -0.095385 0.463842 1.075612
v -0.103702 0.461200 1.074632
v -0.127768 0.458207 1.069564
v -0.133201 0.452484 1.069753
v -0.121493 0.457897 1.071323
v -0.135077 0.459725 1.067032
v -0.102807 0.467180 1.072976
v -0.095542 0.471581 1.073280
v -0.108881 0.476789 1.068752
v -0.134722 0.480372 1.061420
v -0.138233 0.474287 1.062058
v -0.121131 0.483277 1.064029
v -0.125921 0.477606 1.064432
v -0.132602 0.487867 1.059946
v -0.139200 0.488993 1.057820
v -0.023328 0.498065 1.048236
v -0.017340 0.494217 1.047377
v -0.042413 0.489726 1.056587
v -0.025443 0.480118 1.054146
v -0.060503 0.481250 1.064646
v -0.077792 0.473187 1.072166
v -0.032158 0.465561 1.060484
v -0.038684 0.452109 1.066571
v -0.021808 0.505292 1.045692
v -0.040178 0.508965 1.050043
v -0.057901 0.514018 1.053802
v -0.074509 0.517928 1.057358
v -0.084474 0.476729 1.072713
v -0.092084 0.477864 1.072247
v -0.103269 0.495230 1.065619
v -0.110535 0.495841 1.063795
v -0.113568 0.484303 1.065738
v -0.114519 0.512975 1.058660
v -0.124333 0.530303 1.052011
v -0.131669 0.531636 1.049968
v -0.134744 0.519153 1.052096
v -0.118202 0.491240 1.062917
v -0.125978 0.490453 1.061096
v -0.088438 0.522593 1.057832
v -0.096406 0.521482 1.057645
v -0.100453 0.527524 1.055314
v -0.103875 0.515700 1.058917
v -0.108293 0.511231 1.059953
v -0.108697 0.531227 1.053344
v -0.117733 0.533577 1.051709
v -0.118681 0.527802 1.053485
v -0.096304 0.494802 1.066534
v -0.031659 0.506971 1.048141
v -0.025476 0.512387 1.045279
v -0.048597 0.512064 1.051652
v -0.030257 0.518975 1.045323
v -0.055575 0.529198 1.050169
v -0.047153 0.533366 1.047161
v -0.066453 0.515898 1.055727
v -0.060377 0.521119 1.052988
v -0.068630 0.523852 1.054672
v -0.062780 0.527424 1.052406
v -0.082213 0.520190 1.058540
v -0.075526 0.524020 1.056272
v -0.082323 0.527109 1.056818
v -0.091480 0.529662 1.055494
v -0.099886 0.534075 1.053377
v -0.107033 0.547425 1.048624
v -0.112771 0.553177 1.046292
v -0.113447 0.546033 1.048352
v -0.118122 0.559294 1.043892
v -0.123368 0.565659 1.041382
v -0.124914 0.558770 1.043218
v -0.112995 0.538305 1.050739
v -0.123952 0.537012 1.049954
v -0.081572 0.573628 1.044423
v -0.075851 0.566896 1.046638
v -0.095321 0.572660 1.043097
v -0.078891 0.552916 1.050215
v -0.108825 0.572590 1.041375
v -0.122138 0.572422 1.039662
v -0.105948 0.554215 1.046832
v -0.081041 0.545760 1.051994
v -0.087208 0.542029 1.052503
v -0.093705 0.545769 1.050753
v -0.099994 0.541402 1.051192
v -0.092825 0.537777 1.053061
v -0.047822 0.548723 1.044163
v -0.048202 0.541308 1.045797
v -0.057544 0.558112 1.044688
v -0.069377 0.568073 1.045326
v -0.068653 0.530527 1.053254
v -0.083141 0.536538 1.054249
v -0.075221 0.532520 1.054279
v -0.042511 0.239411 1.106844
v -0.039740 0.209216 1.108205
v -0.028800 0.227039 1.106833
v -0.032657 0.183930 1.109182
v -0.025237 0.160307 1.109926
v -0.017508 0.156898 1.109552
v -0.011470 0.171177 1.108889
v -0.014059 0.215383 1.106772
v -0.002818 0.183826 1.107779
v 0.004138 0.196054 1.106833
v 0.000235 0.205006 1.106608
v -0.087962 0.236731 1.106280
v -0.080240 0.232011 1.106990
v -0.079962 0.213711 1.107536
v -0.127985 0.193358 1.107025
v -0.113897 0.186019 1.107620
v -0.100194 0.177982 1.108073
v -0.086325 0.169638 1.108493
v -0.029211 0.152217 1.110010
v -0.039933 0.186135 1.109080
v -0.046752 0.166800 1.109526
v -0.043375 0.156566 1.109723
v -0.066598 0.229950 1.107304
v -0.074787 0.213221 1.107647
v -0.051963 0.166446 1.109430
v -0.057347 0.160269 1.109330
v -0.052775 0.184495 1.108938
v -0.071788 0.163788 1.108883
v -0.131403 0.214535 1.104095
v -0.097142 0.236477 1.105084
v -0.104853 0.235342 1.104340
v -0.125667 0.221144 1.103612
v -0.112798 0.232226 1.103666
v -0.121890 0.229280 1.102840
v -0.036930 0.196883 1.108684
v -0.074485 0.231581 1.107163
v -0.078854 0.222820 1.107273
v -0.079376 0.205112 1.107794
v -0.047600 0.185588 1.109003
v -0.044581 0.193845 1.108773
v -0.051361 0.175472 1.109231
v -0.050427 0.158480 1.109527
v -0.130656 0.261541 1.100342
v -0.150977 0.262366 1.094147
v -0.143583 0.260008 1.096554
v -0.153767 0.271663 1.092595
v -0.161588 0.275843 1.089780
v -0.159270 0.269348 1.091002
v -0.156212 0.256257 1.093351
v -0.144095 0.236731 1.098950
v -0.136432 0.235837 1.100919
v -0.148632 0.229890 1.098590
v -0.141485 0.229732 1.100365
v -0.095639 0.242667 1.105413
v -0.115446 0.238140 1.103376
v -0.119173 0.234484 1.102993
v -0.122980 0.239848 1.102647
v -0.130928 0.241924 1.101646
v -0.128082 0.233895 1.102117
v -0.134930 0.229677 1.101399
v 0.007853 0.201759 1.106131
v 0.003837 0.209484 1.105656
v -0.010555 0.219921 1.105992
v -0.005262 0.225352 1.104539
v -0.005724 0.211721 1.106474
v -0.010465 0.233836 1.103974
v -0.013547 0.241225 1.103256
v -0.019672 0.248251 1.103070
v -0.024782 0.256280 1.102687
v -0.028327 0.252507 1.103733
v -0.020379 0.222648 1.106613
v -0.031200 0.240184 1.105648
v -0.035158 0.234842 1.106654
v 0.044864 0.246715 1.090806
v 0.048403 0.239039 1.091693
v 0.022667 0.251633 1.094309
v 0.036023 0.228214 1.096213
v 0.000771 0.256351 1.097591
v -0.020076 0.261124 1.100787
v 0.023889 0.217637 1.100477
v 0.013038 0.206926 1.104394
v -0.136967 0.262720 1.098364
v -0.009981 0.259230 1.099043
v -0.016639 0.264222 1.099050
v 0.011603 0.254559 1.095809
v -0.011135 0.266494 1.096894
v 0.033834 0.249781 1.092437
v 0.049668 0.249968 1.088163
v -0.002935 0.263016 1.096133
v -0.004619 0.269730 1.094116
v 0.001675 0.272697 1.091365
v -0.004250 0.278178 1.091107
v -0.012156 0.282572 1.094281
v -0.177883 0.340504 1.072794
v -0.168357 0.347414 1.079592
v -0.181927 0.343215 1.068636
v -0.000976 0.415829 1.059137
v -0.158304 0.448794 1.058904
v 0.004631 0.439171 1.052589
v -0.000783 0.437503 1.055294
v -0.018434 0.445807 1.060237
v -0.021409 0.439349 1.063497
v -0.017771 0.434238 1.063673
v 0.012503 0.441679 1.048662
v 0.011443 0.450921 1.047026
v 0.004074 0.454628 1.049126
v 0.011199 0.458013 1.045484
v 0.004258 0.461780 1.047368
v 0.011522 0.464305 1.043847
v -0.010523 0.456596 1.054440
v -0.002994 0.459091 1.050876
v -0.026130 0.450987 1.061982
v -0.018370 0.453908 1.058189
v -0.139546 0.453316 1.066729
v -0.137839 0.467393 1.063954
v -0.142228 0.459526 1.064011
v -0.161650 0.476576 1.050944
v -0.167436 0.476694 1.048227
v -0.153550 0.453916 1.060063
v -0.146139 0.488495 1.055209
v -0.143915 0.480522 1.058065
v -0.157459 0.483876 1.051154
v -0.155416 0.476265 1.053917
v -0.150969 0.483304 1.054281
v -0.163668 0.482575 1.048588
v -0.169490 0.481601 1.046131
v -0.174668 0.478408 1.044422
v -0.180856 0.478648 1.041400
v -0.149253 0.458038 1.061162
v 0.004325 0.469776 1.045311
v -0.001121 0.465205 1.048612
v -0.012346 0.487333 1.047293
v -0.008695 0.495725 1.043704
v -0.018182 0.482417 1.050824
v -0.025978 0.459352 1.059753
v -0.031603 0.454350 1.063214
v -0.136217 0.538724 1.046620
v -0.139043 0.530241 1.047712
v -0.133385 0.524973 1.051098
v -0.158034 0.538271 1.038206
v -0.160390 0.531218 1.039023
v -0.167986 0.523440 1.037681
v -0.160647 0.524761 1.040523
v -0.167484 0.530220 1.036376
v -0.161762 0.518228 1.041652
v -0.145034 0.495791 1.054011
v -0.039760 0.538382 1.044258
v -0.033455 0.513320 1.047263
v -0.006700 0.572607 1.030254
v -0.014323 0.570344 1.032591
v -0.031271 0.572596 1.036059
v -0.027304 0.568247 1.035995
v -0.021607 0.566151 1.035073
v -0.048421 0.572149 1.039988
v -0.053303 0.565286 1.042395
v -0.065617 0.573042 1.043498
v -0.063053 0.563880 1.044859
v -0.036927 0.553906 1.040717
v -0.034239 0.545925 1.041499
v -0.052486 0.553017 1.044451
v -0.040655 0.616111 1.027847
v -0.033548 0.614540 1.026724
v -0.050406 0.604743 1.032577
v -0.025459 0.601592 1.028021
v -0.059758 0.592879 1.037336
v -0.069135 0.580849 1.042090
v -0.018258 0.589154 1.029317
v -0.011633 0.577512 1.030472
v -0.126398 0.630697 1.023704
v -0.120449 0.632534 1.024061
v -0.126599 0.612684 1.028439
v -0.107901 0.616018 1.030066
v -0.127513 0.595495 1.032733
v -0.128074 0.579360 1.036918
v -0.094989 0.599139 1.036087
v -0.081578 0.582696 1.041916
v -0.093391 0.665136 1.015440
v -0.087157 0.658012 1.017949
v -0.102969 0.657178 1.017433
v -0.084052 0.634201 1.025677
v -0.112057 0.649788 1.019198
v -0.121488 0.643170 1.020616
v -0.080322 0.609924 1.033463
v -0.076295 0.586291 1.040933
v -0.041941 0.625755 1.024854
v -0.055078 0.636880 1.022417
v -0.068178 0.649300 1.019384
v -0.081406 0.662392 1.016077
v -0.141440 0.189430 1.105695
v -0.139498 0.181330 1.105550
v -0.133810 0.187987 1.106387
v -0.146893 0.182774 1.104863
v -0.136714 0.174298 1.105370
v -0.130627 0.171217 1.105656
v -0.160158 0.163761 1.102371
v -0.153578 0.157720 1.102610
v -0.150489 0.147785 1.102002
v -0.127897 0.153769 1.104730
v -0.131977 0.131077 1.102386
v -0.125671 0.135961 1.103551
v -0.000302 0.159875 1.107213
v 0.011951 0.184498 1.105679
v 0.009174 0.189851 1.106209
v 0.004960 0.183606 1.106829
v 0.009889 0.195549 1.106073
v 0.000729 0.190143 1.107324
v -0.005942 0.166766 1.108308
v -0.009230 0.157479 1.108504
v -0.006548 0.176424 1.108303
v -0.014209 0.164361 1.109277
v -0.084438 0.160534 1.107826
v -0.135865 0.196717 1.106389
v -0.144972 0.196410 1.104836
v -0.163410 0.170291 1.101895
v -0.157587 0.170134 1.103117
v 0.025996 0.188794 1.102225
v 0.022330 0.196573 1.102986
v 0.016716 0.191106 1.104520
v 0.014528 0.199460 1.104851
v 0.011975 0.178485 1.105604
v 0.016303 0.158042 1.103867
v -0.150196 0.202603 1.102820
v -0.142662 0.202825 1.104420
v -0.146443 0.209090 1.102471
v -0.157120 0.200607 1.101591
v -0.155359 0.208441 1.100609
v -0.165913 0.209933 1.098046
v -0.161717 0.205067 1.099813
v -0.176322 0.201172 1.097174
v -0.167059 0.196586 1.100009
v -0.182259 0.206100 1.095037
v -0.180756 0.195035 1.096877
v 0.048839 0.231437 1.092584
v 0.054248 0.236281 1.090250
v 0.044216 0.225451 1.094448
v 0.051579 0.222890 1.092466
v 0.024768 0.211002 1.101118
v 0.021768 0.204582 1.102504
v -0.155844 0.231801 1.096839
v -0.150440 0.241995 1.096666
v -0.158474 0.237981 1.095456
v -0.166396 0.240574 1.093463
v -0.161770 0.259321 1.091699
v -0.157495 0.263557 1.092113
v -0.164050 0.265848 1.090253
v -0.170385 0.246372 1.091672
v -0.173030 0.220070 1.095103
v -0.176533 0.226322 1.093341
v 0.054230 0.278587 1.071960
v 0.045828 0.278613 1.074816
v 0.052324 0.271533 1.076051
v 0.037211 0.278701 1.077519
v 0.028781 0.278646 1.080225
v 0.043092 0.270252 1.079880
v 0.050174 0.264179 1.080724
v 0.020488 0.278437 1.082934
v 0.012262 0.278249 1.085583
v 0.018308 0.272411 1.086501
v 0.004174 0.278178 1.088235
v 0.042566 0.261598 1.084629
v 0.050113 0.256531 1.084749
v 0.042269 0.253691 1.088835
v 0.062528 0.278927 1.068824
v 0.056205 0.283818 1.069677
v 0.049083 0.286858 1.071268
v 0.042917 0.291652 1.071953
v 0.040258 0.285592 1.074426
v 0.022809 0.302432 1.075743
v 0.017849 0.306708 1.076344
v 0.015060 0.300707 1.078736
v 0.011305 0.292866 1.081868
v 0.015823 0.286027 1.082144
v 0.007423 0.284972 1.085175
v 0.011986 0.308933 1.077924
v 0.002870 0.330565 1.079502
v -0.173643 0.378103 1.066106
v -0.168897 0.394572 1.065266
v -0.175421 0.354922 1.071399
v -0.178052 0.360501 1.067247
v 0.020260 0.438479 1.046119
v 0.015193 0.432689 1.049283
v 0.009545 0.434630 1.051416
v 0.003948 0.430125 1.054503
v 0.010039 0.426916 1.052386
v -0.003541 0.431479 1.057651
v 0.004512 0.421272 1.055653
v -0.001277 0.424067 1.057830
v 0.036311 0.486321 1.027131
v 0.030218 0.483601 1.030415
v 0.034176 0.477523 1.030407
v 0.017967 0.493079 1.033197
v 0.011806 0.489988 1.036619
v -0.002198 0.499285 1.040105
v 0.037085 0.470437 1.031032
v 0.027636 0.476746 1.033505
v 0.021859 0.477704 1.035783
v 0.024248 0.469697 1.037041
v -0.176016 0.486262 1.042084
v -0.184753 0.484583 1.038126
v -0.177137 0.493729 1.039942
v -0.181088 0.499595 1.036705
v -0.153102 0.492127 1.051304
v -0.151622 0.500386 1.050126
v -0.169515 0.516176 1.038582
v -0.177214 0.514677 1.035274
v -0.173662 0.529295 1.033753
v 0.009685 0.535639 1.029603
v 0.003477 0.527823 1.033187
v 0.000603 0.522778 1.035093
v -0.006644 0.513501 1.039295
v -0.009895 0.507765 1.041477
v -0.134525 0.546956 1.045023
v -0.144801 0.563882 1.037080
v -0.147551 0.540017 1.041943
v -0.155870 0.581011 1.028753
v -0.166859 0.597655 1.020460
v -0.172947 0.595637 1.018400
v -0.173216 0.577330 1.022650
v -0.173227 0.559557 1.026863
v -0.173299 0.550976 1.028877
v -0.173389 0.543362 1.030648
v -0.129333 0.551601 1.044842
v -0.149984 0.572955 1.032877
v -0.142197 0.571737 1.035445
v -0.134388 0.570107 1.037983
v -0.128737 0.571757 1.038839
v -0.134055 0.576796 1.036053
v -0.144900 0.579589 1.032293
v -0.139058 0.582011 1.033203
v -0.144191 0.587026 1.030299
v -0.160896 0.589905 1.024659
v -0.154930 0.588174 1.026914
v -0.149634 0.591529 1.027438
v -0.155154 0.595590 1.024661
v -0.172523 0.605617 1.016088
v -0.165951 0.603757 1.019076
v 0.017663 0.602248 1.015864
v 0.011444 0.597498 1.018952
v 0.002427 0.607548 1.018784
v 0.004812 0.600959 1.019929
v 0.014103 0.590830 1.019765
v -0.013166 0.612557 1.021745
v -0.019488 0.607211 1.024939
v -0.028411 0.618022 1.024434
v -0.028059 0.609612 1.026606
v -0.014634 0.583231 1.029880
v -0.133221 0.584147 1.034268
v -0.135926 0.591542 1.031490
v -0.132293 0.636050 1.020606
v -0.142961 0.626640 1.020011
v -0.154813 0.619772 1.018218
v -0.166297 0.610172 1.017199
v 0.018266 0.602739 1.015536
v 0.017306 0.603796 1.015536
v -0.013454 0.634266 1.015536
v -0.015889 0.635202 1.015947
v -0.010294 0.631233 1.015536
v -0.028977 0.625560 1.022399
v -0.138410 0.631765 1.020000
v -0.138048 0.639693 1.017783
v -0.148618 0.623584 1.019094
v -0.146976 0.630729 1.017572
v -0.081150 0.663804 1.015536
v -0.078777 0.663139 1.015536
v -0.036651 0.650250 1.015473
v -0.030288 0.644647 1.016595
v -0.034549 0.628994 1.022694
v -0.020422 0.640463 1.015536
v -0.023536 0.639092 1.016779
v -0.015692 0.636375 1.015536
v -0.027254 0.645737 1.015536
v -0.022779 0.642439 1.015536
v -0.028184 0.632688 1.019992
v -0.124386 0.120623 1.103063
v -0.124393 0.127058 1.102523
v -0.034341 0.140443 1.108109
v -0.021020 0.130959 1.104040
v -0.033617 0.147694 1.109485
v -0.039787 0.147846 1.109094
v -0.061971 0.155420 1.108642
v -0.076963 0.158702 1.107987
v -0.068720 0.155771 1.108143
v -0.073692 0.150115 1.106838
v -0.065130 0.148299 1.107237
v -0.055863 0.139061 1.106396
v -0.055861 0.132451 1.105052
v -0.060424 0.143277 1.106759
v -0.063998 0.135894 1.105068
v 0.013383 0.125073 1.091656
v -0.011133 0.132301 1.102040
v -0.013849 0.138372 1.105073
v -0.001788 0.125945 1.096859
v -0.011941 0.122451 1.098551
v -0.079257 0.165890 1.108679
v -0.075765 0.128266 1.102357
v -0.010785 0.148248 1.107605
v -0.021705 0.149631 1.109746
v -0.092321 0.134515 1.102074
v -0.082752 0.152554 1.106532
v -0.080507 0.144908 1.105296
v 0.075802 0.213810 1.079754
v 0.069614 0.215502 1.083493
v 0.055511 0.203461 1.091661
v 0.060731 0.234952 1.086793
v 0.054247 0.229565 1.090963
v -0.212478 0.246874 1.075086
v -0.209633 0.254517 1.074863
v -0.204742 0.233382 1.080918
v -0.195786 0.259897 1.079390
v -0.197043 0.219545 1.086744
v -0.189489 0.205321 1.092473
v -0.181999 0.265823 1.083634
v -0.168419 0.271799 1.087740
v 0.073224 0.222341 1.079675
v 0.070877 0.238654 1.076828
v 0.068279 0.254652 1.073411
v 0.065328 0.270816 1.070079
v -0.175514 0.270191 1.085355
v -0.170602 0.279178 1.086031
v -0.173514 0.288291 1.084028
v -0.189074 0.264080 1.081249
v -0.181140 0.288952 1.081081
v -0.176025 0.297339 1.082142
v -0.183437 0.297579 1.079156
v -0.177835 0.305130 1.080494
v -0.194461 0.282251 1.076896
v -0.188956 0.289910 1.078024
v -0.202954 0.258160 1.076889
v -0.197717 0.267190 1.077667
v -0.205463 0.267270 1.074626
v -0.199940 0.274751 1.075760
v -0.216322 0.253521 1.072002
v -0.210890 0.260275 1.073441
v 0.046872 0.328842 1.061236
v 0.052861 0.332204 1.058352
v 0.045606 0.335804 1.059318
v 0.038846 0.332792 1.062168
v 0.037259 0.339884 1.060201
v 0.035354 0.322365 1.066577
v 0.041111 0.325516 1.063941
v 0.034942 0.328770 1.064611
v 0.029503 0.343649 1.061189
v 0.023272 0.316240 1.072095
v 0.029390 0.319371 1.069229
v 0.022885 0.323490 1.069987
v 0.015815 0.320633 1.073217
v 0.061748 0.286524 1.066968
v 0.061003 0.300564 1.063553
v 0.059357 0.314172 1.060794
v 0.059768 0.328282 1.056867
v 0.016407 0.313521 1.075118
v 0.022183 0.342869 1.064307
v 0.008991 0.326237 1.076206
v 0.017112 0.361098 1.062770
v 0.016070 0.376444 1.058962
v 0.012741 0.383684 1.059135
v 0.009221 0.391861 1.059184
v -0.171437 0.442888 1.053482
v 0.050099 0.387484 1.042521
v 0.051247 0.396691 1.040140
v 0.046542 0.394172 1.042710
v 0.046575 0.403512 1.040895
v 0.037008 0.415992 1.042874
v 0.032645 0.422428 1.043645
v 0.028226 0.427898 1.044622
v 0.026046 0.433965 1.044409
v 0.021426 0.429451 1.047219
v 0.024165 0.421529 1.047422
v 0.016088 0.423535 1.050442
v 0.026201 0.403412 1.049608
v 0.018991 0.406202 1.052112
v 0.017828 0.415312 1.051069
v 0.010444 0.417556 1.053745
v 0.012088 0.409417 1.054432
v 0.005600 0.412584 1.056720
v 0.038738 0.452192 1.033743
v 0.039177 0.445014 1.035111
v 0.038337 0.458656 1.032504
v 0.034220 0.463435 1.033657
v 0.031750 0.456506 1.036333
v 0.025496 0.462201 1.038117
v 0.024231 0.452756 1.040972
v 0.032519 0.449390 1.037572
v 0.034034 0.442898 1.038280
v 0.027123 0.442722 1.041876
v 0.059020 0.457807 1.022530
v 0.051150 0.460199 1.026018
v 0.062980 0.463688 1.019679
v 0.056572 0.466599 1.022415
v 0.045194 0.455306 1.029782
v 0.042826 0.463384 1.029523
v 0.052930 0.475331 1.022615
v 0.061834 0.471832 1.019048
v 0.058255 0.478563 1.019488
v 0.042720 0.471404 1.028243
v 0.048276 0.468452 1.026088
v 0.030643 0.469873 1.034102
v 0.018684 0.466706 1.040312
v -0.207642 0.519902 1.016656
v -0.205699 0.527428 1.016069
v -0.203458 0.535037 1.015566
v -0.200540 0.542167 1.015536
v -0.199347 0.502227 1.025601
v -0.191310 0.485044 1.034219
v -0.188818 0.539982 1.022771
v -0.177364 0.537166 1.029917
v 0.055281 0.517395 1.015536
v 0.054252 0.512043 1.016823
v 0.055819 0.516151 1.015536
v 0.042673 0.525099 1.019044
v 0.036061 0.508865 1.024181
v 0.029077 0.532174 1.022943
v 0.016400 0.538516 1.026628
v 0.016582 0.506463 1.031868
v -0.003178 0.504168 1.039660
v 0.004998 0.579622 1.025032
v 0.006908 0.572598 1.025308
v 0.012143 0.577260 1.022502
v 0.005569 0.565994 1.026789
v 0.010371 0.561784 1.025465
v 0.013686 0.569176 1.023076
v 0.017619 0.560721 1.022709
v 0.012935 0.553939 1.025563
v 0.020567 0.552021 1.022829
v 0.015193 0.546446 1.025773
v 0.030887 0.564322 1.016866
v 0.025753 0.558110 1.019848
v 0.001242 0.571739 1.027618
v -0.103598 0.661916 1.015536
v -0.107017 0.660852 1.015536
v -0.112930 0.658892 1.015575
v -0.127341 0.648744 1.017510
v -0.121787 0.126643 1.097984
v -0.111534 0.118584 1.093737
v -0.171612 0.127105 1.089434
v -0.188145 0.142549 1.087408
v -0.191963 0.148030 1.086491
v -0.210904 0.184792 1.081028
v -0.219154 0.185151 1.076092
v -0.217423 0.177024 1.075943
v -0.186298 0.197543 1.094937
v -0.192287 0.199382 1.091819
v -0.197868 0.200919 1.088630
v -0.202202 0.196748 1.086243
v -0.195437 0.193236 1.090295
v -0.216941 0.203926 1.077277
v -0.222106 0.197796 1.074195
v -0.208692 0.193954 1.082504
v -0.215861 0.193959 1.078151
v -0.222799 0.190708 1.073663
v -0.218691 0.246809 1.071746
v -0.209832 0.204177 1.081481
v -0.224866 0.216367 1.071622
v -0.226984 0.222157 1.069661
v 0.079395 0.219364 1.076992
v 0.080257 0.226369 1.075292
v 0.086034 0.231583 1.071542
v 0.078382 0.234958 1.074299
v 0.095031 0.242846 1.065290
v 0.096111 0.249902 1.063511
v 0.101760 0.255292 1.059760
v 0.099093 0.262376 1.059211
v 0.094668 0.257813 1.062322
v 0.093636 0.267050 1.059971
v 0.071472 0.259139 1.070803
v 0.077481 0.272786 1.064577
v 0.072684 0.266210 1.068422
v 0.069421 0.275698 1.066962
v 0.067706 0.282383 1.065263
v 0.100329 0.266908 1.056738
v 0.103788 0.270274 1.053093
v 0.098782 0.271431 1.055498
v -0.231435 0.267101 1.059284
v -0.226884 0.262222 1.063352
v -0.225442 0.269726 1.062751
v -0.221977 0.257590 1.067580
v -0.217014 0.260077 1.070171
v -0.219469 0.265604 1.067420
v -0.219850 0.272053 1.065679
v -0.229169 0.276926 1.058667
v -0.221891 0.277336 1.063162
v -0.223797 0.283807 1.060428
v -0.179737 0.311167 1.078034
v -0.193901 0.307168 1.071211
v -0.212307 0.297081 1.063543
v -0.221409 0.300469 1.057510
v -0.225953 0.291827 1.057078
v -0.218469 0.292741 1.061199
v 0.093293 0.307191 1.043948
v 0.091985 0.300741 1.046869
v 0.085584 0.299736 1.050464
v 0.089703 0.294726 1.050214
v 0.076507 0.291883 1.057722
v 0.071892 0.287670 1.061449
v 0.078028 0.285559 1.059230
v 0.085536 0.287564 1.054921
v 0.093181 0.314238 1.041892
v 0.086555 0.311663 1.046525
v 0.086807 0.318980 1.044253
v 0.085542 0.305695 1.048793
v 0.073477 0.326781 1.049771
v 0.067124 0.323691 1.054218
v 0.066871 0.331494 1.052120
v 0.061624 0.319748 1.058195
v 0.068490 0.295570 1.061007
v 0.066374 0.289855 1.063719
v -0.186801 0.309131 1.074679
v -0.182193 0.315995 1.075231
v -0.189333 0.314733 1.071640
v -0.185068 0.321316 1.072074
v -0.200989 0.305383 1.067704
v -0.187854 0.326339 1.069082
v -0.193933 0.327643 1.065358
v -0.188595 0.331594 1.067252
v -0.217094 0.309402 1.057541
v -0.211824 0.315088 1.058929
v -0.228782 0.299865 1.053193
v -0.223194 0.305537 1.055102
v 0.058367 0.342696 1.053172
v 0.057398 0.349563 1.051406
v 0.050912 0.346091 1.054491
v 0.042601 0.350321 1.055396
v 0.056227 0.370063 1.045327
v 0.055915 0.376756 1.043430
v 0.050105 0.373810 1.046245
v 0.055300 0.383665 1.041640
v 0.055366 0.390677 1.039501
v 0.048090 0.381009 1.044785
v 0.043384 0.376532 1.047609
v 0.035390 0.354874 1.055897
v 0.039032 0.371204 1.050374
v 0.034229 0.364022 1.053746
v 0.028758 0.357456 1.057329
v -0.172642 0.400028 1.061697
v -0.185664 0.393346 1.055543
v -0.198999 0.387358 1.049175
v -0.213606 0.379998 1.042339
v -0.216558 0.370722 1.042639
v -0.207156 0.360433 1.050243
v -0.197648 0.350115 1.057845
v -0.188030 0.339912 1.065569
v 0.041565 0.386976 1.046230
v 0.035871 0.392982 1.047436
v 0.013301 0.399593 1.055763
v 0.007852 0.405227 1.057131
v 0.026337 0.367692 1.056178
v 0.021463 0.373770 1.057039
v -0.177570 0.434909 1.051625
v -0.184104 0.427099 1.049458
v -0.176348 0.426827 1.054041
v -0.190846 0.419331 1.047169
v -0.197367 0.411624 1.044998
v -0.183273 0.417365 1.052031
v -0.175110 0.417049 1.056736
v -0.203633 0.403268 1.043140
v -0.215833 0.385630 1.039798
v -0.181572 0.407396 1.055029
v -0.173694 0.407404 1.059524
v -0.191931 0.390716 1.052511
v -0.179302 0.398030 1.058206
v -0.179565 0.441083 1.048864
v -0.197127 0.439053 1.038155
v -0.216281 0.435076 1.026701
v -0.234817 0.410383 1.020765
v -0.229225 0.397160 1.028006
v -0.224064 0.383521 1.034984
v -0.187473 0.440683 1.043953
v -0.206865 0.436945 1.032361
v -0.200058 0.464224 1.032421
v -0.190846 0.466708 1.037843
v -0.194249 0.471051 1.034984
v -0.214272 0.452556 1.025182
v -0.207684 0.459200 1.028323
v -0.219710 0.442778 1.023249
v -0.228820 0.441317 1.017678
v -0.222003 0.447822 1.020956
v -0.234581 0.431723 1.015536
v -0.234079 0.431781 1.015864
v -0.234386 0.432491 1.015536
v 0.050144 0.431259 1.031890
v 0.043409 0.433156 1.035180
v 0.038502 0.431105 1.038425
v 0.038760 0.438071 1.036697
v 0.054649 0.403938 1.036426
v 0.062236 0.404223 1.032100
v 0.058480 0.397552 1.035962
v 0.032356 0.436152 1.040547
v 0.033250 0.429388 1.041692
v 0.058125 0.421194 1.029987
v 0.048155 0.483517 1.022773
v 0.061146 0.485547 1.017066
v 0.045812 0.509342 1.020437
v 0.054705 0.507425 1.017229
v 0.026709 0.506528 1.028031
v 0.017201 0.501161 1.032336
v 0.006927 0.504449 1.035831
v -0.012553 0.501548 1.043703
v 0.032787 0.555203 1.017653
v 0.049036 0.529885 1.015844
v -0.179174 0.580482 1.018642
v -0.143224 0.100125 1.091007
v -0.125479 0.102156 1.094379
v -0.118233 0.105465 1.097217
v -0.112404 0.102419 1.094749
v -0.045774 0.078686 1.077890
v -0.126312 0.109097 1.099295
v -0.134151 0.111040 1.099084
v -0.150977 0.100687 1.089574
v -0.153344 0.095341 1.086068
v -0.077610 0.104951 1.089907
v 0.046995 0.145956 1.083812
v 0.048006 0.136919 1.077715
v 0.053525 0.145566 1.078483
v 0.059241 0.172949 1.085194
v 0.057445 0.163308 1.082789
v 0.063198 0.169416 1.080599
v 0.065248 0.176936 1.081907
v 0.050460 0.151473 1.083583
v 0.051570 0.159811 1.086127
v 0.046004 0.153860 1.087999
v -0.190592 0.165139 1.090629
v -0.209285 0.176496 1.081240
v -0.210888 0.170900 1.079156
v 0.102155 0.217745 1.056349
v 0.104772 0.212459 1.051085
v 0.097245 0.199486 1.054036
v 0.085635 0.193041 1.067346
v 0.084571 0.184074 1.066220
v 0.104060 0.224940 1.055616
v 0.101789 0.231448 1.058720
v 0.096970 0.214021 1.060773
v 0.106129 0.245161 1.056000
v 0.100758 0.243518 1.060773
v 0.103568 0.237668 1.057674
v 0.102586 0.249163 1.059513
v 0.082160 0.212895 1.074305
v 0.085197 0.219497 1.072209
v 0.091592 0.226680 1.067236
v 0.087161 0.225036 1.070921
v -0.226671 0.326968 1.047639
v -0.224997 0.346057 1.043821
v -0.222858 0.365750 1.040199
v 0.078807 0.331335 1.045020
v 0.072805 0.335095 1.047423
v 0.072267 0.343319 1.044968
v 0.092833 0.322384 1.039312
v 0.091429 0.345466 1.032257
v 0.097395 0.349950 1.026640
v 0.090821 0.353267 1.030026
v 0.090050 0.360176 1.028269
v 0.083619 0.356441 1.033517
v 0.081374 0.368604 1.030867
v 0.081938 0.362440 1.032564
v 0.084322 0.349764 1.035312
v 0.069739 0.377761 1.035026
v 0.062994 0.373482 1.040470
v 0.060343 0.386360 1.037932
v 0.061109 0.379743 1.039564
v 0.065085 0.347094 1.048004
v 0.062039 0.352758 1.047919
v 0.065674 0.339482 1.050175
v -0.194581 0.478215 1.033378
v -0.207326 0.481570 1.024100
v 0.006331 0.093094 1.072732
v 0.010553 0.104239 1.079174
v -0.166502 0.094070 1.079648
v -0.159227 0.093211 1.083185
v 0.030783 0.127569 1.083700
v 0.047148 0.117670 1.066786
v -0.199346 0.145205 1.080295
v -0.202277 0.152703 1.080469
v -0.207006 0.165685 1.080656
v -0.213830 0.163359 1.074857
v -0.207054 0.140674 1.072806
v 0.059302 0.149015 1.075206
v 0.064970 0.150929 1.070518
v 0.070187 0.155049 1.067057
v -0.224831 0.244586 1.067575
v -0.222024 0.251618 1.068410
v -0.247554 0.246042 1.048150
v -0.244633 0.238442 1.051914
v -0.240806 0.246666 1.054037
v -0.230381 0.250506 1.061975
v 0.106037 0.260962 1.055619
v -0.231780 0.259606 1.059820
v 0.100999 0.278769 1.050618
v -0.221519 0.375962 1.038502
v -0.226902 0.368603 1.036570
v -0.230287 0.360069 1.036087
v -0.235094 0.352666 1.034214
v -0.230274 0.349687 1.038850
v -0.224055 0.355875 1.041922
v -0.238297 0.344265 1.033793
v -0.242970 0.337099 1.031875
v -0.251541 0.320709 1.028852
v -0.252520 0.311607 1.030269
v -0.245698 0.319041 1.034313
v -0.239578 0.316045 1.040267
v -0.225896 0.336360 1.045733
v -0.233495 0.321795 1.043712
v 0.098513 0.342280 1.028321
v -0.232995 0.367535 1.032307
v -0.237806 0.359501 1.030562
v -0.240304 0.366571 1.027022
v -0.247300 0.365447 1.021734
v -0.251437 0.357859 1.020035
v -0.253498 0.364642 1.015866
v -0.252171 0.343052 1.023002
v -0.254123 0.350934 1.018644
v -0.246045 0.328766 1.031448
v -0.248305 0.336150 1.027843
v -0.253114 0.328278 1.025687
v -0.253235 0.335593 1.023828
v -0.256368 0.313835 1.025481
v -0.255265 0.320696 1.025174
v -0.226563 0.390456 1.031532
v -0.231289 0.382438 1.030095
v -0.231982 0.403798 1.024422
v -0.234896 0.389052 1.025884
v -0.239207 0.381152 1.024472
v -0.247937 0.379391 1.017995
v 0.071474 0.392633 1.029382
v 0.066132 0.390183 1.033289
v 0.071437 0.385834 1.031401
v 0.060790 0.391681 1.036080
v 0.074951 0.381348 1.030676
v 0.094717 0.391149 1.015536
v 0.092133 0.397234 1.015536
v 0.083579 0.404372 1.019085
v 0.086585 0.411226 1.015536
v 0.083144 0.415000 1.016866
v 0.087711 0.408142 1.015536
v 0.078102 0.421894 1.018404
v 0.077555 0.411394 1.021165
v 0.068072 0.404043 1.028671
v 0.065133 0.397361 1.032066
v -0.219544 0.482917 1.015536
v -0.220950 0.478182 1.015536
v 0.077645 0.439335 1.015536
v 0.069749 0.467347 1.015536
v 0.066561 0.454705 1.018958
v -0.012088 0.077631 1.067876
v -0.018363 0.074227 1.065287
v -0.016920 0.084160 1.076992
v -0.037870 0.089717 1.089806
v -0.028417 0.086610 1.083595
v -0.037890 0.085666 1.085129
v -0.029358 0.080974 1.077296
v -0.033296 0.077711 1.074160
v -0.037136 0.081191 1.079479
v 0.022859 0.113214 1.079380
v 0.071866 0.151763 1.062390
v -0.213122 0.145052 1.069295
v -0.219945 0.150615 1.065374
v -0.214695 0.156620 1.072015
v -0.222845 0.160534 1.066289
v -0.231262 0.161321 1.058980
v -0.234563 0.155204 1.053436
v 0.118476 0.306889 1.021999
v 0.119700 0.315039 1.017657
v 0.115267 0.322816 1.019750
v 0.097832 0.385110 1.015536
v 0.107999 0.365816 1.015536
v 0.096378 0.356635 1.025295
v -0.141138 0.071854 1.058774
v -0.058540 0.073996 1.056463
v -0.162025 0.088627 1.078395
v -0.168735 0.088436 1.074421
v -0.081880 0.094093 1.077958
v 0.007770 0.086314 1.066440
v 0.015530 0.087420 1.062439
v 0.016734 0.109444 1.079737
v 0.015784 0.103633 1.075637
v 0.022331 0.093983 1.064034
v 0.013910 0.092963 1.068124
v -0.224672 0.182334 1.070943
v -0.230189 0.179495 1.064515
v -0.235948 0.186839 1.059261
v -0.240211 0.184539 1.054039
v -0.243855 0.183755 1.049673
v -0.247317 0.181764 1.044958
v -0.250976 0.179691 1.039428
v -0.235500 0.163088 1.054650
v 0.104441 0.211028 1.046162
v -0.245376 0.188459 1.048493
v -0.251091 0.187664 1.041362
v -0.247751 0.194890 1.046412
v -0.227952 0.188079 1.068477
v -0.232342 0.190261 1.063812
v -0.253267 0.194163 1.039327
v -0.250499 0.201860 1.044021
v -0.256041 0.200209 1.036691
v -0.253300 0.208656 1.041561
v -0.250734 0.238643 1.044838
v -0.249760 0.231677 1.046147
v -0.261903 0.214002 1.030524
v -0.258477 0.207731 1.034467
v -0.256814 0.215004 1.037413
v -0.244591 0.230297 1.052397
v -0.242191 0.223520 1.055542
v -0.243108 0.211242 1.054356
v -0.240726 0.217886 1.057300
v -0.250775 0.253273 1.044035
v -0.258147 0.283871 1.028714
v -0.255638 0.355355 1.015536
v -0.256330 0.351655 1.015536
v -0.261723 0.325571 1.015612
v -0.257828 0.323384 1.021207
v -0.077616 0.354454 1.015536
v -0.077104 0.351848 1.021506
v 0.109893 0.351200 1.015536
v -0.246691 0.394520 1.015536
v -0.246783 0.394065 1.015536
v -0.249651 0.382698 1.015536
v -0.250413 0.379012 1.015536
v -0.004168 0.078989 1.066794
v -0.086755 0.074584 1.051314
v -0.076726 0.077203 1.056866
v -0.193437 0.079958 1.048333
v -0.187896 0.071438 1.046783
v -0.235054 0.152057 1.048240
v -0.249535 0.175690 1.034821
v 0.091110 0.178716 1.033482
v -0.256483 0.253171 1.037418
v -0.252153 0.245898 1.042915
v -0.262333 0.248159 1.031171
v -0.256451 0.243297 1.037981
v -0.255092 0.234091 1.039637
v -0.267574 0.242797 1.024989
v -0.264853 0.228529 1.027944
v -0.259330 0.222110 1.034418
v -0.263541 0.220696 1.029042
v -0.265642 0.216444 1.025098
v 0.125571 0.236509 1.015536
v 0.125157 0.234502 1.015536
v 0.125622 0.244674 1.015536
v 0.125891 0.268145 1.015536
v -0.267634 0.254470 1.023148
v -0.257727 0.267303 1.032947
v -0.262315 0.269838 1.026516
v -0.258955 0.275376 1.029567
v 0.120901 0.271727 1.025403
v 0.126299 0.289829 1.015536
v 0.126285 0.283922 1.015536
v 0.120368 0.319575 1.015536
v 0.121499 0.314679 1.015536
v -0.167777 0.058709 1.045616
v -0.181536 0.069507 1.051298
v -0.181733 0.063389 1.045270
v -0.175466 0.062348 1.049057
v -0.164786 0.079496 1.068647
v -0.163102 0.084072 1.073820
v -0.168658 0.083046 1.070176
v -0.156046 0.076643 1.065387
v -0.172013 0.065433 1.053169
v -0.165258 0.065387 1.053236
v -0.176582 0.057531 1.043862
v -0.150329 0.072598 1.060519
v -0.158956 0.070262 1.058207
v -0.245117 0.169357 1.030399
v -0.243064 0.163637 1.040037
v -0.239255 0.163643 1.020555
v 0.090570 0.172303 1.031385
v 0.121197 0.212711 1.015536
v 0.119842 0.206499 1.015536
v -0.266646 0.219480 1.020514
v -0.272247 0.238254 1.015536
v -0.272527 0.239715 1.015536
v -0.266648 0.281708 1.017615
v -0.264256 0.275943 1.022125
v -0.270607 0.261457 1.017080
v -0.268485 0.292170 1.015536
v -0.259011 0.317008 1.021408
v -0.015650 0.062154 1.051689
v -0.026231 0.043300 1.033356
v -0.192382 0.085435 1.040305
v -0.190548 0.079236 1.043275
v -0.194279 0.084160 1.044147
v 0.014365 0.086565 1.041194
v 0.021347 0.096908 1.038169
v 0.023723 0.101022 1.035584
v 0.030078 0.104239 1.035849
v -0.239808 0.166684 1.015536
v -0.242042 0.171461 1.015536
v -0.254356 0.184793 1.035331
v -0.243301 0.174202 1.015536
v -0.244844 0.177678 1.015536
v -0.246657 0.181802 1.015536
v -0.247548 0.184075 1.015536
v 0.107153 0.175417 1.016432
v 0.107602 0.174048 1.015536
v 0.106311 0.170248 1.015536
v 0.108439 0.176246 1.015536
v -0.249936 0.190853 1.015536
v -0.258589 0.206923 1.015536
v -0.263038 0.212109 1.018814
v -0.259774 0.208950 1.015536
v -0.265180 0.219327 1.015536
v 0.124159 0.230185 1.015536
v 0.123126 0.223712 1.015536
v 0.122770 0.222094 1.015536
v -0.270594 0.233394 1.015536
v -0.152527 0.049437 1.032432
v -0.187497 0.073686 1.039369
v -0.143402 0.059193 1.024404
v -0.139419 0.056954 1.030863
v -0.073130 0.074006 1.020254
v -0.112227 0.080991 1.019656
v -0.085236 0.073692 1.023197
v -0.083845 0.077193 1.019650
v -0.179817 0.076237 1.026605
v 0.002589 0.081105 1.023694
v 0.001904 0.080329 1.030217
v -0.001262 0.075812 1.026290
v -0.001608 0.076417 1.019653
v -0.192524 0.094424 1.017504
v -0.189252 0.089906 1.019938
v 0.072064 0.112317 1.015536
v 0.067754 0.107524 1.015536
v -0.203218 0.105152 1.015536
v -0.205343 0.107175 1.015536
v -0.153756 0.056612 1.015536
v -0.157666 0.055604 1.015536
v -0.152146 0.057192 1.015536
v -0.148316 0.056781 1.015536
v -0.160807 0.055710 1.015536
v -0.162530 0.056940 1.015536
v -0.171255 0.060588 1.020805
v -0.166660 0.071328 1.015536
v -0.166682 0.071762 1.015536
v -0.125338 0.071569 1.015536
v -0.133023 0.065973 1.015536
v -0.134058 0.065222 1.015536
v -0.176929 0.088319 1.015536
v -0.172238 0.085185 1.015536
v -0.194564 0.097391 1.015536
v -0.191258 0.095863 1.015536
v -0.184649 0.092565 1.015536
v -0.186259 0.093409 1.015536
v 0.079750 0.121658 1.015536
v 0.078555 0.120161 1.015536
v 0.078112 0.119601 1.015536
v 0.082768 0.125489 1.015536
v -0.034389 0.068243 1.015536
v -0.021345 0.065803 1.015536
v -0.043066 0.069915 1.015536
v -0.049337 0.069618 1.015536
v 0.054227 0.101084 1.020293
v 0.066105 0.106272 1.015536
v 0.061104 0.102122 1.015536
v -0.214932 0.115023 1.015536
v -0.215614 0.115513 1.015536
v 0.003364 0.080764 1.015536
v 0.004756 0.081132 1.015536
v -0.267619 0.298562 1.015536
v -0.266691 0.301929 1.015536
v -0.268472 0.292545 1.015536
v -0.120439 0.464783 1.069447
v -0.057328 0.471508 1.066602
v -0.046313 0.465511 1.065014
v -0.039693 0.479693 1.058765
v -0.065797 0.503133 1.059354
v -0.066935 0.490332 1.063724
v -0.049348 0.498557 1.055893
v -0.124727 0.509871 1.056972
v -0.124561 0.497259 1.059884
v -0.095982 0.511904 1.060856
v -0.105276 0.560206 1.045237
v -0.091046 0.558750 1.047470
v -0.068131 0.537706 1.051592
v -0.021581 0.186257 1.108673
v -0.013846 0.198926 1.107688
v -0.028637 0.210176 1.107752
v -0.106957 0.200501 1.107480
v -0.093091 0.193094 1.107915
v -0.092631 0.211740 1.107383
v -0.065996 0.199989 1.108212
v -0.079400 0.185313 1.108366
v -0.065566 0.179871 1.108806
v -0.136325 0.255192 1.099056
v -0.104385 0.241475 1.104482
v 0.000691 0.243554 1.100207
v 0.010404 0.227860 1.101267
v 0.021608 0.238507 1.097207
v -0.149537 0.475916 1.056716
v -0.013452 0.478612 1.049994
v -0.004914 0.469820 1.048919
v -0.154567 0.525642 1.042763
v -0.029032 0.563984 1.037157
v -0.047811 0.584542 1.037057
v -0.030903 0.584014 1.033405
v -0.038763 0.596345 1.032310
v -0.114502 0.588509 1.036485
v -0.101300 0.589093 1.038033
v -0.114026 0.605756 1.032068
v -0.104370 0.630484 1.025870
v -0.091579 0.613860 1.031796
v -0.095104 0.637926 1.024091
v -0.072641 0.632795 1.025343
v -0.069022 0.609081 1.032954
v -0.059394 0.620565 1.028310
v -0.140426 0.168991 1.104715
v -0.116409 0.154530 1.105628
v -0.105260 0.164120 1.107049
v -0.118656 0.172284 1.106608
v 0.030013 0.208199 1.099969
v 0.040775 0.203273 1.097283
v -0.161290 0.226984 1.096443
v -0.159587 0.497484 1.047187
v -0.171222 0.494153 1.042606
v -0.162110 0.571574 1.028708
v -0.162596 0.554227 1.032606
v -0.151684 0.555210 1.036702
v -0.000228 0.597758 1.022187
v -0.137902 0.614633 1.024775
v -0.149267 0.607482 1.023228
v -0.138736 0.598978 1.028690
v -0.005582 0.626655 1.015536
v -0.007833 0.624950 1.016669
v -0.001688 0.622854 1.015536
v -0.145952 0.638762 1.015536
v -0.147301 0.637261 1.015536
v -0.144921 0.637788 1.016167
v -0.052668 0.655231 1.015536
v -0.051416 0.654841 1.015536
v -0.059398 0.149647 1.107965
v -0.187253 0.230725 1.088519
v -0.181057 0.250356 1.087004
v -0.194882 0.244567 1.082721
v 0.047816 0.314999 1.064556
v 0.035655 0.308600 1.070078
v 0.048271 0.301354 1.067812
v -0.191368 0.508468 1.028834
v -0.187666 0.523723 1.027311
v -0.199661 0.526150 1.019862
v 0.018450 0.524731 1.028169
v 0.013250 0.514833 1.031769
v 0.032037 0.517397 1.024317
v -0.129798 0.652344 1.015536
v -0.127006 0.653817 1.015536
v -0.213596 0.227216 1.077097
v 0.088329 0.253110 1.065954
v 0.076981 0.257508 1.069025
v -0.211440 0.291288 1.065524
v -0.208563 0.279614 1.070111
v -0.197683 0.294191 1.072466
v 0.069483 0.315601 1.055110
v 0.079976 0.309294 1.050896
v -0.198018 0.373333 1.052671
v -0.189066 0.363013 1.059961
v -0.184237 0.380694 1.059008
v 0.025481 0.377674 1.054544
v 0.032710 0.387347 1.049768
v -0.219780 0.420212 1.028159
v -0.214579 0.407467 1.034958
v -0.201739 0.424036 1.038911
v -0.195361 0.456895 1.036483
v 0.044989 0.425725 1.036183
v 0.050858 0.410778 1.036770
v 0.047974 0.501551 1.020495
v 0.034282 0.545988 1.018642
v 0.039699 0.551904 1.015603
v -0.193861 0.558294 1.015536
v -0.184575 0.555956 1.021412
v -0.132040 0.104880 1.095752
v 0.055522 0.153867 1.080505
v -0.204406 0.336649 1.057490
v -0.214224 0.346254 1.049895
v -0.215767 0.327452 1.053733
v 0.085776 0.327466 1.042035
v 0.067183 0.354642 1.044301
v 0.076654 0.359515 1.036812
v -0.212697 0.508009 1.015536
v -0.215078 0.499128 1.015536
v -0.207735 0.496879 1.020974
v -0.223072 0.471127 1.015536
v -0.227101 0.457821 1.015536
v -0.227186 0.456933 1.015661
v -0.213314 0.468013 1.022785
v 0.011427 0.097008 1.072856
v -0.253942 0.224044 1.041070
v -0.260588 0.331475 1.015536
v -0.253075 0.198776 1.015536
v -0.253914 0.200475 1.015536
v -0.103792 0.472836 1.071075
v -0.127554 0.484468 1.062099
v -0.033088 0.493957 1.052470
v -0.021603 0.487169 1.050850
v -0.069293 0.477035 1.068592
v -0.035661 0.458581 1.063634
v -0.081122 0.507771 1.062142
v -0.082522 0.482693 1.070490
v -0.096881 0.487001 1.068954
v -0.111204 0.489533 1.065119
v -0.119008 0.521837 1.055348
v -0.082459 0.495201 1.066356
v -0.040732 0.530389 1.046028
v -0.088489 0.572917 1.043900
v -0.077223 0.559768 1.048461
v -0.115500 0.572657 1.040497
v -0.041831 0.546399 1.043186
v -0.028907 0.171732 1.109650
v -0.093674 0.229314 1.106534
v -0.121642 0.207103 1.106737
v -0.120814 0.189857 1.107392
v -0.093289 0.173759 1.108290
v -0.043236 0.176076 1.109375
v -0.036319 0.154568 1.109931
v -0.070664 0.221830 1.107472
v -0.064373 0.162078 1.109112
v -0.130333 0.226603 1.102057
v -0.151080 0.235788 1.097271
v -0.000480 0.217386 1.105097
v 0.042163 0.233702 1.094052
v 0.018381 0.212310 1.102483
v -0.173406 0.347914 1.074939
v -0.171795 0.471079 1.047467
v -0.142310 0.539178 1.044217
v -0.146361 0.514115 1.048950
v -0.023295 0.572411 1.034304
v -0.057847 0.571107 1.042309
v -0.045607 0.610591 1.030199
v -0.064400 0.586846 1.039742
v -0.126394 0.621511 1.026169
v -0.114230 0.624456 1.027063
v -0.127791 0.587206 1.034862
v -0.088384 0.590768 1.039082
v -0.098344 0.661128 1.016469
v -0.085784 0.646336 1.021776
v -0.116668 0.646317 1.019998
v -0.078343 0.597880 1.037317
v -0.048533 0.631016 1.023803
v -0.074773 0.655798 1.017770
v -0.132160 0.179656 1.106087
v -0.136237 0.135977 1.102512
v -0.126695 0.144865 1.104233
v 0.048412 0.197555 1.095282
v -0.167092 0.255970 1.090971
v -0.178927 0.216140 1.094362
v -0.180452 0.352465 1.067469
v -0.178427 0.347308 1.070658
v 0.007609 0.495964 1.036857
v 0.001490 0.483129 1.042953
v -0.182730 0.492080 1.037548
v -0.175502 0.522113 1.034465
v -0.139429 0.555389 1.041170
v -0.173138 0.586423 1.020534
v -0.163812 0.537555 1.036058
v -0.134363 0.553160 1.043226
v -0.149984 0.582689 1.029952
v 0.010025 0.604847 1.017414
v -0.021020 0.615099 1.023220
v -0.000775 0.578637 1.027214
v -0.161421 0.615537 1.017275
v -0.160727 0.599879 1.021790
v 0.008466 0.612916 1.015536
v 0.013701 0.607629 1.015536
v -0.022569 0.630315 1.019258
v -0.073756 0.661701 1.015536
v -0.064450 0.658874 1.015536
v -0.045299 0.648068 1.017305
v -0.032723 0.636766 1.019744
v -0.208607 0.240253 1.078006
v -0.193198 0.212570 1.089666
v 0.061324 0.293465 1.065259
v 0.040310 0.397339 1.044768
v -0.206530 0.527612 1.015536
v -0.206171 0.528527 1.015536
v -0.195204 0.493496 1.030040
v -0.183004 0.538535 1.026444
v 0.049650 0.521420 1.017051
v 0.022643 0.535541 1.024785
v 0.016314 0.583175 1.020066
v -0.098601 0.663463 1.015536
v -0.100354 0.662928 1.015536
v -0.117583 0.657360 1.015536
v -0.124687 0.654777 1.015536
v -0.206054 0.213624 1.082765
v -0.220994 0.240332 1.071244
v -0.214533 0.302048 1.061007
v 0.075516 0.280249 1.062382
v -0.206222 0.383749 1.045801
v -0.211895 0.365610 1.046445
v -0.192884 0.344933 1.061661
v -0.209911 0.394597 1.041348
v -0.225402 0.433356 1.021190
v -0.237632 0.417145 1.017052
v -0.185902 0.451765 1.043132
v 0.065061 0.423813 1.025467
v 0.071268 0.416831 1.023711
v 0.057326 0.493374 1.017704
v 0.058881 0.502805 1.015974
v 0.048729 0.532372 1.015536
v 0.049594 0.530401 1.015536
v -0.179293 0.589478 1.016424
v 0.099893 0.208374 1.056267
v -0.227429 0.317707 1.049533
v -0.200969 0.479776 1.028779
v -0.243715 0.254961 1.050236
v -0.241207 0.412331 1.015536
v -0.239582 0.417034 1.015536
v 0.065442 0.382913 1.035988
v 0.090757 0.400468 1.015536
v 0.091183 0.399403 1.015536
v 0.068957 0.470520 1.015536
v -0.241125 0.194110 1.054081
v -0.255054 0.357947 1.015536
v -0.253959 0.363633 1.015536
v -0.253749 0.364561 1.015536
v -0.019220 0.049775 1.039891
v 0.097725 0.146074 1.016411
v 0.099758 0.149324 1.015536
v -0.078558 0.075382 1.020371
v -0.042115 0.069933 1.015536
v -0.041846 0.069937 1.015536
v -0.051611 0.485488 1.060662
v -0.028897 0.472847 1.057348
v -0.109450 0.503921 1.062053
v -0.137929 0.514289 1.052179
v -0.052470 0.520468 1.051010
v -0.129905 0.538333 1.048710
v -0.102125 0.572522 1.042257
v -0.107378 0.217926 1.106637
v -0.107026 0.182125 1.107844
v -0.052387 0.194316 1.108649
v 0.029788 0.222835 1.098389
v 0.019267 0.258584 1.092596
v -0.010836 0.449329 1.056317
v -0.152459 0.539088 1.040220
v -0.039640 0.572332 1.037986
v -0.055127 0.598863 1.034945
v -0.021964 0.595123 1.028756
v -0.126918 0.603960 1.030651
v -0.101527 0.607555 1.033079
v -0.107505 0.653345 1.018360
v -0.082255 0.622037 1.029585
v -0.061611 0.642906 1.020965
v -0.152563 0.176099 1.103946
v -0.145182 0.145481 1.102519
v -0.129204 0.162614 1.105206
v 0.002961 0.177024 1.107077
v 0.029964 0.193827 1.101071
v -0.146313 0.223259 1.099977
v -0.172891 0.236051 1.092686
v 0.036462 0.294250 1.073386
v 0.032413 0.286692 1.076669
v 0.026519 0.488911 1.030578
v -0.179110 0.507116 1.036017
v -0.173263 0.568315 1.024764
v -0.005298 0.610115 1.020228
v 0.008302 0.585361 1.022799
v -0.008309 0.629305 1.015536
v 0.004017 0.617270 1.015536
v -0.150349 0.633850 1.015536
v -0.154398 0.629368 1.015536
v -0.058783 0.657122 1.015536
v -0.043950 0.652512 1.015536
v -0.000813 0.151175 1.106110
v -0.200887 0.226487 1.083829
v -0.191806 0.273662 1.079001
v 0.060245 0.307716 1.062062
v -0.203514 0.511025 1.021130
v -0.194704 0.541390 1.019064
v 0.035750 0.528733 1.021024
v -0.108438 0.660407 1.015536
v 0.081363 0.295992 1.053875
v 0.079390 0.323030 1.047425
v -0.206333 0.318505 1.061022
v 0.056332 0.363163 1.047483
v 0.047904 0.367949 1.048631
v -0.202405 0.355268 1.054044
v 0.066408 0.410380 1.028121
v -0.185223 0.573636 1.016850
v 0.077795 0.346356 1.040522
v -0.213615 0.483439 1.019454
v -0.236507 0.254580 1.056401
v -0.241427 0.234563 1.055796
v -0.231953 0.340451 1.039931
v -0.245404 0.343825 1.028378
v -0.240537 0.402247 1.018509
v -0.227349 0.456992 1.015536
v 0.074473 0.449473 1.015536
v 0.072441 0.456852 1.015536
v 0.059467 0.504473 1.015536
v 0.059639 0.503357 1.015536
v 0.059802 0.502734 1.015536
v 0.061848 0.493302 1.015536
v 0.061146 0.496474 1.015536
v -0.232185 0.213705 1.066867
v -0.248762 0.210305 1.047300
v -0.257921 0.344534 1.015536
v -0.258397 0.342331 1.015536
v -0.257345 0.344457 1.016332
v -0.074335 0.347058 1.017792
v -0.167257 0.074916 1.063409
v -0.268719 0.275928 1.015536
v -0.270024 0.269215 1.015536
v -0.267769 0.269084 1.018925
v -0.271117 0.263987 1.015536
v -0.271620 0.261344 1.015536
v -0.268417 0.277956 1.015536
v -0.268336 0.282374 1.015536
v -0.255611 0.202858 1.015536
v -0.254325 0.201076 1.015536
v 0.083245 0.419866 1.015536
v 0.084677 0.415987 1.015536
v -0.055668 0.242098 1.107192
v -0.106870 0.539222 1.051090
v -0.074241 0.574808 1.044369
v -0.138825 0.210710 1.103682
v 0.019129 0.446310 1.044890
v 0.017741 0.453043 1.043956
v 0.018364 0.459466 1.042193
v -0.187713 0.476515 1.038143
v -0.171613 0.536425 1.033112
v -0.035377 0.621140 1.025348
v -0.126665 0.640056 1.020959
v -0.087630 0.665126 1.015536
v 0.018986 0.601894 1.015536
v -0.015011 0.635763 1.015536
v -0.133749 0.646560 1.016875
v -0.138861 0.645953 1.015536
v -0.135891 0.648722 1.015536
v -0.159900 0.623215 1.015536
v -0.155655 0.627963 1.015536
v -0.167085 0.614720 1.015536
v -0.164124 0.618257 1.015536
v -0.083352 0.664329 1.015536
v -0.029604 0.647397 1.015536
v 0.059080 0.335593 1.055148
v 0.050844 0.339609 1.056490
v 0.042477 0.343668 1.057495
v 0.033698 0.348472 1.058352
v 0.065874 0.478369 1.015999
v -0.208670 0.522132 1.015536
v -0.200365 0.542588 1.015536
v 0.057235 0.512441 1.015536
v 0.054765 0.518614 1.015536
v 0.029974 0.575832 1.015536
v 0.031406 0.571884 1.015536
v 0.028491 0.580075 1.015536
v -0.232679 0.438950 1.015536
v 0.033050 0.567431 1.015536
v 0.035178 0.562494 1.015536
v 0.046388 0.537539 1.015536
v 0.052556 0.523624 1.015536
v -0.229595 0.375441 1.032950
v -0.237130 0.374360 1.027638
v -0.244452 0.373043 1.022308
v -0.251358 0.371416 1.016590
v -0.242886 0.407158 1.015536
v -0.242217 0.409175 1.015536
v 0.073636 0.452160 1.015536
v 0.080683 0.429673 1.015536
v 0.068349 0.472772 1.015536
v 0.064138 0.485442 1.015536
v 0.063556 0.487945 1.015536
v 0.066446 0.479233 1.015536
v 0.066611 0.478401 1.015536
v -0.244881 0.203192 1.051026
v -0.257672 0.345701 1.015536
v -0.077845 0.352961 1.015536
v -0.166479 0.065364 1.015536
v 0.093621 0.138638 1.015726
v -0.086442 0.079184 1.015536
v -0.076304 0.077790 1.015536
v 0.058034 0.509865 1.015536
v -0.268524 0.276920 1.015536
v -0.244434 0.401655 1.015536
v -0.155088 0.628586 1.015536
v -0.075816 0.077664 1.015536
v -0.231610 0.442475 1.015536
v -0.227421 0.456752 1.015536
v -0.246930 0.393516 1.015536
v -0.248360 0.386709 1.015536
v -0.238697 0.420305 1.015536
v -0.185352 0.578818 1.015536
v -0.187300 0.574128 1.015536
v -0.251550 0.195387 1.015536
v -0.221728 0.475597 1.015536
v -0.216782 0.492816 1.015536
v -0.211263 0.513215 1.015536
v -0.196199 0.552644 1.015536
v -0.189960 0.567727 1.015536
v 0.045071 0.540444 1.015536
v -0.222347 0.120679 1.015536
v -0.220307 0.117965 1.015536
v 0.054077 0.096851 1.015536
v 0.054742 0.097470 1.015536
v -0.168423 0.079462 1.015536
v -0.164642 0.058442 1.015536
v -0.152603 0.057152 1.015536
v -0.225039 0.125364 1.015536
v -0.212807 0.113838 1.015536
v 0.049012 0.092911 1.015536
v 0.098806 0.146175 1.015536
v -0.269397 0.229312 1.015536
v -0.253674 0.364941 1.015536
v -0.252226 0.371076 1.015536
v -0.252035 0.372739 1.015536
v -0.263001 0.318967 1.015536
v -0.263082 0.318575 1.015536
v 0.119454 0.204741 1.015536
v -0.075190 0.351834 1.015536
v -0.076372 0.351578 1.015536
v -0.074096 0.350032 1.015536
v 0.122916 0.308727 1.015536
v 0.119440 0.322590 1.015536
v -0.078064 0.351509 1.015536
v -0.218855 0.485236 1.015536
v -0.173562 0.605522 1.015536
v -0.174543 0.603468 1.015536
v -0.216966 0.492136 1.015536
v -0.217737 0.489320 1.015536
v -0.210714 0.515203 1.015536
v -0.209206 0.520336 1.015536
v -0.197113 0.550436 1.015536
v -0.199583 0.544474 1.015536
v -0.179270 0.593157 1.015536
v -0.180641 0.589953 1.015536
v -0.177292 0.597595 1.015536
v -0.237170 0.424418 1.015536
v -0.234982 0.430600 1.015536
v -0.132855 0.650525 1.015536
v -0.173111 0.606465 1.015536
v -0.168746 0.612807 1.015536
v -0.171628 0.608841 1.015536
v -0.160655 0.622361 1.015536
v -0.141572 0.643412 1.015536
v -0.144420 0.640405 1.015536
v 0.082340 0.422166 1.015536
v 0.019555 0.085736 1.015536
v 0.023385 0.086785 1.015536
v 0.007161 0.081598 1.015536
v 0.097979 0.144877 1.015536
v 0.093875 0.138679 1.015536
v 0.093698 0.138433 1.015536
v -0.006952 0.073667 1.015536
v -0.001493 0.077228 1.015536
v -0.089773 0.079756 1.015536
v 0.115148 0.193984 1.015536
v 0.116479 0.197635 1.015536
v -0.231197 0.142338 1.015536
v -0.229246 0.136439 1.015536
v 0.092749 0.137278 1.015536
v 0.083968 0.126871 1.015536
v -0.210291 0.111543 1.015536
v -0.264955 0.218718 1.015536
v 0.123198 0.307617 1.015536
v 0.123355 0.306977 1.015536
v 0.124940 0.300148 1.015536
v 0.036510 0.559434 1.015536
v 0.067504 0.475761 1.015536
v 0.031770 0.088811 1.015536
v 0.037899 0.090355 1.015536
v 0.029580 0.088301 1.015536
v -0.168222 0.079236 1.015536
v -0.020986 0.065829 1.015536
v 0.073813 0.114305 1.015536
v -0.070700 0.078497 1.015536
v -0.075412 0.077556 1.015536
v -0.074647 0.077392 1.015536
v -0.112597 0.079348 1.015536
v -0.140384 0.060737 1.015536
v -0.139927 0.060947 1.015536
v -0.141586 0.060307 1.015536
v -0.147216 0.058003 1.015536
v -0.166457 0.065225 1.015536
v -0.165111 0.059739 1.015536
v -0.233829 0.150582 1.015536
v -0.232676 0.146826 1.015536
v -0.228388 0.133998 1.015536
v -0.225785 0.127110 1.015536
v -0.209479 0.110764 1.015536
v 0.040846 0.090939 1.015536
v 0.045947 0.092184 1.015536
v 0.104830 0.165975 1.015536
v 0.103635 0.162560 1.015536
v -0.264825 0.218412 1.015536
v -0.262417 0.212949 1.015536
v 0.110233 0.180507 1.015536
v 0.111391 0.183888 1.015536
v -0.239011 0.165090 1.015536
v -0.236744 0.160195 1.015536
v -0.272859 0.253736 1.015536
v -0.272246 0.257627 1.015536
v 0.116964 0.198654 1.015536
v 0.119351 0.204494 1.015536
v 0.126165 0.293071 1.015536
v 0.125613 0.296523 1.015536
v 0.108841 0.359322 1.015536
v 0.109081 0.357961 1.015536
v -0.183976 0.582078 1.015536
v -0.182264 0.586140 1.015536
v 0.050061 0.529337 1.015536
v 0.015314 0.084575 1.015536
v 0.011380 0.083393 1.015536
v -0.107497 0.081584 1.015536
v -0.127015 0.070385 1.015536
v 0.088880 0.132577 1.015536
v 0.088047 0.131607 1.015536
v -0.195935 0.098842 1.015536
v 0.043131 0.544712 1.015536
v -0.050294 0.654490 1.015536
v -0.104984 0.315691 1.121087
v -0.096548 0.313402 1.121045
v -0.098476 0.320779 1.119817
v -0.076941 0.326644 1.116537
v -0.085474 0.322415 1.118208
v -0.079408 0.320536 1.119895
v -0.061700 0.324228 1.120437
v -0.070932 0.321076 1.120859
v -0.062283 0.316633 1.121393
v -0.059536 0.343136 1.115636
v -0.064087 0.334896 1.118312
v -0.056355 0.335288 1.117993
v -0.067535 0.293043 1.120488
v -0.074085 0.299073 1.121318
v -0.076789 0.291455 1.119430
v -0.104344 0.308525 1.120754
v -0.094824 0.304625 1.120520
v -0.080393 0.305202 1.121289
v -0.071761 0.306622 1.122014
v -0.077421 0.314091 1.121450
v -0.125082 0.325484 1.119105
v -0.126593 0.315414 1.119403
v -0.119542 0.317833 1.120102
v -0.091282 0.324383 1.106977
v -0.094019 0.325923 1.112028
v -0.086540 0.324933 1.112007
v -0.093431 0.323398 1.116776
v -0.071528 0.337514 1.110723
v -0.075629 0.332855 1.106821
v -0.073544 0.331864 1.113991
v -0.026967 0.330911 1.103521
v -0.035280 0.326965 1.111109
v -0.030836 0.323113 1.108499
v -0.100093 0.326088 1.116275
v -0.105106 0.323147 1.119937
v -0.101333 0.330571 1.111483
v -0.112893 0.348407 1.111286
v -0.120282 0.346226 1.113774
v -0.116894 0.340001 1.115355
v -0.068411 0.329232 1.118755
v -0.068526 0.335083 1.115701
v -0.065970 0.339881 1.113712
v -0.120119 0.351795 1.112229
v -0.067755 0.344688 1.110907
v -0.066647 0.352384 1.109237
v -0.062188 0.350072 1.113817
v -0.060863 0.355490 1.114108
v -0.065120 0.359481 1.109269
v -0.126754 0.347007 1.112985
v -0.126809 0.354665 1.110765
v -0.132274 0.350084 1.110572
v -0.063766 0.366933 1.108825
v -0.059512 0.361513 1.114272
v -0.057521 0.369857 1.113652
v -0.062713 0.374677 1.108144
v -0.051516 0.373659 1.110496
v -0.049695 0.367795 1.111306
v -0.044929 0.373336 1.108220
v -0.113914 0.371538 1.108740
v -0.123950 0.376128 1.106793
v -0.120772 0.367911 1.109323
v -0.056293 0.376981 1.110090
v -0.048888 0.379009 1.107958
v -0.055055 0.383296 1.107857
v -0.061702 0.381765 1.107584
v -0.060516 0.388445 1.107322
v -0.067373 0.387907 1.105255
v -0.048337 0.385322 1.105785
v -0.053787 0.389180 1.106170
v -0.108202 0.374502 1.105287
v -0.103358 0.377338 1.099562
v -0.107909 0.383113 1.104115
v -0.103106 0.384527 1.098504
v -0.101503 0.390987 1.097669
v -0.108396 0.391101 1.102784
v -0.094039 0.402250 1.096224
v -0.102198 0.405408 1.098453
v -0.099794 0.397155 1.097292
v -0.077183 0.396393 1.099986
v -0.077853 0.402613 1.100272
v -0.084875 0.400772 1.097238
v -0.068062 0.408876 1.101590
v -0.075172 0.413563 1.100157
v -0.074049 0.406988 1.101203
v -0.041651 0.412160 1.091521
v -0.047755 0.415244 1.094705
v -0.045803 0.406981 1.096759
v -0.069109 0.429162 1.096839
v -0.070410 0.423333 1.098665
v -0.062864 0.421885 1.098512
v -0.100683 0.424026 1.096075
v -0.105391 0.419812 1.097576
v -0.098838 0.414886 1.097390
v -0.054645 0.311506 1.121358
v -0.047182 0.307766 1.119397
v -0.047475 0.317043 1.118327
v -0.084567 0.323690 1.104990
v -0.079616 0.327861 1.109828
v -0.079694 0.327688 1.102561
v -0.126950 0.334338 1.116749
v -0.132367 0.331218 1.116365
v -0.073204 0.340198 1.104143
v -0.070753 0.349062 1.102544
v -0.069310 0.356804 1.102632
v -0.014761 0.359421 1.088949
v -0.019496 0.365138 1.092443
v -0.020033 0.355968 1.094164
v -0.152965 0.338742 1.095620
v -0.147557 0.337144 1.101384
v -0.150244 0.344132 1.097078
v -0.103370 0.370477 1.100398
v -0.107815 0.357994 1.106703
v -0.106651 0.365529 1.104373
v -0.113919 0.363738 1.109627
v -0.068200 0.380674 1.103564
v -0.081916 0.393085 1.095397
v -0.074532 0.388106 1.099892
v -0.031711 0.377834 1.100716
v -0.030612 0.385481 1.097197
v -0.036684 0.386270 1.100720
v -0.074780 0.445335 1.084275
v -0.074293 0.440114 1.088684
v -0.067709 0.441480 1.087138
v -0.076636 0.428198 1.097065
v -0.076203 0.434348 1.093179
v -0.084058 0.433006 1.093179
v -0.091005 0.430807 1.092707
v -0.084222 0.425388 1.096391
v -0.081466 0.257843 1.110808
v -0.045999 0.269567 1.111553
v -0.117810 0.295565 1.114858
v -0.123328 0.299784 1.114840
v -0.125479 0.293193 1.111517
v -0.143167 0.314514 1.107318
v -0.146636 0.307125 1.103752
v -0.140581 0.306162 1.108078
v -0.088978 0.320344 1.100847
v -0.097971 0.327989 1.105418
v -0.092270 0.321782 1.097505
v -0.094813 0.324765 1.098352
v -0.142214 0.322780 1.108424
v -0.142787 0.331281 1.107346
v -0.148150 0.326158 1.101932
v -0.155010 0.326514 1.095444
v -0.159768 0.320418 1.091796
v -0.152790 0.320329 1.098211
v -0.104054 0.356985 1.100616
v -0.102122 0.363200 1.095693
v -0.075634 0.378211 1.087635
v -0.074018 0.369971 1.085007
v -0.073144 0.369279 1.092136
v -0.100377 0.379381 1.091806
v -0.015952 0.383514 1.083557
v -0.020835 0.382288 1.088992
v -0.015626 0.376355 1.085704
v -0.097620 0.374616 1.074650
v -0.097683 0.380723 1.083323
v -0.099171 0.373000 1.084804
v -0.085681 0.389633 1.084958
v -0.088868 0.394945 1.092390
v -0.091271 0.390545 1.086415
v -0.017622 0.392281 1.081330
v -0.023475 0.392047 1.087071
v -0.035730 0.410521 1.087605
v -0.031827 0.404022 1.087915
v -0.030245 0.408882 1.084006
v -0.038401 0.418448 1.085498
v -0.032641 0.416126 1.082130
v -0.056570 0.424813 1.096336
v -0.054383 0.418695 1.097847
v -0.050591 0.421253 1.093815
v -0.086622 0.450658 1.080545
v -0.098992 0.259769 1.109649
v -0.128297 0.275748 1.104668
v -0.126857 0.265327 1.102644
v -0.121163 0.266812 1.105270
v -0.036750 0.279471 1.109095
v -0.032267 0.274466 1.105130
v -0.028911 0.280427 1.104095
v -0.024419 0.297556 1.104451
v -0.022284 0.289999 1.102277
v -0.019795 0.294959 1.099800
v -0.084239 0.323656 1.098215
v -0.084121 0.324194 1.091589
v -0.081609 0.326022 1.096305
v -0.022273 0.325482 1.100245
v -0.025552 0.321087 1.103947
v -0.081965 0.329441 1.090084
v -0.084856 0.327563 1.084758
v -0.011249 0.343288 1.088427
v -0.014164 0.350484 1.089826
v -0.016574 0.342430 1.092965
v -0.020647 0.347996 1.095621
v -0.025987 0.354121 1.099591
v -0.020026 0.373305 1.091351
v -0.013943 0.367982 1.086292
v -0.008101 0.361841 1.082425
v -0.007140 0.369824 1.079573
v -0.079941 0.384745 1.090011
v -0.083690 0.390861 1.090625
v -0.074178 0.379234 1.096071
v -0.147873 0.408397 1.078273
v -0.147299 0.399961 1.082263
v -0.141740 0.406513 1.084421
v -0.136865 0.421679 1.081750
v -0.136790 0.431459 1.075785
v -0.142423 0.425374 1.074929
v -0.131368 0.432750 1.078892
v -0.131512 0.427288 1.083463
v -0.126111 0.430307 1.084798
v -0.131189 0.439327 1.075757
v -0.111879 0.448002 1.078788
v -0.140608 0.275267 1.099312
v -0.139149 0.280680 1.101720
v -0.146781 0.282628 1.098498
v -0.163134 0.300122 1.089331
v -0.160834 0.291709 1.090780
v -0.156365 0.297052 1.094715
v -0.090213 0.324926 1.090832
v -0.092365 0.322560 1.095631
v -0.090409 0.321796 1.095920
v -0.008835 0.330596 1.088161
v -0.014771 0.330399 1.093026
v -0.011148 0.323467 1.090847
v -0.100429 0.358407 1.088427
v -0.101297 0.354738 1.093411
v -0.099449 0.351577 1.084260
v -0.099435 0.359035 1.081799
v -0.098765 0.353150 1.075856
v -0.073782 0.370721 1.077575
v -0.073283 0.364064 1.080970
v -0.074412 0.357584 1.082649
v -0.074834 0.359026 1.075241
v -0.007175 0.348535 1.084199
v -0.009046 0.355068 1.084610
v -0.160202 0.338439 1.089025
v -0.156330 0.344211 1.091466
v -0.162451 0.345314 1.085627
v -0.157644 0.353138 1.087998
v -0.151518 0.353836 1.093694
v -0.153781 0.360074 1.089574
v -0.165790 0.366317 1.077075
v -0.168738 0.356148 1.077009
v -0.161196 0.361036 1.082611
v -0.073153 0.366944 1.072397
v -0.071722 0.377078 1.073098
v -0.069747 0.376518 1.067248
v -0.084380 0.390676 1.078174
v -0.090759 0.387819 1.078864
v -0.088556 0.390693 1.070342
v -0.093137 0.392714 1.062916
v -0.088396 0.395843 1.065769
v -0.011599 0.386471 1.078199
v -0.023456 0.418563 1.073844
v -0.019979 0.412385 1.074191
v -0.087020 0.322150 1.094184
v -0.094023 0.328654 1.089693
v -0.096062 0.335902 1.086180
v -0.096991 0.332464 1.093343
v -0.094650 0.337567 1.077841
v -0.098333 0.342801 1.084147
v -0.094863 0.341327 1.071036
v -0.097739 0.347947 1.070687
v -0.098137 0.345991 1.077450
v -0.098001 0.353254 1.067466
v -0.098732 0.359475 1.072938
v -0.098080 0.366156 1.069811
v -0.098779 0.366124 1.078924
v -0.100009 0.365263 1.086953
v -0.097260 0.366152 1.061365
v -0.097295 0.371876 1.066838
v -0.096665 0.372777 1.059197
v -0.096417 0.378038 1.065631
v -0.015996 0.398815 1.076839
v -0.012098 0.393850 1.075528
v -0.011684 0.402042 1.071910
v -0.088575 0.328730 1.082960
v -0.095777 0.352495 1.059903
v -0.095167 0.345947 1.064260
v -0.075295 0.359347 1.067849
v -0.073971 0.364763 1.063446
v -0.070946 0.371624 1.061197
v -0.095684 0.379807 1.038970
v -0.096282 0.382726 1.044659
v -0.096639 0.380013 1.046830
v -0.093055 0.332418 1.081988
v -0.089463 0.333336 1.075682
v -0.085414 0.331092 1.077620
v -0.085646 0.333896 1.070975
v -0.089163 0.336077 1.069129
v -0.094309 0.351516 1.053043
v -0.095823 0.359951 1.054417
v -0.095736 0.367586 1.053886
v -0.095648 0.389704 1.047631
v -0.094989 0.386918 1.040603
v -0.093521 0.393613 1.042878
v -0.093760 0.396251 1.050206
v -0.091047 0.397111 1.046152
v -0.088506 0.399081 1.050392
v -0.088466 0.398120 1.041918
v -0.086733 0.400614 1.045707
v -0.078007 0.399908 1.046971
v -0.072965 0.398012 1.052761
v -0.076774 0.401086 1.053744
v -0.083697 0.404459 1.050179
v -0.086463 0.338471 1.054644
v -0.088416 0.342872 1.047826
v -0.092090 0.344769 1.056344
v -0.081917 0.395809 1.040493
v -0.080097 0.388358 1.038767
v -0.076502 0.391861 1.043615
v -0.084595 0.341808 1.039485
v -0.083842 0.338413 1.046281
v -0.087192 0.349956 1.036713
v -0.090958 0.351606 1.043080
v -0.088239 0.346221 1.041732
v -0.080218 0.340900 1.035960
v -0.081438 0.340927 1.041869
v -0.091406 0.348311 1.047632
v -0.093958 0.355498 1.048325
v -0.082161 0.353874 1.040018
v -0.090417 0.357788 1.041480
v -0.084252 0.344792 1.034433
v -0.083272 0.345225 1.032736
v -0.079939 0.341489 1.030479
v -0.084294 0.339060 1.048807
v -0.085782 0.336738 1.063172
v -0.090606 0.339562 1.063762
v -0.038188 0.402216 1.093941
v -0.034418 0.393224 1.095989
v -0.029388 0.391273 1.092863
v -0.030334 0.397911 1.090070
v -0.095532 0.383642 1.074149
v -0.095144 0.387949 1.083427
v -0.095176 0.393077 1.091712
v -0.098479 0.386748 1.091278
v -0.026131 0.379353 1.095402
v -0.026239 0.370639 1.097698
v -0.101142 0.371495 1.093352
v -0.071335 0.369525 1.097240
v -0.102896 0.349077 1.099644
v -0.099112 0.333278 1.098916
v -0.101546 0.335779 1.105369
v -0.101544 0.341870 1.099711
v -0.099170 0.339149 1.092329
v -0.100408 0.346429 1.092288
v -0.105686 0.343290 1.107178
v -0.105012 0.335991 1.111047
v -0.026880 0.291240 1.107077
v -0.137064 0.299390 1.108565
v -0.133824 0.305992 1.112748
v -0.137631 0.311275 1.111318
v -0.028403 0.297473 1.108647
v -0.033344 0.301035 1.111798
v -0.032677 0.294229 1.110992
v -0.040341 0.379023 1.104797
v -0.042679 0.389173 1.102675
v -0.039436 0.393797 1.098887
v -0.071135 0.393422 1.103160
v -0.079344 0.387267 1.094549
v -0.068212 0.372497 1.102890
v -0.068358 0.364366 1.102766
v -0.033591 0.371170 1.102976
v -0.035327 0.364916 1.105001
v -0.028979 0.364381 1.100762
v -0.038922 0.370139 1.106305
v -0.042848 0.366201 1.108762
v -0.137409 0.363535 1.103443
v -0.137436 0.369800 1.101032
v -0.143357 0.364318 1.098060
v -0.141080 0.358578 1.101922
v -0.134466 0.358701 1.107509
v -0.114705 0.357121 1.110303
v -0.030638 0.351990 1.103647
v -0.032208 0.346316 1.105376
v -0.026460 0.346072 1.100878
v -0.031862 0.358826 1.103591
v -0.039242 0.360004 1.107544
v -0.047385 0.360126 1.111594
v -0.041993 0.355381 1.110074
v -0.072836 0.353000 1.094490
v -0.074581 0.344326 1.095855
v -0.071057 0.361949 1.096602
v -0.121248 0.359767 1.110334
v -0.110169 0.339126 1.113359
v -0.137020 0.326596 1.113546
v -0.137417 0.318355 1.113176
v -0.137414 0.335509 1.111572
v -0.142581 0.339861 1.105747
v -0.039807 0.304987 1.116036
v -0.034216 0.310230 1.111776
v -0.046426 0.298860 1.119222
v -0.095218 0.286392 1.116431
v -0.100965 0.282042 1.114705
v -0.093852 0.276928 1.115322
v -0.103058 0.291275 1.116367
v -0.111819 0.290409 1.114583
v -0.107642 0.283167 1.113660
v -0.111327 0.419812 1.097541
v -0.107017 0.413668 1.098371
v -0.068853 0.416823 1.099963
v -0.060673 0.412787 1.100427
v -0.076260 0.420880 1.098841
v -0.084360 0.416121 1.097981
v -0.091483 0.412151 1.097283
v -0.052240 0.409322 1.099389
v -0.061452 0.429947 1.095935
v -0.080751 0.408409 1.099237
v -0.087286 0.408170 1.098044
v -0.106176 0.398005 1.100325
v -0.112277 0.405599 1.099698
v -0.044488 0.398087 1.099790
v -0.051503 0.401199 1.101531
v -0.049678 0.393163 1.103770
v -0.057425 0.395064 1.104934
v -0.114697 0.397577 1.101642
v -0.114177 0.387878 1.104730
v -0.137985 0.384860 1.097215
v -0.132011 0.381472 1.101516
v -0.132425 0.389077 1.099086
v -0.126955 0.393454 1.100321
v -0.120628 0.390974 1.103258
v -0.123054 0.399029 1.100063
v -0.070713 0.400591 1.102589
v -0.065144 0.394492 1.105056
v -0.119704 0.383871 1.105616
v -0.115325 0.379246 1.106885
v -0.126807 0.384906 1.103493
v -0.126883 0.368894 1.107756
v -0.132504 0.366551 1.106231
v -0.127416 0.362308 1.108858
v -0.130986 0.373410 1.104270
v -0.053886 0.363155 1.113267
v -0.054346 0.357611 1.113520
v -0.056318 0.352143 1.115525
v -0.045240 0.344697 1.113254
v -0.048311 0.351761 1.113291
v -0.052228 0.345686 1.114881
v -0.114990 0.326301 1.119402
v -0.114538 0.333949 1.116874
v -0.120987 0.333911 1.117424
v -0.124138 0.340970 1.115178
v -0.132782 0.340787 1.113796
v -0.048625 0.333114 1.116340
v -0.055065 0.328212 1.119042
v -0.047640 0.325537 1.117300
v -0.042849 0.337848 1.113478
v -0.050758 0.340109 1.115759
v -0.107979 0.330547 1.116184
v -0.035353 0.318819 1.112198
v -0.029541 0.315392 1.107997
v -0.040799 0.322368 1.115106
v -0.127036 0.306898 1.116705
v -0.129985 0.299371 1.111946
v -0.132446 0.313360 1.115891
v -0.062700 0.307945 1.122530
v -0.064885 0.300255 1.122174
v -0.111895 0.319523 1.120578
v -0.113160 0.311486 1.120702
v -0.094451 0.295469 1.118887
v -0.101932 0.300699 1.119588
v -0.061216 0.330708 1.119348
v -0.084450 0.317700 1.120311
v -0.091802 0.318834 1.119747
v -0.087444 0.311160 1.120996
v -0.054619 0.320573 1.120091
v -0.069298 0.313402 1.122205
v -0.070239 0.285222 1.118455
v -0.079281 0.284368 1.117668
v -0.131693 0.321829 1.118366
v -0.121634 0.309326 1.119873
v -0.035593 0.335007 1.109389
v -0.040939 0.330712 1.113997
v -0.035837 0.353242 1.107492
v -0.040361 0.349003 1.110375
v -0.119861 0.406282 1.098912
v -0.115259 0.414477 1.097965
v -0.060683 0.403042 1.102906
v -0.092232 0.421883 1.095978
v -0.109519 0.425260 1.096165
v -0.049404 0.284582 1.117985
v -0.053082 0.291993 1.120525
v -0.056656 0.282290 1.118231
v -0.075122 0.277233 1.116769
v -0.082415 0.276710 1.116344
v -0.071761 0.270351 1.114680
v -0.080811 0.270820 1.114782
v -0.079074 0.264461 1.112880
v -0.055008 0.301558 1.122327
v -0.040511 0.313730 1.116002
v -0.077049 0.335829 1.099016
v -0.023867 0.362312 1.096709
v -0.143577 0.352450 1.101335
v -0.138578 0.351899 1.105798
v -0.062544 0.443315 1.084059
v -0.069355 0.449790 1.080122
v -0.096112 0.428946 1.092725
v -0.098221 0.436093 1.088805
v -0.104025 0.430700 1.092845
v -0.103915 0.449512 1.080582
v -0.108939 0.442913 1.083972
v -0.101921 0.442506 1.084801
v -0.106374 0.436973 1.088946
v -0.113421 0.430779 1.091699
v -0.078104 0.450592 1.080299
v -0.082094 0.445337 1.084475
v -0.095068 0.450343 1.080564
v -0.096638 0.444132 1.084954
v -0.088615 0.444866 1.084759
v -0.067985 0.435160 1.092551
v -0.095508 0.264325 1.112301
v -0.089721 0.257603 1.110569
v -0.087061 0.264975 1.112910
v -0.044573 0.278217 1.113652
v -0.051991 0.275069 1.115538
v -0.027593 0.305954 1.106904
v -0.150156 0.314244 1.101087
v -0.158360 0.312743 1.093717
v -0.152537 0.308364 1.098757
v -0.164378 0.314681 1.088394
v -0.164839 0.308740 1.088068
v -0.158208 0.305193 1.093624
v -0.151960 0.301878 1.098821
v -0.145246 0.298728 1.103929
v -0.106285 0.351170 1.106266
v -0.146651 0.320021 1.103897
v -0.150508 0.332563 1.098900
v -0.157467 0.333076 1.092138
v -0.166758 0.320142 1.085480
v -0.026036 0.386938 1.092240
v -0.026352 0.401794 1.084600
v -0.023806 0.408090 1.079162
v -0.026820 0.413340 1.078926
v -0.029787 0.419825 1.077896
v -0.044465 0.420662 1.089286
v -0.041566 0.426917 1.083262
v -0.048547 0.433165 1.085042
v -0.043958 0.435363 1.079090
v -0.050151 0.440178 1.080102
v -0.036637 0.430692 1.076460
v -0.117145 0.440674 1.081349
v -0.125045 0.436613 1.080016
v -0.119662 0.433897 1.085832
v -0.121336 0.427754 1.090356
v -0.055745 0.444459 1.079053
v -0.062639 0.449416 1.077614
v -0.104792 0.266348 1.111153
v -0.107007 0.273136 1.112599
v -0.112688 0.275380 1.111215
v -0.110973 0.272474 1.110695
v -0.134926 0.277817 1.102436
v -0.133659 0.269582 1.100902
v -0.114334 0.267924 1.108146
v -0.114745 0.260357 1.106099
v -0.017809 0.286720 1.097594
v -0.025466 0.286097 1.102808
v -0.041169 0.284792 1.113209
v -0.041881 0.287875 1.115198
v -0.021897 0.281062 1.099537
v -0.102525 0.271699 1.113354
v -0.106381 0.277480 1.113207
v -0.132967 0.294766 1.109141
v -0.021919 0.303910 1.101778
v -0.013531 0.291952 1.094651
v -0.016244 0.300836 1.096752
v -0.017091 0.323835 1.095713
v -0.020587 0.330698 1.097849
v -0.020427 0.317566 1.099754
v -0.024122 0.312821 1.103402
v -0.079608 0.331288 1.095722
v -0.082242 0.332523 1.084347
v -0.078363 0.338126 1.090207
v -0.082842 0.336008 1.076221
v -0.168503 0.325975 1.081975
v -0.074247 0.353785 1.086776
v -0.072986 0.361499 1.089274
v -0.018073 0.336469 1.095000
v -0.022818 0.339440 1.098565
v -0.030378 0.339583 1.104410
v -0.010454 0.379103 1.079911
v -0.079124 0.384531 1.081387
v -0.074915 0.375649 1.080487
v -0.163548 0.374527 1.077035
v -0.159197 0.381480 1.079224
v -0.151752 0.382562 1.085695
v -0.147287 0.378356 1.090708
v -0.144501 0.384569 1.091619
v -0.147349 0.391630 1.085712
v -0.139685 0.390973 1.092951
v -0.125771 0.425050 1.089457
v -0.131273 0.419887 1.087813
v -0.125796 0.418311 1.092960
v -0.148079 0.417444 1.073895
v -0.153910 0.410576 1.072242
v -0.136493 0.413443 1.086131
v -0.135712 0.405797 1.089931
v -0.119081 0.422864 1.095340
v -0.124596 0.414059 1.095667
v -0.130618 0.412435 1.091594
v -0.130287 0.407496 1.094249
v -0.124913 0.442939 1.076543
v -0.118808 0.447804 1.076454
v -0.138684 0.285863 1.103667
v -0.145593 0.290633 1.101704
v -0.150432 0.294731 1.099468
v -0.153466 0.279917 1.094168
v -0.153501 0.288657 1.096188
v -0.158560 0.283797 1.092059
v -0.007584 0.316186 1.088783
v -0.014273 0.315808 1.094312
v -0.002715 0.330851 1.083307
v -0.006187 0.339460 1.084868
v -0.080170 0.338038 1.083078
v -0.078136 0.343937 1.082133
v -0.080536 0.341420 1.075842
v -0.078404 0.347080 1.075591
v -0.171436 0.330775 1.078993
v -0.164240 0.331979 1.085269
v -0.075940 0.351887 1.079591
v -0.167991 0.337926 1.082042
v -0.172578 0.341532 1.077302
v -0.153221 0.348801 1.093318
v -0.147549 0.349596 1.098306
v -0.074348 0.381897 1.075354
v -0.072354 0.384872 1.068108
v -0.093450 0.387339 1.067407
v -0.077959 0.388345 1.073105
v -0.083089 0.393212 1.071767
v -0.077011 0.393989 1.066444
v -0.153140 0.395194 1.079104
v -0.092426 0.398472 1.058368
v -0.017177 0.406115 1.074910
v -0.003904 0.323641 1.085261
v -0.097930 0.359448 1.063981
v -0.087705 0.402225 1.054939
v -0.082368 0.402362 1.056099
v -0.083628 0.399179 1.061660
v -0.077847 0.399312 1.059122
v -0.070733 0.396526 1.057668
v -0.076736 0.353283 1.071552
v -0.076264 0.358588 1.060693
v -0.075264 0.362646 1.056240
v -0.072965 0.367988 1.056522
v -0.068991 0.376787 1.060788
v -0.096627 0.380955 1.055963
v -0.095950 0.383078 1.064797
v -0.094879 0.385871 1.059377
v -0.072702 0.388435 1.048664
v -0.069836 0.385444 1.055341
v -0.071141 0.392190 1.053461
v -0.068952 0.389303 1.060524
v -0.096025 0.384218 1.051477
v -0.094708 0.391722 1.054835
v -0.084855 0.338022 1.054876
v -0.084946 0.339148 1.056849
v -0.079425 0.347253 1.069652
v -0.082413 0.340263 1.069610
v -0.082927 0.345158 1.054048
v -0.082079 0.343955 1.062661
v -0.078426 0.351861 1.064809
v -0.077889 0.357501 1.054014
v -0.079719 0.351461 1.058099
v -0.093883 0.364728 1.046990
v -0.096148 0.372800 1.050327
v -0.094774 0.372470 1.042773
v -0.083613 0.401915 1.042237
v -0.083592 0.347242 1.045314
v -0.080983 0.352118 1.049750
v -0.084893 0.340854 1.049974
v -0.079653 0.357373 1.046427
v -0.076749 0.374141 1.037694
v -0.079442 0.367216 1.037524
v -0.075754 0.369968 1.042295
v -0.068884 0.379614 1.055913
v -0.070653 0.374405 1.055258
v -0.073240 0.375945 1.043761
v -0.072943 0.371661 1.049621
v -0.075663 0.365392 1.048954
v -0.070834 0.377209 1.050015
v -0.071790 0.381654 1.048295
v -0.085146 0.383530 1.038379
v -0.087910 0.390406 1.040076
v -0.090752 0.383769 1.038719
v -0.078604 0.381172 1.037717
v -0.082288 0.375973 1.036889
v -0.075393 0.383136 1.041610
v -0.081674 0.339409 1.038613
v -0.082360 0.341945 1.044725
v -0.082165 0.361091 1.037499
v -0.079054 0.362334 1.041360
v -0.085203 0.356296 1.037448
v -0.083132 0.370249 1.039237
v -0.089621 0.373284 1.039837
v -0.089328 0.366978 1.042507
v -0.020982 0.400692 1.080450
v -0.139029 0.293464 1.106034
v -0.035222 0.289167 1.111764
v -0.130806 0.279957 1.105445
v -0.115510 0.283034 1.111513
v -0.118963 0.288305 1.112055
v -0.123655 0.284777 1.109498
v -0.038929 0.296132 1.115464
v -0.144369 0.371539 1.094819
v -0.137624 0.344269 1.108638
v -0.146432 0.343191 1.100780
v -0.045210 0.291691 1.117718
v -0.137774 0.375864 1.098825
v -0.133485 0.395631 1.095110
v -0.140522 0.397987 1.088868
v -0.129089 0.400731 1.095907
v -0.118106 0.303756 1.118414
v -0.060617 0.294490 1.121132
v -0.060785 0.287159 1.119483
v -0.110160 0.303649 1.119575
v -0.110993 0.298069 1.117309
v -0.086806 0.291368 1.118567
v -0.087527 0.301179 1.120643
v -0.081069 0.297091 1.120306
v -0.142211 0.346083 1.103842
v -0.062076 0.262514 1.111961
v -0.064059 0.270222 1.114637
v -0.071266 0.259566 1.111239
v -0.055118 0.438569 1.085370
v -0.062184 0.436772 1.090169
v -0.055005 0.431608 1.090918
v -0.112964 0.436945 1.087178
v -0.082036 0.439718 1.088925
v -0.090085 0.438615 1.089163
v -0.039596 0.272921 1.109480
v -0.053908 0.264740 1.112215
v -0.162058 0.326361 1.088902
v -0.048681 0.426858 1.089159
v -0.107981 0.261726 1.108465
v -0.119269 0.274087 1.107925
v -0.033228 0.285415 1.108064
v -0.018099 0.309078 1.098230
v -0.075458 0.347787 1.088002
v -0.012791 0.337083 1.090556
v -0.156752 0.374563 1.083088
v -0.151170 0.373709 1.088352
v -0.155470 0.389008 1.079497
v -0.142345 0.415205 1.080148
v -0.153467 0.401797 1.076139
v -0.146994 0.275177 1.096131
v -0.011928 0.298963 1.093130
v -0.088993 0.378340 1.037295
v -0.085758 0.363053 1.039445
v -0.132026 0.287806 1.107439
v -0.037385 0.342416 1.108905
v -0.065674 0.278782 1.117383
v -0.087759 0.281588 1.116434
v -0.087497 0.273293 1.115392
v -0.093529 0.269955 1.114154
v -0.058429 0.275300 1.116223
v -0.057909 0.269197 1.114105
v -0.034450 0.423935 1.079254
v -0.121598 0.277451 1.108375
v -0.011235 0.307699 1.092388
v -0.141990 0.378956 1.095232
v -0.134849 0.402194 1.092237
v -0.168357 0.347414 1.079592
v -0.147221 0.358135 1.096413
v -0.163716 0.352702 1.082431
v -0.149218 0.365674 1.092133
v -0.154828 0.367189 1.086725
v -0.160181 0.369220 1.081417
v -0.067648 0.381918 1.062356
v -0.073875 0.394765 1.048476
v -0.124678 0.405229 1.097420
vt 0.000000 0.000000
vt 1.000000 0.000000
vt 1.000000 1.000000
vt 0.000000 0.000000
vt 1.000000 0.000000
vt 1.000000 1.000000
vt 0.000000 0.000000
vt 1.000000 0.000000
vt 1.000000 1.000000
vt 0.000000 0.000000
vt 1.000000 0.000000
vt 1.000000 1.000000
vt 0.000000 0.000000
vt 1.000000 0.000000
vt 1.000000 1.000000
vt 0.000000 0.000000
vt 1.000000 0.000000
vt 1.000000 1.000000
vt 0.000000 0.000000
vt 1.000000 0.000000
vt 1.000000 1.000000
vt 0.000000 0.000000
vt 1.000000 0.000000
vt 1.000000 1.000000
vt 0.000000 0.000000
vt 1.000000 0.000000
vt 1.000000 1.000000
vt 0.000000 0.000000
vt 1.000000 0.000000
vt 1.000000 1.000000
vt 0.000000 0.000000
vt 1.000000 0.000000
vt 1.000000 1.000000
vt 0.000000 0.000000
vt 1.000000 0.000000
vt 1.000000 1.000000
vt 0.000000 0.000000
vt 1.000000 0.000000
vt 1.000000 1.000000
vt 0.000000 0.000000
vt 1.000000 0.000000
vt 1.000000 1.000000
vt 0.000000 0.000000
vt 1.000000 0.000000
vt 1.000000 1.000000
vt 0.000000 0.000000
vt 1.000000 0.000000
vt 1.000000 1.000000
vt 0.000000 0.000000
vt 1.000000 0.000000
vt 1.000000 1.000000
vt 0.000000 0.000000
vt 1.000000 0.000000
vt 1.000000 1.000000
vt 0.000000 0.000000
vt 1.000000 0.000000
vt 1.000000 1.000000
vt 0.000000 0.000000
vt 1.000000 0.000000
vt 1.000000 1.000000
vt 0.000000 0.000000
vt 1.000000 0.000000
vt 1.000000 1.000000
vt 0.000000 0.000000
vt 1.000000 0.000000
vt 1.000000 1.000000
vt 0.000000 0.000000
vt 1.000000 0.000000
vt 1.000000 1.000000
vt 0.000000 0.000000
vt 1.000000 0.000000
vt 1.000000 1.000000
vt 0.000000 0.000000
vt 1.000000 0.000000
vt 1.000000 1.000000
vt 0.000000 0.000000
vt 1.000000 0.000000
vt 1.000000 1.000000
vt 0.000000 0.000000
vt 1.000000 0.000000
vt 1.000000 1.000000
vt 0.000000 0.000000
vt 1.000000 0.000000
vt 1.000000 1.000000
vt 0.000000 0.000000
vt 1.000000 0.000000
vt 1.000000 1.000000
vt 0.000000 0.000000
vt 1.000000 0.000000
vt 1.000000 1.000000
vt 0.000000 0.000000
vt 1.000000 0.000000
vt 1.000000 1.000000
vt 0.000000 0.000000
vt 1.000000 0.000000
vt 1.000000 1.000000
vt 0.000000 0.000000
vt 1.000000 0.000000
vt 1.000000 1.000000
vt 0.000000 0.000000
vt 1.000000 0.000000
vt 1.000000 1.000000
vt 0.000000 0.000000
vt 1.000000 0.000000
vt 1.000000 1.000000
vt 0.000000 0.000000
vt 1.000000 0.000000
vt 1.000000 1.000000
vt 0.000000 0.000000
vt 1.000000 0.000000
vt 1.000000 1.000000
vt 0.000000 0.000000
vt 1.000000 0.000000
vt 1.000000 1.000000
vt 0.000000 0.000000
vt 1.000000 0.000000
vt 1.000000 1.000000
vt 0.000000 0.000000
vt 1.000000 0.000000
vt 1.000000 1.000000
vt 0.000000 0.000000
vt 1.000000 0.000000
vt 1.000000 1.000000
vt 0.000000 0.000000
vt 1.000000 0.000000
vt 1.000000 1.000000
vt 0.000000 0.000000
vt 1.000000 0.000000
vt 1.000000 1.000000
vt 0.000000 0.000000
vt 1.000000 0.000000
vt 1.000000 1.000000
vt 0.000000 0.000000
vt 1.000000 0.000000
vt 1.000000 1.000000
vt 0.000000 0.000000
vt 1.000000 0.000000
vt 1.000000 1.000000
vt 0.000000 0.000000
vt 1.000000 0.000000
vt 1.000000 1.000000
vt 0.000000 0.000000
vt 1.000000 0.000000
vt 1.000000 1.000000
vt 0.000000 0.000000
vt 1.000000 0.000000
vt 1.000000 1.000000
vt 0.000000 0.000000
vt 1.000000 0.000000
vt 1.000000 1.000000
vt 0.000000 0.000000
vt 1.000000 0.000000
vt 1.000000 1.000000
vt 0.000000 0.000000
vt 1.000000 0.000000
vt 1.000000 1.000000
vt 0.000000 0.000000
vt 1.000000 0.000000
vt 1.000000 1.000000
vt 0.000000 0.000000
vt 1.000000 0.000000
vt 1.000000 1.000000
vt 0.000000 0.000000
vt 1.000000 0.000000
vt 1.000000 1.000000
vt 0.000000 0.000000
vt 1.000000 0.000000
vt 1.000000 1.000000
vt 0.000000 0.000000
vt 1.000000 0.000000
vt 1.000000 1.000000
vt 0.000000 0.000000
vt 1.000000 0.000000
vt 1.000000 1.000000
vt 0.000000 0.000000
vt 1.000000 0.000000
vt 1.000000 1.000000
vt 0.000000 0.000000
vt 1.000000 0.000000
vt 1.000000 1.000000
vt 0.000000 0.000000
vt 1.000000 0.000000
vt 1.000000 1.000000
vt 0.000000 0.000000
vt 1.000000 0.000000
vt 1.000000 1.000000
vt 0.000000 0.000000
vt 1.000000 0.000000
vt 1.000000 1.000000
vt 0.000000 0.000000
vt 1.000000 0.000000
vt 1.000000 1.000000
vt 0.000000 0.000000
vt 1.000000 0.000000
vt 1.000000 1.000000
vt 0.000000 0.000000
vt 1.000000 0.000000
vt 1.000000 1.000000
vt 0.000000 0.000000
vt 1.000000 0.000000
vt 1.000000 1.000000
vt 0.000000 0.000000
vt 1.000000 0.000000
vt 1.000000 1.000000
vt 0.000000 0.000000
vt 1.000000 0.000000
vt 1.000000 1.000000
vt 1.000000 0.000000
vt 1.000000 1.000000
vt 0.000000 0.000000
vt 1.000000 0.000000
vt 1.000000 1.000000
vt 0.000000 0.000000
vt 1.000000 0.000000
vt 1.000000 1.000000
vt 0.000000 0.000000
vt 1.000000 1.000000
vt 0.000000 0.000000
vt 1.000000 0.000000
vt 1.000000 1.000000
vt 0.000000 0.000000
vt 1.000000 0.000000
vt 1.000000 1.000000
vt 0.000000 0.000000
vt 1.000000 0.000000
vt 1.000000 1.000000
vt 0.000000 0.000000
vt 1.000000 0.000000
vt 1.000000 1.000000
vt 0.000000 0.000000
vt 1.000000 0.000000
vt 1.000000 1.000000
vt 1.000000 0.000000
vt 1.000000 1.000000
vt 0.000000 0.000000
vt 1.000000 0.000000
vt 1.000000 1.000000
vt 0.000000 0.000000
vt 1.000000 0.000000
vt 1.000000 1.000000
vt 0.000000 0.000000
vt 1.000000 0.000000
vt 1.000000 1.000000
vt 0.000000 0.000000
vt 1.000000 0.000000
vt 1.000000 1.000000
vt 0.000000 0.000000
vt 1.000000 0.000000
vt 1.000000 1.000000
vt 0.000000 0.000000
vt 1.000000 0.000000
vt 1.000000 1.000000
vt 0.000000 0.000000
vt 1.000000 0.000000
vt 1.000000 1.000000
vt 0.000000 0.000000
vt 1.000000 0.000000
vt 1.000000 1.000000
vt 0.000000 0.000000
vt 1.000000 0.000000
vt 1.000000 1.000000
vt 0.000000 0.000000
vt 1.000000 0.000000
vt 1.000000 1.000000
vt 0.000000 0.000000
vt 1.000000 0.000000
vt 1.000000 1.000000
vt 0.000000 0.000000
vt 1.000000 0.000000
vt 1.000000 1.000000
vt 0.000000 0.000000
vt 1.000000 0.000000
vt 1.000000 1.000000
vt 0.000000 0.000000
vt 1.000000 0.000000
vt 1.000000 1.000000
vt 0.000000 0.000000
vt 1.000000 0.000000
vt 1.000000 1.000000
vt 1.000000 0.000000
vt 1.000000 1.000000
vt 0.000000 0.000000
vt 1.000000 0.000000
vt 1.000000 1.000000
vt 0.000000 0.000000
vt 1.000000 0.000000
vt 1.000000 1.000000
vt 0.000000 0.000000
vt 1.000000 0.000000
vt 1.000000 1.000000
vt 0.000000 0.000000
vt 1.000000 0.000000
vt 1.000000 1.000000
vt 0.000000 0.000000
vt 1.000000 0.000000
vt 1.000000 1.000000
vt 1.000000 0.000000
vt 1.000000 1.000000
vt 0.000000 0.000000
vt 1.000000 0.000000
vt 1.000000 1.000000
vt 1.000000 0.000000
vt 1.000000 1.000000
vt 1.000000 0.000000
vt 1.000000 1.000000
vt 0.000000 0.000000
vt 1.000000 0.000000
vt 1.000000 1.000000
vt 0.000000 0.000000
vt 1.000000 0.000000
vt 1.000000 1.000000
vt 0.000000 0.000000
vt 1.000000 0.000000
vt 1.000000 1.000000
vt 0.000000 0.000000
vt 1.000000 0.000000
vt 1.000000 1.000000
vt 0.000000 0.000000
vt 1.000000 0.000000
vt 1.000000 1.000000
vt 0.000000 0.000000
vt 1.000000 0.000000
vt 1.000000 1.000000
vt 0.000000 0.000000
vt 1.000000 0.000000
vt 1.000000 1.000000
vt 0.000000 0.000000
vt 1.000000 0.000000
vt 1.000000 1.000000
vt 0.000000 0.000000
vt 1.000000 0.000000
vt 1.000000 1.000000
vt 0.000000 0.000000
vt 1.000000 0.000000
vt 1.000000 1.000000
vt 0.000000 0.000000
vt 1.000000 0.000000
vt 1.000000 1.000000
vt 0.000000 0.000000
vt 1.000000 0.000000
vt 1.000000 1.000000
vt 0.000000 0.000000
vt 1.000000 0.000000
vt 1.000000 1.000000
vt 1.000000 0.000000
vt 1.000000 1.000000
vt 0.000000 0.000000
vt 1.000000 0.000000
vt 1.000000 1.000000
vt 0.000000 0.000000
vt 1.000000 0.000000
vt 1.000000 1.000000
vt 0.000000 0.000000
vt 1.000000 0.000000
vt 1.000000 1.000000
vt 0.000000 0.000000
vt 1.000000 0.000000
vt 1.000000 1.000000
vt 0.000000 0.000000
vt 1.000000 0.000000
vt 1.000000 1.000000
vt 0.000000 0.000000
vt 1.000000 0.000000
vt 1.000000 1.000000
vt 0.000000 0.000000
vt 1.000000 0.000000
vt 1.000000 1.000000
vt 0.000000 0.000000
vt 1.000000 0.000000
vt 1.000000 1.000000
vt 0.000000 0.000000
vt 1.000000 0.000000
vt 1.000000 1.000000
vt 0.000000 0.000000
vt 1.000000 0.000000
vt 1.000000 1.000000
vt 0.000000 0.000000
vt 1.000000 0.000000
vt 1.000000 1.000000
vt 0.000000 0.000000
vt 1.000000 0.000000
vt 1.000000 1.000000
vt 0.000000 0.000000
vt 1.000000 0.000000
vt 1.000000 1.000000
vt 0.000000 0.000000
vt 1.000000 0.000000
vt 1.000000 1.000000
vt 0.000000 0.000000
vt 1.000000 0.000000
vt 1.000000 1.000000
vt 0.000000 0.000000
vt 1.000000 0.000000
vt 1.000000 1.000000
vt 0.000000 0.000000
vt 1.000000 0.000000
vt 1.000000 1.000000
vt 0.000000 0.000000
vt 1.000000 1.000000
vt 1.000000 0.000000
vt 1.000000 1.000000
vt 0.000000 0.000000
vt 1.000000 0.000000
vt 1.000000 1.000000
vt 0.000000 0.000000
vt 1.000000 0.000000
vt 1.000000 1.000000
vt 0.000000 0.000000
vt 1.000000 0.000000
vt 1.000000 1.000000
vt 0.000000 0.000000
vt 1.000000 0.000000
vt 1.000000 1.000000
vt 0.000000 0.000000
vt 1.000000 0.000000
vt 1.000000 1.000000
vt 0.000000 0.000000
vt 1.000000 0.000000
vt 1.000000 1.000000
vt 0.000000 0.000000
vt 1.000000 0.000000
vt 1.000000 1.000000
vt 0.000000 0.000000
vt 1.000000 0.000000
vt 1.000000 1.000000
vt 0.000000 0.000000
vt 1.000000 0.000000
vt 1.000000 1.000000
vt 0.000000 0.000000
vt 1.000000 0.000000
vt 0.000000 0.000000
vt 1.000000 0.000000
vt 0.000000 0.000000
vt 1.000000 0.000000
vt 0.000000 0.000000
vt 1.000000 1.000000
vt 0.000000 0.000000
vt 1.000000 0.000000
vt 1.000000 1.000000
vt 0.000000 0.000000
vt 1.000000 0.000000
vt 1.000000 1.000000
vt 0.000000 0.000000
vt 1.000000 0.000000
vt 1.000000 1.000000
vt 0.000000 0.000000
vt 1.000000 0.000000
vt 1.000000 1.000000
vt 0.000000 0.000000
vt 1.000000 0.000000
vt 1.000000 1.000000
vt 0.000000 0.000000
vt 1.000000 0.000000
vt 1.000000 1.000000
vt 0.000000 0.000000
vt 1.000000 0.000000
vt 1.000000 1.000000
vt 0.000000 0.000000
vt 1.000000 0.000000
vt 1.000000 1.000000
vt 0.000000 0.000000
vt 1.000000 0.000000
vt 1.000000 1.000000
vt 0.000000 0.000000
vt 1.000000 0.000000
vt 1.000000 1.000000
vt 0.000000 0.000000
vt 1.000000 0.000000
vt 1.000000 1.000000
vt 0.000000 0.000000
vt 1.000000 0.000000
vt 1.000000 1.000000
vt 0.000000 0.000000
vt 1.000000 0.000000
vt 1.000000 1.000000
vt 0.000000 0.000000
vt 1.000000 1.000000
vt 1.000000 0.000000
vt 1.000000 1.000000
vt 0.000000 0.000000
vt 1.000000 0.000000
vt 1.000000 1.000000
vt 0.000000 0.000000
vt 1.000000 0.000000
vt 1.000000 1.000000
vt 0.000000 0.000000
vt 1.000000 0.000000
vt 1.000000 1.000000
vt 0.000000 0.000000
vt 1.000000 0.000000
vt 1.000000 1.000000
vt 0.000000 0.000000
vt 1.000000 0.000000
vt 1.000000 1.000000
vt 0.000000 0.000000
vt 1.000000 0.000000
vt 1.000000 1.000000
vt 0.000000 0.000000
vt 1.000000 0.000000
vt 1.000000 1.000000
vt 0.000000 0.000000
vt 1.000000 0.000000
vt 1.000000 1.000000
vt 0.000000 0.000000
vt 1.000000 0.000000
vt 1.000000 1.000000
vt 0.000000 0.000000
vt 1.000000 0.000000
vt 1.000000 1.000000
vt 0.000000 0.000000
vt 1.000000 0.000000
vt 1.000000 1.000000
vt 0.000000 0.000000
vt 1.000000 0.000000
vt 1.000000 1.000000
vt 0.000000 0.000000
vt 1.000000 0.000000
vt 1.000000 1.000000
vt 0.000000 0.000000
vt 1.000000 0.000000
vt 1.000000 1.000000
vt 0.000000 0.000000
vt 1.000000 0.000000
vt 1.000000 1.000000
vt 0.000000 0.000000
vt 1.000000 0.000000
vt 1.000000 1.000000
vt 0.000000 0.000000
vt 1.000000 0.000000
vt 1.000000 1.000000
vt 0.000000 0.000000
vt 1.000000 0.000000
vt 1.000000 1.000000
vt 0.000000 0.000000
vt 1.000000 0.000000
vt 1.000000 1.000000
vt 0.000000 0.000000
vt 1.000000 0.000000
vt 1.000000 1.000000
vt 0.000000 0.000000
vt 1.000000 0.000000
vt 1.000000 1.000000
vt 0.000000 0.000000
vt 1.000000 0.000000
vt 1.000000 1.000000
vt 0.000000 0.000000
vt 1.000000 0.000000
vt 1.000000 1.000000
vt 0.000000 0.000000
vt 1.000000 0.000000
vt 1.000000 1.000000
vt 0.000000 0.000000
vt 1.000000 0.000000
vt 1.000000 1.000000
vt 0.000000 0.000000
vt 1.000000 0.000000
vt 1.000000 1.000000
vt 0.000000 0.000000
vt 1.000000 0.000000
vt 1.000000 1.000000
vt 0.000000 0.000000
vt 1.000000 0.000000
vt 1.000000 1.000000
vt 1.000000 0.000000
vt 1.000000 1.000000
vt 0.000000 0.000000
vt 1.000000 0.000000
vt 1.000000 1.000000
vt 0.000000 0.000000
vt 1.000000 0.000000
vt 1.000000 1.000000
vt 0.000000 0.000000
vt 1.000000 1.000000
vt 0.000000 0.000000
vt 1.000000 0.000000
vt 1.000000 1.000000
vt 0.000000 0.000000
vt 1.000000 0.000000
vt 1.000000 1.000000
vt 0.000000 0.000000
vt 1.000000 0.000000
vt 1.000000 1.000000
vt 0.000000 0.000000
vt 1.000000 0.000000
vt 1.000000 1.000000
vt 0.000000 0.000000
vt 1.000000 0.000000
vt 1.000000 1.000000
vt 0.000000 0.000000
vt 1.000000 0.000000
vt 1.000000 1.000000
vt 0.000000 0.000000
vt 1.000000 0.000000
vt 1.000000 1.000000
vt 0.000000 0.000000
vt 1.000000 0.000000
vt 1.000000 1.000000
vt 0.000000 0.000000
vt 1.000000 0.000000
vt 1.000000 1.000000
vt 0.000000 0.000000
vt 1.000000 0.000000
vt 1.000000 1.000000
vt 0.000000 0.000000
vt 1.000000 0.000000
vt 1.000000 1.000000
vt 0.000000 0.000000
vt 1.000000 0.000000
vt 1.000000 1.000000
vt 0.000000 0.000000
vt 1.000000 0.000000
vt 1.000000 1.000000
vt 0.000000 0.000000
vt 1.000000 0.000000
vt 1.000000 1.000000
vt 0.000000 0.000000
vt 1.000000 0.000000
vt 1.000000 1.000000
vt 0.000000 0.000000
vt 1.000000 0.000000
vt 1.000000 1.000000
vt 0.000000 0.000000
vt 1.000000 0.000000
vt 1.000000 1.000000
vt 0.000000 0.000000
vt 1.000000 0.000000
vt 1.000000 1.000000
vt 0.000000 0.000000
vt 1.000000 0.000000
vt 1.000000 1.000000
vt 0.000000 0.000000
vt 1.000000 0.000000
vt 1.000000 1.000000
vt 0.000000 0.000000
vt 1.000000 0.000000
vt 1.000000 1.000000
vt 0.000000 0.000000
vt 1.000000 0.000000
vt 1.000000 1.000000
vt 0.000000 0.000000
vt 1.000000 0.000000
vt 1.000000 1.000000
vt 0.000000 0.000000
vt 1.000000 0.000000
vt 1.000000 1.000000
vt 0.000000 0.000000
vt 1.000000 0.000000
vt 1.000000 1.000000
vt 0.000000 0.000000
vt 1.000000 0.000000
vt 1.000000 1.000000
vt 0.000000 0.000000
vt 1.000000 0.000000
vt 1.000000 1.000000
vt 1.000000 0.000000
vt 1.000000 1.000000
vt 0.000000 0.000000
vt 1.000000 0.000000
vt 1.000000 1.000000
vt 0.000000 0.000000
vt 1.000000 0.000000
vt 1.000000 1.000000
vt 0.000000 0.000000
vt 1.000000 0.000000
vt 1.000000 1.000000
vt 0.000000 0.000000
vt 1.000000 0.000000
vt 1.000000 1.000000
vt 0.000000 0.000000
vt 1.000000 0.000000
vt 1.000000 1.000000
vt 0.000000 0.000000
vt 1.000000 0.000000
vt 1.000000 1.000000
vt 0.000000 0.000000
vt 1.000000 0.000000
vt 1.000000 1.000000
vt 0.000000 0.000000
vt 1.000000 0.000000
vt 1.000000 1.000000
vt 0.000000 0.000000
vt 1.000000 0.000000
vt 1.000000 1.000000
vt 0.000000 0.000000
vt 1.000000 0.000000
vt 1.000000 1.000000
vt 0.000000 0.000000
vt 1.000000 0.000000
vt 0.000000 0.000000
vt 1.000000 0.000000
vt 0.000000 0.000000
vt 1.000000 0.000000
vt 1.000000 1.000000
vt 0.000000 0.000000
vt 1.000000 0.000000
vt 1.000000 1.000000
vt 0.000000 0.000000
vt 1.000000 0.000000
vt 1.000000 1.000000
vt 0.000000 0.000000
vt 1.000000 0.000000
vt 1.000000 1.000000
vt 0.000000 0.000000
vt 1.000000 0.000000
vt 1.000000 1.000000
vt 0.000000 0.000000
vt 1.000000 0.000000
vt 1.000000 1.000000
vt 0.000000 0.000000
vt 1.000000 0.000000
vt 1.000000 1.000000
vt 0.000000 0.000000
vt 1.000000 0.000000
vt 1.000000 1.000000
vt 0.000000 0.000000
vt 1.000000 1.000000
vt 0.000000 0.000000
vt 1.000000 0.000000
vt 1.000000 1.000000
vt 0.000000 0.000000
vt 1.000000 0.000000
vt 1.000000 1.000000
vt 0.000000 0.000000
vt 1.000000 0.000000
vt 1.000000 1.000000
vt 0.000000 0.000000
vt 1.000000 0.000000
vt 1.000000 1.000000
vt 0.000000 0.000000
vt 1.000000 0.000000
vt 0.000000 0.000000
vt 1.000000 0.000000
vt 1.000000 1.000000
vt 0.000000 0.000000
vt 1.000000 0.000000
vt 1.000000 1.000000
vt 0.000000 0.000000
vt 1.000000 0.000000
vt 1.000000 1.000000
vt 1.000000 0.000000
vt 1.000000 1.000000
vt 1.000000 1.000000
vt 0.000000 0.000000
vt 0.000000 0.000000
vt 1.000000 0.000000
vt 1.000000 1.000000
vt 0.000000 0.000000
vt 1.000000 0.000000
vt 1.000000 1.000000
vt 0.000000 0.000000
vt 1.000000 0.000000
vt 1.000000 1.000000
vt 0.000000 0.000000
vt 1.000000 0.000000
vt 1.000000 1.000000
vt 0.000000 0.000000
vt 1.000000 0.000000
vt 1.000000 1.000000
vt 0.000000 0.000000
vt 1.000000 0.000000
vt 1.000000 1.000000
vt 0.000000 0.000000
vt 1.000000 0.000000
vt 1.000000 1.000000
vt 0.000000 0.000000
vt 1.000000 0.000000
vt 1.000000 1.000000
vt 0.000000 0.000000
vt 1.000000 0.000000
vt 1.000000 1.000000
vt 0.000000 0.000000
vt 1.000000 0.000000
vt 1.000000 1.000000
vt 0.000000 0.000000
vt 1.000000 0.000000
vt 1.000000 1.000000
vt 0.000000 0.000000
vt 1.000000 0.000000
vt 1.000000 1.000000
vt 0.000000 0.000000
vt 1.000000 0.000000
vt 1.000000 1.000000
vt 0.000000 0.000000
vt 1.000000 0.000000
vt 1.000000 1.000000
vt 0.000000 0.000000
vt 1.000000 0.000000
vt 1.000000 1.000000
vt 0.000000 0.000000
vt 1.000000 0.000000
vt 1.000000 1.000000
vt 0.000000 0.000000
vt 1.000000 0.000000
vt 1.000000 1.000000
vt 0.000000 0.000000
vt 1.000000 0.000000
vt 1.000000 1.000000
vt 0.000000 0.000000
vt 1.000000 0.000000
vt 1.000000 1.000000
vt 0.000000 0.000000
vt 1.000000 0.000000
vt 1.000000 1.000000
vt 0.000000 0.000000
vt 1.000000 0.000000
vt 1.000000 1.000000
vt 0.000000 0.000000
vt 1.000000 0.000000
vt 1.000000 1.000000
vt 0.000000 0.000000
vt 1.000000 0.000000
vt 1.000000 1.000000
vt 0.000000 0.000000
vt 1.000000 0.000000
vt 1.000000 1.000000
vt 0.000000 0.000000
vt 1.000000 0.000000
vt 1.000000 1.000000
vt 0.000000 0.000000
vt 1.000000 0.000000
vt 1.000000 1.000000
vt 0.000000 0.000000
vt 1.000000 0.000000
vt 0.000000 0.000000
vt 1.000000 0.000000
vt 1.000000 1.000000
vt 0.000000 0.000000
vt 1.000000 0.000000
vt 1.000000 1.000000
vt 0.000000 0.000000
vt 1.000000 0.000000
vt 1.000000 1.000000
vt 0.000000 0.000000
vt 1.000000 1.000000
vt 0.000000 0.000000
vt 1.000000 0.000000
vt 1.000000 1.000000
vt 0.000000 0.000000
vt 1.000000 0.000000
vt 1.000000 1.000000
vt 1.000000 0.000000
vt 1.000000 1.000000
vt 0.000000 0.000000
vt 1.000000 0.000000
vt 1.000000 1.000000
vt 0.000000 0.000000
vt 1.000000 0.000000
vt 0.000000 0.000000
vt 1.000000 1.000000
vt 0.000000 0.000000
vt 1.000000 0.000000
vt 0.000000 0.000000
vt 1.000000 0.000000
vt 1.000000 1.000000
vt 0.000000 0.000000
vt 1.000000 0.000000
vt 1.000000 1.000000
vt 0.000000 0.000000
vt 1.000000 0.000000
vt 1.000000 1.000000
vt 0.000000 0.000000
vt 1.000000 0.000000
vt 1.000000 1.000000
vt 0.000000 0.000000
vt 1.000000 0.000000
vt 1.000000 1.000000
vt 0.000000 0.000000
vt 1.000000 0.000000
vt 1.000000 1.000000
vt 0.000000 0.000000
vt 1.000000 0.000000
vt 1.000000 1.000000
vt 0.000000 0.000000
vt 1.000000 0.000000
vt 1.000000 1.000000
vt 0.000000 0.000000
vt 1.000000 0.000000
vt 1.000000 1.000000
vt 0.000000 0.000000
vt 1.000000 0.000000
vt 1.000000 1.000000
vt 0.000000 0.000000
vt 1.000000 0.000000
vt 1.000000 1.000000
vt 0.000000 0.000000
vt 1.000000 0.000000
vt 1.000000 1.000000
vt 0.000000 0.000000
vt 1.000000 0.000000
vt 1.000000 1.000000
vt 0.000000 0.000000
vt 1.000000 0.000000
vt 1.000000 1.000000
vt 0.000000 0.000000
vt 1.000000 0.000000
vt 1.000000 1.000000
vt 0.000000 0.000000
vt 1.000000 0.000000
vt 1.000000 1.000000
vt 0.000000 0.000000
vt 1.000000 0.000000
vt 1.000000 1.000000
vt 0.000000 0.000000
vt 1.000000 0.000000
vt 1.000000 1.000000
vt 0.000000 0.000000
vt 1.000000 0.000000
vt 1.000000 1.000000
vt 0.000000 0.000000
vt 1.000000 0.000000
vt 1.000000 1.000000
vt 0.000000 0.000000
vt 1.000000 0.000000
vt 1.000000 1.000000
vt 0.000000 0.000000
vt 1.000000 0.000000
vt 1.000000 1.000000
vt 0.000000 0.000000
vt 1.000000 0.000000
vt 1.000000 1.000000
vt 0.000000 0.000000
vt 1.000000 0.000000
vt 1.000000 1.000000
vt 0.000000 0.000000
vt 1.000000 0.000000
vt 1.000000 1.000000
vt 0.000000 0.000000
vt 1.000000 0.000000
vt 1.000000 1.000000
vt 0.000000 0.000000
vt 1.000000 0.000000
vt 1.000000 1.000000
vt 0.000000 0.000000
vt 1.000000 0.000000
vt 1.000000 1.000000
vt 0.000000 0.000000
vt 1.000000 0.000000
vt 1.000000 1.000000
vt 0.000000 0.000000
vt 1.000000 0.000000
vt 1.000000 1.000000
vt 0.000000 0.000000
vt 1.000000 0.000000
vt 1.000000 1.000000
vt 0.000000 0.000000
vt 1.000000 0.000000
vt 1.000000 1.000000
vt 0.000000 0.000000
vt 1.000000 0.000000
vt 1.000000 1.000000
vt 0.000000 0.000000
vt 1.000000 0.000000
vt 1.000000 1.000000
vt 0.000000 0.000000
vt 1.000000 0.000000
vt 1.000000 1.000000
vt 0.000000 0.000000
vt 1.000000 0.000000
vt 1.000000 1.000000
vt 0.000000 0.000000
vt 1.000000 0.000000
vt 1.000000 1.000000
vt 0.000000 0.000000
vt 1.000000 0.000000
vt 1.000000 1.000000
vt 0.000000 0.000000
vt 1.000000 0.000000
vt 1.000000 1.000000
vt 0.000000 0.000000
vt 1.000000 0.000000
vt 1.000000 1.000000
vt 0.000000 0.000000
vt 1.000000 0.000000
vt 1.000000 1.000000
vt 0.000000 0.000000
vt 1.000000 0.000000
vt 1.000000 1.000000
vt 0.000000 0.000000
vt 1.000000 0.000000
vt 1.000000 1.000000
vt 0.000000 0.000000
vt 1.000000 0.000000
vt 1.000000 1.000000
vt 0.000000 0.000000
vt 1.000000 0.000000
vt 1.000000 1.000000
vt 0.000000 0.000000
vt 1.000000 0.000000
vt 1.000000 1.000000
vt 0.000000 0.000000
vt 1.000000 0.000000
vt 1.000000 1.000000
vt 1.000000 0.000000
vt 1.000000 1.000000
vt 0.000000 0.000000
vt 1.000000 0.000000
vt 1.000000 1.000000
vt 0.000000 0.000000
vt 1.000000 0.000000
vt 1.000000 1.000000
vt 0.000000 0.000000
vt 1.000000 0.000000
vt 1.000000 1.000000
vt 0.000000 0.000000
vt 1.000000 1.000000
vt 0.000000 0.000000
vt 1.000000 0.000000
vt 1.000000 1.000000
vt 0.000000 0.000000
vt 1.000000 0.000000
vt 1.000000 1.000000
vt 0.000000 0.000000
vt 1.000000 0.000000
vt 1.000000 1.000000
vt 0.000000 0.000000
vt 1.000000 0.000000
vt 1.000000 1.000000
vt 0.000000 0.000000
vt 1.000000 1.000000
vt 0.000000 0.000000
vt 1.000000 0.000000
vt 1.000000 1.000000
vt 0.000000 0.000000
vt 1.000000 0.000000
vt 0.000000 0.000000
vt 1.000000 0.000000
vt 1.000000 1.000000
vt 0.000000 0.000000
vt 1.000000 0.000000
vt 0.000000 0.000000
vt 1.000000 0.000000
vt 1.000000 1.000000
vt 0.000000 0.000000
vt 1.000000 0.000000
vt 1.000000 1.000000
vt 0.000000 0.000000
vt 1.000000 0.000000
vt 1.000000 1.000000
vt 0.000000 0.000000
vt 1.000000 0.000000
vt 1.000000 1.000000
vt 0.000000 0.000000
vt 1.000000 0.000000
vt 1.000000 1.000000
vt 0.000000 0.000000
vt 1.000000 0.000000
vt 1.000000 1.000000
vt 0.000000 0.000000
vt 1.000000 0.000000
vt 1.000000 1.000000
vt 1.000000 0.000000
vt 1.000000 1.000000
vt 0.000000 0.000000
vt 1.000000 0.000000
vt 1.000000 1.000000
vt 0.000000 0.000000
vt 1.000000 0.000000
vt 1.000000 1.000000
vt 0.000000 0.000000
vt 1.000000 0.000000
vt 1.000000 1.000000
vt 0.000000 0.000000
vt 1.000000 0.000000
vt 1.000000 1.000000
vt 1.000000 0.000000
vt 1.000000 0.000000
vt 1.000000 1.000000
vt 0.000000 0.000000
vt 1.000000 0.000000
vt 1.000000 1.000000
vt 1.000000 0.000000
vt 1.000000 0.000000
vt 1.000000 1.000000
vt 1.000000 1.000000
vt 0.000000 0.000000
vt 1.000000 0.000000
vt 1.000000 1.000000
vt 0.000000 0.000000
vt 1.000000 0.000000
vt 1.000000 1.000000
vt 0.000000 0.000000
vt 1.000000 0.000000
vt 1.000000 1.000000
vt 0.000000 0.000000
vt 1.000000 0.000000
vt 1.000000 1.000000
vt 0.000000 0.000000
vt 1.000000 0.000000
vt 1.000000 1.000000
vt 0.000000 0.000000
vt 1.000000 0.000000
vt 1.000000 0.000000
vt 1.000000 1.000000
vt 0.000000 0.000000
vt 1.000000 0.000000
vt 1.000000 1.000000
vt 1.000000 0.000000
vt 1.000000 1.000000
vt 0.000000 0.000000
vt 1.000000 0.000000
vt 0.000000 0.000000
vt 1.000000 1.000000
vt 0.000000 0.000000
vt 1.000000 0.000000
vt 1.000000 1.000000
vt 0.000000 0.000000
vt 1.000000 0.000000
vt 1.000000 1.000000
vt 0.000000 0.000000
vt 1.000000 0.000000
vt 1.000000 1.000000
vt 0.000000 0.000000
vt 1.000000 0.000000
vt 0.000000 0.000000
vt 1.000000 0.000000
vt 1.000000 1.000000
vt 0.000000 0.000000
vt 1.000000 0.000000
vt 1.000000 1.000000
vt 0.000000 0.000000
vt 1.000000 0.000000
vt 0.000000 0.000000
vt 1.000000 0.000000
vt 1.000000 1.000000
vt 0.000000 0.000000
vt 1.000000 0.000000
vt 1.000000 1.000000
vt 0.000000 0.000000
vt 1.000000 0.000000
vt 1.000000 1.000000
vt 0.000000 0.000000
vt 1.000000 0.000000
vt 1.000000 1.000000
vt 0.000000 0.000000
vt 1.000000 0.000000
vt 0.000000 0.000000
vt 1.000000 0.000000
vt 1.000000 1.000000
vt 0.000000 0.000000
vt 1.000000 0.000000
vt 1.000000 1.000000
vt 0.000000 0.000000
vt 1.000000 0.000000
vt 1.000000 1.000000
vt 0.000000 0.000000
vt 1.000000 0.000000
vt 1.000000 1.000000
vt 0.000000 0.000000
vt 1.000000 0.000000
vt 1.000000 1.000000
vt 0.000000 0.000000
vt 1.000000 0.000000
vt 1.000000 1.000000
vt 0.000000 0.000000
vt 1.000000 0.000000
vt 1.000000 1.000000
vt 0.000000 0.000000
vt 1.000000 0.000000
vt 1.000000 1.000000
vt 0.000000 0.000000
vt 1.000000 0.000000
vt 1.000000 1.000000
vt 0.000000 0.000000
vt 1.000000 0.000000
vt 1.000000 1.000000
vt 0.000000 0.000000
vt 1.000000 0.000000
vt 1.000000 1.000000
vt 0.000000 0.000000
vt 1.000000 0.000000
vt 1.000000 1.000000
vt 0.000000 0.000000
vt 1.000000 0.000000
vt 1.000000 1.000000
vt 0.000000 0.000000
vt 1.000000 0.000000
vt 1.000000 1.000000
vt 0.000000 0.000000
vt 1.000000 0.000000
vt 1.000000 1.000000
vt 0.000000 0.000000
vt 1.000000 0.000000
vt 1.000000 1.000000
vt 0.000000 0.000000
vt 1.000000 0.000000
vt 1.000000 1.000000
vt 0.000000 0.000000
vt 1.000000 0.000000
vt 1.000000 1.000000
vt 0.000000 0.000000
vt 1.000000 0.000000
vt 1.000000 1.000000
vt 0.000000 0.000000
vt 1.000000 0.000000
vt 1.000000 1.000000
vt 0.000000 0.000000
vt 1.000000 0.000000
vt 1.000000 1.000000
vt 0.000000 0.000000
vt 1.000000 0.000000
vt 1.000000 1.000000
vt 0.000000 0.000000
vt 1.000000 0.000000
vt 1.000000 1.000000
vt 0.000000 0.000000
vt 1.000000 0.000000
vt 1.000000 1.000000
vt 0.000000 0.000000
vt 1.000000 0.000000
vt 1.000000 1.000000
vt 0.000000 0.000000
vt 1.000000 0.000000
vt 1.000000 1.000000
vt 0.000000 0.000000
vt 1.000000 0.000000
vt 1.000000 1.000000
vt 0.000000 0.000000
vt 1.000000 0.000000
vt 0.000000 0.000000
vt 1.000000 0.000000
vt 0.000000 0.000000
vt 1.000000 0.000000
vt 1.000000 1.000000
vt 0.000000 0.000000
vt 1.000000 1.000000
vt 0.000000 0.000000
vt 1.000000 0.000000
vt 0.000000 0.000000
vt 1.000000 1.000000
vt 0.000000 0.000000
vt 1.000000 1.000000
vt 0.000000 0.000000
vt 0.000000 0.000000
vt 1.000000 0.000000
vt 1.000000 1.000000
vt 0.000000 0.000000
vt 1.000000 0.000000
vt 1.000000 1.000000
vt 0.000000 0.000000
vt 1.000000 0.000000
vt 1.000000 1.000000
vt 1.000000 1.000000
vt 0.000000 0.000000
vt 1.000000 1.000000
vt 0.000000 0.000000
vt 1.000000 0.000000
vt 1.000000 1.000000
vt 0.000000 0.000000
vt 1.000000 0.000000
vt 1.000000 1.000000
vt 0.000000 0.000000
vt 1.000000 0.000000
vt 1.000000 1.000000
vt 0.000000 0.000000
vt 1.000000 0.000000
vt 1.000000 1.000000
vt 0.000000 0.000000
vt 1.000000 0.000000
vt 1.000000 1.000000
vt 0.000000 0.000000
vt 1.000000 0.000000
vt 1.000000 1.000000
vt 0.000000 0.000000
vt 1.000000 0.000000
vt 1.000000 1.000000
vt 0.000000 0.000000
vt 1.000000 0.000000
vt 1.000000 1.000000
vt 0.000000 0.000000
vt 1.000000 0.000000
vt 1.000000 1.000000
vt 0.000000 0.000000
vt 1.000000 0.000000
vt 1.000000 1.000000
vt 0.000000 0.000000
vt 1.000000 0.000000
vt 1.000000 1.000000
vt 0.000000 0.000000
vt 1.000000 0.000000
vt 0.000000 0.000000
vt 1.000000 0.000000
vt 1.000000 1.000000
vt 0.000000 0.000000
vt 1.000000 0.000000
vt 1.000000 1.000000
vt 0.000000 0.000000
vt 1.000000 0.000000
vt 1.000000 1.000000
vt 0.000000 0.000000
vt 1.000000 0.000000
vt 1.000000 1.000000
vt 0.000000 0.000000
vt 1.000000 0.000000
vt 1.000000 1.000000
vt 0.000000 0.000000
vt 1.000000 0.000000
vt 1.000000 1.000000
vt 0.000000 0.000000
vt 1.000000 0.000000
vt 1.000000 1.000000
vt 0.000000 0.000000
vt 1.000000 0.000000
vt 0.000000 0.000000
vt 0.000000 0.000000
vt 1.000000 0.000000
vt 1.000000 1.000000
vt 0.000000 0.000000
vt 1.000000 0.000000
vt 1.000000 1.000000
vt 0.000000 0.000000
vt 1.000000 1.000000
vt 0.000000 0.000000
vt 1.000000 0.000000
vt 1.000000 1.000000
vt 0.000000 0.000000
vt 1.000000 0.000000
vt 1.000000 1.000000
vt 0.000000 0.000000
vt 1.000000 0.000000
vt 1.000000 1.000000
vt 0.000000 0.000000
vt 1.000000 0.000000
vt 1.000000 1.000000
vt 0.000000 0.000000
vt 1.000000 1.000000
vt 0.000000 0.000000
vt 1.000000 0.000000
vt 1.000000 0.000000
vt 1.000000 1.000000
vt 0.000000 0.000000
vt 1.000000 0.000000
vt 1.000000 1.000000
vt 0.000000 0.000000
vt 1.000000 0.000000
vt 1.000000 1.000000
vt 0.000000 0.000000
vt 1.000000 0.000000
vt 1.000000 1.000000
vt 1.000000 1.000000
vt 0.000000 0.000000
vt 1.000000 0.000000
vt 1.000000 1.000000
vt 0.000000 0.000000
vt 1.000000 0.000000
vt 1.000000 1.000000
vt 0.000000 0.000000
vt 1.000000 0.000000
vt 1.000000 1.000000
vt 0.000000 0.000000
vt 1.000000 0.000000
vt 1.000000 1.000000
vt 0.000000 0.000000
vt 1.000000 0.000000
vt 1.000000 1.000000
vt 0.000000 0.000000
vt 1.000000 0.000000
vt 1.000000 1.000000
vt 0.000000 0.000000
vt 1.000000 0.000000
vt 1.000000 1.000000
vt 0.000000 0.000000
vt 1.000000 0.000000
vt 1.000000 1.000000
vt 0.000000 0.000000
vt 1.000000 0.000000
vt 0.000000 0.000000
vt 1.000000 0.000000
vt 1.000000 1.000000
vt 0.000000 0.000000
vt 1.000000 0.000000
vt 1.000000 1.000000
vt 0.000000 0.000000
vt 1.000000 0.000000
vt 1.000000 1.000000
vt 0.000000 0.000000
vt 1.000000 0.000000
vt 1.000000 1.000000
vt 0.000000 0.000000
vt 1.000000 0.000000
vt 1.000000 1.000000
vt 0.000000 0.000000
vt 1.000000 0.000000
vt 1.000000 1.000000
vt 0.000000 0.000000
vt 1.000000 0.000000
vt 1.000000 1.000000
vt 0.000000 0.000000
vt 1.000000 0.000000
vt 1.000000 1.000000
vt 0.000000 0.000000
vt 1.000000 0.000000
vt 1.000000 1.000000
vt 0.000000 0.000000
vt 1.000000 0.000000
vt 1.000000 1.000000
vt 0.000000 0.000000
vt 1.000000 0.000000
vt 1.000000 1.000000
vt 0.000000 0.000000
vt 1.000000 0.000000
vt 1.000000 1.000000
vt 0.000000 0.000000
vt 1.000000 0.000000
vt 1.000000 1.000000
vt 1.000000 0.000000
vt 0.000000 0.000000
vt 1.000000 1.000000
vt 1.000000 0.000000
vt 1.000000 1.000000
vt 0.000000 0.000000
vt 1.000000 0.000000
vt 1.000000 1.000000
vt 0.000000 0.000000
vt 1.000000 0.000000
vt 1.000000 1.000000
vt 0.000000 0.000000
vt 1.000000 0.000000
vt 1.000000 1.000000
vt 0.000000 0.000000
vt 1.000000 0.000000
vt 1.000000 1.000000
vt 0.000000 0.000000
vt 1.000000 0.000000
vt 1.000000 1.000000
vt 0.000000 0.000000
vt 1.000000 0.000000
vt 1.000000 1.000000
vt 0.000000 0.000000
vt 1.000000 0.000000
vt 1.000000 1.000000
vt 0.000000 0.000000
vt 1.000000 0.000000
vt 1.000000 1.000000
vt 0.000000 0.000000
vt 1.000000 0.000000
vt 1.000000 1.000000
vt 0.000000 0.000000
vt 1.000000 0.000000
vt 1.000000 1.000000
vt 1.000000 0.000000
vt 1.000000 1.000000
vt 0.000000 0.000000
vt 1.000000 1.000000
vt 0.000000 0.000000
vt 1.000000 1.000000
vt 0.000000 0.000000
vt 1.000000 1.000000
vt 0.000000 0.000000
vt 1.000000 0.000000
vt 1.000000 1.000000
vt 1.000000 0.000000
vt 1.000000 1.000000
vt 0.000000 0.000000
vt 1.000000 0.000000
vt 1.000000 1.000000
vt 0.000000 0.000000
vt 1.000000 0.000000
vt 1.000000 1.000000
vt 0.000000 0.000000
vt 1.000000 0.000000
vt 1.000000 1.000000
vt 0.000000 0.000000
vt 1.000000 0.000000
vt 1.000000 1.000000
vt 0.000000 0.000000
vt 1.000000 0.000000
vt 1.000000 1.000000
vt 0.000000 0.000000
vt 1.000000 0.000000
vt 1.000000 1.000000
vt 0.000000 0.000000
vt 1.000000 0.000000
vt 1.000000 1.000000
vt 0.000000 0.000000
vt 1.000000 0.000000
vt 1.000000 1.000000
vt 1.000000 0.000000
vt 0.000000 0.000000
vt 1.000000 0.000000
vt 1.000000 1.000000
vt 0.000000 0.000000
vt 1.000000 0.000000
vt 1.000000 1.000000
vt 1.000000 0.000000
vt 1.000000 1.000000
vt 0.000000 0.000000
vt 1.000000 0.000000
vt 1.000000 0.000000
vt 1.000000 1.000000
vt 0.000000 0.000000
vt 1.000000 0.000000
vt 1.000000 1.000000
vt 0.000000 0.000000
vt 1.000000 1.000000
vt 1.000000 0.000000
vt 1.000000 1.000000
vt 0.000000 0.000000
vt 1.000000 0.000000
vt 0.000000 0.000000
vt 1.000000 1.000000
vt 1.000000 0.000000
vt 1.000000 1.000000
vt 0.000000 0.000000
vt 1.000000 0.000000
vt 1.000000 1.000000
vt 1.000000 0.000000
vt 1.000000 1.000000
vt 0.000000 0.000000
vt 1.000000 0.000000
vt 0.000000 0.000000
vt 1.000000 0.000000
vt 0.000000 0.000000
vt 1.000000 0.000000
vt 1.000000 1.000000
vt 0.000000 0.000000
vt 1.000000 0.000000
vt 1.000000 1.000000
vt 0.000000 0.000000
vt 1.000000 0.000000
vt 1.000000 1.000000
vt 0.000000 0.000000
vt 1.000000 1.000000
vt 0.000000 0.000000
vt 1.000000 1.000000
vt 0.000000 0.000000
vt 1.000000 0.000000
vt 1.000000 1.000000
vt 0.000000 0.000000
vt 1.000000 0.000000
vt 1.000000 1.000000
vt 0.000000 0.000000
vt 1.000000 0.000000
vt 1.000000 1.000000
vt 0.000000 0.000000
vt 1.000000 0.000000
vt 1.000000 1.000000
vt 0.000000 0.000000
vt 1.000000 0.000000
vt 1.000000 1.000000
vt 0.000000 0.000000
vt 1.000000 0.000000
vt 1.000000 1.000000
vt 0.000000 0.000000
vt 1.000000 0.000000
vt 1.000000 1.000000
vt 1.000000 0.000000
vt 1.000000 1.000000
vt 0.000000 0.000000
vt 1.000000 0.000000
vt 1.000000 1.000000
vt 0.000000 0.000000
vt 1.000000 0.000000
vt 1.000000 0.000000
vt 1.000000 1.000000
vt 0.000000 0.000000
vt 1.000000 0.000000
vt 1.000000 1.000000
vt 0.000000 0.000000
vt 1.000000 0.000000
vt 1.000000 1.000000
vt 0.000000 0.000000
vt 1.000000 0.000000
vt 1.000000 1.000000
vt 0.000000 0.000000
vt 1.000000 1.000000
vt 0.000000 0.000000
vt 1.000000 0.000000
vt 1.000000 1.000000
vt 0.000000 0.000000
vt 1.000000 0.000000
vt 1.000000 1.000000
vt 0.000000 0.000000
vt 1.000000 0.000000
vt 1.000000 1.000000
vt 0.000000 0.000000
vt 1.000000 1.000000
vt 0.000000 0.000000
vt 1.000000 1.000000
vt 1.000000 0.000000
vt 0.000000 0.000000
vt 0.000000 0.000000
vt 1.000000 0.000000
vt 1.000000 1.000000
vt 1.000000 0.000000
vt 1.000000 1.000000
vt 0.000000 0.000000
vt 1.000000 0.000000
vt 1.000000 1.000000
vt 0.000000 0.000000
vt 1.000000 0.000000
vt 1.000000 1.000000
vt 0.000000 0.000000
vt 1.000000 0.000000
vt 1.000000 1.000000
vt 1.000000 0.000000
vt 1.000000 1.000000
vt 0.000000 0.000000
vt 1.000000 0.000000
vt 1.000000 1.000000
vt 0.000000 0.000000
vt 1.000000 0.000000
vt 1.000000 1.000000
vt 1.000000 0.000000
vt 1.000000 1.000000
vt 0.000000 0.000000
vt 1.000000 0.000000
vt 1.000000 1.000000
vt 0.000000 0.000000
vt 1.000000 0.000000
vt 1.000000 1.000000
vt 0.000000 0.000000
vt 1.000000 1.000000
vt 0.000000 0.000000
vt 1.000000 0.000000
vt 1.000000 1.000000
vt 0.000000 0.000000
vt 1.000000 1.000000
vt 0.000000 0.000000
vt 1.000000 1.000000
vt 1.000000 0.000000
vt 1.000000 0.000000
vt 1.000000 1.000000
vt 0.000000 0.000000
vt 1.000000 0.000000
vt 1.000000 1.000000
vt 0.000000 0.000000
vt 1.000000 0.000000
vt 1.000000 1.000000
vt 0.000000 0.000000
vt 1.000000 1.000000
vt 0.000000 0.000000
vt 1.000000 0.000000
vt 1.000000 1.000000
vt 0.000000 0.000000
vt 1.000000 0.000000
vt 1.000000 1.000000
vt 0.000000 0.000000
vt 1.000000 0.000000
vt 1.000000 1.000000
vt 0.000000 0.000000
vt 1.000000 0.000000
vt 1.000000 1.000000
vt 0.000000 0.000000
vt 1.000000 0.000000
vt 1.000000 1.000000
vt 0.000000 0.000000
vt 1.000000 0.000000
vt 1.000000 1.000000
vt 0.000000 0.000000
vt 1.000000 1.000000
vt 0.000000 0.000000
vt 1.000000 0.000000
vt 1.000000 1.000000
vt 1.000000 0.000000
vt 1.000000 1.000000
vt 0.000000 0.000000
vt 1.000000 1.000000
vt 0.000000 0.000000
vt 1.000000 0.000000
vt 0.000000 0.000000
vt 1.000000 0.000000
vt 0.000000 0.000000
vt 1.000000 0.000000
vt 1.000000 1.000000
vt 0.000000 0.000000
vt 1.000000 1.000000
vt 0.000000 0.000000
vt 1.000000 0.000000
vt 1.000000 1.000000
vt 0.000000 0.000000
vt 1.000000 0.000000
vt 1.000000 1.000000
vt 0.000000 0.000000
vt 1.000000 0.000000
vt 1.000000 1.000000
vt 0.000000 0.000000
vt 1.000000 0.000000
vt 1.000000 1.000000
vt 0.000000 0.000000
vt 1.000000 0.000000
vt 1.000000 1.000000
vt 0.000000 0.000000
vt 1.000000 0.000000
vt 1.000000 1.000000
vt 1.000000 0.000000
vt 1.000000 0.000000
vt 1.000000 1.000000
vt 0.000000 0.000000
vt 1.000000 0.000000
vt 1.000000 1.000000
vt 0.000000 0.000000
vt 1.000000 0.000000
vt 0.000000 0.000000
vt 1.000000 1.000000
vt 1.000000 0.000000
vt 1.000000 1.000000
vt 1.000000 0.000000
vt 1.000000 1.000000
vt 1.000000 0.000000
vt 1.000000 0.000000
vt 1.000000 1.000000
vt 0.000000 0.000000
vt 1.000000 1.000000
vt 0.000000 0.000000
vt 1.000000 0.000000
vt 1.000000 1.000000
vt 0.000000 0.000000
vt 1.000000 1.000000
vt 0.000000 0.000000
vt 1.000000 0.000000
vt 1.000000 1.000000
vt 0.000000 0.000000
vt 0.000000 0.000000
vt 1.000000 1.000000
vt 0.000000 0.000000
vt 1.000000 0.000000
vt 0.000000 0.000000
vt 1.000000 0.000000
vt 1.000000 1.000000
vt 0.000000 0.000000
vt 1.000000 0.000000
vt 1.000000 1.000000
vt 1.000000 0.000000
vt 1.000000 1.000000
vt 0.000000 0.000000
vt 1.000000 0.000000
vt 1.000000 1.000000
vt 0.000000 0.000000
vt 1.000000 0.000000
vt 1.000000 1.000000
vt 0.000000 0.000000
vt 1.000000 0.000000
vt 1.000000 1.000000
vt 0.000000 0.000000
vt 1.000000 1.000000
vt 0.000000 0.000000
vt 1.000000 0.000000
vt 1.000000 1.000000
vt 0.000000 0.000000
vt 1.000000 0.000000
vt 1.000000 1.000000
vt 0.000000 0.000000
vt 1.000000 0.000000
vt 1.000000 1.000000
vt 0.000000 0.000000
vt 1.000000 0.000000
vt 1.000000 1.000000
vt 0.000000 0.000000
vt 1.000000 0.000000
vt 1.000000 1.000000
vt 0.000000 0.000000
vt 1.000000 0.000000
vt 1.000000 1.000000
vt 0.000000 0.000000
vt 1.000000 0.000000
vt 1.000000 1.000000
vt 0.000000 0.000000
vt 1.000000 0.000000
vt 0.000000 0.000000
vt 1.000000 0.000000
vt 1.000000 1.000000
vt 0.000000 0.000000
vt 1.000000 1.000000
vt 0.000000 0.000000
vt 1.000000 1.000000
vt 1.000000 0.000000
vt 1.000000 1.000000
vt 0.000000 0.000000
vt 1.000000 0.000000
vt 1.000000 1.000000
vt 1.000000 0.000000
vt 0.000000 0.000000
vt 1.000000 0.000000
vt 1.000000 0.000000
vt 0.000000 0.000000
vt 1.000000 1.000000
vt 0.000000 0.000000
vt 1.000000 0.000000
vt 1.000000 0.000000
vt 1.000000 1.000000
vt 0.000000 0.000000
vt 0.000000 0.000000
vt 1.000000 0.000000
vt 1.000000 0.000000
vt 0.000000 0.000000
vt 1.000000 1.000000
vt 0.000000 0.000000
vt 1.000000 0.000000
vt 1.000000 1.000000
vt 1.000000 0.000000
vt 1.000000 1.000000
vt 0.000000 0.000000
vt 1.000000 1.000000
vt 0.000000 0.000000
vt 1.000000 1.000000
vt 0.000000 0.000000
vt 1.000000 0.000000
vt 1.000000 1.000000
vt 0.000000 0.000000
vt 1.000000 0.000000
vt 1.000000 1.000000
vt 0.000000 0.000000
vt 1.000000 0.000000
vt 1.000000 1.000000
vt 0.000000 0.000000
vt 1.000000 0.000000
vt 1.000000 1.000000
vt 0.000000 0.000000
vt 1.000000 0.000000
vt 1.000000 1.000000
vt 0.000000 0.000000
vt 1.000000 0.000000
vt 1.000000 1.000000
vt 0.000000 0.000000
vt 1.000000 0.000000
vt 1.000000 1.000000
vt 0.000000 0.000000
vt 1.000000 1.000000
vt 0.000000 0.000000
vt 1.000000 0.000000
vt 1.000000 1.000000
vt 0.000000 0.000000
vt 1.000000 0.000000
vt 1.000000 1.000000
vt 0.000000 0.000000
vt 1.000000 0.000000
vt 1.000000 1.000000
vt 0.000000 0.000000
vt 1.000000 0.000000
vt 1.000000 1.000000
vt 0.000000 0.000000
vt 1.000000 0.000000
vt 1.000000 1.000000
vt 0.000000 0.000000
vt 1.000000 0.000000
vt 1.000000 1.000000
vt 0.000000 0.000000
vt 1.000000 0.000000
vt 1.000000 1.000000
vt 0.000000 0.000000
vt 1.000000 0.000000
vt 1.000000 1.000000
vt 0.000000 0.000000
vt 1.000000 0.000000
vt 0.000000 0.000000
vt 1.000000 0.000000
vt 1.000000 1.000000
vt 0.000000 0.000000
vt 1.000000 0.000000
vt 1.000000 1.000000
vt 0.000000 0.000000
vt 1.000000 0.000000
vt 0.000000 0.000000
vt 1.000000 0.000000
vt 1.000000 1.000000
vt 0.000000 0.000000
vt 1.000000 0.000000
vt 0.000000 0.000000
vt 1.000000 1.000000
vt 1.000000 0.000000
vt 1.000000 1.000000
vt 1.000000 1.000000
vt 0.000000 0.000000
vt 1.000000 0.000000
vt 1.000000 1.000000
vt 0.000000 0.000000
vt 1.000000 0.000000
vt 1.000000 1.000000
vt 0.000000 0.000000
vt 1.000000 0.000000
vt 1.000000 1.000000
vt 0.000000 0.000000
vt 1.000000 0.000000
vt 1.000000 1.000000
vt 1.000000 1.000000
vt 0.000000 0.000000
vt 0.000000 0.000000
vt 1.000000 0.000000
vt 1.000000 1.000000
vt 1.000000 0.000000
vt 1.000000 1.000000
vt 0.000000 0.000000
vt 1.000000 0.000000
vt 1.000000 0.000000
vt 1.000000 1.000000
vt 0.000000 0.000000
vt 1.000000 0.000000
vt 1.000000 0.000000
vt 1.000000 1.000000
vt 1.000000 1.000000
vt 1.000000 1.000000
vt 1.000000 0.000000
vt 1.000000 1.000000
vt 1.000000 1.000000
vt 1.000000 1.000000
vt 1.000000 0.000000
vt 1.000000 0.000000
vt 1.000000 1.000000
vt 0.000000 0.000000
vt 1.000000 0.000000
vt 0.000000 0.000000
vt 1.000000 1.000000
vt 0.000000 0.000000
vt 1.000000 0.000000
vt 1.000000 1.000000
vt 0.000000 0.000000
vt 1.000000 0.000000
vt 1.000000 1.000000
vt 0.000000 0.000000
vt 1.000000 0.000000
vt 1.000000 1.000000
vt 0.000000 0.000000
vt 1.000000 1.000000
vt 0.000000 0.000000
vt 1.000000 0.000000
vt 1.000000 1.000000
vt 0.000000 0.000000
vt 1.000000 0.000000
vt 0.000000 0.000000
vt 1.000000 0.000000
vt 1.000000 1.000000
vt 0.000000 0.000000
vt 1.000000 1.000000
vt 0.000000 0.000000
vt 1.000000 0.000000
vt 1.000000 1.000000
vt 0.000000 0.000000
vt 1.000000 0.000000
vt 1.000000 1.000000
vt 1.000000 0.000000
vt 1.000000 1.000000
vt 0.000000 0.000000
vt 1.000000 1.000000
vt 0.000000 0.000000
vt 1.000000 0.000000
vt 1.000000 1.000000
vt 0.000000 0.000000
vt 1.000000 0.000000
vt 1.000000 1.000000
vt 0.000000 0.000000
vt 1.000000 1.000000
vt 0.000000 0.000000
vt 1.000000 0.000000
vt 1.000000 1.000000
vt 0.000000 0.000000
vt 1.000000 0.000000
vt 1.000000 1.000000
vt 0.000000 0.000000
vt 1.000000 0.000000
vt 1.000000 1.000000
vt 0.000000 0.000000
vt 1.000000 0.000000
vt 1.000000 1.000000
vt 0.000000 0.000000
vt 1.000000 0.000000
vt 0.000000 0.000000
vt 1.000000 0.000000
vt 1.000000 1.000000
vt 1.000000 0.000000
vt 1.000000 1.000000
vt 0.000000 0.000000
vt 1.000000 0.000000
vt 0.000000 0.000000
vt 1.000000 0.000000
vt 1.000000 1.000000
vt 0.000000 0.000000
vt 1.000000 0.000000
vt 1.000000 1.000000
vt 0.000000 0.000000
vt 1.000000 0.000000
vt 1.000000 1.000000
vt 0.000000 0.000000
vt 1.000000 0.000000
vt 1.000000 1.000000
vt 0.000000 0.000000
vt 1.000000 0.000000
vt 1.000000 1.000000
vt 0.000000 0.000000
vt 1.000000 0.000000
vt 1.000000 1.000000
vt 1.000000 0.000000
vt 1.000000 1.000000
vt 1.000000 0.000000
vt 1.000000 1.000000
vt 1.000000 0.000000
vt 1.000000 1.000000
vt 0.000000 0.000000
vt 1.000000 0.000000
vt 1.000000 1.000000
vt 0.000000 0.000000
vt 1.000000 0.000000
vt 1.000000 1.000000
vt 0.000000 0.000000
vt 1.000000 1.000000
vt 0.000000 0.000000
vt 0.000000 0.000000
vt 1.000000 0.000000
vt 0.000000 0.000000
vt 1.000000 0.000000
vt 1.000000 1.000000
vt 0.000000 0.000000
vt 1.000000 1.000000
vt 0.000000 0.000000
vt 1.000000 1.000000
vt 0.000000 0.000000
vt 1.000000 0.000000
vt 1.000000 1.000000
vt 0.000000 0.000000
vt 1.000000 1.000000
vt 0.000000 0.000000
vt 1.000000 0.000000
vt 1.000000 1.000000
vt 1.000000 0.000000
vt 1.000000 1.000000
vt 0.000000 0.000000
vt 1.000000 0.000000
vt 1.000000 1.000000
vt 0.000000 0.000000
vt 1.000000 0.000000
vt 1.000000 0.000000
vt 1.000000 1.000000
vt 0.000000 0.000000
vt 0.000000 0.000000
vt 1.000000 0.000000
vt 1.000000 0.000000
vt 1.000000 1.000000
vt 0.000000 0.000000
vt 1.000000 0.000000
vt 0.000000 0.000000
vt 1.000000 0.000000
vt 1.000000 1.000000
vt 0.000000 0.000000
vt 1.000000 0.000000
vt 1.000000 1.000000
vt 0.000000 0.000000
vt 1.000000 0.000000
vt 1.000000 1.000000
vt 1.000000 0.000000
vt 1.000000 1.000000
vt 0.000000 0.000000
vt 1.000000 0.000000
vt 1.000000 1.000000
vt 0.000000 0.000000
vt 1.000000 0.000000
vt 1.000000 1.000000
vt 0.000000 0.000000
vt 1.000000 0.000000
vt 0.000000 0.000000
vt 1.000000 0.000000
vt 1.000000 1.000000
vt 0.000000 0.000000
vt 1.000000 0.000000
vt 0.000000 0.000000
vt 1.000000 0.000000
vt 1.000000 1.000000
vt 0.000000 0.000000
vt 1.000000 0.000000
vt 0.000000 0.000000
vt 1.000000 0.000000
vt 1.000000 1.000000
vt 0.000000 0.000000
vt 1.000000 0.000000
vt 1.000000 0.000000
vt 1.000000 1.000000
vt 0.000000 0.000000
vt 1.000000 0.000000
vt 1.000000 0.000000
vt 0.000000 0.000000
vt 1.000000 1.000000
vt 0.000000 0.000000
vt 0.000000 0.000000
vt 1.000000 0.000000
vt 1.000000 0.000000
vt 1.000000 1.000000
vt 1.000000 0.000000
vt 0.000000 0.000000
vt 1.000000 0.000000
vt 1.000000 1.000000
vt 1.000000 0.000000
vt 0.000000 0.000000
vt 1.000000 0.000000
vt 1.000000 1.000000
vt 0.000000 0.000000
vt 1.000000 0.000000
vt 1.000000 1.000000
vt 0.000000 0.000000
vt 1.000000 0.000000
vt 1.000000 1.000000
vt 1.000000 1.000000
vt 0.000000 0.000000
vt 1.000000 0.000000
vt 1.000000 1.000000
vt 0.000000 0.000000
vt 1.000000 0.000000
vt 1.000000 0.000000
vt 1.000000 1.000000
vt 0.000000 0.000000
vt 1.000000 1.000000
vt 0.000000 0.000000
vt 1.000000 0.000000
vt 1.000000 1.000000
vt 0.000000 0.000000
vt 1.000000 1.000000
vt 1.000000 0.000000
vt 1.000000 1.000000
vt 0.000000 0.000000
vt 1.000000 0.000000
vt 1.000000 1.000000
vt 0.000000 0.000000
vt 1.000000 0.000000
vt 1.000000 1.000000
vt 0.000000 0.000000
vt 1.000000 0.000000
vt 1.000000 1.000000
vt 0.000000 0.000000
vt 1.000000 1.000000
vt 0.000000 0.000000
vt 1.000000 0.000000
vt 1.000000 1.000000
vt 0.000000 0.000000
vt 1.000000 0.000000
vt 1.000000 1.000000
vt 0.000000 0.000000
vt 1.000000 0.000000
vt 1.000000 1.000000
vt 0.000000 0.000000
vt 1.000000 0.000000
vt 1.000000 1.000000
vt 0.000000 0.000000
vt 1.000000 0.000000
vt 1.000000 1.000000
vt 1.000000 0.000000
vt 1.000000 1.000000
vt 1.000000 0.000000
vt 1.000000 0.000000
vt 1.000000 1.000000
vt 0.000000 0.000000
vt 1.000000 1.000000
vt 1.000000 0.000000
vt 1.000000 1.000000
vt 0.000000 0.000000
vt 1.000000 0.000000
vt 1.000000 1.000000
vt 1.000000 1.000000
vt 0.000000 0.000000
vt 1.000000 0.000000
vt 1.000000 1.000000
vt 0.000000 0.000000
vt 1.000000 0.000000
vt 1.000000 1.000000
vt 0.000000 0.000000
vt 1.000000 0.000000
vt 1.000000 1.000000
vt 0.000000 0.000000
vt 1.000000 1.000000
vt 1.000000 0.000000
vt 0.000000 0.000000
vt 1.000000 0.000000
vt 1.000000 1.000000
vt 0.000000 0.000000
vt 0.000000 0.000000
vt 0.000000 0.000000
vt 0.000000 0.000000
vt 1.000000 0.000000
vt 1.000000 1.000000
vt 0.000000 0.000000
vt 1.000000 0.000000
vt 1.000000 0.000000
vt 1.000000 1.000000
vt 1.000000 1.000000
vt 0.000000 0.000000
vt 1.000000 0.000000
vt 1.000000 1.000000
vt 0.000000 0.000000
vt 1.000000 1.000000
vt 0.000000 0.000000
vt 1.000000 0.000000
vt 1.000000 1.000000
vt 0.000000 0.000000
vt 1.000000 0.000000
vt 1.000000 1.000000
vt 0.000000 0.000000
vt 1.000000 0.000000
vt 1.000000 1.000000
vt 0.000000 0.000000
vt 1.000000 0.000000
vt 1.000000 1.000000
vt 0.000000 0.000000
vt 1.000000 0.000000
vt 1.000000 1.000000
vt 0.000000 0.000000
vt 1.000000 0.000000
vt 1.000000 1.000000
vt 1.000000 1.000000
vt 0.000000 0.000000
vt 1.000000 1.000000
vt 0.000000 0.000000
vt 1.000000 1.000000
vt 0.000000 0.000000
vt 1.000000 0.000000
vt 1.000000 1.000000
vt 0.000000 0.000000
vt 1.000000 1.000000
vt 1.000000 1.000000
vt 0.000000 0.000000
vt 1.000000 0.000000
vt 1.000000 1.000000
vt 0.000000 0.000000
vt 1.000000 1.000000
vt 0.000000 0.000000
vt 1.000000 0.000000
vt 1.000000 0.000000
vt 1.000000 1.000000
vt 0.000000 0.000000
vt 1.000000 1.000000
vt 0.000000 0.000000
vt 1.000000 0.000000
vt 1.000000 0.000000
vt 1.000000 1.000000
vt 0.000000 0.000000
vt 1.000000 1.000000
vt 0.000000 0.000000
vt 1.000000 0.000000
vt 1.000000 1.000000
vt 0.000000 0.000000
vt 1.000000 0.000000
vt 1.000000 1.000000
vt 0.000000 0.000000
vt 1.000000 0.000000
vt 1.000000 1.000000
vt 1.000000 0.000000
vt 1.000000 1.000000
vt 0.000000 0.000000
vt 1.000000 0.000000
vt 0.000000 0.000000
vt 1.000000 1.000000
vt 0.000000 0.000000
vt 1.000000 0.000000
vt 1.000000 1.000000
vt 0.000000 0.000000
vt 1.000000 0.000000
vt 1.000000 1.000000
vt 0.000000 0.000000
vt 1.000000 0.000000
vt 1.000000 1.000000
vt 0.000000 0.000000
vt 1.000000 0.000000
vt 1.000000 1.000000
vt 0.000000 0.000000
vt 1.000000 0.000000
vt 1.000000 1.000000
vt 0.000000 0.000000
vt 1.000000 0.000000
vt 1.000000 1.000000
vt 0.000000 0.000000
vt 1.000000 0.000000
vt 1.000000 1.000000
vt 0.000000 0.000000
vt 1.000000 0.000000
vt 1.000000 1.000000
vt 0.000000 0.000000
vt 1.000000 0.000000
vt 1.000000 1.000000
vt 0.000000 0.000000
vt 1.000000 0.000000
vt 1.000000 1.000000
vt 0.000000 0.000000
vt 1.000000 0.000000
vt 1.000000 1.000000
vt 0.000000 0.000000
vt 1.000000 0.000000
vt 1.000000 1.000000
vt 0.000000 0.000000
vt 1.000000 0.000000
vt 1.000000 1.000000
vt 0.000000 0.000000
vt 1.000000 0.000000
vt 1.000000 1.000000
vt 0.000000 0.000000
vt 1.000000 0.000000
vt 1.000000 1.000000
vt 0.000000 0.000000
vt 1.000000 0.000000
vt 1.000000 1.000000
vt 0.000000 0.000000
vt 1.000000 0.000000
vt 1.000000 1.000000
vt 0.000000 0.000000
vt 1.000000 0.000000
vt 1.000000 1.000000
vt 0.000000 0.000000
vt 1.000000 0.000000
vt 1.000000 1.000000
vt 0.000000 0.000000
vt 1.000000 0.000000
vt 1.000000 1.000000
vt 0.000000 0.000000
vt 1.000000 0.000000
vt 1.000000 1.000000
vt 0.000000 0.000000
vt 1.000000 0.000000
vt 1.000000 1.000000
vt 0.000000 0.000000
vt 1.000000 0.000000
vt 1.000000 1.000000
vt 0.000000 0.000000
vt 1.000000 0.000000
vt 1.000000 1.000000
vt 0.000000 0.000000
vt 1.000000 0.000000
vt 1.000000 1.000000
vt 0.000000 0.000000
vt 1.000000 0.000000
vt 1.000000 1.000000
vt 0.000000 0.000000
vt 1.000000 0.000000
vt 1.000000 1.000000
vt 0.000000 0.000000
vt 1.000000 0.000000
vt 1.000000 1.000000
vt 0.000000 0.000000
vt 1.000000 0.000000
vt 1.000000 1.000000
vt 0.000000 0.000000
vt 1.000000 0.000000
vt 1.000000 1.000000
vt 0.000000 0.000000
vt 1.000000 0.000000
vt 1.000000 1.000000
vt 0.000000 0.000000
vt 1.000000 0.000000
vt 1.000000 1.000000
vt 0.000000 0.000000
vt 1.000000 0.000000
vt 0.000000 0.000000
vt 1.000000 0.000000
vt 1.000000 1.000000
vt 0.000000 0.000000
vt 1.000000 0.000000
vt 1.000000 1.000000
vt 0.000000 0.000000
vt 1.000000 0.000000
vt 1.000000 1.000000
vt 0.000000 0.000000
vt 1.000000 0.000000
vt 1.000000 1.000000
vt 0.000000 0.000000
vt 1.000000 0.000000
vt 0.000000 0.000000
vt 1.000000 0.000000
vt 1.000000 1.000000
vt 0.000000 0.000000
vt 1.000000 0.000000
vt 1.000000 1.000000
vt 0.000000 0.000000
vt 1.000000 0.000000
vt 1.000000 1.000000
vt 0.000000 0.000000
vt 1.000000 0.000000
vt 1.000000 1.000000
vt 0.000000 0.000000
vt 1.000000 0.000000
vt 1.000000 1.000000
vt 0.000000 0.000000
vt 1.000000 0.000000
vt 1.000000 1.000000
vt 0.000000 0.000000
vt 1.000000 0.000000
vt 1.000000 1.000000
vt 0.000000 0.000000
vt 1.000000 1.000000
vt 0.000000 0.000000
vt 1.000000 0.000000
vt 1.000000 1.000000
vt 0.000000 0.000000
vt 1.000000 0.000000
vt 1.000000 1.000000
vt 0.000000 0.000000
vt 1.000000 0.000000
vt 1.000000 1.000000
vt 1.000000 0.000000
vt 1.000000 1.000000
vt 0.000000 0.000000
vt 1.000000 1.000000
vt 0.000000 0.000000
vt 1.000000 0.000000
vt 1.000000 1.000000
vt 1.000000 1.000000
vt 0.000000 0.000000
vt 1.000000 1.000000
vt 0.000000 0.000000
vt 1.000000 0.000000
vt 1.000000 1.000000
vt 1.000000 0.000000
vt 1.000000 1.000000
vt 0.000000 0.000000
vt 1.000000 0.000000
vt 1.000000 0.000000
vt 0.000000 0.000000
vt 1.000000 1.000000
vt 0.000000 0.000000
vt 1.000000 0.000000
vt 0.000000 0.000000
vt 0.000000 0.000000
vt 1.000000 1.000000
vt 0.000000 0.000000
vt 1.000000 0.000000
vt 1.000000 0.000000
vt 1.000000 1.000000
vt 0.000000 0.000000
vt 1.000000 0.000000
vt 1.000000 1.000000
vt 0.000000 0.000000
vt 1.000000 0.000000
vt 1.000000 1.000000
vt 0.000000 0.000000
vt 1.000000 0.000000
vt 1.000000 1.000000
vt 0.000000 0.000000
vt 1.000000 0.000000
vt 0.000000 0.000000
vt 1.000000 0.000000
vt 1.000000 1.000000
vt 0.000000 0.000000
vt 1.000000 0.000000
vt 1.000000 1.000000
vt 0.000000 0.000000
vt 1.000000 0.000000
vt 1.000000 1.000000
vt 0.000000 0.000000
vt 1.000000 0.000000
vt 1.000000 1.000000
vt 0.000000 0.000000
vt 1.000000 0.000000
vt 1.000000 1.000000
vt 0.000000 0.000000
vt 1.000000 0.000000
vt 1.000000 1.000000
vt 0.000000 0.000000
vt 1.000000 0.000000
vt 1.000000 1.000000
vt 0.000000 0.000000
vt 1.000000 0.000000
vt 1.000000 1.000000
vt 0.000000 0.000000
vt 1.000000 1.000000
vt 0.000000 0.000000
vt 1.000000 0.000000
vt 0.000000 0.000000
vt 1.000000 0.000000
vt 1.000000 1.000000
vt 0.000000 0.000000
vt 1.000000 0.000000
vt 1.000000 1.000000
vt 0.000000 0.000000
vt 1.000000 0.000000
vt 1.000000 1.000000
vt 0.000000 0.000000
vt 1.000000 0.000000
vt 1.000000 1.000000
vt 0.000000 0.000000
vt 1.000000 0.000000
vt 1.000000 1.000000
vt 0.000000 0.000000
vt 1.000000 0.000000
vt 1.000000 1.000000
vt 0.000000 0.000000
vt 1.000000 0.000000
vt 1.000000 1.000000
vt 0.000000 0.000000
vt 1.000000 0.000000
vt 1.000000 1.000000
vt 0.000000 0.000000
vt 1.000000 0.000000
vt 1.000000 1.000000
vt 0.000000 0.000000
vt 1.000000 0.000000
vt 1.000000 1.000000
vt 0.000000 0.000000
vt 1.000000 0.000000
vt 1.000000 1.000000
vt 0.000000 0.000000
vt 1.000000 0.000000
vt 1.000000 1.000000
vt 0.000000 0.000000
vt 1.000000 0.000000
vt 1.000000 1.000000
vt 0.000000 0.000000
vt 1.000000 0.000000
vt 1.000000 1.000000
vt 0.000000 0.000000
vt 1.000000 0.000000
vt 1.000000 1.000000
vt 0.000000 0.000000
vt 1.000000 0.000000
vt 1.000000 1.000000
vt 0.000000 0.000000
vt 1.000000 0.000000
vt 1.000000 1.000000
vt 0.000000 0.000000
vt 1.000000 0.000000
vt 1.000000 1.000000
vt 0.000000 0.000000
vt 1.000000 0.000000
vt 1.000000 1.000000
vt 0.000000 0.000000
vt 1.000000 0.000000
vt 1.000000 1.000000
vt 0.000000 0.000000
vt 1.000000 0.000000
vt 1.000000 1.000000
vt 0.000000 0.000000
vt 1.000000 0.000000
vt 1.000000 1.000000
vt 0.000000 0.000000
vt 1.000000 0.000000
vt 1.000000 1.000000
vt 0.000000 0.000000
vt 1.000000 0.000000
vt 1.000000 1.000000
vt 0.000000 0.000000
vt 1.000000 0.000000
vt 1.000000 1.000000
vt 0.000000 0.000000
vt 1.000000 0.000000
vt 1.000000 1.000000
vt 0.000000 0.000000
vt 1.000000 0.000000
vt 1.000000 1.000000
vt 0.000000 0.000000
vt 1.000000 0.000000
vt 1.000000 1.000000
vt 0.000000 0.000000
vt 1.000000 0.000000
vt 1.000000 1.000000
vt 0.000000 0.000000
vt 1.000000 0.000000
vt 1.000000 1.000000
vt 0.000000 0.000000
vt 1.000000 0.000000
vt 1.000000 1.000000
vt 0.000000 0.000000
vt 1.000000 0.000000
vt 1.000000 1.000000
vt 0.000000 0.000000
vt 1.000000 0.000000
vt 1.000000 0.000000
vt 1.000000 1.000000
vt 0.000000 0.000000
vt 0.000000 0.000000
vt 1.000000 0.000000
vt 0.000000 0.000000
vt 1.000000 0.000000
vt 1.000000 1.000000
vt 1.000000 0.000000
vt 1.000000 0.000000
vt 1.000000 1.000000
vt 0.000000 0.000000
vt 0.000000 0.000000
vt 1.000000 0.000000
vt 1.000000 1.000000
vt 0.000000 0.000000
vt 1.000000 0.000000
vt 1.000000 1.000000
vt 0.000000 0.000000
vt 1.000000 0.000000
vt 1.000000 1.000000
vt 0.000000 0.000000
vt 1.000000 0.000000
vt 1.000000 1.000000
vt 0.000000 0.000000
vt 1.000000 0.000000
vt 1.000000 1.000000
vt 0.000000 0.000000
vt 1.000000 0.000000
vt 1.000000 1.000000
vt 0.000000 0.000000
vt 0.000000 0.000000
vt 1.000000 0.000000
vt 1.000000 1.000000
vt 0.000000 0.000000
vt 1.000000 0.000000
vt 1.000000 1.000000
vt 0.000000 0.000000
vt 1.000000 0.000000
vt 1.000000 1.000000
vt 0.000000 0.000000
vt 1.000000 0.000000
vt 1.000000 1.000000
vt 0.000000 0.000000
vt 1.000000 0.000000
vt 1.000000 1.000000
vt 0.000000 0.000000
vt 1.000000 0.000000
vt 1.000000 1.000000
vt 0.000000 0.000000
vt 1.000000 0.000000
vt 1.000000 1.000000
vt 0.000000 0.000000
vt 1.000000 0.000000
vt 1.000000 1.000000
vt 0.000000 0.000000
vt 1.000000 0.000000
vt 1.000000 1.000000
vt 0.000000 0.000000
vt 1.000000 0.000000
vt 1.000000 1.000000
vt 0.000000 0.000000
vt 1.000000 0.000000
vt 1.000000 1.000000
vt 0.000000 0.000000
vt 1.000000 0.000000
vt 1.000000 1.000000
vt 1.000000 0.000000
vt 1.000000 1.000000
vt 0.000000 0.000000
vt 1.000000 0.000000
vt 1.000000 1.000000
vt 0.000000 0.000000
vt 1.000000 0.000000
vt 1.000000 0.000000
vt 1.000000 1.000000
vt 0.000000 0.000000
vt 1.000000 0.000000
vt 1.000000 1.000000
vt 0.000000 0.000000
vt 1.000000 0.000000
vt 1.000000 1.000000
vt 0.000000 0.000000
vt 1.000000 0.000000
vt 1.000000 0.000000
vt 0.000000 0.000000
vt 0.000000 0.000000
vt 1.000000 0.000000
vt 1.000000 1.000000
vt 0.000000 0.000000
vt 1.000000 0.000000
vt 1.000000 1.000000
vt 0.000000 0.000000
vt 1.000000 0.000000
vt 1.000000 1.000000
vt 0.000000 0.000000
vt 1.000000 0.000000
vt 1.000000 1.000000
vt 0.000000 0.000000
vt 1.000000 0.000000
vt 1.000000 0.000000
vt 1.000000 1.000000
vt 0.000000 0.000000
vt 1.000000 1.000000
vt 0.000000 0.000000
vt 1.000000 0.000000
vt 1.000000 0.000000
vt 1.000000 1.000000
vt 0.000000 0.000000
vt 1.000000 1.000000
vt 0.000000 0.000000
vt 1.000000 0.000000
vt 1.000000 0.000000
vt 1.000000 1.000000
vt 0.000000 0.000000
vt 1.000000 0.000000
vt 1.000000 1.000000
vt 0.000000 0.000000
vt 1.000000 0.000000
vt 1.000000 1.000000
vt 0.000000 0.000000
vt 1.000000 0.000000
vt 1.000000 1.000000
vt 0.000000 0.000000
vt 1.000000 0.000000
vt 1.000000 1.000000
vt 0.000000 0.000000
vt 1.000000 0.000000
vt 1.000000 0.000000
vt 1.000000 1.000000
vt 0.000000 0.000000
vt 1.000000 1.000000
vt 0.000000 0.000000
vt 1.000000 0.000000
vt 1.000000 1.000000
vt 0.000000 0.000000
vt 1.000000 0.000000
vt 1.000000 1.000000
vt 0.000000 0.000000
vt 1.000000 0.000000
vt 1.000000 1.000000
vt 0.000000 0.000000
vt 1.000000 0.000000
vt 1.000000 1.000000
vt 0.000000 0.000000
vt 1.000000 0.000000
vt 1.000000 1.000000
vt 0.000000 0.000000
vt 1.000000 0.000000
vt 1.000000 1.000000
vt 1.000000 0.000000
vt 1.000000 1.000000
vt 0.000000 0.000000
vt 1.000000 1.000000
vt 0.000000 0.000000
vt 1.000000 1.000000
vt 1.000000 0.000000
vt 1.000000 1.000000
vt 0.000000 0.000000
vt 1.000000 1.000000
vt 0.000000 0.000000
vt 1.000000 0.000000
vt 1.000000 0.000000
vt 1.000000 1.000000
vt 0.000000 0.000000
vt 1.000000 1.000000
vt 0.000000 0.000000
vt 1.000000 0.000000
vt 1.000000 1.000000
vt 0.000000 0.000000
vt 1.000000 0.000000
vt 1.000000 1.000000
vt 0.000000 0.000000
vt 1.000000 0.000000
vt 1.000000 1.000000
vt 0.000000 0.000000
vt 1.000000 0.000000
vt 1.000000 1.000000
vt 0.000000 0.000000
vt 1.000000 0.000000
vt 1.000000 1.000000
vt 0.000000 0.000000
vt 1.000000 0.000000
vt 1.000000 1.000000
vt 0.000000 0.000000
vt 1.000000 0.000000
vt 1.000000 1.000000
vt 0.000000 0.000000
vt 1.000000 1.000000
vt 1.000000 0.000000
vt 1.000000 1.000000
vt 1.000000 0.000000
vt 1.000000 1.000000
vt 0.000000 0.000000
vt 1.000000 0.000000
vt 1.000000 0.000000
vt 1.000000 1.000000
vt 0.000000 0.000000
vt 1.000000 1.000000
vt 0.000000 0.000000
vt 0.000000 0.000000
vt 1.000000 0.000000
vt 1.000000 0.000000
vt 1.000000 1.000000
vt 0.000000 0.000000
vt 1.000000 1.000000
vt 0.000000 0.000000
vt 1.000000 1.000000
vt 0.000000 0.000000
vt 1.000000 1.000000
vt 1.000000 0.000000
vt 1.000000 1.000000
vt 0.000000 0.000000
vt 1.000000 0.000000
vt 1.000000 1.000000
vt 1.000000 0.000000
vt 1.000000 1.000000
vt 1.000000 0.000000
vt 0.000000 0.000000
vt 1.000000 0.000000
vt 1.000000 1.000000
vt 0.000000 0.000000
vt 1.000000 1.000000
vt 0.000000 0.000000
vt 1.000000 0.000000
vt 1.000000 1.000000
vt 0.000000 0.000000
vt 1.000000 1.000000
vt 0.000000 0.000000
vt 1.000000 0.000000
vt 1.000000 1.000000
vt 0.000000 0.000000
vt 1.000000 0.000000
vt 1.000000 1.000000
vt 0.000000 0.000000
vt 1.000000 0.000000
vt 1.000000 0.000000
vt 1.000000 1.000000
vt 0.000000 0.000000
vt 1.000000 1.000000
vt 0.000000 0.000000
vt 1.000000 0.000000
vt 1.000000 1.000000
vt 0.000000 0.000000
vt 1.000000 0.000000
vt 1.000000 1.000000
vt 0.000000 0.000000
vt 1.000000 0.000000
vt 1.000000 1.000000
vt 0.000000 0.000000
vt 1.000000 0.000000
vt 0.000000 0.000000
vt 1.000000 0.000000
vt 1.000000 1.000000
vt 0.000000 0.000000
vt 1.000000 0.000000
vt 1.000000 1.000000
vt 0.000000 0.000000
vt 1.000000 0.000000
vt 1.000000 1.000000
vt 0.000000 0.000000
vt 1.000000 0.000000
vt 1.000000 1.000000
vt 0.000000 0.000000
vt 1.000000 0.000000
vt 1.000000 1.000000
vt 0.000000 0.000000
vt 1.000000 0.000000
vt 1.000000 1.000000
vt 0.000000 0.000000
vt 1.000000 0.000000
vt 0.000000 0.000000
vt 1.000000 0.000000
vt 1.000000 1.000000
vt 0.000000 0.000000
vt 1.000000 0.000000
vt 1.000000 1.000000
vt 0.000000 0.000000
vt 1.000000 0.000000
vt 1.000000 1.000000
vt 0.000000 0.000000
vt 1.000000 0.000000
vt 1.000000 1.000000
vt 0.000000 0.000000
vt 1.000000 0.000000
vt 1.000000 1.000000
vt 0.000000 0.000000
vt 1.000000 0.000000
vt 1.000000 1.000000
vt 0.000000 0.000000
vt 1.000000 0.000000
vt 1.000000 1.000000
vt 0.000000 0.000000
vt 1.000000 0.000000
vt 1.000000 1.000000
vt 0.000000 0.000000
vt 1.000000 0.000000
vt 1.000000 1.000000
vt 0.000000 0.000000
vt 1.000000 0.000000
vt 1.000000 1.000000
vt 0.000000 0.000000
vt 1.000000 0.000000
vt 1.000000 1.000000
vt 0.000000 0.000000
vt 1.000000 0.000000
vt 1.000000 1.000000
vt 0.000000 0.000000
vt 1.000000 0.000000
vt 1.000000 1.000000
vt 0.000000 0.000000
vt 1.000000 0.000000
vt 1.000000 1.000000
vt 0.000000 0.000000
vt 1.000000 0.000000
vt 1.000000 1.000000
vt 0.000000 0.000000
vt 1.000000 0.000000
vt 1.000000 1.000000
vt 0.000000 0.000000
vt 1.000000 0.000000
vt 1.000000 1.000000
vt 0.000000 0.000000
vt 1.000000 0.000000
vt 1.000000 1.000000
vt 0.000000 0.000000
vt 1.000000 0.000000
vt 1.000000 1.000000
vt 0.000000 0.000000
vt 1.000000 0.000000
vt 1.000000 1.000000
vt 0.000000 0.000000
vt 1.000000 0.000000
vt 1.000000 1.000000
vt 0.000000 0.000000
vt 1.000000 0.000000
vt 1.000000 1.000000
vt 0.000000 0.000000
vt 1.000000 0.000000
vt 1.000000 1.000000
vt 0.000000 0.000000
vt 1.000000 0.000000
vt 1.000000 1.000000
vt 0.000000 0.000000
vt 1.000000 0.000000
vt 1.000000 1.000000
vt 0.000000 0.000000
vt 0.000000 0.000000
vt 1.000000 0.000000
vt 1.000000 1.000000
vt 0.000000 0.000000
vt 1.000000 0.000000
vt 1.000000 1.000000
vt 0.000000 0.000000
vt 1.000000 1.000000
vt 0.000000 0.000000
vt 1.000000 0.000000
vt 1.000000 1.000000
vt 0.000000 0.000000
vt 1.000000 0.000000
vt 1.000000 0.000000
vt 1.000000 1.000000
vt 0.000000 0.000000
vt 1.000000 1.000000
vt 1.000000 0.000000
vt 1.000000 1.000000
vt 1.000000 1.000000
vt 0.000000 0.000000
vt 1.000000 0.000000
vt 1.000000 1.000000
vt 0.000000 0.000000
vt 1.000000 1.000000
vt 1.000000 0.000000
vt 1.000000 0.000000
vt 1.000000 1.000000
vt 0.000000 0.000000
vt 1.000000 1.000000
vt 0.000000 0.000000
vt 1.000000 0.000000
vt 1.000000 1.000000
vt 0.000000 0.000000
vt 1.000000 0.000000
vt 0.000000 0.000000
vt 1.000000 0.000000
vt 1.000000 1.000000
vt 0.000000 0.000000
vt 1.000000 0.000000
vt 1.000000 1.000000
vt 1.000000 1.000000
vt 0.000000 0.000000
vt 1.000000 0.000000
vt 1.000000 1.000000
vt 0.000000 0.000000
vt 1.000000 0.000000
vt 1.000000 1.000000
vt 0.000000 0.000000
vt 1.000000 0.000000
vt 1.000000 1.000000
vt 0.000000 0.000000
vt 1.000000 0.000000
vt 1.000000 1.000000
vt 0.000000 0.000000
vt 1.000000 0.000000
vt 1.000000 1.000000
vt 1.000000 0.000000
vt 1.000000 1.000000
vt 0.000000 0.000000
vt 1.000000 0.000000
vt 1.000000 1.000000
vt 0.000000 0.000000
vt 1.000000 0.000000
vt 1.000000 1.000000
vt 0.000000 0.000000
vt 1.000000 0.000000
vt 1.000000 1.000000
vt 0.000000 0.000000
vt 1.000000 1.000000
vt 0.000000 0.000000
vt 1.000000 0.000000
vt 1.000000 1.000000
vt 0.000000 0.000000
vt 1.000000 0.000000
vt 1.000000 0.000000
vt 1.000000 1.000000
vt 0.000000 0.000000
vt 1.000000 1.000000
vt 0.000000 0.000000
vt 1.000000 0.000000
vt 1.000000 1.000000
vt 0.000000 0.000000
vt 1.000000 0.000000
vt 1.000000 1.000000
vt 0.000000 0.000000
vt 1.000000 0.000000
vt 1.000000 1.000000
vt 1.000000 0.000000
vt 1.000000 1.000000
vt 0.000000 0.000000
vt 1.000000 0.000000
vt 1.000000 0.000000
vt 1.000000 1.000000
vt 0.000000 0.000000
vt 1.000000 1.000000
vt 0.000000 0.000000
vt 1.000000 0.000000
vt 1.000000 1.000000
vt 0.000000 0.000000
vt 1.000000 0.000000
vt 1.000000 1.000000
vt 0.000000 0.000000
vt 1.000000 0.000000
vt 1.000000 0.000000
vt 1.000000 1.000000
vt 0.000000 0.000000
vt 1.000000 0.000000
vt 1.000000 1.000000
vt 1.000000 0.000000
vt 1.000000 0.000000
vt 1.000000 1.000000
vt 0.000000 0.000000
vt 1.000000 1.000000
vt 0.000000 0.000000
vt 1.000000 0.000000
vt 1.000000 1.000000
vt 0.000000 0.000000
vt 1.000000 0.000000
vt 1.000000 1.000000
vt 0.000000 0.000000
vt 1.000000 0.000000
vt 1.000000 1.000000
vt 1.000000 0.000000
vt 1.000000 1.000000
vt 0.000000 0.000000
vt 0.000000 0.000000
vt 0.000000 0.000000
vt 1.000000 0.000000
vt 1.000000 1.000000
vt 0.000000 0.000000
vt 1.000000 0.000000
vt 1.000000 1.000000
vt 0.000000 0.000000
vt 1.000000 0.000000
vt 1.000000 1.000000
vt 0.000000 0.000000
vt 1.000000 0.000000
vt 1.000000 1.000000
vt 0.000000 0.000000
vt 1.000000 0.000000
vt 1.000000 1.000000
vt 0.000000 0.000000
vt 1.000000 0.000000
vt 1.000000 1.000000
vt 0.000000 0.000000
vt 1.000000 1.000000
vt 0.000000 0.000000
vt 1.000000 0.000000
vt 1.000000 0.000000
vt 1.000000 1.000000
vt 0.000000 0.000000
vt 0.000000 0.000000
vt 1.000000 0.000000
vt 0.000000 0.000000
vt 1.000000 0.000000
vt 1.000000 1.000000
vt 0.000000 0.000000
vt 1.000000 0.000000
vt 1.000000 0.000000
vt 1.000000 1.000000
vt 1.000000 1.000000
vt 0.000000 0.000000
vt 1.000000 0.000000
vt 1.000000 1.000000
vt 0.000000 0.000000
vt 1.000000 0.000000
vt 1.000000 1.000000
vt 0.000000 0.000000
vt 1.000000 0.000000
vt 1.000000 1.000000
vt 0.000000 0.000000
vt 1.000000 0.000000
vt 1.000000 1.000000
vt 0.000000 0.000000
vt 1.000000 0.000000
vt 1.000000 1.000000
vt 0.000000 0.000000
vt 1.000000 0.000000
vt 1.000000 1.000000
vt 0.000000 0.000000
vt 1.000000 1.000000
vt 0.000000 0.000000
vt 1.000000 0.000000
vt 1.000000 1.000000
vt 0.000000 0.000000
vt 1.000000 0.000000
vt 1.000000 1.000000
vt 1.000000 0.000000
vt 1.000000 1.000000
vt 0.000000 0.000000
vt 1.000000 0.000000
vt 1.000000 0.000000
vt 1.000000 0.000000
vt 1.000000 1.000000
vt 0.000000 0.000000
vt 0.000000 0.000000
vt 1.000000 0.000000
vt 1.000000 1.000000
vt 0.000000 0.000000
vt 1.000000 1.000000
vt 1.000000 0.000000
vt 1.000000 1.000000
vt 0.000000 0.000000
vt 1.000000 0.000000
vt 0.000000 0.000000
vt 1.000000 1.000000
vt 1.000000 0.000000
vt 1.000000 1.000000
vt 0.000000 0.000000
vt 1.000000 0.000000
vt 1.000000 1.000000
vt 0.000000 0.000000
vt 0.000000 0.000000
vt 1.000000 0.000000
vt 1.000000 1.000000
vt 0.000000 0.000000
vt 1.000000 0.000000
vt 1.000000 1.000000
vt 1.000000 0.000000
vt 0.000000 0.000000
vt 1.000000 0.000000
vt 0.000000 0.000000
vt 1.000000 1.000000
vt 0.000000 0.000000
vt 1.000000 1.000000
vt 1.000000 1.000000
vt 0.000000 0.000000
vt 1.000000 0.000000
vt 1.000000 1.000000
vt 1.000000 1.000000
vt 0.000000 0.000000
vt 1.000000 1.000000
vt 0.000000 0.000000
vt 0.000000 0.000000
vt 1.000000 0.000000
vt 1.000000 1.000000
vt 0.000000 0.000000
vt 1.000000 1.000000
vt 0.000000 0.000000
vt 1.000000 0.000000
vt 1.000000 0.000000
vt 1.000000 1.000000
vt 0.000000 0.000000
vt 1.000000 1.000000
vt 0.000000 0.000000
vt 1.000000 0.000000
vt 1.000000 0.000000
vt 1.000000 1.000000
vt 0.000000 0.000000
vt 1.000000 1.000000
vt 1.000000 0.000000
vt 1.000000 0.000000
vt 1.000000 1.000000
vt 0.000000 0.000000
vt 1.000000 1.000000
vt 1.000000 1.000000
vt 0.000000 0.000000
vt 1.000000 0.000000
vt 1.000000 1.000000
vt 1.000000 0.000000
vt 1.000000 1.000000
vt 0.000000 0.000000
vt 1.000000 0.000000
vt 1.000000 0.000000
vt 1.000000 1.000000
vt 0.000000 0.000000
vt 1.000000 0.000000
vt 0.000000 0.000000
vt 1.000000 1.000000
vt 0.000000 0.000000
vt 1.000000 1.000000
vt 0.000000 0.000000
vt 0.000000 0.000000
vt 0.000000 0.000000
vt 1.000000 0.000000
vt 1.000000 0.000000
vt 1.000000 1.000000
vt 0.000000 0.000000
vt 0.000000 0.000000
vt 1.000000 0.000000
vt 1.000000 1.000000
vt 0.000000 0.000000
vt 1.000000 0.000000
vt 0.000000 0.000000
vt 1.000000 0.000000
vt 1.000000 1.000000
vt 0.000000 0.000000
vt 1.000000 1.000000
vt 0.000000 0.000000
vt 1.000000 0.000000
vt 1.000000 1.000000
vt 1.000000 0.000000
vt 1.000000 1.000000
vt 0.000000 0.000000
vt 0.000000 0.000000
vt 1.000000 0.000000
vt 1.000000 1.000000
vt 0.000000 0.000000
vt 1.000000 0.000000
vt 1.000000 1.000000
vt 0.000000 0.000000
vt 1.000000 0.000000
vt 1.000000 1.000000
vt 0.000000 0.000000
vt 1.000000 1.000000
vt 0.000000 0.000000
vt 1.000000 0.000000
vt 1.000000 1.000000
vt 1.000000 0.000000
vt 1.000000 1.000000
vt 0.000000 0.000000
vt 1.000000 1.000000
vt 0.000000 0.000000
vt 1.000000 0.000000
vt 1.000000 1.000000
vt 0.000000 0.000000
vt 1.000000 1.000000
vt 0.000000 0.000000
vt 1.000000 0.000000
vt 1.000000 1.000000
vt 0.000000 0.000000
vt 1.000000 1.000000
vt 1.000000 1.000000
vt 0.000000 0.000000
vt 1.000000 0.000000
vt 1.000000 0.000000
vt 1.000000 1.000000
vt 0.000000 0.000000
vt 1.000000 1.000000
vt 0.000000 0.000000
vt 1.000000 1.000000
vt 1.000000 0.000000
vt 1.000000 1.000000
vt 0.000000 0.000000
vt 1.000000 1.000000
vt 0.000000 0.000000
vt 1.000000 0.000000
vt 1.000000 1.000000
vt 1.000000 0.000000
vt 0.000000 0.000000
vt 1.000000 0.000000
vt 1.000000 0.000000
vt 1.000000 1.000000
vt 0.000000 0.000000
vt 1.000000 1.000000
vt 1.000000 0.000000
vt 1.000000 1.000000
vt 0.000000 0.000000
vt 1.000000 0.000000
vt 1.000000 1.000000
vt 0.000000 0.000000
vt 1.000000 0.000000
vt 1.000000 1.000000
vt 1.000000 0.000000
vt 1.000000 0.000000
vt 1.000000 1.000000
vt 0.000000 0.000000
vt 1.000000 0.000000
vt 0.000000 0.000000
vt 1.000000 0.000000
vt 0.000000 0.000000
vt 0.000000 0.000000
vt 1.000000 1.000000
vt 0.000000 0.000000
vt 1.000000 0.000000
vt 1.000000 1.000000
vt 0.000000 0.000000
vt 1.000000 0.000000
vt 1.000000 1.000000
vt 0.000000 0.000000
vt 1.000000 0.000000
vt 0.000000 0.000000
vt 1.000000 0.000000
vt 1.000000 0.000000
vt 1.000000 1.000000
vt 0.000000 0.000000
vt 1.000000 1.000000
vt 0.000000 0.000000
vt 1.000000 0.000000
vt 1.000000 1.000000
vt 1.000000 1.000000
vt 0.000000 0.000000
vt 1.000000 1.000000
vt 1.000000 0.000000
vt 1.000000 1.000000
vt 0.000000 0.000000
vt 1.000000 0.000000
vt 1.000000 1.000000
vt 0.000000 0.000000
vt 1.000000 0.000000
vt 1.000000 1.000000
vt 1.000000 1.000000
vt 0.000000 0.000000
vt 1.000000 0.000000
vt 1.000000 1.000000
vt 1.000000 0.000000
vt 1.000000 1.000000
vt 0.000000 0.000000
vt 0.000000 0.000000
vt 1.000000 0.000000
vt 1.000000 1.000000
vt 1.000000 1.000000
vt 0.000000 0.000000
vt 1.000000 0.000000
vt 1.000000 1.000000
vt 0.000000 0.000000
vt 1.000000 1.000000
vt 0.000000 0.000000
vt 1.000000 1.000000
vt 0.000000 0.000000
vt 1.000000 1.000000
vt 0.000000 0.000000
vt 1.000000 1.000000
vt 0.000000 0.000000
vt 1.000000 0.000000
vt 1.000000 1.000000
vt 0.000000 0.000000
vt 1.000000 1.000000
vt 0.000000 0.000000
vt 1.000000 0.000000
vt 0.000000 0.000000
vt 1.000000 0.000000
vt 1.000000 1.000000
vt 0.000000 0.000000
vt 1.000000 0.000000
vt 1.000000 1.000000
vt 0.000000 0.000000
vt 1.000000 0.000000
vt 1.000000 0.000000
vt 1.000000 1.000000
vt 0.000000 0.000000
vt 1.000000 0.000000
vt 1.000000 1.000000
vt 1.000000 0.000000
vt 1.000000 1.000000
vt 1.000000 1.000000
vt 1.000000 0.000000
vt 0.000000 0.000000
vt 1.000000 0.000000
vt 1.000000 1.000000
vt 0.000000 0.000000
vt 1.000000 1.000000
vt 0.000000 0.000000
vt 1.000000 1.000000
vt 0.000000 0.000000
vt 1.000000 0.000000
vt 1.000000 1.000000
vt 0.000000 0.000000
vt 1.000000 1.000000
vt 0.000000 0.000000
vt 1.000000 1.000000
vt 0.000000 0.000000
vt 0.000000 0.000000
vt 1.000000 0.000000
vt 1.000000 1.000000
vt 0.000000 0.000000
vt 0.000000 0.000000
vt 1.000000 1.000000
vt 1.000000 0.000000
vt 1.000000 1.000000
vt 0.000000 0.000000
vt 1.000000 0.000000
vt 1.000000 1.000000
vt 1.000000 0.000000
vt 1.000000 1.000000
vt 0.000000 0.000000
vt 1.000000 0.000000
vt 1.000000 1.000000
vt 0.000000 0.000000
vt 0.000000 0.000000
vt 1.000000 1.000000
vt 0.000000 0.000000
vt 1.000000 0.000000
vt 1.000000 1.000000
vt 0.000000 0.000000
vt 0.000000 0.000000
vt 1.000000 0.000000
vt 0.000000 0.000000
vt 1.000000 1.000000
vt 0.000000 0.000000
vt 1.000000 1.000000
vt 0.000000 0.000000
vt 1.000000 0.000000
vt 1.000000 1.000000
vt 0.000000 0.000000
vt 1.000000 0.000000
vt 1.000000 1.000000
vt 0.000000 0.000000
vt 1.000000 0.000000
vt 1.000000 0.000000
vt 1.000000 1.000000
vt 1.000000 0.000000
vt 1.000000 0.000000
vt 1.000000 1.000000
vt 0.000000 0.000000
vt 1.000000 1.000000
vt 0.000000 0.000000
vt 1.000000 0.000000
vt 1.000000 1.000000
vt 1.000000 0.000000
vt 1.000000 1.000000
vt 0.000000 0.000000
vt 1.000000 0.000000
vt 1.000000 0.000000
vt 1.000000 1.000000
vt 0.000000 0.000000
vt 1.000000 1.000000
vt 0.000000 0.000000
vt 1.000000 0.000000
vt 1.000000 1.000000
vt 0.000000 0.000000
vt 1.000000 0.000000
vt 1.000000 1.000000
vt 1.000000 0.000000
vt 1.000000 1.000000
vt 1.000000 0.000000
vt 0.000000 0.000000
vt 1.000000 1.000000
vt 0.000000 0.000000
vt 1.000000 0.000000
vt 0.000000 0.000000
vt 1.000000 1.000000
vt 1.000000 1.000000
vt 1.000000 0.000000
vt 0.000000 0.000000
vt 1.000000 0.000000
vt 1.000000 1.000000
vt 0.000000 0.000000
vt 1.000000 0.000000
vt 1.000000 1.000000
vt 0.000000 0.000000
vt 1.000000 0.000000
vt 1.000000 0.000000
vt 1.000000 1.000000
vt 1.000000 0.000000
vt 1.000000 1.000000
vt 1.000000 0.000000
vt 1.000000 0.000000
vt 1.000000 1.000000
vt 0.000000 0.000000
vt 1.000000 1.000000
vt 1.000000 0.000000
vt 1.000000 1.000000
vt 0.000000 0.000000
vt 1.000000 0.000000
vt 1.000000 1.000000
vt 1.000000 0.000000
vt 1.000000 1.000000
vt 1.000000 1.000000
vt 0.000000 0.000000
vt 1.000000 0.000000
vt 1.000000 1.000000
vt 0.000000 0.000000
vt 1.000000 1.000000
vt 0.000000 0.000000
vt 0.000000 0.000000
vt 1.000000 0.000000
vt 1.000000 1.000000
vt 1.000000 0.000000
vt 0.000000 0.000000
vt 1.000000 0.000000
vt 1.000000 1.000000
vt 0.000000 0.000000
vt 1.000000 0.000000
vt 1.000000 1.000000
vt 1.000000 0.000000
vt 1.000000 1.000000
vt 0.000000 0.000000
vt 1.000000 0.000000
vt 1.000000 1.000000
vt 1.000000 0.000000
vt 1.000000 1.000000
vt 0.000000 0.000000
vt 1.000000 0.000000
vt 0.000000 0.000000
vt 1.000000 1.000000
vt 1.000000 0.000000
vt 0.000000 0.000000
vt 1.000000 0.000000
vt 1.000000 1.000000
vt 0.000000 0.000000
vt 1.000000 0.000000
vt 1.000000 1.000000
vt 0.000000 0.000000
vt 1.000000 0.000000
vt 1.000000 1.000000
vt 0.000000 0.000000
vt 1.000000 1.000000
vt 0.000000 0.000000
vt 0.000000 0.000000
vt 1.000000 0.000000
vt 1.000000 1.000000
vt 1.000000 0.000000
vt 1.000000 1.000000
vt 0.000000 0.000000
vt 1.000000 0.000000
vt 1.000000 0.000000
vt 0.000000 0.000000
vt 0.000000 0.000000
vt 1.000000 1.000000
vt 0.000000 0.000000
vt 1.000000 1.000000
vt 1.000000 1.000000
vt 1.000000 0.000000
vt 1.000000 1.000000
vt 1.000000 0.000000
vt 0.000000 0.000000
vt 1.000000 1.000000
vt 1.000000 0.000000
vt 1.000000 0.000000
vt 0.000000 0.000000
vt 1.000000 1.000000
vt 1.000000 1.000000
vt 0.000000 0.000000
vt 1.000000 0.000000
vt 0.000000 0.000000
vt 1.000000 0.000000
vt 1.000000 1.000000
vt 1.000000 1.000000
vt 0.000000 0.000000
vt 0.000000 0.000000
vt 1.000000 1.000000
vt 0.000000 0.000000
vt 1.000000 0.000000
vt 1.000000 1.000000
vt 0.000000 0.000000
vt 1.000000 0.000000
vt 0.000000 0.000000
vt 1.000000 0.000000
vt 1.000000 0.000000
vt 1.000000 1.000000
vt 1.000000 1.000000
vt 1.000000 0.000000
vt 0.000000 0.000000
vt 1.000000 0.000000
vt 1.000000 1.000000
vt 0.000000 0.000000
vt 1.000000 1.000000
vt 0.000000 0.000000
vt 1.000000 1.000000
vt 0.000000 0.000000
vt 1.000000 0.000000
vt 0.000000 0.000000
vt 1.000000 0.000000
vt 1.000000 1.000000
vt 0.000000 0.000000
vt 0.000000 0.000000
vt 0.000000 0.000000
vt 1.000000 0.000000
vt 1.000000 0.000000
vt 1.000000 1.000000
vt 0.000000 0.000000
vt 1.000000 0.000000
vt 1.000000 1.000000
vt 0.000000 0.000000
vt 1.000000 1.000000
vt 0.000000 0.000000
vt 1.000000 0.000000
vt 1.000000 0.000000
vt 0.000000 0.000000
vt 1.000000 0.000000
vt 1.000000 0.000000
vt 1.000000 1.000000
vt 0.000000 0.000000
vt 0.000000 0.000000
vt 1.000000 0.000000
vt 1.000000 1.000000
vt 1.000000 1.000000
vt 0.000000 0.000000
vt 0.000000 0.000000
vt 1.000000 0.000000
vt 1.000000 1.000000
vt 0.000000 0.000000
vt 1.000000 0.000000
vt 1.000000 1.000000
vt 0.000000 0.000000
vt 1.000000 0.000000
vt 1.000000 1.000000
vt 0.000000 0.000000
vt 1.000000 0.000000
vt 1.000000 1.000000
vt 0.000000 0.000000
vt 1.000000 0.000000
vt 1.000000 1.000000
vt 0.000000 0.000000
vt 1.000000 0.000000
vt 1.000000 1.000000
vt 0.000000 0.000000
vt 1.000000 0.000000
vt 1.000000 1.000000
vt 0.000000 0.000000
vt 1.000000 0.000000
vt 1.000000 1.000000
vt 0.000000 0.000000
vt 1.000000 0.000000
vt 1.000000 1.000000
vt 0.000000 0.000000
vt 1.000000 0.000000
vt 1.000000 1.000000
vt 0.000000 0.000000
vt 1.000000 0.000000
vt 1.000000 1.000000
vt 0.000000 0.000000
vt 1.000000 0.000000
vt 1.000000 1.000000
vt 0.000000 0.000000
vt 1.000000 0.000000
vt 1.000000 1.000000
vt 0.000000 0.000000
vt 1.000000 0.000000
vt 1.000000 1.000000
vt 0.000000 0.000000
vt 1.000000 1.000000
vt 0.000000 0.000000
vt 1.000000 1.000000
vt 0.000000 0.000000
vt 1.000000 0.000000
vt 1.000000 1.000000
vt 0.000000 0.000000
vt 1.000000 1.000000
vt 0.000000 0.000000
vt 1.000000 1.000000
vt 0.000000 0.000000
vt 1.000000 0.000000
vt 1.000000 1.000000
vt 0.000000 0.000000
vt 1.000000 0.000000
vt 1.000000 1.000000
vt 0.000000 0.000000
vt 1.000000 0.000000
vt 1.000000 1.000000
vt 0.000000 0.000000
vt 1.000000 0.000000
vt 1.000000 1.000000
vt 0.000000 0.000000
vt 1.000000 0.000000
vt 1.000000 1.000000
vt 0.000000 0.000000
vt 1.000000 0.000000
vt 1.000000 1.000000
vt 0.000000 0.000000
vt 1.000000 0.000000
vt 1.000000 1.000000
vt 0.000000 0.000000
vt 1.000000 0.000000
vt 1.000000 1.000000
vt 0.000000 0.000000
vt 1.000000 0.000000
vt 1.000000 1.000000
vt 0.000000 0.000000
vt 1.000000 0.000000
vt 1.000000 1.000000
vt 0.000000 0.000000
vt 1.000000 0.000000
vt 1.000000 1.000000
vt 0.000000 0.000000
vt 1.000000 0.000000
vt 1.000000 1.000000
vt 0.000000 0.000000
vt 1.000000 0.000000
vt 1.000000 1.000000
vt 0.000000 0.000000
vt 1.000000 0.000000
vt 1.000000 1.000000
vt 0.000000 0.000000
vt 1.000000 0.000000
vt 1.000000 1.000000
vt 0.000000 0.000000
vt 1.000000 0.000000
vt 1.000000 1.000000
vt 0.000000 0.000000
vt 1.000000 0.000000
vt 1.000000 1.000000
vt 0.000000 0.000000
vt 1.000000 0.000000
vt 1.000000 1.000000
vt 0.000000 0.000000
vt 1.000000 0.000000
vt 1.000000 1.000000
vt 0.000000 0.000000
vt 1.000000 0.000000
vt 1.000000 1.000000
vt 0.000000 0.000000
vt 1.000000 0.000000
vt 1.000000 1.000000
vt 0.000000 0.000000
vt 1.000000 0.000000
vt 1.000000 1.000000
vt 0.000000 0.000000
vt 1.000000 0.000000
vt 1.000000 1.000000
vt 0.000000 0.000000
vt 1.000000 0.000000
vt 1.000000 1.000000
vt 0.000000 0.000000
vt 1.000000 0.000000
vt 1.000000 1.000000
vt 0.000000 0.000000
vt 1.000000 0.000000
vt 1.000000 1.000000
vt 0.000000 0.000000
vt 1.000000 0.000000
vt 1.000000 1.000000
vt 0.000000 0.000000
vt 1.000000 0.000000
vt 1.000000 1.000000
vt 0.000000 0.000000
vt 1.000000 0.000000
vt 0.000000 0.000000
vt 1.000000 0.000000
vt 0.000000 0.000000
vt 1.000000 1.000000
vt 0.000000 0.000000
vt 1.000000 0.000000
vt 1.000000 1.000000
vt 0.000000 0.000000
vt 1.000000 0.000000
vt 1.000000 1.000000
vt 0.000000 0.000000
vt 1.000000 0.000000
vt 1.000000 1.000000
vt 0.000000 0.000000
vt 1.000000 0.000000
vt 1.000000 1.000000
vt 0.000000 0.000000
vt 1.000000 0.000000
vt 1.000000 1.000000
vt 0.000000 0.000000
vt 1.000000 0.000000
vt 1.000000 1.000000
vt 0.000000 0.000000
vt 1.000000 0.000000
vt 1.000000 1.000000
vt 0.000000 0.000000
vt 1.000000 1.000000
vt 1.000000 0.000000
vt 1.000000 1.000000
vt 0.000000 0.000000
vt 1.000000 0.000000
vt 0.000000 0.000000
vt 1.000000 0.000000
vt 0.000000 0.000000
vt 1.000000 0.000000
vt 1.000000 1.000000
vt 0.000000 0.000000
vt 1.000000 0.000000
vt 1.000000 1.000000
vt 0.000000 0.000000
vt 1.000000 0.000000
vt 1.000000 1.000000
vt 0.000000 0.000000
vt 1.000000 0.000000
vt 1.000000 1.000000
vt 0.000000 0.000000
vt 1.000000 1.000000
vt 0.000000 0.000000
vt 1.000000 1.000000
vt 0.000000 0.000000
vt 1.000000 1.000000
vt 0.000000 0.000000
vt 1.000000 0.000000
vt 1.000000 1.000000
vt 0.000000 0.000000
vt 1.000000 0.000000
vt 1.000000 1.000000
vt 0.000000 0.000000
vt 1.000000 0.000000
vt 1.000000 1.000000
vt 0.000000 0.000000
vt 1.000000 0.000000
vt 0.000000 0.000000
vt 1.000000 0.000000
vt 1.000000 1.000000
vt 0.000000 0.000000
vt 1.000000 0.000000
vt 1.000000 1.000000
vt 0.000000 0.000000
vt 1.000000 0.000000
vt 1.000000 1.000000
vt 0.000000 0.000000
vt 1.000000 0.000000
vt 0.000000 0.000000
vt 1.000000 0.000000
vt 1.000000 1.000000
vt 0.000000 0.000000
vt 1.000000 0.000000
vt 1.000000 0.000000
vt 1.000000 1.000000
vt 0.000000 0.000000
vt 1.000000 0.000000
vt 1.000000 1.000000
vt 0.000000 0.000000
vt 1.000000 0.000000
vt 1.000000 1.000000
vt 0.000000 0.000000
vt 1.000000 0.000000
vt 1.000000 1.000000
vt 0.000000 0.000000
vt 1.000000 0.000000
vt 1.000000 1.000000
vt 0.000000 0.000000
vt 1.000000 0.000000
vt 1.000000 1.000000
vt 0.000000 0.000000
vt 1.000000 0.000000
vt 1.000000 1.000000
vt 0.000000 0.000000
vt 1.000000 0.000000
vt 1.000000 1.000000
vt 0.000000 0.000000
vt 1.000000 0.000000
vt 1.000000 1.000000
vt 0.000000 0.000000
vt 1.000000 0.000000
vt 1.000000 1.000000
vt 0.000000 0.000000
vt 1.000000 0.000000
vt 1.000000 1.000000
vt 0.000000 0.000000
vt 1.000000 0.000000
vt 1.000000 1.000000
vt 0.000000 0.000000
vt 1.000000 0.000000
vt 1.000000 1.000000
vt 0.000000 0.000000
vt 1.000000 0.000000
vt 1.000000 1.000000
vt 0.000000 0.000000
vt 1.000000 0.000000
vt 1.000000 1.000000
vt 0.000000 0.000000
vt 1.000000 0.000000
vt 1.000000 1.000000
vt 0.000000 0.000000
vt 1.000000 0.000000
vt 1.000000 1.000000
vt 0.000000 0.000000
vt 1.000000 0.000000
vt 1.000000 1.000000
vt 1.000000 0.000000
vt 1.000000 1.000000
vt 1.000000 0.000000
vt 1.000000 1.000000
vt 0.000000 0.000000
vt 1.000000 0.000000
vt 1.000000 1.000000
vt 0.000000 0.000000
vt 1.000000 0.000000
vt 1.000000 1.000000
vt 0.000000 0.000000
vt 1.000000 0.000000
vt 1.000000 1.000000
vt 0.000000 0.000000
vt 1.000000 0.000000
vt 1.000000 1.000000
vt 0.000000 0.000000
vt 1.000000 0.000000
vt 1.000000 1.000000
vt 0.000000 0.000000
vt 1.000000 0.000000
vt 1.000000 1.000000
vt 0.000000 0.000000
vt 1.000000 0.000000
vt 1.000000 1.000000
vt 0.000000 0.000000
vt 1.000000 0.000000
vt 1.000000 1.000000
vt 0.000000 0.000000
vt 1.000000 0.000000
vt 1.000000 1.000000
vt 0.000000 0.000000
vt 1.000000 0.000000
vt 1.000000 1.000000
vt 0.000000 0.000000
vt 1.000000 0.000000
vt 1.000000 1.000000
vt 0.000000 0.000000
vt 1.000000 0.000000
vt 0.000000 0.000000
vt 1.000000 1.000000
vt 0.000000 0.000000
vt 1.000000 0.000000
vt 0.000000 0.000000
vt 0.000000 0.000000
vt 1.000000 1.000000
vt 0.000000 0.000000
vt 1.000000 0.000000
vt 1.000000 1.000000
vt 0.000000 0.000000
vt 1.000000 1.000000
vt 1.000000 0.000000
vt 1.000000 1.000000
vt 0.000000 0.000000
vt 1.000000 0.000000
vt 1.000000 1.000000
vt 0.000000 0.000000
vt 1.000000 0.000000
vt 1.000000 1.000000
vt 0.000000 0.000000
vt 1.000000 0.000000
vt 1.000000 1.000000
vt 0.000000 0.000000
vt 1.000000 0.000000
vt 1.000000 1.000000
vt 0.000000 0.000000
vt 1.000000 0.000000
vt 1.000000 1.000000
vt 0.000000 0.000000
vt 1.000000 0.000000
vt 1.000000 1.000000
vt 0.000000 0.000000
vt 1.000000 0.000000
vt 1.000000 1.000000
vt 0.000000 0.000000
vt 1.000000 0.000000
vt 1.000000 0.000000
vt 1.000000 1.000000
vt 0.000000 0.000000
vt 1.000000 1.000000
vt 0.000000 0.000000
vt 1.000000 0.000000
vt 1.000000 1.000000
vt 0.000000 0.000000
vt 1.000000 0.000000
vt 0.000000 0.000000
vt 1.000000 0.000000
vt 1.000000 1.000000
vt 0.000000 0.000000
vt 1.000000 0.000000
vt 0.000000 0.000000
vt 1.000000 0.000000
vt 0.000000 0.000000
vt 1.000000 0.000000
vt 1.000000 1.000000
vt 0.000000 0.000000
vt 1.000000 0.000000
vt 0.000000 0.000000
vt 1.000000 0.000000
vt 1.000000 1.000000
vt 0.000000 0.000000
vt 1.000000 0.000000
vt 1.000000 1.000000
vt 0.000000 0.000000
vt 1.000000 0.000000
vt 1.000000 1.000000
vt 0.000000 0.000000
vt 1.000000 0.000000
vt 0.000000 0.000000
vt 1.000000 0.000000
vt 1.000000 1.000000
vt 0.000000 0.000000
vt 1.000000 0.000000
vt 0.000000 0.000000
vt 1.000000 0.000000
vt 1.000000 1.000000
vt 0.000000 0.000000
vt 1.000000 0.000000
vt 1.000000 1.000000
vt 0.000000 0.000000
vt 1.000000 0.000000
vt 1.000000 1.000000
vt 0.000000 0.000000
vt 1.000000 0.000000
vt 1.000000 1.000000
vt 0.000000 0.000000
vt 1.000000 1.000000
vt 0.000000 0.000000
vt 1.000000 1.000000
vt 0.000000 0.000000
vt 1.000000 0.000000
vt 1.000000 1.000000
vt 0.000000 0.000000
vt 1.000000 1.000000
vt 0.000000 0.000000
vt 1.000000 1.000000
vt 0.000000 0.000000
vt 1.000000 0.000000
vt 1.000000 1.000000
vt 1.000000 0.000000
vt 1.000000 1.000000
vt 1.000000 0.000000
vt 1.000000 1.000000
vt 0.000000 0.000000
vt 1.000000 0.000000
vt 1.000000 1.000000
vt 1.000000 0.000000
vt 1.000000 1.000000
vt 1.000000 0.000000
vt 1.000000 1.000000
vt 0.000000 0.000000
vt 1.000000 1.000000
vt 1.000000 0.000000
vt 1.000000 1.000000
vt 1.000000 0.000000
vt 1.000000 1.000000
vt 0.000000 0.000000
vt 1.000000 0.000000
vt 1.000000 1.000000
vt 0.000000 0.000000
vt 1.000000 0.000000
vt 1.000000 1.000000
vt 0.000000 0.000000
vt 1.000000 0.000000
vt 1.000000 1.000000
vt 0.000000 0.000000
vt 1.000000 1.000000
vt 0.000000 0.000000
vt 1.000000 0.000000
vt 1.000000 1.000000
vt 1.000000 0.000000
vt 1.000000 1.000000
vt 0.000000 0.000000
vt 1.000000 0.000000
vt 1.000000 1.000000
vt 0.000000 0.000000
vt 1.000000 0.000000
vt 1.000000 1.000000
vt 0.000000 0.000000
vt 1.000000 0.000000
vt 1.000000 1.000000
vt 1.000000 1.000000
vt 1.000000 1.000000
vt 1.000000 1.000000
vt 0.000000 0.000000
vt 1.000000 1.000000
vt 1.000000 1.000000
vt 1.000000 0.000000
vt 1.000000 0.000000
vt 1.000000 1.000000
vt 1.000000 1.000000
vt 0.000000 0.000000
vt 1.000000 1.000000
vt 0.000000 0.000000
vt 1.000000 1.000000
vt 1.000000 0.000000
vt 1.000000 1.000000
vt 1.000000 0.000000
vt 1.000000 1.000000
vt 0.000000 0.000000
vt 1.000000 1.000000
vt 0.000000 0.000000
vt 1.000000 0.000000
vt 1.000000 0.000000
vt 1.000000 1.000000
vt 0.000000 0.000000
vt 1.000000 0.000000
vt 1.000000 1.000000
vt 0.000000 0.000000
vt 1.000000 1.000000
vt 1.000000 1.000000
vt 0.000000 0.000000
vt 1.000000 0.000000
vt 0.000000 0.000000
vt 1.000000 1.000000
vt 1.000000 1.000000
vt 0.000000 0.000000
vt 1.000000 0.000000
vt 0.000000 0.000000
vt 1.000000 0.000000
vt 1.000000 1.000000
vt 1.000000 0.000000
vt 1.000000 0.000000
vt 1.000000 1.000000
vt 1.000000 1.000000
vt 0.000000 0.000000
vt 1.000000 0.000000
vt 1.000000 1.000000
vt 1.000000 0.000000
vt 1.000000 1.000000
vt 0.000000 0.000000
vt 1.000000 0.000000
vt 0.000000 0.000000
vt 1.000000 1.000000
vt 1.000000 0.000000
vt 1.000000 1.000000
vt 0.000000 0.000000
vt 1.000000 0.000000
vt 1.000000 1.000000
vt 0.000000 0.000000
vt 1.000000 0.000000
vt 1.000000 1.000000
vt 0.000000 0.000000
vt 1.000000 1.000000
vt 0.000000 0.000000
vt 1.000000 1.000000
vt 0.000000 0.000000
vt 1.000000 0.000000
vt 1.000000 1.000000
vt 0.000000 0.000000
vt 1.000000 0.000000
vt 1.000000 1.000000
vt 0.000000 0.000000
vt 1.000000 0.000000
vt 1.000000 1.000000
vt 0.000000 0.000000
vt 1.000000 0.000000
vt 1.000000 1.000000
vt 0.000000 0.000000
vt 1.000000 0.000000
vt 1.000000 1.000000
vt 1.000000 0.000000
vt 0.000000 0.000000
vt 1.000000 0.000000
vt 0.000000 0.000000
vt 1.000000 0.000000
vt 1.000000 1.000000
vt 0.000000 0.000000
vt 1.000000 0.000000
vt 0.000000 0.000000
vt 1.000000 0.000000
vt 1.000000 1.000000
vt 0.000000 0.000000
vt 1.000000 0.000000
vt 0.000000 0.000000
vt 1.000000 0.000000
vt 1.000000 1.000000
vt 0.000000 0.000000
vt 1.000000 0.000000
vt 1.000000 1.000000
vt 0.000000 0.000000
vt 0.000000 0.000000
vt 1.000000 1.000000
vt 0.000000 0.000000
vt 1.000000 0.000000
vt 0.000000 0.000000
vt 1.000000 0.000000
vt 0.000000 0.000000
vt 1.000000 0.000000
vt 1.000000 1.000000
vt 0.000000 0.000000
vt 1.000000 0.000000
vt 0.000000 0.000000
vt 1.000000 0.000000
vt 1.000000 1.000000
vt 0.000000 0.000000
vt 1.000000 0.000000
vt 1.000000 1.000000
vt 0.000000 0.000000
vt 1.000000 0.000000
vt 1.000000 1.000000
vt 0.000000 0.000000
vt 1.000000 0.000000
vt 0.000000 0.000000
vt 1.000000 0.000000
vt 1.000000 1.000000
vt 0.000000 0.000000
vt 1.000000 0.000000
vt 1.000000 1.000000
vt 1.000000 1.000000
vt 0.000000 0.000000
vt 1.000000 0.000000
vt 0.000000 0.000000
vt 1.000000 0.000000
vt 1.000000 1.000000
vt 0.000000 0.000000
vt 1.000000 0.000000
vt 1.000000 1.000000
vt 0.000000 0.000000
vt 1.000000 0.000000
vt 1.000000 1.000000
vt 0.000000 0.000000
vt 1.000000 0.000000
vt 1.000000 1.000000
vt 0.000000 0.000000
vt 1.000000 0.000000
vt 1.000000 1.000000
vt 0.000000 0.000000
vt 1.000000 0.000000
vt 1.000000 1.000000
vt 1.000000 1.000000
vt 0.000000 0.000000
vt 1.000000 0.000000
vt 1.000000 1.000000
vt 0.000000 0.000000
vt 1.000000 0.000000
vt 1.000000 1.000000
vt 1.000000 1.000000
vt 0.000000 0.000000
vt 1.000000 0.000000
vt 1.000000 1.000000
vt 0.000000 0.000000
vt 1.000000 0.000000
vt 0.000000 0.000000
vt 0.000000 0.000000
vt 1.000000 0.000000
vt 1.000000 1.000000
vt 0.000000 0.000000
vt 1.000000 0.000000
vt 1.000000 1.000000
vt 0.000000 0.000000
vt 1.000000 0.000000
vt 1.000000 1.000000
vt 0.000000 0.000000
vt 1.000000 0.000000
vt 1.000000 1.000000
vt 0.000000 0.000000
vt 1.000000 0.000000
vt 1.000000 1.000000
vt 0.000000 0.000000
vt 1.000000 0.000000
vt 1.000000 1.000000
vt 0.000000 0.000000
vt 1.000000 0.000000
vt 1.000000 1.000000
vt 0.000000 0.000000
vt 1.000000 0.000000
vt 1.000000 1.000000
vt 0.000000 0.000000
vt 1.000000 0.000000
vt 1.000000 1.000000
vt 0.000000 0.000000
vt 1.000000 0.000000
vt 1.000000 1.000000
vt 0.000000 0.000000
vt 1.000000 0.000000
vt 1.000000 1.000000
vt 0.000000 0.000000
vt 1.000000 0.000000
vt 1.000000 1.000000
vt 0.000000 0.000000
vt 1.000000 0.000000
vt 1.000000 1.000000
vt 0.000000 0.000000
vt 1.000000 0.000000
vt 1.000000 1.000000
vt 0.000000 0.000000
vt 1.000000 0.000000
vt 1.000000 1.000000
vt 0.000000 0.000000
vt 1.000000 0.000000
vt 1.000000 1.000000
vt 0.000000 0.000000
vt 1.000000 0.000000
vt 1.000000 1.000000
vt 0.000000 0.000000
vt 1.000000 0.000000
vt 1.000000 1.000000
vt 0.000000 0.000000
vt 1.000000 0.000000
vt 1.000000 1.000000
vt 0.000000 0.000000
vt 1.000000 0.000000
vt 1.000000 1.000000
vt 0.000000 0.000000
vt 1.000000 0.000000
vt 1.000000 1.000000
vt 0.000000 0.000000
vt 1.000000 0.000000
vt 1.000000 1.000000
vt 0.000000 0.000000
vt 1.000000 0.000000
vt 1.000000 1.000000
vt 0.000000 0.000000
vt 1.000000 0.000000
vt 1.000000 1.000000
vt 0.000000 0.000000
vt 1.000000 0.000000
vt 1.000000 1.000000
vt 0.000000 0.000000
vt 1.000000 0.000000
vt 1.000000 1.000000
vt 0.000000 0.000000
vt 1.000000 0.000000
vt 1.000000 1.000000
vt 0.000000 0.000000
vt 1.000000 0.000000
vt 1.000000 1.000000
vt 0.000000 0.000000
vt 1.000000 0.000000
vt 1.000000 1.000000
vt 0.000000 0.000000
vt 1.000000 0.000000
vt 1.000000 1.000000
vt 0.000000 0.000000
vt 1.000000 0.000000
vt 1.000000 1.000000
vt 0.000000 0.000000
vt 1.000000 0.000000
vt 1.000000 1.000000
vt 0.000000 0.000000
vt 1.000000 0.000000
vt 1.000000 1.000000
vt 0.000000 0.000000
vt 1.000000 0.000000
vt 1.000000 1.000000
vt 0.000000 0.000000
vt 1.000000 0.000000
vt 1.000000 1.000000
vt 0.000000 0.000000
vt 1.000000 0.000000
vt 1.000000 1.000000
vt 0.000000 0.000000
vt 1.000000 0.000000
vt 1.000000 1.000000
vt 0.000000 0.000000
vt 1.000000 0.000000
vt 1.000000 1.000000
vt 0.000000 0.000000
vt 1.000000 0.000000
vt 1.000000 1.000000
vt 0.000000 0.000000
vt 1.000000 0.000000
vt 1.000000 1.000000
vt 0.000000 0.000000
vt 1.000000 0.000000
vt 1.000000 1.000000
vt 0.000000 0.000000
vt 1.000000 0.000000
vt 1.000000 1.000000
vt 0.000000 0.000000
vt 1.000000 0.000000
vt 1.000000 1.000000
vt 0.000000 0.000000
vt 1.000000 0.000000
vt 1.000000 1.000000
vt 0.000000 0.000000
vt 1.000000 0.000000
vt 1.000000 1.000000
vt 0.000000 0.000000
vt 1.000000 0.000000
vt 1.000000 1.000000
vt 0.000000 0.000000
vt 1.000000 1.000000
vt 0.000000 0.000000
vt 1.000000 0.000000
vt 1.000000 1.000000
vt 0.000000 0.000000
vt 1.000000 0.000000
vt 1.000000 1.000000
vt 0.000000 0.000000
vt 1.000000 1.000000
vt 0.000000 0.000000
vt 1.000000 0.000000
vt 1.000000 1.000000
vt 0.000000 0.000000
vt 1.000000 1.000000
vt 1.000000 0.000000
vt 1.000000 1.000000
vt 0.000000 0.000000
vt 1.000000 0.000000
vt 1.000000 1.000000
vt 0.000000 0.000000
vt 1.000000 0.000000
vt 1.000000 1.000000
vt 0.000000 0.000000
vt 1.000000 0.000000
vt 1.000000 1.000000
vt 0.000000 0.000000
vt 1.000000 0.000000
vt 1.000000 1.000000
vt 0.000000 0.000000
vt 1.000000 0.000000
vt 1.000000 1.000000
vt 0.000000 0.000000
vt 1.000000 0.000000
vt 1.000000 1.000000
vt 0.000000 0.000000
vt 1.000000 0.000000
vt 1.000000 1.000000
vt 0.000000 0.000000
vt 1.000000 0.000000
vt 1.000000 1.000000
vt 0.000000 0.000000
vt 1.000000 0.000000
vt 1.000000 1.000000
vt 0.000000 0.000000
vt 1.000000 0.000000
vt 1.000000 1.000000
vt 0.000000 0.000000
vt 1.000000 1.000000
vt 0.000000 0.000000
vt 1.000000 1.000000
vt 0.000000 0.000000
vt 1.000000 0.000000
vt 1.000000 1.000000
vt 0.000000 0.000000
vt 1.000000 1.000000
vt 0.000000 0.000000
vt 1.000000 0.000000
vt 1.000000 1.000000
vt 0.000000 0.000000
vt 1.000000 0.000000
vt 1.000000 1.000000
vt 1.000000 0.000000
vt 1.000000 1.000000
vt 0.000000 0.000000
vt 1.000000 0.000000
vt 1.000000 1.000000
vt 0.000000 0.000000
vt 1.000000 0.000000
vt 1.000000 1.000000
vt 0.000000 0.000000
vt 1.000000 1.000000
vt 0.000000 0.000000
vt 1.000000 0.000000
vt 0.000000 0.000000
vt 1.000000 0.000000
vt 1.000000 1.000000
vt 0.000000 0.000000
vt 1.000000 0.000000
vt 1.000000 1.000000
vt 1.000000 0.000000
vt 1.000000 1.000000
vt 0.000000 0.000000
vt 1.000000 0.000000
vt 1.000000 1.000000
vt 1.000000 0.000000
vt 1.000000 1.000000
vt 0.000000 0.000000
vt 1.000000 0.000000
vt 0.000000 0.000000
vt 1.000000 0.000000
vt 0.000000 0.000000
vt 1.000000 0.000000
vt 0.000000 0.000000
vt 1.000000 0.000000
vt 1.000000 1.000000
vt 0.000000 0.000000
vt 1.000000 0.000000
vt 1.000000 1.000000
vt 0.000000 0.000000
vt 1.000000 0.000000
vt 1.000000 1.000000
vt 0.000000 0.000000
vt 1.000000 0.000000
vt 1.000000 1.000000
vt 0.000000 0.000000
vt 1.000000 0.000000
vt 1.000000 1.000000
vt 0.000000 0.000000
vt 1.000000 0.000000
vt 1.000000 1.000000
vt 0.000000 0.000000
vt 1.000000 0.000000
vt 1.000000 1.000000
vt 0.000000 0.000000
vt 1.000000 0.000000
vt 1.000000 1.000000
vt 0.000000 0.000000
vt 1.000000 0.000000
vt 1.000000 1.000000
vt 0.000000 0.000000
vt 1.000000 0.000000
vt 1.000000 1.000000
vt 0.000000 0.000000
vt 1.000000 0.000000
vt 1.000000 1.000000
vt 0.000000 0.000000
vt 1.000000 0.000000
vt 1.000000 1.000000
vt 0.000000 0.000000
vt 1.000000 0.000000
vt 1.000000 1.000000
vt 0.000000 0.000000
vt 1.000000 0.000000
vt 1.000000 1.000000
vt 0.000000 0.000000
vt 1.000000 0.000000
vt 1.000000 1.000000
vt 0.000000 0.000000
vt 1.000000 0.000000
vt 0.000000 0.000000
vt 1.000000 0.000000
vt 1.000000 1.000000
vt 0.000000 0.000000
vt 1.000000 0.000000
vt 0.000000 0.000000
vt 1.000000 0.000000
vt 1.000000 1.000000
vt 0.000000 0.000000
vt 1.000000 0.000000
vt 1.000000 1.000000
vt 0.000000 0.000000
vt 1.000000 0.000000
vt 0.000000 0.000000
vt 1.000000 0.000000
vt 0.000000 0.000000
vt 1.000000 0.000000
vt 1.000000 1.000000
vt 0.000000 0.000000
vt 1.000000 0.000000
vt 0.000000 0.000000
vt 1.000000 0.000000
vt 0.000000 0.000000
vt 1.000000 0.000000
vt 1.000000 1.000000
vt 0.000000 0.000000
vt 1.000000 0.000000
vt 1.000000 1.000000
vt 0.000000 0.000000
vt 1.000000 0.000000
vt 1.000000 1.000000
vt 0.000000 0.000000
vt 1.000000 0.000000
vt 1.000000 1.000000
vt 0.000000 0.000000
vt 1.000000 0.000000
vt 1.000000 1.000000
vt 0.000000 0.000000
vt 1.000000 0.000000
vt 1.000000 1.000000
vt 0.000000 0.000000
vt 1.000000 0.000000
vt 1.000000 1.000000
vt 0.000000 0.000000
vt 1.000000 0.000000
vt 1.000000 1.000000
vt 1.000000 0.000000
vt 1.000000 0.000000
vt 0.000000 0.000000
vt 1.000000 0.000000
vt 1.000000 0.000000
vt 1.000000 1.000000
vt 1.000000 1.000000
vt 0.000000 0.000000
vt 1.000000 1.000000
vt 1.000000 1.000000
vt 0.000000 0.000000
vt 1.000000 0.000000
vt 1.000000 1.000000
vt 0.000000 0.000000
vt 1.000000 0.000000
vt 1.000000 0.000000
vt 0.000000 0.000000
vt 0.000000 0.000000
vt 1.000000 1.000000
vt 1.000000 1.000000
vt 0.000000 0.000000
vt 1.000000 0.000000
vt 1.000000 0.000000
vt 1.000000 1.000000
vt 1.000000 0.000000
vt 1.000000 1.000000
vt 0.000000 0.000000
vt 1.000000 1.000000
vt 0.000000 0.000000
vt 1.000000 0.000000
vt 1.000000 0.000000
vt 1.000000 1.000000
vt 1.000000 1.000000
vt 0.000000 0.000000
vt 1.000000 1.000000
vt 0.000000 0.000000
vt 1.000000 0.000000
vt 1.000000 1.000000
vt 0.000000 0.000000
vt 1.000000 0.000000
vt 1.000000 1.000000
vt 0.000000 0.000000
vt 1.000000 0.000000
vt 1.000000 1.000000
vt 1.000000 0.000000
vt 0.000000 0.000000
vt 1.000000 0.000000
vt 0.000000 0.000000
vt 1.000000 0.000000
vt 1.000000 1.000000
vt 0.000000 0.000000
vt 1.000000 1.000000
vt 0.000000 0.000000
vt 1.000000 0.000000
vt 0.000000 0.000000
vt 1.000000 0.000000
vt 1.000000 1.000000
vt 0.000000 0.000000
vt 1.000000 0.000000
vt 1.000000 1.000000
vt 0.000000 0.000000
vt 1.000000 0.000000
vt 1.000000 1.000000
vt 0.000000 0.000000
vt 1.000000 0.000000
vt 1.000000 1.000000
vt 0.000000 0.000000
vt 1.000000 0.000000
vt 1.000000 1.000000
vt 0.000000 0.000000
vt 1.000000 0.000000
vt 1.000000 1.000000
vt 0.000000 0.000000
vt 1.000000 0.000000
vt 1.000000 1.000000
vt 0.000000 0.000000
vt 1.000000 0.000000
vt 1.000000 1.000000
vt 0.000000 0.000000
vt 1.000000 0.000000
vt 1.000000 1.000000
vt 0.000000 0.000000
vt 1.000000 0.000000
vt 1.000000 1.000000
vt 1.000000 0.000000
vt 1.000000 1.000000
vt 1.000000 1.000000
vt 0.000000 0.000000
vt 1.000000 0.000000
vt 1.000000 1.000000
vt 0.000000 0.000000
vt 1.000000 0.000000
vt 1.000000 1.000000
vt 0.000000 0.000000
vt 1.000000 1.000000
vt 1.000000 0.000000
vt 1.000000 1.000000
vt 1.000000 0.000000
vt 1.000000 1.000000
vt 0.000000 0.000000
vt 0.000000 0.000000
vt 1.000000 1.000000
vt 0.000000 0.000000
vt 1.000000 0.000000
vt 1.000000 1.000000
vt 0.000000 0.000000
vt 1.000000 0.000000
vt 0.000000 0.000000
vt 1.000000 1.000000
vt 0.000000 0.000000
vt 1.000000 0.000000
vt 1.000000 0.000000
vt 1.000000 1.000000
vt 1.000000 1.000000
vt 0.000000 0.000000
vt 1.000000 0.000000
vt 1.000000 1.000000
vt 0.000000 0.000000
vt 1.000000 0.000000
vt 1.000000 1.000000
vt 0.000000 0.000000
vt 1.000000 0.000000
vt 1.000000 1.000000
vt 0.000000 0.000000
vt 1.000000 0.000000
vt 1.000000 1.000000
vt 0.000000 0.000000
vt 1.000000 0.000000
vt 1.000000 1.000000
vt 0.000000 0.000000
vt 1.000000 0.000000
vt 1.000000 1.000000
vt 0.000000 0.000000
vt 1.000000 0.000000
vt 1.000000 1.000000
vt 0.000000 0.000000
vt 1.000000 0.000000
vt 1.000000 1.000000
vt 0.000000 0.000000
vt 1.000000 0.000000
vt 1.000000 1.000000
vt 1.000000 0.000000
vt 1.000000 0.000000
vt 1.000000 0.000000
vt 1.000000 1.000000
vt 1.000000 1.000000
vt 1.000000 0.000000
vt 1.000000 1.000000
vt 0.000000 0.000000
vt 1.000000 0.000000
vt 1.000000 1.000000
vt 0.000000 0.000000
vt 1.000000 0.000000
vt 1.000000 1.000000
vt 0.000000 0.000000
vt 1.000000 0.000000
vt 1.000000 1.000000
vt 0.000000 0.000000
vt 1.000000 0.000000
vt 1.000000 1.000000
vt 0.000000 0.000000
vt 1.000000 0.000000
vt 1.000000 1.000000
vt 0.000000 0.000000
vt 1.000000 0.000000
vt 1.000000 1.000000
vt 0.000000 0.000000
vt 1.000000 0.000000
vt 0.000000 0.000000
vt 1.000000 0.000000
vt 1.000000 1.000000
vt 0.000000 0.000000
vt 1.000000 0.000000
vt 1.000000 1.000000
vt 0.000000 0.000000
vt 1.000000 0.000000
vt 1.000000 1.000000
vt 0.000000 0.000000
vt 1.000000 0.000000
vt 1.000000 1.000000
vt 0.000000 0.000000
vt 1.000000 0.000000
vt 1.000000 1.000000
vt 0.000000 0.000000
vt 1.000000 0.000000
vt 1.000000 1.000000
vt 0.000000 0.000000
vt 1.000000 0.000000
vt 1.000000 0.000000
vt 1.000000 0.000000
vt 1.000000 1.000000
vt 0.000000 0.000000
vt 1.000000 0.000000
vt 1.000000 0.000000
vt 1.000000 1.000000
vt 1.000000 0.000000
vt 1.000000 1.000000
vt 0.000000 0.000000
vt 1.000000 0.000000
vt 1.000000 1.000000
vt 0.000000 0.000000
vt 1.000000 0.000000
vt 0.000000 0.000000
vt 1.000000 0.000000
vt 1.000000 1.000000
vt 0.000000 0.000000
vt 1.000000 0.000000
vt 0.000000 0.000000
vt 1.000000 0.000000
vt 1.000000 1.000000
vt 0.000000 0.000000
vt 1.000000 1.000000
vt 0.000000 0.000000
vt 1.000000 0.000000
vt 1.000000 1.000000
vt 0.000000 0.000000
vt 1.000000 0.000000
vt 1.000000 1.000000
vt 1.000000 0.000000
vt 1.000000 1.000000
vt 0.000000 0.000000
vt 1.000000 0.000000
vt 1.000000 1.000000
vt 0.000000 0.000000
vt 1.000000 1.000000
vt 0.000000 0.000000
vt 1.000000 1.000000
vt 0.000000 0.000000
vt 1.000000 0.000000
vt 1.000000 1.000000
vt 0.000000 0.000000
vt 1.000000 0.000000
vt 1.000000 1.000000
vt 0.000000 0.000000
vt 1.000000 0.000000
vt 1.000000 1.000000
vt 0.000000 0.000000
vt 1.000000 0.000000
vt 1.000000 1.000000
vt 0.000000 0.000000
vt 1.000000 0.000000
vt 1.000000 1.000000
vt 0.000000 0.000000
vt 1.000000 0.000000
vt 1.000000 1.000000
vt 1.000000 1.000000
vt 0.000000 0.000000
vt 1.000000 0.000000
vt 1.000000 1.000000
vt 1.000000 1.000000
vt 0.000000 0.000000
vt 1.000000 0.000000
vt 1.000000 1.000000
vt 1.000000 0.000000
vt 1.000000 1.000000
vt 1.000000 0.000000
vt 0.000000 0.000000
vt 1.000000 0.000000
vt 1.000000 1.000000
vt 0.000000 0.000000
vt 1.000000 0.000000
vt 0.000000 0.000000
vt 1.000000 0.000000
vt 1.000000 0.000000
vt 1.000000 1.000000
vt 1.000000 1.000000
vt 0.000000 0.000000
vt 1.000000 1.000000
vt 0.000000 0.000000
vt 1.000000 1.000000
vt 0.000000 0.000000
vt 1.000000 0.000000
vt 1.000000 1.000000
vt 0.000000 0.000000
vt 1.000000 0.000000
vt 1.000000 1.000000
vt 0.000000 0.000000
vt 1.000000 0.000000
vt 1.000000 1.000000
vt 0.000000 0.000000
vt 1.000000 0.000000
vt 1.000000 1.000000
vt 0.000000 0.000000
vt 1.000000 0.000000
vt 1.000000 1.000000
vt 0.000000 0.000000
vt 1.000000 0.000000
vt 1.000000 1.000000
vt 0.000000 0.000000
vt 1.000000 0.000000
vt 1.000000 1.000000
vt 0.000000 0.000000
vt 1.000000 0.000000
vt 1.000000 1.000000
vt 1.000000 0.000000
vt 1.000000 1.000000
vt 0.000000 0.000000
vt 1.000000 0.000000
vt 0.000000 0.000000
vt 0.000000 0.000000
vt 1.000000 0.000000
vt 1.000000 1.000000
vt 0.000000 0.000000
vt 1.000000 0.000000
vt 0.000000 0.000000
vt 1.000000 0.000000
vt 0.000000 0.000000
vt 1.000000 0.000000
vt 0.000000 0.000000
vt 1.000000 1.000000
vt 1.000000 1.000000
vt 1.000000 0.000000
vt 0.000000 0.000000
vt 1.000000 0.000000
vt 1.000000 0.000000
vt 0.000000 0.000000
vt 1.000000 1.000000
vt 1.000000 0.000000
vt 1.000000 1.000000
vt 0.000000 0.000000
vt 1.000000 1.000000
vt 0.000000 0.000000
vt 1.000000 0.000000
vt 0.000000 0.000000
vt 1.000000 0.000000
vt 0.000000 0.000000
vt 0.000000 0.000000
vt 1.000000 0.000000
vt 1.000000 1.000000
vt 1.000000 1.000000
vt 0.000000 0.000000
vt 1.000000 1.000000
vt 0.000000 0.000000
vt 1.000000 0.000000
vt 1.000000 0.000000
vt 1.000000 1.000000
vt 1.000000 1.000000
vt 1.000000 0.000000
vt 1.000000 1.000000
vt 0.000000 0.000000
vt 1.000000 0.000000
vt 1.000000 1.000000
vt 0.000000 0.000000
vt 1.000000 0.000000
vt 0.000000 0.000000
vt 1.000000 0.000000
vt 1.000000 0.000000
vt 1.000000 1.000000
vt 1.000000 1.000000
vt 0.000000 0.000000
vt 1.000000 1.000000
vt 0.000000 0.000000
vt 1.000000 0.000000
vt 0.000000 0.000000
vt 1.000000 1.000000
vt 1.000000 1.000000
vt 1.000000 1.000000
vt 0.000000 0.000000
vt 1.000000 0.000000
vt 1.000000 1.000000
vt 0.000000 0.000000
vt 1.000000 1.000000
vt 1.000000 1.000000
vt 0.000000 0.000000
vt 1.000000 0.000000
vt 0.000000 0.000000
vt 1.000000 1.000000
vt 0.000000 0.000000
vt 1.000000 0.000000
vt 1.000000 1.000000
vt 0.000000 0.000000
vt 1.000000 0.000000
vt 1.000000 1.000000
vt 0.000000 0.000000
vt 1.000000 0.000000
vt 1.000000 1.000000
vt 0.000000 0.000000
vt 1.000000 0.000000
vt 1.000000 1.000000
vt 0.000000 0.000000
vt 1.000000 1.000000
vt 0.000000 0.000000
vt 1.000000 1.000000
vt 0.000000 0.000000
vt 1.000000 0.000000
vt 1.000000 1.000000
vt 0.000000 0.000000
vt 1.000000 1.000000
vt 0.000000 0.000000
vt 1.000000 1.000000
vt 1.000000 0.000000
vt 1.000000 0.000000
vt 1.000000 1.000000
vt 0.000000 0.000000
vt 1.000000 1.000000
vt 1.000000 1.000000
vt 0.000000 0.000000
vt 1.000000 1.000000
vt 0.000000 0.000000
vt 1.000000 1.000000
vt 0.000000 0.000000
vt 1.000000 0.000000
vt 1.000000 1.000000
vt 1.000000 0.000000
vt 1.000000 1.000000
vt 0.000000 0.000000
vt 1.000000 0.000000
vt 0.000000 0.000000
vt 1.000000 0.000000
vt 1.000000 1.000000
vt 0.000000 0.000000
vt 1.000000 0.000000
vt 1.000000 1.000000
vt 0.000000 0.000000
vt 1.000000 1.000000
vt 0.000000 0.000000
vt 1.000000 0.000000
vt 1.000000 1.000000
vt 0.000000 0.000000
vt 1.000000 0.000000
vt 1.000000 1.000000
vt 0.000000 0.000000
vt 1.000000 0.000000
vt 1.000000 1.000000
vt 0.000000 0.000000
vt 1.000000 0.000000
vt 1.000000 1.000000
vt 0.000000 0.000000
vt 1.000000 0.000000
vt 1.000000 1.000000
vt 0.000000 0.000000
vt 1.000000 0.000000
vt 1.000000 1.000000
vt 1.000000 0.000000
vt 1.000000 1.000000
vt 0.000000 0.000000
vt 1.000000 0.000000
vt 1.000000 1.000000
vt 0.000000 0.000000
vt 1.000000 0.000000
vt 0.000000 0.000000
vt 1.000000 0.000000
vt 1.000000 1.000000
vt 0.000000 0.000000
vt 1.000000 0.000000
vt 1.000000 1.000000
vt 0.000000 0.000000
vt 1.000000 0.000000
vt 1.000000 1.000000
vt 0.000000 0.000000
vt 1.000000 0.000000
vt 1.000000 1.000000
vt 0.000000 0.000000
vt 1.000000 1.000000
vt 0.000000 0.000000
vt 1.000000 1.000000
vt 0.000000 0.000000
vt 1.000000 0.000000
vt 1.000000 1.000000
vt 0.000000 0.000000
vt 1.000000 1.000000
vt 0.000000 0.000000
vt 1.000000 0.000000
vt 1.000000 1.000000
vt 1.000000 0.000000
vt 1.000000 1.000000
vt 1.000000 0.000000
vt 1.000000 1.000000
vt 0.000000 0.000000
vt 1.000000 0.000000
vt 1.000000 1.000000
vt 0.000000 0.000000
vt 1.000000 0.000000
vt 1.000000 1.000000
vt 0.000000 0.000000
vt 1.000000 0.000000
vt 1.000000 1.000000
vt 0.000000 0.000000
vt 1.000000 0.000000
vt 0.000000 0.000000
vt 1.000000 0.000000
vt 1.000000 1.000000
vt 1.000000 0.000000
vt 1.000000 1.000000
vt 1.000000 0.000000
vt 1.000000 0.000000
vt 1.000000 1.000000
vt 0.000000 0.000000
vt 1.000000 0.000000
vt 0.000000 0.000000
vt 1.000000 1.000000
vt 1.000000 0.000000
vt 1.000000 1.000000
vt 1.000000 0.000000
vt 0.000000 0.000000
vt 1.000000 0.000000
vt 1.000000 0.000000
vt 1.000000 0.000000
vt 0.000000 0.000000
vt 0.000000 0.000000
vt 1.000000 0.000000
vt 1.000000 0.000000
vt 1.000000 1.000000
vt 1.000000 1.000000
vt 1.000000 1.000000
vt 0.000000 0.000000
vt 1.000000 0.000000
vt 1.000000 1.000000
vt 0.000000 0.000000
vt 1.000000 1.000000
vt 0.000000 0.000000
vt 1.000000 0.000000
vt 1.000000 1.000000
vt 0.000000 0.000000
vt 1.000000 0.000000
vt 1.000000 1.000000
vt 0.000000 0.000000
vt 1.000000 0.000000
vt 1.000000 1.000000
vt 0.000000 0.000000
vt 1.000000 0.000000
vt 1.000000 1.000000
vt 0.000000 0.000000
vt 1.000000 0.000000
vt 1.000000 1.000000
vt 0.000000 0.000000
vt 1.000000 0.000000
vt 1.000000 1.000000
vt 1.000000 0.000000
vt 1.000000 1.000000
vt 0.000000 0.000000
vt 1.000000 0.000000
vt 1.000000 1.000000
vt 0.000000 0.000000
vt 1.000000 0.000000
vt 1.000000 1.000000
vt 0.000000 0.000000
vt 1.000000 0.000000
vt 1.000000 1.000000
vt 0.000000 0.000000
vt 1.000000 0.000000
vt 1.000000 1.000000
vt 1.000000 0.000000
vt 1.000000 1.000000
vt 0.000000 0.000000
vt 1.000000 0.000000
vt 1.000000 1.000000
vt 0.000000 0.000000
vt 1.000000 0.000000
vt 1.000000 1.000000
vt 0.000000 0.000000
vt 1.000000 0.000000
vt 1.000000 1.000000
vt 0.000000 0.000000
vt 1.000000 0.000000
vt 0.000000 0.000000
vt 0.000000 0.000000
vt 0.000000 0.000000
vt 1.000000 0.000000
vt 1.000000 1.000000
vt 0.000000 0.000000
vt 1.000000 0.000000
vt 1.000000 1.000000
vt 0.000000 0.000000
vt 1.000000 0.000000
vt 1.000000 1.000000
vt 0.000000 0.000000
vt 1.000000 0.000000
vt 1.000000 1.000000
vt 0.000000 0.000000
vt 1.000000 0.000000
vt 1.000000 1.000000
vt 0.000000 0.000000
vt 1.000000 0.000000
vt 1.000000 1.000000
vt 0.000000 0.000000
vt 1.000000 0.000000
vt 1.000000 1.000000
vt 0.000000 0.000000
vt 1.000000 0.000000
vt 1.000000 1.000000
vt 0.000000 0.000000
vt 1.000000 0.000000
vt 1.000000 1.000000
vt 1.000000 0.000000
vt 1.000000 1.000000
vt 0.000000 0.000000
vt 1.000000 0.000000
vt 1.000000 1.000000
vt 0.000000 0.000000
vt 1.000000 0.000000
vt 1.000000 1.000000
vt 0.000000 0.000000
vt 1.000000 0.000000
vt 1.000000 1.000000
vt 0.000000 0.000000
vt 1.000000 0.000000
vt 1.000000 1.000000
vt 0.000000 0.000000
vt 1.000000 0.000000
vt 1.000000 1.000000
vt 0.000000 0.000000
vt 1.000000 0.000000
vt 1.000000 1.000000
vt 0.000000 0.000000
vt 1.000000 0.000000
vt 1.000000 1.000000
vt 0.000000 0.000000
vt 1.000000 0.000000
vt 1.000000 1.000000
vt 0.000000 0.000000
vt 1.000000 0.000000
vt 1.000000 1.000000
vt 0.000000 0.000000
vt 1.000000 1.000000
vt 0.000000 0.000000
vt 1.000000 0.000000
vt 0.000000 0.000000
vt 1.000000 0.000000
vt 1.000000 1.000000
vt 0.000000 0.000000
vt 1.000000 0.000000
vt 1.000000 1.000000
vt 0.000000 0.000000
vt 1.000000 0.000000
vt 1.000000 1.000000
vt 1.000000 1.000000
vt 1.000000 0.000000
vt 1.000000 1.000000
vt 0.000000 0.000000
vt 1.000000 0.000000
vt 1.000000 1.000000
vt 0.000000 0.000000
vt 1.000000 1.000000
vt 0.000000 0.000000
vt 1.000000 0.000000
vt 1.000000 1.000000
vt 1.000000 0.000000
vt 1.000000 1.000000
vt 0.000000 0.000000
vt 1.000000 1.000000
vt 0.000000 0.000000
vt 1.000000 0.000000
vt 1.000000 0.000000
vt 0.000000 0.000000
vt 1.000000 0.000000
vt 1.000000 1.000000
vt 1.000000 1.000000
vt 0.000000 0.000000
vt 1.000000 1.000000
vt 0.000000 0.000000
vt 1.000000 1.000000
vt 1.000000 0.000000
vt 1.000000 1.000000
vt 1.000000 0.000000
vt 1.000000 1.000000
vt 0.000000 0.000000
vt 0.000000 0.000000
vt 0.000000 0.000000
vt 0.000000 0.000000
vt 0.000000 0.000000
vt 1.000000 0.000000
vt 1.000000 0.000000
vt 1.000000 1.000000
vt 1.000000 0.000000
vt 1.000000 0.000000
vt 1.000000 1.000000
vt 0.000000 0.000000
vt 1.000000 1.000000
vt 0.000000 0.000000
vt 1.000000 0.000000
vt 1.000000 1.000000
vt 0.000000 0.000000
vt 1.000000 1.000000
vt 1.000000 0.000000
vt 1.000000 1.000000
vt 0.000000 0.000000
vt 1.000000 1.000000
vt 0.000000 0.000000
vt 1.000000 0.000000
vt 1.000000 1.000000
vt 0.000000 0.000000
vt 1.000000 1.000000
vt 1.000000 1.000000
vt 0.000000 0.000000
vt 0.000000 0.000000
vt 1.000000 0.000000
vt 1.000000 1.000000
vt 1.000000 1.000000
vt 1.000000 1.000000
vt 0.000000 0.000000
vt 1.000000 0.000000
vt 1.000000 0.000000
vt 1.000000 0.000000
vt 1.000000 0.000000
vt 0.000000 0.000000
vt 1.000000 1.000000
vt 0.000000 0.000000
vt 1.000000 0.000000
vt 1.000000 0.000000
vt 1.000000 0.000000
vt 0.000000 0.000000
vt 1.000000 0.000000
vt 0.000000 0.000000
vt 0.000000 0.000000
vt 0.000000 0.000000
vt 0.000000 0.000000
vt 1.000000 1.000000
vt 1.000000 0.000000
vt 0.000000 0.000000
vt 1.000000 1.000000
vt 0.000000 0.000000
vt 1.000000 0.000000
vt 1.000000 1.000000
vt 0.000000 0.000000
vt 1.000000 0.000000
vt 0.000000 0.000000
vt 1.000000 0.000000
vt 1.000000 1.000000
vt 0.000000 0.000000
vt 1.000000 1.000000
vt 0.000000 0.000000
vt 1.000000 0.000000
vt 0.000000 0.000000
vt 1.000000 0.000000
vt 1.000000 1.000000
vt 1.000000 0.000000
vt 1.000000 1.000000
vt 0.000000 0.000000
vt 1.000000 0.000000
vt 1.000000 1.000000
vt 1.000000 0.000000
vt 1.000000 1.000000
vt 1.000000 0.000000
vt 1.000000 1.000000
vt 1.000000 0.000000
vt 1.000000 1.000000
vt 1.000000 0.000000
vt 1.000000 1.000000
vt 0.000000 0.000000
vt 1.000000 0.000000
vt 1.000000 1.000000
vt 0.000000 0.000000
vt 1.000000 0.000000
vt 1.000000 1.000000
vt 1.000000 0.000000
vt 1.000000 1.000000
vt 0.000000 0.000000
vt 1.000000 0.000000
vt 0.000000 0.000000
vt 1.000000 0.000000
vt 1.000000 1.000000
vt 0.000000 0.000000
vt 1.000000 0.000000
vt 0.000000 0.000000
vt 1.000000 0.000000
vt 1.000000 1.000000
vt 0.000000 0.000000
vt 1.000000 0.000000
vt 1.000000 1.000000
vt 0.000000 0.000000
vt 1.000000 0.000000
vt 1.000000 1.000000
vt 0.000000 0.000000
vt 1.000000 0.000000
vt 0.000000 0.000000
vt 1.000000 0.000000
vt 1.000000 1.000000
vt 0.000000 0.000000
vt 1.000000 0.000000
vt 0.000000 0.000000
vt 1.000000 0.000000
vt 1.000000 1.000000
vt 0.000000 0.000000
vt 1.000000 0.000000
vt 1.000000 1.000000
vt 0.000000 0.000000
vt 1.000000 0.000000
vt 1.000000 1.000000
vt 0.000000 0.000000
vt 1.000000 0.000000
vt 1.000000 1.000000
vt 0.000000 0.000000
vt 1.000000 0.000000
vt 1.000000 1.000000
vt 0.000000 0.000000
vt 1.000000 0.000000
vt 1.000000 1.000000
vt 0.000000 0.000000
vt 1.000000 0.000000
vt 0.000000 0.000000
vt 1.000000 0.000000
vt 1.000000 1.000000
vt 0.000000 0.000000
vt 1.000000 0.000000
vt 0.000000 0.000000
vt 1.000000 0.000000
vt 1.000000 1.000000
vt 0.000000 0.000000
vt 1.000000 0.000000
vt 1.000000 1.000000
vt 0.000000 0.000000
vt 1.000000 0.000000
vt 1.000000 1.000000
vt 0.000000 0.000000
vt 1.000000 0.000000
vt 0.000000 0.000000
vt 1.000000 0.000000
vt 1.000000 1.000000
vt 0.000000 0.000000
vt 1.000000 0.000000
vt 1.000000 0.000000
vt 1.000000 1.000000
vt 0.000000 0.000000
vt 1.000000 0.000000
vt 1.000000 1.000000
vt 0.000000 0.000000
vt 1.000000 0.000000
vt 1.000000 1.000000
vt 0.000000 0.000000
vt 1.000000 0.000000
vt 1.000000 1.000000
vt 1.000000 0.000000
vt 1.000000 0.000000
vt 1.000000 1.000000
vt 0.000000 0.000000
vt 1.000000 0.000000
vt 1.000000 1.000000
vt 0.000000 0.000000
vt 1.000000 0.000000
vt 1.000000 1.000000
vt 0.000000 0.000000
vt 1.000000 0.000000
vt 1.000000 1.000000
vt 0.000000 0.000000
vt 1.000000 0.000000
vt 1.000000 1.000000
vt 0.000000 0.000000
vt 1.000000 0.000000
vt 1.000000 1.000000
vt 0.000000 0.000000
vt 1.000000 0.000000
vt 1.000000 1.000000
vt 0.000000 0.000000
vt 1.000000 0.000000
vt 1.000000 1.000000
vt 0.000000 0.000000
vt 1.000000 0.000000
vt 1.000000 1.000000
vt 0.000000 0.000000
vt 1.000000 0.000000
vt 1.000000 1.000000
vt 0.000000 0.000000
vt 1.000000 0.000000
vt 1.000000 1.000000
vt 0.000000 0.000000
vt 1.000000 0.000000
vt 1.000000 1.000000
vt 0.000000 0.000000
vt 1.000000 0.000000
vt 1.000000 0.000000
vt 1.000000 1.000000
vt 0.000000 0.000000
vt 1.000000 0.000000
vt 1.000000 1.000000
vt 0.000000 0.000000
vt 1.000000 1.000000
vt 0.000000 0.000000
vt 1.000000 0.000000
vt 1.000000 1.000000
vt 0.000000 0.000000
vt 1.000000 0.000000
vt 1.000000 1.000000
vt 0.000000 0.000000
vt 1.000000 0.000000
vt 1.000000 1.000000
vt 0.000000 0.000000
vt 1.000000 0.000000
vt 1.000000 1.000000
vt 0.000000 0.000000
vt 1.000000 0.000000
vt 1.000000 1.000000
vt 0.000000 0.000000
vt 1.000000 0.000000
vt 1.000000 1.000000
vt 0.000000 0.000000
vt 1.000000 0.000000
vt 1.000000 1.000000
vt 0.000000 0.000000
vt 1.000000 0.000000
vt 1.000000 1.000000
vt 0.000000 0.000000
vt 1.000000 0.000000
vt 1.000000 1.000000
vt 0.000000 0.000000
vt 1.000000 0.000000
vt 0.000000 0.000000
vt 1.000000 0.000000
vt 1.000000 1.000000
vt 0.000000 0.000000
vt 1.000000 0.000000
vt 0.000000 0.000000
vt 1.000000 0.000000
vt 1.000000 1.000000
vt 0.000000 0.000000
vt 1.000000 0.000000
vt 1.000000 1.000000
vt 0.000000 0.000000
vt 1.000000 0.000000
vt 1.000000 1.000000
vt 0.000000 0.000000
vt 1.000000 0.000000
vt 0.000000 0.000000
vt 1.000000 0.000000
vt 1.000000 1.000000
vt 0.000000 0.000000
vt 1.000000 0.000000
vt 0.000000 0.000000
vt 1.000000 0.000000
vt 0.000000 0.000000
vt 1.000000 0.000000
vt 1.000000 1.000000
vt 0.000000 0.000000
vt 1.000000 0.000000
vt 0.000000 0.000000
vt 1.000000 0.000000
vt 1.000000 1.000000
vt 0.000000 0.000000
vt 1.000000 1.000000
vt 0.000000 0.000000
vt 1.000000 1.000000
vt 0.000000 0.000000
vt 1.000000 0.000000
vt 0.000000 0.000000
vt 1.000000 1.000000
vt 0.000000 0.000000
vt 0.000000 0.000000
vt 1.000000 0.000000
vt 1.000000 1.000000
vt 0.000000 0.000000
vt 1.000000 0.000000
vt 0.000000 0.000000
vt 1.000000 0.000000
vt 1.000000 1.000000
vt 0.000000 0.000000
vt 1.000000 0.000000
vt 1.000000 1.000000
vt 0.000000 0.000000
vt 1.000000 0.000000
vt 1.000000 1.000000
vt 0.000000 0.000000
vt 1.000000 0.000000
vt 1.000000 1.000000
vt 0.000000 0.000000
vt 1.000000 0.000000
vt 1.000000 1.000000
vt 0.000000 0.000000
vt 1.000000 0.000000
vt 1.000000 1.000000
vt 0.000000 0.000000
vt 1.000000 0.000000
vt 1.000000 1.000000
vt 0.000000 0.000000
vt 1.000000 0.000000
vt 1.000000 1.000000
vt 0.000000 0.000000
vt 1.000000 0.000000
vt 1.000000 1.000000
vt 0.000000 0.000000
vt 1.000000 0.000000
vt 1.000000 1.000000
vt 0.000000 0.000000
vt 1.000000 0.000000
vt 1.000000 1.000000
vt 0.000000 0.000000
vt 1.000000 0.000000
vt 1.000000 1.000000
vt 0.000000 0.000000
vt 1.000000 0.000000
vt 1.000000 1.000000
vt 0.000000 0.000000
vt 1.000000 0.000000
vt 1.000000 1.000000
vt 0.000000 0.000000
vt 1.000000 0.000000
vt 1.000000 1.000000
vt 0.000000 0.000000
vt 1.000000 0.000000
vt 0.000000 0.000000
vt 1.000000 0.000000
vt 1.000000 1.000000
vt 0.000000 0.000000
vt 1.000000 0.000000
vt 1.000000 1.000000
vt 0.000000 0.000000
vt 1.000000 1.000000
vt 0.000000 0.000000
vt 1.000000 0.000000
vt 0.000000 0.000000
vt 1.000000 0.000000
vt 1.000000 1.000000
vt 0.000000 0.000000
vt 1.000000 0.000000
vt 1.000000 1.000000
vt 0.000000 0.000000
vt 1.000000 0.000000
vt 0.000000 0.000000
vt 1.000000 1.000000
vt 0.000000 0.000000
vt 1.000000 0.000000
vt 1.000000 1.000000
vt 0.000000 0.000000
vt 1.000000 0.000000
vt 1.000000 1.000000
vt 0.000000 0.000000
vt 1.000000 1.000000
vt 1.000000 0.000000
vt 1.000000 1.000000
vt 0.000000 0.000000
vt 1.000000 1.000000
vt 0.000000 0.000000
vt 1.000000 0.000000
vt 0.000000 0.000000
vt 1.000000 1.000000
vt 0.000000 0.000000
vt 1.000000 1.000000
vt 0.000000 0.000000
vt 0.000000 0.000000
vt 1.000000 0.000000
vt 1.000000 1.000000
vt 0.000000 0.000000
vt 1.000000 0.000000
vt 1.000000 1.000000
vt 0.000000 0.000000
vt 1.000000 0.000000
vt 0.000000 0.000000
vt 0.000000 0.000000
vt 1.000000 0.000000
vt 0.000000 0.000000
vt 1.000000 0.000000
vt 0.000000 0.000000
vt 1.000000 0.000000
vt 0.000000 0.000000
vt 1.000000 0.000000
vt 1.000000 1.000000
vt 0.000000 0.000000
vt 1.000000 0.000000
vt 1.000000 1.000000
vt 0.000000 0.000000
vt 1.000000 0.000000
vt 1.000000 1.000000
vt 0.000000 0.000000
vt 1.000000 0.000000
vt 1.000000 1.000000
vt 0.000000 0.000000
vt 1.000000 0.000000
vt 0.000000 0.000000
vt 1.000000 0.000000
vt 1.000000 1.000000
vt 0.000000 0.000000
vt 1.000000 0.000000
vt 0.000000 0.000000
vt 1.000000 0.000000
vt 1.000000 1.000000
vt 0.000000 0.000000
vt 1.000000 0.000000
vt 1.000000 1.000000
vt 0.000000 0.000000
vt 1.000000 0.000000
vt 1.000000 1.000000
vt 0.000000 0.000000
vt 1.000000 0.000000
vt 1.000000 1.000000
vt 0.000000 0.000000
vt 1.000000 0.000000
vt 1.000000 1.000000
vt 1.000000 1.000000
vt 1.000000 1.000000
vt 0.000000 0.000000
vt 1.000000 0.000000
vt 1.000000 1.000000
vt 1.000000 1.000000
vt 0.000000 0.000000
vt 1.000000 0.000000
vt 0.000000 0.000000
vt 1.000000 1.000000
vt 1.000000 1.000000
vt 0.000000 0.000000
vt 0.000000 0.000000
vt 1.000000 1.000000
vt 1.000000 0.000000
vt 1.000000 1.000000
vt 0.000000 0.000000
vt 1.000000 0.000000
vt 1.000000 1.000000
vt 0.000000 0.000000
vt 1.000000 1.000000
vt 1.000000 1.000000
vt 1.000000 0.000000
vt 0.000000 0.000000
vt 0.000000 0.000000
vt 1.000000 0.000000
vt 0.000000 0.000000
vt 1.000000 0.000000
vt 0.000000 0.000000
vt 1.000000 0.000000
vt 0.000000 0.000000
vt 1.000000 0.000000
vt 1.000000 0.000000
vt 1.000000 1.000000
vt 0.000000 0.000000
vt 1.000000 1.000000
vt 0.000000 0.000000
vt 1.000000 0.000000
vt 1.000000 1.000000
vt 0.000000 0.000000
vt 1.000000 1.000000
vt 0.000000 0.000000
vt 1.000000 0.000000
vt 0.000000 0.000000
vt 1.000000 0.000000
vt 1.000000 1.000000
vt 0.000000 0.000000
vt 1.000000 0.000000
vt 0.000000 0.000000
vt 1.000000 0.000000
vt 1.000000 1.000000
vt 0.000000 0.000000
vt 1.000000 0.000000
vt 0.000000 0.000000
vt 1.000000 0.000000
vt 0.000000 0.000000
vt 1.000000 0.000000
vt 0.000000 0.000000
vt 1.000000 0.000000
vt 1.000000 1.000000
vt 0.000000 0.000000
vt 1.000000 0.000000
vt 1.000000 1.000000
vt 0.000000 0.000000
vt 0.000000 0.000000
vt 1.000000 0.000000
vt 1.000000 1.000000
vt 0.000000 0.000000
vt 1.000000 0.000000
vt 1.000000 1.000000
vt 1.000000 0.000000
vt 1.000000 1.000000
vt 1.000000 0.000000
vt 0.000000 0.000000
vt 1.000000 0.000000
vt 1.000000 1.000000
vt 0.000000 0.000000
vt 1.000000 0.000000
vt 1.000000 1.000000
vt 0.000000 0.000000
vt 1.000000 0.000000
vt 1.000000 1.000000
vt 0.000000 0.000000
vt 1.000000 1.000000
vt 0.000000 0.000000
vt 1.000000 0.000000
vt 1.000000 1.000000
vt 0.000000 0.000000
vt 1.000000 0.000000
vt 1.000000 1.000000
vt 0.000000 0.000000
vt 1.000000 1.000000
vt 0.000000 0.000000
vt 0.000000 0.000000
vt 1.000000 1.000000
vt 1.000000 0.000000
vt 0.000000 0.000000
vt 0.000000 0.000000
vt 1.000000 0.000000
vt 0.000000 0.000000
vt 1.000000 0.000000
vt 1.000000 1.000000
vt 0.000000 0.000000
vt 1.000000 0.000000
vt 1.000000 1.000000
vt 0.000000 0.000000
vt 1.000000 0.000000
vt 1.000000 1.000000
vt 0.000000 0.000000
vt 1.000000 1.000000
vt 0.000000 0.000000
vt 1.000000 1.000000
vt 0.000000 0.000000
vt 1.000000 0.000000
vt 1.000000 1.000000
vt 0.000000 0.000000
vt 1.000000 1.000000
vt 0.000000 0.000000
vt 1.000000 1.000000
vt 1.000000 0.000000
vt 1.000000 1.000000
vt 0.000000 0.000000
vt 1.000000 0.000000
vt 1.000000 1.000000
vt 1.000000 0.000000
vt 1.000000 1.000000
vt 0.000000 0.000000
vt 1.000000 0.000000
vt 1.000000 1.000000
vt 0.000000 0.000000
vt 1.000000 0.000000
vt 1.000000 1.000000
vt 0.000000 0.000000
vt 0.000000 0.000000
vt 1.000000 0.000000
vt 0.000000 0.000000
vt 1.000000 0.000000
vt 1.000000 1.000000
vt 0.000000 0.000000
vt 1.000000 0.000000
vt 1.000000 1.000000
vt 0.000000 0.000000
vt 1.000000 0.000000
vt 1.000000 1.000000
vt 0.000000 0.000000
vt 1.000000 0.000000
vt 1.000000 1.000000
vt 0.000000 0.000000
vt 1.000000 0.000000
vt 1.000000 1.000000
vt 0.000000 0.000000
vt 1.000000 0.000000
vt 0.000000 0.000000
vt 1.000000 1.000000
vt 0.000000 0.000000
vt 1.000000 0.000000
vt 1.000000 1.000000
vt 1.000000 0.000000
vt 1.000000 1.000000
vt 1.000000 0.000000
vt 1.000000 1.000000
vt 0.000000 0.000000
vt 1.000000 0.000000
vt 1.000000 1.000000
vt 1.000000 0.000000
vt 1.000000 1.000000
vt 1.000000 0.000000
vt 1.000000 1.000000
vt 1.000000 0.000000
vt 1.000000 0.000000
vt 1.000000 0.000000
vt 1.000000 0.000000
vt 1.000000 1.000000
vt 1.000000 1.000000
vt 0.000000 0.000000
vt 0.000000 0.000000
vt 1.000000 1.000000
vt 1.000000 0.000000
vt 0.000000 0.000000
vt 1.000000 1.000000
vt 1.000000 0.000000
vt 0.000000 0.000000
vt 1.000000 0.000000
vt 1.000000 0.000000
vt 1.000000 1.000000
vt 1.000000 0.000000
vt 0.000000 0.000000
vt 1.000000 0.000000
vt 1.000000 1.000000
vt 0.000000 0.000000
vt 0.000000 0.000000
vt 1.000000 0.000000
vt 1.000000 0.000000
vt 1.000000 1.000000
vt 1.000000 1.000000
vt 1.000000 1.000000
vt 0.000000 0.000000
vt 1.000000 1.000000
vt 1.000000 0.000000
vt 0.000000 0.000000
vt 0.000000 0.000000
vt 1.000000 1.000000
vt 1.000000 0.000000
vt 1.000000 1.000000
vt 0.000000 0.000000
vt 1.000000 0.000000
vt 1.000000 1.000000
vt 1.000000 1.000000
vt 0.000000 0.000000
vt 0.000000 0.000000
vt 0.000000 0.000000
vt 1.000000 0.000000
vt 1.000000 0.000000
vt 0.000000 0.000000
vt 1.000000 1.000000
vt 1.000000 0.000000
vt 1.000000 1.000000
vt 0.000000 0.000000
vt 1.000000 1.000000
vt 0.000000 0.000000
vt 1.000000 0.000000
vt 1.000000 0.000000
vt 1.000000 1.000000
vt 1.000000 1.000000
vt 1.000000 1.000000
vt 0.000000 0.000000
vt 1.000000 1.000000
vt 0.000000 0.000000
vt 1.000000 0.000000
vt 1.000000 1.000000
vt 0.000000 0.000000
vt 1.000000 0.000000
vt 1.000000 1.000000
vt 0.000000 0.000000
vt 1.000000 0.000000
vt 1.000000 1.000000
vt 1.000000 0.000000
vt 1.000000 1.000000
vt 1.000000 0.000000
vt 1.000000 1.000000
vt 0.000000 0.000000
vt 1.000000 0.000000
vt 1.000000 1.000000
vt 1.000000 0.000000
vt 1.000000 0.000000
vt 0.000000 0.000000
vt 1.000000 0.000000
vt 0.000000 0.000000
vt 0.000000 0.000000
vt 0.000000 0.000000
vt 1.000000 0.000000
vt 1.000000 0.000000
vt 1.000000 0.000000
vt 1.000000 1.000000
vt 1.000000 1.000000
vt 1.000000 1.000000
vt 1.000000 1.000000
vt 0.000000 0.000000
vt 1.000000 0.000000
vt 0.000000 0.000000
vt 1.000000 0.000000
vt 1.000000 1.000000
vt 0.000000 0.000000
vt 1.000000 0.000000
vt 1.000000 0.000000
vt 1.000000 1.000000
vt 0.000000 0.000000
vt 1.000000 0.000000
vt 1.000000 0.000000
vt 1.000000 1.000000
vt 1.000000 0.000000
vt 1.000000 1.000000
vt 0.000000 0.000000
vt 1.000000 0.000000
vt 1.000000 0.000000
vt 0.000000 0.000000
vt 1.000000 1.000000
vt 0.000000 0.000000
vt 1.000000 1.000000
vt 0.000000 0.000000
vt 1.000000 1.000000
vt 1.000000 0.000000
vt 1.000000 1.000000
vt 1.000000 0.000000
vt 1.000000 0.000000
vt 0.000000 0.000000
vt 1.000000 0.000000
vt 1.000000 1.000000
vt 1.000000 1.000000
vt 0.000000 0.000000
vt 1.000000 1.000000
vt 1.000000 1.000000
vt 1.000000 1.000000
vt 1.000000 1.000000
vt 1.000000 1.000000
vt 1.000000 0.000000
vt 0.000000 0.000000
vt 1.000000 0.000000
vt 0.000000 0.000000
vt 1.000000 0.000000
vt 1.000000 1.000000
vt 0.000000 0.000000
vt 1.000000 0.000000
vt 0.000000 0.000000
vt 1.000000 0.000000
vt 1.000000 1.000000
vt 0.000000 0.000000
vt 1.000000 0.000000
vt 1.000000 1.000000
vt 0.000000 0.000000
vt 1.000000 0.000000
vt 1.000000 1.000000
vt 0.000000 0.000000
vt 1.000000 0.000000
vt 0.000000 0.000000
vt 1.000000 0.000000
vt 1.000000 1.000000
vt 1.000000 0.000000
vt 0.000000 0.000000
vt 1.000000 1.000000
vt 1.000000 1.000000
vt 0.000000 0.000000
vt 1.000000 0.000000
vt 1.000000 1.000000
vt 1.000000 0.000000
vt 1.000000 1.000000
vt 0.000000 0.000000
vt 1.000000 0.000000
vt 1.000000 1.000000
vt 0.000000 0.000000
vt 1.000000 1.000000
vt 0.000000 0.000000
vt 1.000000 1.000000
vt 0.000000 0.000000
vt 1.000000 0.000000
vt 1.000000 1.000000
vt 0.000000 0.000000
vt 1.000000 0.000000
vt 1.000000 1.000000
vt 0.000000 0.000000
vt 1.000000 0.000000
vt 1.000000 1.000000
vt 0.000000 0.000000
vt 1.000000 0.000000
vt 1.000000 1.000000
vt 0.000000 0.000000
vt 1.000000 0.000000
vt 1.000000 1.000000
vt 0.000000 0.000000
vt 1.000000 0.000000
vt 1.000000 1.000000
vt 0.000000 0.000000
vt 1.000000 0.000000
vt 1.000000 1.000000
vt 0.000000 0.000000
vt 1.000000 0.000000
vt 1.000000 1.000000
vt 0.000000 0.000000
vt 1.000000 1.000000
vt 0.000000 0.000000
vt 1.000000 0.000000
vt 1.000000 1.000000
vt 0.000000 0.000000
vt 1.000000 0.000000
vt 1.000000 1.000000
vt 1.000000 0.000000
vt 0.000000 0.000000
vt 1.000000 0.000000
vt 1.000000 1.000000
vt 1.000000 1.000000
vt 0.000000 0.000000
vt 1.000000 0.000000
vt 1.000000 1.000000
vt 0.000000 0.000000
vt 1.000000 0.000000
vt 1.000000 1.000000
vt 0.000000 0.000000
vt 1.000000 0.000000
vt 1.000000 1.000000
vt 0.000000 0.000000
vt 1.000000 0.000000
vt 0.000000 0.000000
vt 1.000000 0.000000
vt 1.000000 1.000000
vt 0.000000 0.000000
vt 1.000000 0.000000
vt 0.000000 0.000000
vt 1.000000 0.000000
vt 1.000000 1.000000
vt 0.000000 0.000000
vt 1.000000 0.000000
vt 0.000000 0.000000
vt 1.000000 0.000000
vt 1.000000 1.000000
vt 1.000000 1.000000
vt 1.000000 0.000000
vt 1.000000 1.000000
vt 0.000000 0.000000
vt 1.000000 1.000000
vt 0.000000 0.000000
vt 1.000000 0.000000
vt 1.000000 1.000000
vt 1.000000 0.000000
vt 1.000000 1.000000
vt 0.000000 0.000000
vt 1.000000 0.000000
vt 0.000000 0.000000
vt 1.000000 1.000000
vt 0.000000 0.000000
vt 1.000000 1.000000
vt 0.000000 0.000000
vt 1.000000 0.000000
vt 1.000000 1.000000
vt 0.000000 0.000000
vt 1.000000 0.000000
vt 1.000000 1.000000
vt 1.000000 0.000000
vt 1.000000 0.000000
vt 1.000000 1.000000
vt 1.000000 1.000000
vt 0.000000 0.000000
vt 1.000000 1.000000
vt 1.000000 1.000000
vt 0.000000 0.000000
vt 1.000000 1.000000
vt 1.000000 0.000000
vt 0.000000 0.000000
vt 1.000000 0.000000
vt 0.000000 0.000000
vt 0.000000 0.000000
vt 1.000000 0.000000
vt 0.000000 0.000000
vt 1.000000 0.000000
vt 0.000000 0.000000
vt 1.000000 0.000000
vt 0.000000 0.000000
vt 1.000000 1.000000
vt 0.000000 0.000000
vt 1.000000 1.000000
vt 0.000000 0.000000
vt 1.000000 1.000000
vt 1.000000 0.000000
vt 1.000000 1.000000
vt 1.000000 0.000000
vt 1.000000 1.000000
vt 1.000000 1.000000
vt 0.000000 0.000000
vt 0.000000 0.000000
vt 0.000000 0.000000
vt 1.000000 0.000000
vt 1.000000 1.000000
vt 0.000000 0.000000
vt 1.000000 0.000000
vt 0.000000 0.000000
vt 1.000000 0.000000
vt 1.000000 1.000000
vt 0.000000 0.000000
vt 1.000000 0.000000
vt 0.000000 0.000000
vt 1.000000 0.000000
vt 1.000000 1.000000
vt 1.000000 0.000000
vt 1.000000 1.000000
vt 1.000000 0.000000
vt 1.000000 0.000000
vt 1.000000 1.000000
vt 0.000000 0.000000
vt 1.000000 0.000000
vt 1.000000 1.000000
vt 1.000000 0.000000
vt 1.000000 1.000000
vt 0.000000 0.000000
vt 1.000000 0.000000
vt 0.000000 0.000000
vt 1.000000 1.000000
vt 0.000000 0.000000
vt 0.000000 0.000000
vt 0.000000 0.000000
vt 1.000000 0.000000
vt 0.000000 0.000000
vt 1.000000 0.000000
vt 1.000000 0.000000
vt 1.000000 1.000000
vt 1.000000 0.000000
vt 0.000000 0.000000
vt 1.000000 1.000000
vt 0.000000 0.000000
vt 1.000000 0.000000
vt 1.000000 0.000000
vt 1.000000 1.000000
vt 0.000000 0.000000
vt 0.000000 0.000000
vt 1.000000 0.000000
vt 0.000000 0.000000
vt 1.000000 0.000000
vt 1.000000 1.000000
vt 0.000000 0.000000
vt 0.000000 0.000000
vt 1.000000 1.000000
vt 0.000000 0.000000
vt 1.000000 1.000000
vt 0.000000 0.000000
vt 1.000000 1.000000
vt 0.000000 0.000000
vt 1.000000 0.000000
vt 1.000000 0.000000
vt 1.000000 1.000000
vt 0.000000 0.000000
vt 1.000000 1.000000
vt 1.000000 1.000000
vt 0.000000 0.000000
vt 1.000000 0.000000
vt 1.000000 1.000000
vt 1.000000 1.000000
vt 0.000000 0.000000
vt 1.000000 1.000000
vt 0.000000 0.000000
vt 1.000000 0.000000
vt 1.000000 1.000000
vt 0.000000 0.000000
vt 1.000000 0.000000
vt 0.000000 0.000000
vt 1.000000 0.000000
vt 1.000000 0.000000
vt 0.000000 0.000000
vt 1.000000 0.000000
vt 0.000000 0.000000
vt 0.000000 0.000000
vt 1.000000 0.000000
vt 1.000000 0.000000
vt 1.000000 0.000000
vt 0.000000 0.000000
vt 1.000000 0.000000
vt 1.000000 0.000000
vt 0.000000 0.000000
vt 1.000000 0.000000
vt 1.000000 1.000000
vt 1.000000 1.000000
vt 0.000000 0.000000
vt 1.000000 1.000000
vt 0.000000 0.000000
vt 1.000000 0.000000
vt 1.000000 1.000000
vt 0.000000 0.000000
vt 1.000000 1.000000
vt 0.000000 0.000000
vt 0.000000 0.000000
vt 1.000000 0.000000
vt 1.000000 1.000000
vt 1.000000 1.000000
vt 1.000000 0.000000
vt 0.000000 0.000000
vt 1.000000 0.000000
vt 1.000000 1.000000
vt 1.000000 0.000000
vt 1.000000 1.000000
vt 1.000000 1.000000
vt 0.000000 0.000000
vt 0.000000 0.000000
vt 1.000000 1.000000
vt 1.000000 0.000000
vt 0.000000 0.000000
vt 1.000000 0.000000
vt 1.000000 1.000000
vt 1.000000 1.000000
vt 1.000000 0.000000
vt 1.000000 1.000000
vt 0.000000 0.000000
vt 1.000000 1.000000
vt 0.000000 0.000000
vt 1.000000 1.000000
vt 0.000000 0.000000
vt 1.000000 1.000000
vt 0.000000 0.000000
vt 1.000000 0.000000
vt 1.000000 1.000000
vt 1.000000 0.000000
vt 0.000000 0.000000
vt 0.000000 0.000000
vt 1.000000 1.000000
vt 1.000000 1.000000
vt 0.000000 0.000000
vt 1.000000 1.000000
vt 0.000000 0.000000
vt 1.000000 1.000000
vt 1.000000 1.000000
vt 0.000000 0.000000
vt 1.000000 0.000000
vt 1.000000 0.000000
vt 1.000000 1.000000
vt 1.000000 0.000000
vt 1.000000 1.000000
vt 0.000000 0.000000
vt 1.000000 0.000000
vt 0.000000 0.000000
vt 1.000000 0.000000
vt 1.000000 1.000000
vt 0.000000 0.000000
vt 1.000000 0.000000
vt 0.000000 0.000000
vt 1.000000 0.000000
vt 1.000000 1.000000
vt 0.000000 0.000000
vt 1.000000 0.000000
vt 0.000000 0.000000
vt 1.000000 0.000000
vt 1.000000 1.000000
vt 0.000000 0.000000
vt 1.000000 0.000000
vt 1.000000 1.000000
vt 0.000000 0.000000
vt 1.000000 1.000000
vt 1.000000 0.000000
vt 0.000000 0.000000
vt 1.000000 0.000000
vt 1.000000 1.000000
vt 0.000000 0.000000
vt 1.000000 1.000000
vt 0.000000 0.000000
vt 1.000000 0.000000
vt 1.000000 1.000000
vt 0.000000 0.000000
vt 0.000000 0.000000
vt 1.000000 1.000000
vt 1.000000 1.000000
vt 1.000000 1.000000
vt 0.000000 0.000000
vt 1.000000 1.000000
vt 1.000000 0.000000
vt 1.000000 1.000000
vt 0.000000 0.000000
vt 1.000000 0.000000
vt 1.000000 1.000000
vt 1.000000 1.000000
vt 0.000000 0.000000
vt 1.000000 0.000000
vt 0.000000 0.000000
vt 1.000000 0.000000
vt 1.000000 1.000000
vt 0.000000 0.000000
vt 1.000000 0.000000
vt 1.000000 1.000000
vt 1.000000 0.000000
vt 0.000000 0.000000
vt 0.000000 0.000000
vt 1.000000 1.000000
vt 1.000000 0.000000
vt 0.000000 0.000000
vt 1.000000 0.000000
vt 1.000000 1.000000
vt 0.000000 0.000000
vt 1.000000 0.000000
vt 1.000000 1.000000
vt 0.000000 0.000000
vt 1.000000 0.000000
vt 1.000000 1.000000
vt 0.000000 0.000000
vt 1.000000 0.000000
vt 0.000000 0.000000
vt 1.000000 0.000000
vt 1.000000 1.000000
vt 0.000000 0.000000
vt 1.000000 0.000000
vt 1.000000 1.000000
vt 1.000000 0.000000
vt 1.000000 1.000000
vt 0.000000 0.000000
vt 1.000000 0.000000
vt 1.000000 0.000000
vt 0.000000 0.000000
vt 0.000000 0.000000
vt 0.000000 0.000000
vt 0.000000 0.000000
vt 1.000000 0.000000
vt 0.000000 0.000000
vt 1.000000 0.000000
vt 1.000000 1.000000
vt 1.000000 0.000000
vt 0.000000 0.000000
vt 1.000000 0.000000
vt 0.000000 0.000000
vt 1.000000 1.000000
vt 0.000000 0.000000
vt 1.000000 0.000000
vt 0.000000 0.000000
vt 1.000000 1.000000
vt 0.000000 0.000000
vt 0.000000 0.000000
vt 1.000000 0.000000
vt 1.000000 1.000000
vt 1.000000 0.000000
vt 1.000000 1.000000
vt 1.000000 1.000000
vt 0.000000 0.000000
vt 0.000000 0.000000
vt 1.000000 0.000000
vt 0.000000 0.000000
vt 1.000000 0.000000
vt 1.000000 0.000000
vt 1.000000 1.000000
vt 1.000000 0.000000
vt 1.000000 1.000000
vt 0.000000 0.000000
vt 1.000000 0.000000
vt 1.000000 1.000000
vt 1.000000 0.000000
vt 0.000000 0.000000
vt 1.000000 0.000000
vt 1.000000 1.000000
vt 1.000000 1.000000
vt 0.000000 0.000000
vt 1.000000 0.000000
vt 0.000000 0.000000
vt 1.000000 1.000000
vt 1.000000 0.000000
vt 1.000000 0.000000
vt 0.000000 0.000000
vt 1.000000 1.000000
vt 0.000000 0.000000
vt 1.000000 0.000000
vt 1.000000 0.000000
vt 1.000000 0.000000
vt 0.000000 0.000000
vt 1.000000 1.000000
vt 1.000000 0.000000
vt 1.000000 1.000000
vt 1.000000 1.000000
vt 0.000000 0.000000
vt 0.000000 0.000000
vt 1.000000 0.000000
vt 0.000000 0.000000
vt 1.000000 0.000000
vt 1.000000 1.000000
vt 0.000000 0.000000
vt 1.000000 1.000000
vt 1.000000 0.000000
vt 0.000000 0.000000
vt 0.000000 0.000000
vt 0.000000 0.000000
vt 1.000000 1.000000
vt 1.000000 0.000000
vt 1.000000 1.000000
vt 0.000000 0.000000
vt 1.000000 1.000000
vt 1.000000 0.000000
vt 0.000000 0.000000
vt 1.000000 1.000000
vt 0.000000 0.000000
vt 0.000000 0.000000
vt 1.000000 0.000000
vt 1.000000 1.000000
vt 0.000000 0.000000
vt 1.000000 1.000000
vt 1.000000 1.000000
vt 1.000000 1.000000
vt 0.000000 0.000000
vt 1.000000 0.000000
vt 1.000000 0.000000
vt 0.000000 0.000000
vt 1.000000 0.000000
vt 0.000000 0.000000
vt 1.000000 1.000000
vt 0.000000 0.000000
vt 1.000000 1.000000
vt 0.000000 0.000000
vt 1.000000 1.000000
vt 1.000000 0.000000
vt 0.000000 0.000000
vt 1.000000 0.000000
vt 1.000000 1.000000
vt 1.000000 0.000000
vt 1.000000 1.000000
vt 0.000000 0.000000
vt 1.000000 0.000000
vt 1.000000 1.000000
vt 1.000000 1.000000
vt 1.000000 0.000000
vt 1.000000 1.000000
vt 0.000000 0.000000
vt 1.000000 0.000000
vt 1.000000 1.000000
vt 0.000000 0.000000
vt 1.000000 0.000000
vt 1.000000 1.000000
vt 0.000000 0.000000
vt 1.000000 0.000000
vt 1.000000 1.000000
vt 0.000000 0.000000
vt 1.000000 1.000000
vt 0.000000 0.000000
vt 1.000000 0.000000
vt 1.000000 1.000000
vt 0.000000 0.000000
vt 1.000000 0.000000
vt 1.000000 1.000000
vt 0.000000 0.000000
vt 1.000000 0.000000
vt 1.000000 1.000000
vt 0.000000 0.000000
vt 1.000000 1.000000
vt 0.000000 0.000000
vt 1.000000 0.000000
vt 1.000000 0.000000
vt 1.000000 0.000000
vt 1.000000 0.000000
vt 0.000000 0.000000
vt 1.000000 1.000000
vt 1.000000 0.000000
vt 1.000000 1.000000
vt 1.000000 1.000000
vt 1.000000 1.000000
vt 1.000000 1.000000
vt 1.000000 0.000000
vt 1.000000 0.000000
vt 1.000000 1.000000
vt 1.000000 1.000000
vt 0.000000 0.000000
vt 1.000000 1.000000
vt 1.000000 1.000000
vt 0.000000 0.000000
vt 1.000000 0.000000
vt 1.000000 1.000000
vt 0.000000 0.000000
vt 1.000000 1.000000
vt 0.000000 0.000000
vt 1.000000 0.000000
vt 1.000000 1.000000
vt 0.000000 0.000000
vt 1.000000 0.000000
vt 1.000000 1.000000
vt 0.000000 0.000000
vt 1.000000 1.000000
vt 0.000000 0.000000
vt 1.000000 1.000000
vt 0.000000 0.000000
vt 0.000000 0.000000
vt 1.000000 0.000000
vt 0.000000 0.000000
vt 1.000000 1.000000
vt 1.000000 0.000000
vt 0.000000 0.000000
vt 1.000000 0.000000
vt 1.000000 1.000000
vt 1.000000 0.000000
vt 1.000000 0.000000
vt 0.000000 0.000000
vt 1.000000 1.000000
vt 1.000000 0.000000
vt 1.000000 1.000000
vt 1.000000 1.000000
vt 0.000000 0.000000
vt 1.000000 0.000000
vt 1.000000 1.000000
vt 0.000000 0.000000
vt 1.000000 0.000000
vt 1.000000 1.000000
vt 1.000000 0.000000
vt 0.000000 0.000000
vt 1.000000 0.000000
vt 1.000000 1.000000
vt 1.000000 0.000000
vt 1.000000 0.000000
vt 1.000000 1.000000
vt 0.000000 0.000000
vt 1.000000 0.000000
vt 1.000000 1.000000
vt 0.000000 0.000000
vt 1.000000 0.000000
vt 1.000000 1.000000
vt 0.000000 0.000000
vt 1.000000 1.000000
vt 1.000000 0.000000
vt 0.000000 0.000000
vt 1.000000 0.000000
vt 1.000000 1.000000
vt 1.000000 0.000000
vt 1.000000 1.000000
vt 1.000000 0.000000
vt 1.000000 1.000000
vt 0.000000 0.000000
vt 1.000000 1.000000
vt 0.000000 0.000000
vt 1.000000 0.000000
vt 1.000000 1.000000
vt 1.000000 0.000000
vt 1.000000 0.000000
vt 0.000000 0.000000
vt 0.000000 0.000000
vt 1.000000 0.000000
vt 1.000000 0.000000
vt 1.000000 0.000000
vt 1.000000 1.000000
vt 0.000000 0.000000
vt 1.000000 1.000000
vt 1.000000 0.000000
vt 1.000000 0.000000
vt 1.000000 1.000000
vt 0.000000 0.000000
vt 1.000000 0.000000
vt 1.000000 1.000000
vt 1.000000 0.000000
vt 1.000000 1.000000
vt 1.000000 0.000000
vt 1.000000 1.000000
vt 1.000000 0.000000
vt 1.000000 1.000000
vt 0.000000 0.000000
vt 1.000000 1.000000
vt 1.000000 0.000000
vt 1.000000 1.000000
vt 1.000000 0.000000
vt 1.000000 1.000000
vt 0.000000 0.000000
vt 1.000000 0.000000
vt 1.000000 1.000000
vt 0.000000 0.000000
vt 1.000000 1.000000
vt 0.000000 0.000000
vt 1.000000 0.000000
vt 0.000000 0.000000
vt 1.000000 1.000000
vt 0.000000 0.000000
vt 1.000000 0.000000
vt 0.000000 0.000000
vt 1.000000 1.000000
vt 0.000000 0.000000
vt 1.000000 1.000000
vt 1.000000 1.000000
vt 0.000000 0.000000
vt 1.000000 0.000000
vt 1.000000 1.000000
vt 1.000000 0.000000
vt 1.000000 0.000000
vt 0.000000 0.000000
vt 1.000000 0.000000
vt 0.000000 0.000000
vt 1.000000 1.000000
vt 1.000000 0.000000
vt 0.000000 0.000000
vt 1.000000 1.000000
vt 0.000000 0.000000
vt 0.000000 0.000000
vt 1.000000 0.000000
vt 1.000000 1.000000
vt 0.000000 0.000000
vt 1.000000 1.000000
vt 1.000000 0.000000
vt 1.000000 0.000000
vt 1.000000 0.000000
vt 1.000000 1.000000
vt 0.000000 0.000000
vt 1.000000 0.000000
vt 1.000000 1.000000
vt 1.000000 0.000000
vt 1.000000 0.000000
vt 0.000000 0.000000
vt 1.000000 0.000000
vt 1.000000 0.000000
vt 1.000000 1.000000
vt 1.000000 1.000000
vt 1.000000 0.000000
vt 1.000000 0.000000
vt 1.000000 1.000000
vt 1.000000 0.000000
vt 1.000000 0.000000
vt 0.000000 0.000000
vt 1.000000 0.000000
vt 1.000000 1.000000
vt 0.000000 0.000000
vt 0.000000 0.000000
vt 1.000000 0.000000
vt 0.000000 0.000000
vt 0.000000 0.000000
vt 1.000000 1.000000
vt 0.000000 0.000000
vt 1.000000 0.000000
vt 0.000000 0.000000
vt 1.000000 1.000000
vt 1.000000 0.000000
vt 0.000000 0.000000
vt 1.000000 0.000000
vt 1.000000 1.000000
vt 0.000000 0.000000
vt 1.000000 0.000000
vt 1.000000 1.000000
vt 0.000000 0.000000
vt 1.000000 1.000000
vt 1.000000 0.000000
vt 1.000000 0.000000
vt 1.000000 1.000000
vt 0.000000 0.000000
vt 1.000000 0.000000
vt 1.000000 0.000000
vt 0.000000 0.000000
vt 1.000000 0.000000
vt 1.000000 0.000000
vt 1.000000 1.000000
vt 0.000000 0.000000
vt 1.000000 0.000000
vt 1.000000 0.000000
vt 0.000000 0.000000
vt 1.000000 0.000000
vt 1.000000 0.000000
vt 1.000000 0.000000
vt 0.000000 0.000000
vt 1.000000 1.000000
vt 0.000000 0.000000
vt 1.000000 0.000000
vt 0.000000 0.000000
vt 1.000000 0.000000
vt 1.000000 0.000000
vt 1.000000 1.000000
vt 1.000000 0.000000
vt 1.000000 1.000000
vt 1.000000 0.000000
vt 0.000000 0.000000
vt 1.000000 0.000000
vt 1.000000 0.000000
vt 1.000000 1.000000
vt 1.000000 0.000000
vt 1.000000 1.000000
vt 1.000000 0.000000
vt 0.000000 0.000000
vt 0.000000 0.000000
vt 1.000000 0.000000
vt 1.000000 1.000000
vt 1.000000 0.000000
vt 1.000000 0.000000
vt 1.000000 1.000000
vt 1.000000 1.000000
vt 0.000000 0.000000
vt 1.000000 1.000000
vt 0.000000 0.000000
vt 0.000000 0.000000
vt 1.000000 0.000000
vt 1.000000 1.000000
vt 1.000000 0.000000
vt 1.000000 1.000000
vt 0.000000 0.000000
vt 0.000000 0.000000
vt 1.000000 0.000000
vt 1.000000 1.000000
vt 0.000000 0.000000
vt 1.000000 0.000000
vt 1.000000 1.000000
vt 1.000000 0.000000
vt 1.000000 1.000000
vt 0.000000 0.000000
vt 0.000000 0.000000
vt 1.000000 1.000000
vt 1.000000 0.000000
vt 0.000000 0.000000
vt 1.000000 1.000000
vt 1.000000 1.000000
vt 1.000000 0.000000
vt 0.000000 0.000000
vt 1.000000 0.000000
vt 0.000000 0.000000
vt 1.000000 1.000000
vt 1.000000 0.000000
vt 1.000000 1.000000
vt 0.000000 0.000000
vt 1.000000 0.000000
vt 1.000000 0.000000
vt 0.000000 0.000000
vt 1.000000 0.000000
vt 1.000000 1.000000
vt 0.000000 0.000000
vt 0.000000 0.000000
vt 1.000000 0.000000
vt 1.000000 1.000000
vt 0.000000 0.000000
vt 1.000000 1.000000
vt 1.000000 0.000000
vt 1.000000 1.000000
vt 1.000000 1.000000
vt 1.000000 0.000000
vt 1.000000 1.000000
vt 0.000000 0.000000
vt 0.000000 0.000000
vt 1.000000 0.000000
vt 0.000000 0.000000
vt 1.000000 0.000000
vt 1.000000 1.000000
vt 1.000000 0.000000
vt 1.000000 1.000000
vt 0.000000 0.000000
vt 1.000000 0.000000
vt 1.000000 1.000000
vt 0.000000 0.000000
vt 0.000000 0.000000
vt 1.000000 1.000000
vt 1.000000 0.000000
vt 0.000000 0.000000
vt 0.000000 0.000000
vt 1.000000 0.000000
vt 1.000000 1.000000
vt 0.000000 0.000000
vt 1.000000 1.000000
vt 0.000000 0.000000
vt 1.000000 0.000000
vt 0.000000 0.000000
vt 1.000000 1.000000
vt 1.000000 1.000000
vt 0.000000 0.000000
vt 1.000000 0.000000
vt 0.000000 0.000000
vt 1.000000 1.000000
vt 1.000000 1.000000
vt 0.000000 0.000000
vt 1.000000 1.000000
vt 1.000000 1.000000
vt 1.000000 0.000000
vt 1.000000 1.000000
vt 0.000000 0.000000
vt 1.000000 0.000000
vt 1.000000 0.000000
vt 1.000000 0.000000
vt 0.000000 0.000000
vt 1.000000 1.000000
vt 1.000000 0.000000
vt 1.000000 1.000000
vt 0.000000 0.000000
vt 1.000000 0.000000
vt 1.000000 1.000000
vt 1.000000 0.000000
vt 1.000000 1.000000
vt 1.000000 1.000000
vt 1.000000 1.000000
vt 0.000000 0.000000
vt 0.000000 0.000000
vt 1.000000 1.000000
vt 0.000000 0.000000
vt 1.000000 0.000000
vt 1.000000 1.000000
vt 1.000000 0.000000
vt 0.000000 0.000000
vt 0.000000 0.000000
vt 1.000000 1.000000
vt 1.000000 1.000000
vt 1.000000 1.000000
vt 1.000000 1.000000
vt 0.000000 0.000000
vt 0.000000 0.000000
vt 1.000000 0.000000
vt 0.000000 0.000000
vt 1.000000 0.000000
vt 1.000000 0.000000
vt 1.000000 1.000000
vt 0.000000 0.000000
vt 1.000000 0.000000
vt 0.000000 0.000000
vt 1.000000 0.000000
vt 1.000000 1.000000
vt 1.000000 1.000000
vt 1.000000 1.000000
vt 0.000000 0.000000
vt 0.000000 0.000000
vt 1.000000 1.000000
vt 1.000000 0.000000
vt 1.000000 1.000000
vt 0.000000 0.000000
vt 1.000000 0.000000
vt 1.000000 1.000000
vt 1.000000 0.000000
vt 1.000000 1.000000
vt 1.000000 0.000000
vt 1.000000 1.000000
vt 0.000000 0.000000
vt 1.000000 1.000000
vt 1.000000 1.000000
vt 0.000000 0.000000
vt 1.000000 0.000000
vt 0.000000 0.000000
vt 0.000000 0.000000
vt 0.000000 0.000000
vt 1.000000 1.000000
vt 0.000000 0.000000
vt 1.000000 0.000000
vt 1.000000 1.000000
vt 1.000000 0.000000
vt 1.000000 1.000000
vt 1.000000 0.000000
vt 1.000000 1.000000
vt 0.000000 0.000000
vt 1.000000 0.000000
vt 1.000000 0.000000
vt 1.000000 0.000000
vt 1.000000 1.000000
vt 1.000000 0.000000
vt 1.000000 1.000000
vt 1.000000 0.000000
vt 1.000000 0.000000
vt 1.000000 1.000000
vt 1.000000 1.000000
vt 0.000000 0.000000
vt 1.000000 1.000000
vt 1.000000 0.000000
vt 1.000000 1.000000
vt 1.000000 0.000000
vt 0.000000 0.000000
vt 1.000000 0.000000
vt 0.000000 0.000000
vt 1.000000 0.000000
vt 0.000000 0.000000
vt 1.000000 0.000000
vt 1.000000 1.000000
vt 0.000000 0.000000
vt 1.000000 1.000000
vt 0.000000 0.000000
vt 1.000000 0.000000
vt 1.000000 1.000000
vt 1.000000 0.000000
vt 1.000000 0.000000
vt 1.000000 1.000000
vt 0.000000 0.000000
vt 1.000000 0.000000
vt 0.000000 0.000000
vt 1.000000 1.000000
vt 1.000000 0.000000
vt 0.000000 0.000000
vt 1.000000 1.000000
vt 0.000000 0.000000
vt 1.000000 0.000000
vt 1.000000 1.000000
vt 1.000000 0.000000
vt 1.000000 1.000000
vt 1.000000 1.000000
vt 0.000000 0.000000
vt 1.000000 1.000000
vt 0.000000 0.000000
vt 0.000000 0.000000
vt 1.000000 1.000000
vt 0.000000 0.000000
vt 1.000000 1.000000
vt 1.000000 1.000000
vt 1.000000 0.000000
vt 0.000000 0.000000
vt 0.000000 0.000000
vt 1.000000 1.000000
vt 1.000000 1.000000
vt 1.000000 0.000000
vt 1.000000 0.000000
vt 1.000000 1.000000
vt 0.000000 0.000000
vt 0.000000 0.000000
vt 1.000000 0.000000
vt 1.000000 1.000000
vt 0.000000 0.000000
vt 1.000000 1.000000
vt 1.000000 0.000000
vt 1.000000 1.000000
vt 0.000000 0.000000
vt 0.000000 0.000000
vt 1.000000 0.000000
vt 0.000000 0.000000
vt 1.000000 0.000000
vt 1.000000 1.000000
vt 0.000000 0.000000
vt 0.000000 0.000000
vt 1.000000 0.000000
vt 1.000000 1.000000
vt 1.000000 0.000000
vt 1.000000 1.000000
vt 1.000000 1.000000
vt 0.000000 0.000000
vt 1.000000 0.000000
vt 1.000000 1.000000
vt 1.000000 0.000000
vt 1.000000 1.000000
vt 0.000000 0.000000
vt 1.000000 1.000000
vt 0.000000 0.000000
vt 1.000000 0.000000
vt 1.000000 1.000000
vt 1.000000 1.000000
vt 1.000000 1.000000
vt 0.000000 0.000000
vt 1.000000 1.000000
vt 0.000000 0.000000
vt 1.000000 0.000000
vt 1.000000 1.000000
vt 0.000000 0.000000
vt 1.000000 0.000000
vt 0.000000 0.000000
vt 1.000000 1.000000
vt 1.000000 1.000000
vt 0.000000 0.000000
vt 1.000000 1.000000
vt 0.000000 0.000000
vt 0.000000 0.000000
vt 1.000000 1.000000
vt 0.000000 0.000000
vt 1.000000 1.000000
vt 0.000000 0.000000
vt 1.000000 0.000000
vt 0.000000 0.000000
vt 1.000000 0.000000
vt 0.000000 0.000000
vt 1.000000 0.000000
vt 1.000000 1.000000
vt 0.000000 0.000000
vt 1.000000 0.000000
vt 1.000000 1.000000
vt 0.000000 0.000000
vt 1.000000 0.000000
vt 0.000000 0.000000
vt 1.000000 1.000000
vt 0.000000 0.000000
vt 0.000000 0.000000
vt 0.000000 0.000000
vt 1.000000 1.000000
vt 0.000000 0.000000
vt 0.000000 0.000000
vt 1.000000 1.000000
vt 0.000000 0.000000
vt 1.000000 0.000000
vt 1.000000 1.000000
vt 1.000000 0.000000
vt 0.000000 0.000000
vt 1.000000 1.000000
vt 0.000000 0.000000
vt 1.000000 1.000000
vt 0.000000 0.000000
vt 1.000000 0.000000
vt 1.000000 1.000000
vt 0.000000 0.000000
vt 1.000000 0.000000
vt 1.000000 1.000000
vt 0.000000 0.000000
vt 1.000000 0.000000
vt 1.000000 1.000000
vt 1.000000 0.000000
vt 1.000000 0.000000
vt 1.000000 1.000000
vt 1.000000 0.000000
vt 1.000000 1.000000
vt 0.000000 0.000000
vt 1.000000 0.000000
vt 1.000000 0.000000
vt 1.000000 1.000000
vt 0.000000 0.000000
vt 1.000000 1.000000
vt 0.000000 0.000000
vt 1.000000 0.000000
vt 1.000000 0.000000
vt 1.000000 1.000000
vt 0.000000 0.000000
vt 1.000000 1.000000
vt 0.000000 0.000000
vt 1.000000 0.000000
vt 1.000000 1.000000
vt 0.000000 0.000000
vt 1.000000 1.000000
vt 0.000000 0.000000
vt 1.000000 0.000000
vt 1.000000 1.000000
vt 1.000000 1.000000
vt 0.000000 0.000000
vt 1.000000 0.000000
vt 1.000000 0.000000
vt 1.000000 1.000000
vt 0.000000 0.000000
vt 1.000000 1.000000
vt 0.000000 0.000000
vt 1.000000 0.000000
vt 1.000000 1.000000
vt 0.000000 0.000000
vt 1.000000 0.000000
vt 1.000000 0.000000
vt 1.000000 1.000000
vt 0.000000 0.000000
vt 1.000000 1.000000
vt 0.000000 0.000000
vt 1.000000 0.000000
vt 1.000000 0.000000
vt 1.000000 1.000000
vt 0.000000 0.000000
vt 1.000000 1.000000
vt 0.000000 0.000000
vt 1.000000 0.000000
vt 1.000000 0.000000
vt 1.000000 1.000000
vt 0.000000 0.000000
vt 1.000000 1.000000
vt 1.000000 0.000000
vt 1.000000 1.000000
vt 1.000000 1.000000
vt 0.000000 0.000000
vt 1.000000 0.000000
vt 1.000000 1.000000
vt 1.000000 0.000000
vt 0.000000 0.000000
vt 1.000000 1.000000
vt 1.000000 0.000000
vt 0.000000 0.000000
vt 1.000000 1.000000
vt 0.000000 0.000000
vt 1.000000 0.000000
vt 1.000000 0.000000
vt 1.000000 1.000000
vt 0.000000 0.000000
vt 1.000000 1.000000
vt 1.000000 1.000000
vt 1.000000 1.000000
vt 1.000000 0.000000
vt 1.000000 1.000000
vt 0.000000 0.000000
vt 1.000000 1.000000
vt 0.000000 0.000000
vt 1.000000 0.000000
vt 1.000000 1.000000
vt 0.000000 0.000000
vt 1.000000 1.000000
vt 0.000000 0.000000
vt 1.000000 1.000000
vt 0.000000 0.000000
vt 1.000000 1.000000
vt 0.000000 0.000000
vt 1.000000 0.000000
vt 1.000000 1.000000
vt 0.000000 0.000000
vt 1.000000 0.000000
vt 1.000000 0.000000
vt 1.000000 1.000000
vt 0.000000 0.000000
vt 1.000000 1.000000
vt 0.000000 0.000000
vt 1.000000 0.000000
vt 1.000000 0.000000
vt 1.000000 1.000000
vt 0.000000 0.000000
vt 1.000000 1.000000
vt 0.000000 0.000000
vt 1.000000 0.000000
vt 1.000000 0.000000
vt 1.000000 1.000000
vt 0.000000 0.000000
vt 1.000000 1.000000
vt 0.000000 0.000000
vt 1.000000 0.000000
vt 1.000000 0.000000
vt 1.000000 1.000000
vt 0.000000 0.000000
vt 1.000000 1.000000
vt 0.000000 0.000000
vt 1.000000 0.000000
vt 1.000000 1.000000
vt 1.000000 0.000000
vt 1.000000 1.000000
vt 0.000000 0.000000
vt 1.000000 0.000000
vt 1.000000 0.000000
vt 1.000000 1.000000
vt 0.000000 0.000000
vt 1.000000 1.000000
vt 0.000000 0.000000
vt 1.000000 0.000000
vt 1.000000 1.000000
vt 0.000000 0.000000
vt 1.000000 0.000000
vt 1.000000 1.000000
vt 0.000000 0.000000
vt 1.000000 0.000000
vt 1.000000 1.000000
vt 0.000000 0.000000
vt 1.000000 0.000000
vt 0.000000 0.000000
vt 1.000000 0.000000
vt 1.000000 1.000000
vt 1.000000 1.000000
vt 0.000000 0.000000
vt 1.000000 0.000000
vt 1.000000 1.000000
vt 0.000000 0.000000
vt 1.000000 1.000000
vt 0.000000 0.000000
vt 1.000000 0.000000
vt 1.000000 1.000000
vt 0.000000 0.000000
vt 1.000000 0.000000
vt 1.000000 1.000000
vt 0.000000 0.000000
vt 1.000000 1.000000
vt 0.000000 0.000000
vt 1.000000 0.000000
vt 1.000000 0.000000
vt 1.000000 1.000000
vt 0.000000 0.000000
vt 1.000000 1.000000
vt 0.000000 0.000000
vt 1.000000 0.000000
vt 1.000000 1.000000
vt 0.000000 0.000000
vt 1.000000 0.000000
vt 1.000000 1.000000
vt 0.000000 0.000000
vt 1.000000 0.000000
vt 1.000000 0.000000
vt 1.000000 1.000000
vt 0.000000 0.000000
vt 1.000000 1.000000
vt 0.000000 0.000000
vt 1.000000 0.000000
vt 1.000000 1.000000
vt 0.000000 0.000000
vt 1.000000 0.000000
vt 1.000000 1.000000
vt 0.000000 0.000000
vt 1.000000 0.000000
vt 1.000000 1.000000
vt 0.000000 0.000000
vt 1.000000 0.000000
vt 1.000000 1.000000
vt 0.000000 0.000000
vt 1.000000 0.000000
vt 0.000000 0.000000
vt 1.000000 0.000000
vt 1.000000 0.000000
vt 1.000000 1.000000
vt 0.000000 0.000000
vt 1.000000 1.000000
vt 1.000000 1.000000
vt 1.000000 0.000000
vt 1.000000 1.000000
vt 0.000000 0.000000
vt 1.000000 0.000000
vt 0.000000 0.000000
vt 1.000000 0.000000
vt 1.000000 0.000000
vt 1.000000 1.000000
vt 0.000000 0.000000
vt 1.000000 1.000000
vt 0.000000 0.000000
vt 1.000000 0.000000
vt 1.000000 1.000000
vt 0.000000 0.000000
vt 1.000000 1.000000
vt 0.000000 0.000000
vt 1.000000 0.000000
vt 1.000000 0.000000
vt 1.000000 1.000000
vt 0.000000 0.000000
vt 1.000000 1.000000
vt 0.000000 0.000000
vt 1.000000 0.000000
vt 1.000000 0.000000
vt 1.000000 1.000000
vt 0.000000 0.000000
vt 1.000000 1.000000
vt 1.000000 1.000000
vt 0.000000 0.000000
vt 1.000000 1.000000
vt 0.000000 0.000000
vt 1.000000 1.000000
vt 0.000000 0.000000
vt 1.000000 1.000000
vt 1.000000 0.000000
vt 1.000000 1.000000
vt 0.000000 0.000000
vt 1.000000 1.000000
vt 0.000000 0.000000
vt 1.000000 0.000000
vt 1.000000 1.000000
vt 0.000000 0.000000
vt 1.000000 0.000000
vt 0.000000 0.000000
vt 0.000000 0.000000
vt 1.000000 0.000000
vt 1.000000 0.000000
vt 1.000000 1.000000
vt 0.000000 0.000000
vt 1.000000 1.000000
vt 0.000000 0.000000
vt 0.000000 0.000000
vt 1.000000 0.000000
vt 1.000000 1.000000
vt 0.000000 0.000000
vt 1.000000 1.000000
vt 1.000000 0.000000
vt 1.000000 1.000000
vt 1.000000 1.000000
vt 0.000000 0.000000
vt 1.000000 0.000000
vt 1.000000 0.000000
vt 1.000000 1.000000
vt 0.000000 0.000000
vt 1.000000 1.000000
vt 0.000000 0.000000
vt 1.000000 0.000000
vt 1.000000 1.000000
vt 1.000000 0.000000
vt 1.000000 1.000000
vt 0.000000 0.000000
vt 0.000000 0.000000
vt 1.000000 1.000000
vt 0.000000 0.000000
vt 1.000000 0.000000
vt 1.000000 0.000000
vt 1.000000 1.000000
vt 0.000000 0.000000
vt 1.000000 1.000000
vt 1.000000 0.000000
vt 1.000000 1.000000
vt 0.000000 0.000000
vt 1.000000 0.000000
vt 1.000000 0.000000
vt 1.000000 1.000000
vt 0.000000 0.000000
vt 1.000000 1.000000
vt 1.000000 0.000000
vt 1.000000 1.000000
vt 0.000000 0.000000
vt 1.000000 0.000000
vt 1.000000 1.000000
vt 1.000000 0.000000
vt 1.000000 1.000000
vt 0.000000 0.000000
vt 1.000000 1.000000
vt 0.000000 0.000000
vt 1.000000 0.000000
vt 1.000000 1.000000
vt 0.000000 0.000000
vt 1.000000 0.000000
vt 1.000000 1.000000
vt 0.000000 0.000000
vt 1.000000 1.000000
vt 0.000000 0.000000
vt 1.000000 0.000000
vt 1.000000 0.000000
vt 1.000000 1.000000
vt 0.000000 0.000000
vt 1.000000 1.000000
vt 0.000000 0.000000
vt 1.000000 0.000000
vt 1.000000 1.000000
vt 0.000000 0.000000
vt 1.000000 0.000000
vt 1.000000 1.000000
vt 1.000000 0.000000
vt 1.000000 1.000000
vt 0.000000 0.000000
vt 1.000000 0.000000
vt 1.000000 0.000000
vt 1.000000 1.000000
vt 0.000000 0.000000
vt 1.000000 1.000000
vt 0.000000 0.000000
vt 1.000000 1.000000
vt 1.000000 1.000000
vt 0.000000 0.000000
vt 1.000000 1.000000
vt 1.000000 0.000000
vt 1.000000 1.000000
vt 0.000000 0.000000
vt 1.000000 1.000000
vt 1.000000 1.000000
vt 0.000000 0.000000
vt 0.000000 0.000000
vt 1.000000 0.000000
vt 1.000000 1.000000
vt 0.000000 0.000000
vt 1.000000 0.000000
vt 0.000000 0.000000
vt 1.000000 0.000000
vt 1.000000 1.000000
vt 1.000000 1.000000
vt 0.000000 0.000000
vt 1.000000 1.000000
vt 1.000000 1.000000
vt 0.000000 0.000000
vt 0.000000 0.000000
vt 0.000000 0.000000
vt 1.000000 0.000000
vt 1.000000 1.000000
vt 0.000000 0.000000
vt 1.000000 0.000000
vt 1.000000 1.000000
vt 0.000000 0.000000
vt 1.000000 1.000000
vt 1.000000 1.000000
vt 1.000000 1.000000
vt 0.000000 0.000000
vt 1.000000 0.000000
vt 1.000000 1.000000
vt 1.000000 1.000000
vt 0.000000 0.000000
vt 1.000000 0.000000
vt 1.000000 1.000000
vt 1.000000 0.000000
vt 0.000000 0.000000
vt 1.000000 0.000000
vt 1.000000 1.000000
vt 0.000000 0.000000
vt 1.000000 0.000000
vt 0.000000 0.000000
vt 1.000000 0.000000
vt 1.000000 1.000000
vt 0.000000 0.000000
vt 1.000000 0.000000
vt 1.000000 1.000000
vt 0.000000 0.000000
vt 1.000000 0.000000
vt 1.000000 0.000000
vt 1.000000 1.000000
vt 0.000000 0.000000
vt 1.000000 1.000000
vt 0.000000 0.000000
vt 1.000000 0.000000
vt 1.000000 0.000000
vt 1.000000 1.000000
vt 0.000000 0.000000
vt 1.000000 1.000000
vt 0.000000 0.000000
vt 1.000000 0.000000
vt 1.000000 0.000000
vt 1.000000 1.000000
vt 0.000000 0.000000
vt 1.000000 1.000000
vt 1.000000 0.000000
vt 1.000000 0.000000
vt 1.000000 1.000000
vt 0.000000 0.000000
vt 1.000000 1.000000
vt 1.000000 0.000000
vt 1.000000 0.000000
vt 1.000000 1.000000
vt 0.000000 0.000000
vt 1.000000 1.000000
vt 0.000000 0.000000
vt 1.000000 0.000000
vt 1.000000 0.000000
vt 1.000000 1.000000
vt 0.000000 0.000000
vt 1.000000 1.000000
vt 0.000000 0.000000
vt 1.000000 0.000000
vt 1.000000 0.000000
vt 1.000000 1.000000
vt 0.000000 0.000000
vt 0.000000 0.000000
vt 1.000000 0.000000
vt 1.000000 0.000000
vt 1.000000 1.000000
vt 0.000000 0.000000
vt 1.000000 1.000000
vt 0.000000 0.000000
vt 1.000000 0.000000
vt 1.000000 1.000000
vt 0.000000 0.000000
vt 1.000000 0.000000
vt 1.000000 1.000000
vt 0.000000 0.000000
vt 1.000000 0.000000
vt 1.000000 1.000000
vt 1.000000 0.000000
vt 1.000000 0.000000
vt 1.000000 1.000000
vt 0.000000 0.000000
vt 1.000000 1.000000
vt 0.000000 0.000000
vt 1.000000 0.000000
vt 1.000000 0.000000
vt 1.000000 1.000000
vt 0.000000 0.000000
vt 1.000000 1.000000
vt 1.000000 1.000000
vt 0.000000 0.000000
vt 1.000000 0.000000
vt 1.000000 0.000000
vt 1.000000 1.000000
vt 1.000000 1.000000
vt 0.000000 0.000000
vt 1.000000 0.000000
vt 1.000000 1.000000
vt 1.000000 0.000000
vt 1.000000 1.000000
vt 0.000000 0.000000
vt 1.000000 0.000000
vt 1.000000 0.000000
vt 1.000000 1.000000
vt 0.000000 0.000000
vt 1.000000 1.000000
vt 0.000000 0.000000
vt 1.000000 0.000000
vt 1.000000 0.000000
vt 1.000000 1.000000
vt 0.000000 0.000000
vt 1.000000 1.000000
vt 1.000000 1.000000
vt 0.000000 0.000000
vt 1.000000 0.000000
vt 1.000000 1.000000
vt 0.000000 0.000000
vt 0.000000 0.000000
vt 1.000000 0.000000
vt 1.000000 0.000000
vt 1.000000 1.000000
vt 0.000000 0.000000
vt 0.000000 0.000000
vt 1.000000 0.000000
vt 1.000000 1.000000
vt 0.000000 0.000000
vt 0.000000 0.000000
vt 1.000000 0.000000
vt 1.000000 0.000000
vt 1.000000 1.000000
vt 0.000000 0.000000
vt 0.000000 0.000000
vt 1.000000 0.000000
vt 1.000000 1.000000
vt 0.000000 0.000000
vt 1.000000 1.000000
vt 0.000000 0.000000
vt 1.000000 0.000000
vt 1.000000 1.000000
vt 0.000000 0.000000
vt 0.000000 0.000000
vt 1.000000 0.000000
vt 1.000000 0.000000
vt 1.000000 1.000000
vt 0.000000 0.000000
vt 1.000000 1.000000
vt 0.000000 0.000000
vt 1.000000 0.000000
vt 1.000000 0.000000
vt 1.000000 1.000000
vt 0.000000 0.000000
vt 1.000000 1.000000
vt 0.000000 0.000000
vt 1.000000 0.000000
vt 1.000000 0.000000
vt 1.000000 1.000000
vt 0.000000 0.000000
vt 1.000000 1.000000
vt 1.000000 0.000000
vt 1.000000 0.000000
vt 1.000000 1.000000
vt 0.000000 0.000000
vt 1.000000 1.000000
vt 1.000000 0.000000
vt 1.000000 0.000000
vt 1.000000 1.000000
vt 0.000000 0.000000
vt 1.000000 1.000000
vt 1.000000 0.000000
vt 1.000000 0.000000
vt 1.000000 1.000000
vt 0.000000 0.000000
vt 1.000000 1.000000
vt 1.000000 0.000000
vt 1.000000 1.000000
vt 1.000000 0.000000
vt 1.000000 1.000000
vt 1.000000 0.000000
vt 1.000000 1.000000
vt 1.000000 0.000000
vt 1.000000 1.000000
vt 0.000000 0.000000
vt 1.000000 0.000000
vt 0.000000 0.000000
vt 1.000000 1.000000
vt 1.000000 1.000000
vt 0.000000 0.000000
vt 1.000000 1.000000
vt 0.000000 0.000000
vt 1.000000 1.000000
vt 0.000000 0.000000
vt 1.000000 0.000000
vt 0.000000 0.000000
vt 1.000000 0.000000
vt 1.000000 1.000000
vt 0.000000 0.000000
vt 1.000000 0.000000
vt 1.000000 1.000000
vt 1.000000 0.000000
vt 1.000000 1.000000
vt 0.000000 0.000000
vt 1.000000 1.000000
vt 1.000000 0.000000
vt 1.000000 1.000000
vt 1.000000 1.000000
vt 1.000000 1.000000
vt 0.000000 0.000000
vt 0.000000 0.000000
vt 1.000000 0.000000
vt 1.000000 0.000000
vt 1.000000 1.000000
vt 0.000000 0.000000
vt 1.000000 1.000000
vt 0.000000 0.000000
vt 1.000000 0.000000
vt 1.000000 0.000000
vt 1.000000 1.000000
vt 0.000000 0.000000
vt 1.000000 1.000000
vt 0.000000 0.000000
vt 1.000000 0.000000
vt 1.000000 1.000000
vt 0.000000 0.000000
vt 1.000000 1.000000
vt 1.000000 0.000000
vt 1.000000 1.000000
vt 1.000000 0.000000
vt 0.000000 0.000000
vt 1.000000 1.000000
vt 1.000000 1.000000
vt 0.000000 0.000000
vt 0.000000 0.000000
vt 1.000000 0.000000
vt 1.000000 1.000000
vt 1.000000 0.000000
vt 1.000000 1.000000
vt 1.000000 0.000000
vt 1.000000 1.000000
vt 1.000000 1.000000
vt 1.000000 0.000000
vt 1.000000 0.000000
vt 1.000000 1.000000
vt 0.000000 0.000000
vt 1.000000 1.000000
vt 0.000000 0.000000
vt 1.000000 0.000000
vt 1.000000 1.000000
vt 1.000000 0.000000
vt 1.000000 1.000000
vt 0.000000 0.000000
vt 0.000000 0.000000
vt 1.000000 0.000000
vt 1.000000 1.000000
vt 1.000000 0.000000
vt 0.000000 0.000000
vt 1.000000 0.000000
vt 1.000000 1.000000
vt 1.000000 0.000000
vt 1.000000 1.000000
vt 0.000000 0.000000
vt 1.000000 0.000000
vt 1.000000 1.000000
vt 1.000000 0.000000
vt 0.000000 0.000000
vt 1.000000 0.000000
vt 1.000000 1.000000
vt 0.000000 0.000000
vt 0.000000 0.000000
vt 1.000000 1.000000
vt 1.000000 1.000000
vt 0.000000 0.000000
vt 1.000000 0.000000
vt 1.000000 1.000000
vt 0.000000 0.000000
vt 1.000000 1.000000
vt 1.000000 0.000000
vt 0.000000 0.000000
vt 1.000000 0.000000
vt 1.000000 1.000000
vt 0.000000 0.000000
vt 1.000000 0.000000
vt 0.000000 0.000000
vt 1.000000 0.000000
vt 1.000000 1.000000
vt 0.000000 0.000000
vt 1.000000 1.000000
vt 0.000000 0.000000
vt 1.000000 0.000000
vt 1.000000 0.000000
vt 1.000000 1.000000
vt 0.000000 0.000000
vt 0.000000 0.000000
vt 1.000000 0.000000
vt 1.000000 0.000000
vt 1.000000 1.000000
vt 0.000000 0.000000
vt 1.000000 1.000000
vt 0.000000 0.000000
vt 1.000000 0.000000
vt 1.000000 0.000000
vt 1.000000 1.000000
vt 0.000000 0.000000
vt 1.000000 1.000000
vt 0.000000 0.000000
vt 1.000000 0.000000
vt 1.000000 0.000000
vt 1.000000 1.000000
vt 0.000000 0.000000
vt 1.000000 1.000000
vt 0.000000 0.000000
vt 1.000000 0.000000
vt 1.000000 0.000000
vt 1.000000 1.000000
vt 0.000000 0.000000
vt 1.000000 1.000000
vt 0.000000 0.000000
vt 1.000000 0.000000
vt 1.000000 0.000000
vt 1.000000 1.000000
vt 0.000000 0.000000
vt 1.000000 1.000000
vt 0.000000 0.000000
vt 1.000000 0.000000
vt 1.000000 0.000000
vt 1.000000 1.000000
vt 0.000000 0.000000
vt 1.000000 1.000000
vt 0.000000 0.000000
vt 1.000000 0.000000
vt 1.000000 0.000000
vt 1.000000 1.000000
vt 0.000000 0.000000
vt 1.000000 1.000000
vt 0.000000 0.000000
vt 1.000000 0.000000
vt 1.000000 0.000000
vt 1.000000 1.000000
vt 0.000000 0.000000
vt 1.000000 1.000000
vt 0.000000 0.000000
vt 1.000000 0.000000
vt 1.000000 0.000000
vt 1.000000 1.000000
vt 0.000000 0.000000
vt 1.000000 1.000000
vt 0.000000 0.000000
vt 1.000000 0.000000
vt 1.000000 0.000000
vt 1.000000 1.000000
vt 0.000000 0.000000
vt 1.000000 1.000000
vt 0.000000 0.000000
vt 1.000000 0.000000
vt 1.000000 0.000000
vt 1.000000 1.000000
vt 0.000000 0.000000
vt 1.000000 1.000000
vt 0.000000 0.000000
vt 1.000000 1.000000
vt 1.000000 0.000000
vt 1.000000 1.000000
vt 1.000000 0.000000
vt 1.000000 1.000000
vt 1.000000 0.000000
vt 1.000000 1.000000
vt 0.000000 0.000000
vt 1.000000 0.000000
vt 1.000000 0.000000
vt 1.000000 1.000000
vt 0.000000 0.000000
vt 1.000000 1.000000
vt 1.000000 1.000000
vt 0.000000 0.000000
vt 0.000000 0.000000
vt 1.000000 0.000000
vt 1.000000 0.000000
vt 1.000000 1.000000
vt 0.000000 0.000000
vt 1.000000 1.000000
vt 0.000000 0.000000
vt 1.000000 0.000000
vt 1.000000 1.000000
vt 0.000000 0.000000
vt 1.000000 1.000000
vt 0.000000 0.000000
vt 1.000000 0.000000
vt 1.000000 0.000000
vt 1.000000 1.000000
vt 0.000000 0.000000
vt 1.000000 1.000000
vt 0.000000 0.000000
vt 0.000000 0.000000
vt 1.000000 1.000000
vt 0.000000 0.000000
vt 1.000000 0.000000
vt 1.000000 1.000000
vt 0.000000 0.000000
vt 1.000000 1.000000
vt 0.000000 0.000000
vt 1.000000 0.000000
vt 0.000000 0.000000
vt 1.000000 0.000000
vt 1.000000 1.000000
vt 0.000000 0.000000
vt 0.000000 0.000000
vt 1.000000 0.000000
vt 1.000000 1.000000
vt 0.000000 0.000000
vt 1.000000 1.000000
vt 0.000000 0.000000
vt 1.000000 0.000000
vt 1.000000 1.000000
vt 0.000000 0.000000
vt 1.000000 1.000000
vt 0.000000 0.000000
vt 1.000000 0.000000
vt 1.000000 1.000000
vt 0.000000 0.000000
vt 1.000000 0.000000
vt 1.000000 1.000000
vt 1.000000 0.000000
vt 1.000000 0.000000
vt 1.000000 1.000000
vt 0.000000 0.000000
vt 0.000000 0.000000
vt 1.000000 1.000000
vt 1.000000 1.000000
vt 1.000000 1.000000
vt 1.000000 0.000000
vt 1.000000 1.000000
vt 1.000000 0.000000
vt 1.000000 1.000000
vt 0.000000 0.000000
vt 1.000000 1.000000
vt 0.000000 0.000000
vt 1.000000 0.000000
vt 0.000000 0.000000
vt 1.000000 1.000000
vt 0.000000 0.000000
vt 1.000000 0.000000
vt 1.000000 1.000000
vt 0.000000 0.000000
vt 1.000000 0.000000
vt 1.000000 1.000000
vt 1.000000 0.000000
vt 1.000000 1.000000
vt 0.000000 0.000000
vt 1.000000 1.000000
vt 0.000000 0.000000
vt 1.000000 0.000000
vt 1.000000 1.000000
vt 0.000000 0.000000
vt 1.000000 0.000000
vt 1.000000 0.000000
vt 1.000000 1.000000
vt 0.000000 0.000000
vt 1.000000 1.000000
vt 1.000000 0.000000
vt 1.000000 0.000000
vt 1.000000 1.000000
vt 0.000000 0.000000
vt 1.000000 1.000000
vt 0.000000 0.000000
vt 1.000000 0.000000
vt 1.000000 1.000000
vt 0.000000 0.000000
vt 1.000000 1.000000
vt 0.000000 0.000000
vt 1.000000 0.000000
vt 1.000000 1.000000
vt 0.000000 0.000000
vt 1.000000 1.000000
vt 0.000000 0.000000
vt 1.000000 1.000000
vt 0.000000 0.000000
vt 0.000000 0.000000
vt 1.000000 0.000000
vt 1.000000 1.000000
vt 0.000000 0.000000
vt 1.000000 0.000000
vt 0.000000 0.000000
vt 1.000000 0.000000
vt 1.000000 1.000000
vt 1.000000 0.000000
vt 1.000000 1.000000
vt 0.000000 0.000000
vt 1.000000 1.000000
vt 1.000000 0.000000
vt 1.000000 1.000000
vt 0.000000 0.000000
vt 1.000000 1.000000
vt 1.000000 0.000000
vt 1.000000 0.000000
vt 1.000000 1.000000
vt 0.000000 0.000000
vt 1.000000 1.000000
vt 0.000000 0.000000
vt 1.000000 0.000000
vt 1.000000 0.000000
vt 1.000000 1.000000
vt 0.000000 0.000000
vt 1.000000 1.000000
vt 1.000000 0.000000
vt 1.000000 1.000000
vt 0.000000 0.000000
vt 1.000000 1.000000
vt 1.000000 0.000000
vt 1.000000 1.000000
vt 0.000000 0.000000
vt 1.000000 0.000000
vt 1.000000 1.000000
vt 0.000000 0.000000
vt 1.000000 1.000000
vt 1.000000 0.000000
vt 0.000000 0.000000
vt 1.000000 0.000000
vt 1.000000 1.000000
vt 1.000000 1.000000
vt 0.000000 0.000000
vt 1.000000 1.000000
vt 0.000000 0.000000
vt 1.000000 0.000000
vt 1.000000 0.000000
vt 1.000000 1.000000
vt 0.000000 0.000000
vt 1.000000 1.000000
vt 0.000000 0.000000
vt 1.000000 0.000000
vt 1.000000 1.000000
vt 1.000000 0.000000
vt 1.000000 1.000000
vt 1.000000 0.000000
vt 0.000000 0.000000
vt 1.000000 0.000000
vt 0.000000 0.000000
vt 1.000000 0.000000
vt 1.000000 1.000000
vt 0.000000 0.000000
vt 0.000000 0.000000
vt 1.000000 0.000000
vt 1.000000 1.000000
vt 0.000000 0.000000
vt 0.000000 0.000000
vt 0.000000 0.000000
vt 0.000000 0.000000
vt 1.000000 1.000000
vt 1.000000 0.000000
vt 1.000000 1.000000
vt 0.000000 0.000000
vt 1.000000 0.000000
vt 1.000000 1.000000
vt 1.000000 1.000000
vt 1.000000 0.000000
vt 1.000000 1.000000
vt 0.000000 0.000000
vt 1.000000 0.000000
vt 1.000000 0.000000
vt 1.000000 1.000000
vt 0.000000 0.000000
vt 1.000000 1.000000
vt 0.000000 0.000000
vt 1.000000 0.000000
vt 1.000000 1.000000
vt 0.000000 0.000000
vt 1.000000 1.000000
vt 0.000000 0.000000
vt 1.000000 0.000000
vt 1.000000 1.000000
vt 0.000000 0.000000
vt 1.000000 1.000000
vt 1.000000 0.000000
vt 1.000000 1.000000
vt 1.000000 1.000000
vt 1.000000 1.000000
vt 1.000000 0.000000
vt 1.000000 1.000000
vt 0.000000 0.000000
vt 1.000000 0.000000
vt 1.000000 0.000000
vt 1.000000 1.000000
vt 0.000000 0.000000
vt 1.000000 1.000000
vt 1.000000 0.000000
vt 1.000000 0.000000
vt 1.000000 1.000000
vt 0.000000 0.000000
vt 1.000000 1.000000
vt 0.000000 0.000000
vt 1.000000 0.000000
vt 1.000000 0.000000
vt 1.000000 1.000000
vt 0.000000 0.000000
vt 1.000000 1.000000
vt 0.000000 0.000000
vt 1.000000 0.000000
vt 1.000000 1.000000
vt 1.000000 0.000000
vt 1.000000 1.000000
vt 1.000000 1.000000
vt 1.000000 1.000000
vt 0.000000 0.000000
vt 1.000000 0.000000
vt 0.000000 0.000000
vt 1.000000 0.000000
vt 1.000000 1.000000
vt 0.000000 0.000000
vt 0.000000 0.000000
vt 1.000000 0.000000
vt 1.000000 1.000000
vt 0.000000 0.000000
vt 1.000000 0.000000
vt 1.000000 1.000000
vt 0.000000 0.000000
vt 1.000000 0.000000
vt 1.000000 0.000000
vt 1.000000 1.000000
vt 0.000000 0.000000
vt 1.000000 1.000000
vt 0.000000 0.000000
vt 1.000000 0.000000
vt 1.000000 0.000000
vt 1.000000 1.000000
vt 0.000000 0.000000
vt 1.000000 1.000000
vt 0.000000 0.000000
vt 1.000000 0.000000
vt 1.000000 0.000000
vt 1.000000 1.000000
vt 0.000000 0.000000
vt 1.000000 1.000000
vt 0.000000 0.000000
vt 1.000000 0.000000
vt 1.000000 1.000000
vt 0.000000 0.000000
vt 1.000000 1.000000
vt 0.000000 0.000000
vt 1.000000 0.000000
vt 1.000000 0.000000
vt 1.000000 1.000000
vt 0.000000 0.000000
vt 1.000000 1.000000
vt 0.000000 0.000000
vt 1.000000 1.000000
vt 0.000000 0.000000
vt 1.000000 0.000000
vt 1.000000 1.000000
vt 0.000000 0.000000
vt 1.000000 1.000000
vt 0.000000 0.000000
vt 1.000000 0.000000
vt 1.000000 1.000000
vt 0.000000 0.000000
vt 1.000000 0.000000
vt 1.000000 0.000000
vt 1.000000 1.000000
vt 0.000000 0.000000
vt 1.000000 1.000000
vt 1.000000 0.000000
vt 1.000000 1.000000
vt 1.000000 0.000000
vt 0.000000 0.000000
vt 1.000000 1.000000
vt 1.000000 1.000000
vt 1.000000 0.000000
vt 0.000000 0.000000
vt 1.000000 0.000000
vt 1.000000 0.000000
vt 1.000000 1.000000
vt 0.000000 0.000000
vt 1.000000 1.000000
vt 1.000000 0.000000
vt 1.000000 0.000000
vt 1.000000 1.000000
vt 0.000000 0.000000
vt 1.000000 1.000000
vt 0.000000 0.000000
vt 1.000000 1.000000
vt 0.000000 0.000000
vt 1.000000 0.000000
vt 1.000000 1.000000
vt 0.000000 0.000000
vt 1.000000 0.000000
vt 1.000000 1.000000
vt 0.000000 0.000000
vt 1.000000 0.000000
vt 1.000000 1.000000
vt 0.000000 0.000000
vt 1.000000 1.000000
vt 0.000000 0.000000
vt 1.000000 0.000000
vt 1.000000 0.000000
vt 1.000000 1.000000
vt 0.000000 0.000000
vt 0.000000 0.000000
vt 1.000000 0.000000
vt 1.000000 1.000000
vt 0.000000 0.000000
vt 1.000000 1.000000
vt 0.000000 0.000000
vt 1.000000 0.000000
vt 1.000000 1.000000
vt 0.000000 0.000000
vt 0.000000 0.000000
vt 1.000000 1.000000
vt 0.000000 0.000000
vt 1.000000 0.000000
vt 1.000000 1.000000
vt 0.000000 0.000000
vt 1.000000 0.000000
vt 1.000000 1.000000
vt 0.000000 0.000000
vt 1.000000 0.000000
vt 1.000000 1.000000
vt 0.000000 0.000000
vt 1.000000 0.000000
vt 1.000000 1.000000
vt 1.000000 0.000000
vt 1.000000 1.000000
vt 1.000000 1.000000
vt 0.000000 0.000000
vt 1.000000 0.000000
vt 1.000000 1.000000
vt 1.000000 1.000000
vt 1.000000 1.000000
vt 0.000000 0.000000
vt 1.000000 0.000000
vt 1.000000 0.000000
vt 1.000000 1.000000
vt 0.000000 0.000000
vt 1.000000 1.000000
vt 0.000000 0.000000
vt 1.000000 0.000000
vt 1.000000 0.000000
vt 1.000000 1.000000
vt 0.000000 0.000000
vt 1.000000 1.000000
vt 0.000000 0.000000
vt 1.000000 0.000000
vt 1.000000 0.000000
vt 1.000000 1.000000
vt 0.000000 0.000000
vt 1.000000 1.000000
vt 0.000000 0.000000
vt 1.000000 0.000000
vt 1.000000 1.000000
vt 0.000000 0.000000
vt 1.000000 0.000000
vt 1.000000 0.000000
vt 1.000000 1.000000
vt 0.000000 0.000000
vt 0.000000 0.000000
vt 1.000000 0.000000
vt 1.000000 1.000000
vt 0.000000 0.000000
vt 1.000000 1.000000
vt 0.000000 0.000000
vt 1.000000 0.000000
vt 1.000000 0.000000
vt 1.000000 1.000000
vt 0.000000 0.000000
vt 1.000000 1.000000
vt 1.000000 1.000000
vt 1.000000 0.000000
vt 1.000000 0.000000
vt 1.000000 1.000000
vt 0.000000 0.000000
vt 1.000000 1.000000
vt 0.000000 0.000000
vt 1.000000 0.000000
vt 1.000000 0.000000
vt 1.000000 1.000000
vt 0.000000 0.000000
vt 1.000000 1.000000
vt 0.000000 0.000000
vt 1.000000 0.000000
vt 1.000000 1.000000
vt 0.000000 0.000000
vt 1.000000 1.000000
vt 0.000000 0.000000
vt 1.000000 0.000000
vt 1.000000 0.000000
vt 0.000000 0.000000
vt 1.000000 1.000000
vt 0.000000 0.000000
vt 1.000000 1.000000
vt 1.000000 0.000000
vt 1.000000 1.000000
vt 1.000000 1.000000
vt 1.000000 0.000000
vt 1.000000 1.000000
vt 1.000000 1.000000
vt 0.000000 0.000000
vt 1.000000 0.000000
vt 1.000000 1.000000
vt 0.000000 0.000000
vt 1.000000 1.000000
vt 1.000000 0.000000
vt 0.000000 0.000000
vt 0.000000 0.000000
vt 0.000000 0.000000
vt 1.000000 0.000000
vt 1.000000 0.000000
vt 0.000000 0.000000
vt 1.000000 1.000000
vt 0.000000 0.000000
vt 1.000000 0.000000
vt 1.000000 1.000000
vt 1.000000 0.000000
vt 1.000000 0.000000
vt 1.000000 1.000000
vt 0.000000 0.000000
vt 1.000000 1.000000
vt 0.000000 0.000000
vt 1.000000 0.000000
vt 1.000000 1.000000
vt 0.000000 0.000000
vt 1.000000 0.000000
vt 1.000000 0.000000
vt 1.000000 1.000000
vt 0.000000 0.000000
vt 0.000000 0.000000
vt 1.000000 0.000000
vt 1.000000 1.000000
vt 1.000000 1.000000
vt 1.000000 0.000000
vt 0.000000 0.000000
vt 1.000000 0.000000
vt 1.000000 1.000000
vt 0.000000 0.000000
vt 1.000000 1.000000
vt 0.000000 0.000000
vt 0.000000 0.000000
vt 1.000000 1.000000
vt 1.000000 1.000000
vt 1.000000 0.000000
vt 1.000000 1.000000
vt 0.000000 0.000000
vt 1.000000 0.000000
vt 0.000000 0.000000
vt 1.000000 0.000000
vt 1.000000 0.000000
vt 1.000000 1.000000
vt 0.000000 0.000000
vt 1.000000 1.000000
vt 1.000000 0.000000
vt 1.000000 1.000000
vt 0.000000 0.000000
vt 1.000000 1.000000
vt 0.000000 0.000000
vt 1.000000 0.000000
vt 1.000000 1.000000
vt 0.000000 0.000000
vt 1.000000 1.000000
vt 1.000000 0.000000
vt 1.000000 0.000000
vt 1.000000 1.000000
vt 0.000000 0.000000
vt 1.000000 0.000000
vt 0.000000 0.000000
vt 1.000000 0.000000
vt 1.000000 0.000000
vt 1.000000 1.000000
vt 0.000000 0.000000
vt 1.000000 0.000000
vt 1.000000 0.000000
vt 1.000000 1.000000
vt 0.000000 0.000000
vt 0.000000 0.000000
vt 1.000000 0.000000
vt 1.000000 1.000000
vt 0.000000 0.000000
vt 1.000000 0.000000
vt 1.000000 0.000000
vt 1.000000 1.000000
vt 0.000000 0.000000
vt 1.000000 1.000000
vt 0.000000 0.000000
vt 1.000000 1.000000
vt 1.000000 1.000000
vt 0.000000 0.000000
vt 1.000000 1.000000
vt 0.000000 0.000000
vt 1.000000 1.000000
vt 0.000000 0.000000
vt 1.000000 0.000000
vt 1.000000 1.000000
vt 1.000000 0.000000
vt 1.000000 1.000000
vt 0.000000 0.000000
vt 1.000000 1.000000
vt 0.000000 0.000000
vt 1.000000 1.000000
vt 1.000000 1.000000
vt 1.000000 0.000000
vt 0.000000 0.000000
vt 1.000000 0.000000
vt 1.000000 1.000000
vt 1.000000 1.000000
vt 1.000000 1.000000
vt 0.000000 0.000000
vt 1.000000 1.000000
vt 1.000000 0.000000
vt 1.000000 0.000000
vt 1.000000 1.000000
vt 0.000000 0.000000
vt 1.000000 0.000000
vt 1.000000 1.000000
vt 1.000000 0.000000
vt 0.000000 0.000000
vt 1.000000 1.000000
vt 1.000000 1.000000
vt 0.000000 0.000000
vt 1.000000 0.000000
vt 1.000000 1.000000
vt 1.000000 1.000000
vt 0.000000 0.000000
vt 1.000000 0.000000
vt 1.000000 0.000000
vt 1.000000 1.000000
vt 0.000000 0.000000
vt 1.000000 1.000000
vt 0.000000 0.000000
vt 1.000000 0.000000
vt 1.000000 0.000000
vt 1.000000 1.000000
vt 1.000000 0.000000
vt 1.000000 0.000000
vt 0.000000 0.000000
vt 1.000000 1.000000
vt 0.000000 0.000000
vt 1.000000 1.000000
vt 0.000000 0.000000
vt 1.000000 1.000000
vt 1.000000 1.000000
vt 0.000000 0.000000
vt 1.000000 1.000000
vt 1.000000 0.000000
vt 1.000000 1.000000
vt 1.000000 0.000000
vt 0.000000 0.000000
vt 1.000000 1.000000
vt 1.000000 1.000000
vt 1.000000 0.000000
vt 0.000000 0.000000
vt 1.000000 1.000000
vt 1.000000 0.000000
vt 0.000000 0.000000
vt 1.000000 0.000000
vt 1.000000 1.000000
vt 0.000000 0.000000
vt 1.000000 1.000000
vt 0.000000 0.000000
vt 1.000000 0.000000
vt 1.000000 0.000000
vt 1.000000 0.000000
vt 1.000000 1.000000
vt 1.000000 1.000000
vt 0.000000 0.000000
vt 1.000000 1.000000
vt 0.000000 0.000000
vt 1.000000 1.000000
vt 1.000000 1.000000
vt 1.000000 1.000000
vt 1.000000 0.000000
vt 0.000000 0.000000
vt 1.000000 1.000000
vt 0.000000 0.000000
vt 1.000000 0.000000
vt 0.000000 0.000000
vt 0.000000 0.000000
vt 1.000000 0.000000
vt 1.000000 1.000000
vt 1.000000 0.000000
vt 1.000000 1.000000
vt 0.000000 0.000000
vt 1.000000 1.000000
vt 0.000000 0.000000
vt 0.000000 0.000000
vt 1.000000 1.000000
vt 1.000000 0.000000
vt 1.000000 1.000000
vt 0.000000 0.000000
vt 0.000000 0.000000
vt 0.000000 0.000000
vt 1.000000 1.000000
vt 1.000000 1.000000
vt 1.000000 0.000000
vt 1.000000 1.000000
vt 1.000000 1.000000
vt 0.000000 0.000000
vt 1.000000 1.000000
vt 1.000000 1.000000
vt 0.000000 0.000000
vt 1.000000 0.000000
vt 1.000000 1.000000
vt 0.000000 0.000000
vt 0.000000 0.000000
vt 1.000000 0.000000
vt 0.000000 0.000000
vt 0.000000 0.000000
vt 1.000000 0.000000
vt 1.000000 0.000000
vt 1.000000 1.000000
vt 0.000000 0.000000
vt 1.000000 1.000000
vt 0.000000 0.000000
vt 1.000000 0.000000
vt 1.000000 0.000000
vt 0.000000 0.000000
vt 1.000000 0.000000
vt 1.000000 1.000000
vt 1.000000 1.000000
vt 0.000000 0.000000
vt 1.000000 1.000000
vt 0.000000 0.000000
vt 1.000000 1.000000
vt 1.000000 0.000000
vt 1.000000 0.000000
vt 0.000000 0.000000
vt 1.000000 0.000000
vt 1.000000 0.000000
vt 1.000000 1.000000
vt 1.000000 1.000000
vt 0.000000 0.000000
vt 1.000000 1.000000
vt 0.000000 0.000000
vt 1.000000 1.000000
vt 0.000000 0.000000
vt 1.000000 0.000000
vt 1.000000 0.000000
vt 0.000000 0.000000
vt 1.000000 0.000000
vt 1.000000 0.000000
vt 0.000000 0.000000
vt 0.000000 0.000000
vt 1.000000 0.000000
vt 1.000000 0.000000
vt 0.000000 0.000000
vt 1.000000 1.000000
vt 1.000000 0.000000
vt 1.000000 0.000000
vt 1.000000 1.000000
vt 0.000000 0.000000
vt 1.000000 1.000000
vt 0.000000 0.000000
vt 1.000000 1.000000
vt 0.000000 0.000000
vt 1.000000 0.000000
vt 0.000000 0.000000
vt 1.000000 1.000000
vt 0.000000 0.000000
vt 1.000000 0.000000
vt 1.000000 1.000000
vt 1.000000 0.000000
vt 1.000000 1.000000
vt 0.000000 0.000000
vt 1.000000 1.000000
vt 0.000000 0.000000
vt 1.000000 0.000000
vt 1.000000 0.000000
vt 0.000000 0.000000
vt 1.000000 1.000000
vt 0.000000 0.000000
vt 1.000000 0.000000
vt 0.000000 0.000000
vt 1.000000 1.000000
vt 0.000000 0.000000
vt 1.000000 1.000000
vt 0.000000 0.000000
vt 1.000000 0.000000
vt 1.000000 0.000000
vt 1.000000 0.000000
vt 1.000000 1.000000
vt 1.000000 1.000000
vt 0.000000 0.000000
vt 1.000000 1.000000
vt 0.000000 0.000000
vt 1.000000 0.000000
vt 1.000000 0.000000
vt 0.000000 0.000000
vt 1.000000 0.000000
vt 1.000000 1.000000
vt 1.000000 1.000000
vt 0.000000 0.000000
vt 1.000000 1.000000
vt 0.000000 0.000000
vt 0.000000 0.000000
vt 1.000000 0.000000
vt 1.000000 0.000000
vt 0.000000 0.000000
vt 1.000000 0.000000
vt 1.000000 0.000000
vt 1.000000 1.000000
vt 1.000000 1.000000
vt 0.000000 0.000000
vt 1.000000 1.000000
vt 0.000000 0.000000
vt 1.000000 1.000000
vt 0.000000 0.000000
vt 1.000000 0.000000
vt 1.000000 0.000000
vt 0.000000 0.000000
vt 1.000000 0.000000
vt 1.000000 0.000000
vt 0.000000 0.000000
vt 0.000000 0.000000
vt 1.000000 1.000000
vt 1.000000 1.000000
vt 0.000000 0.000000
vt 1.000000 0.000000
vt 1.000000 1.000000
vt 1.000000 1.000000
vt 1.000000 0.000000
vt 1.000000 0.000000
vt 1.000000 1.000000
vt 1.000000 0.000000
vt 0.000000 0.000000
vt 1.000000 1.000000
vt 0.000000 0.000000
vt 1.000000 0.000000
vt 1.000000 0.000000
vt 1.000000 0.000000
vt 1.000000 1.000000
vt 0.000000 0.000000
vt 1.000000 0.000000
vt 1.000000 1.000000
vt 0.000000 0.000000
vt 1.000000 1.000000
vt 1.000000 1.000000
vt 1.000000 1.000000
vt 1.000000 1.000000
vt 0.000000 0.000000
vt 0.000000 0.000000
vt 1.000000 1.000000
vt 1.000000 1.000000
vt 0.000000 0.000000
vt 1.000000 0.000000
vt 0.000000 0.000000
vt 1.000000 1.000000
vt 0.000000 0.000000
vt 1.000000 0.000000
vt 1.000000 0.000000
vt 0.000000 0.000000
vt 1.000000 0.000000
vt 1.000000 1.000000
vt 1.000000 1.000000
vt 0.000000 0.000000
vt 1.000000 1.000000
vt 0.000000 0.000000
vt 1.000000 1.000000
vt 0.000000 0.000000
vt 1.000000 1.000000
vt 0.000000 0.000000
vt 1.000000 0.000000
vt 0.000000 0.000000
vt 1.000000 0.000000
vt 1.000000 1.000000
vt 0.000000 0.000000
vt 0.000000 0.000000
vt 1.000000 0.000000
vt 0.000000 0.000000
vt 1.000000 0.000000
vt 1.000000 1.000000
vt 0.000000 0.000000
vt 1.000000 1.000000
vt 0.000000 0.000000
vt 1.000000 0.000000
vt 1.000000 1.000000
vt 0.000000 0.000000
vt 1.000000 0.000000
vt 1.000000 1.000000
vt 1.000000 0.000000
vt 1.000000 0.000000
vt 1.000000 1.000000
vt 1.000000 1.000000
vt 0.000000 0.000000
vt 0.000000 0.000000
vt 0.000000 0.000000
vt 1.000000 0.000000
vt 1.000000 0.000000
vt 0.000000 0.000000
vt 1.000000 0.000000
vt 1.000000 0.000000
vt 1.000000 1.000000
vt 0.000000 0.000000
vt 1.000000 1.000000
vt 0.000000 0.000000
vt 0.000000 0.000000
vt 1.000000 0.000000
vt 1.000000 0.000000
vt 1.000000 0.000000
vt 0.000000 0.000000
vt 1.000000 1.000000
vt 1.000000 0.000000
vt 0.000000 0.000000
vt 0.000000 0.000000
vt 1.000000 0.000000
vt 1.000000 0.000000
vt 1.000000 1.000000
vt 1.000000 1.000000
vt 0.000000 0.000000
vt 1.000000 1.000000
vt 0.000000 0.000000
vt 0.000000 0.000000
vt 1.000000 0.000000
vt 1.000000 0.000000
vt 0.000000 0.000000
vt 1.000000 0.000000
vt 1.000000 0.000000
vt 1.000000 1.000000
vt 1.000000 1.000000
vt 0.000000 0.000000
vt 1.000000 1.000000
vt 0.000000 0.000000
vt 1.000000 1.000000
vt 0.000000 0.000000
vt 1.000000 0.000000
vt 1.000000 0.000000
vt 0.000000 0.000000
vt 1.000000 0.000000
vt 1.000000 0.000000
vt 1.000000 1.000000
vt 1.000000 1.000000
vt 0.000000 0.000000
vt 1.000000 1.000000
vt 0.000000 0.000000
vt 1.000000 1.000000
vt 0.000000 0.000000
vt 1.000000 0.000000
vt 1.000000 0.000000
vt 0.000000 0.000000
vt 1.000000 0.000000
vt 1.000000 0.000000
vt 1.000000 1.000000
vt 1.000000 1.000000
vt 0.000000 0.000000
vt 1.000000 1.000000
vt 0.000000 0.000000
vt 1.000000 1.000000
vt 0.000000 0.000000
vt 1.000000 0.000000
vt 1.000000 0.000000
vt 0.000000 0.000000
vt 1.000000 0.000000
vt 1.000000 0.000000
vt 1.000000 1.000000
vt 1.000000 1.000000
vt 0.000000 0.000000
vt 1.000000 1.000000
vt 0.000000 0.000000
vt 1.000000 1.000000
vt 0.000000 0.000000
vt 1.000000 0.000000
vt 0.000000 0.000000
vt 1.000000 0.000000
vt 1.000000 1.000000
vt 1.000000 0.000000
vt 1.000000 1.000000
vt 0.000000 0.000000
vt 1.000000 0.000000
vt 1.000000 1.000000
vt 0.000000 0.000000
vt 1.000000 1.000000
vt 0.000000 0.000000
vt 1.000000 0.000000
vt 0.000000 0.000000
vt 1.000000 1.000000
vt 0.000000 0.000000
vt 1.000000 1.000000
vt 0.000000 0.000000
vt 1.000000 0.000000
vt 1.000000 0.000000
vt 0.000000 0.000000
vt 1.000000 0.000000
vt 1.000000 1.000000
vt 1.000000 1.000000
vt 0.000000 0.000000
vt 1.000000 1.000000
vt 0.000000 0.000000
vt 1.000000 1.000000
vt 1.000000 0.000000
vt 1.000000 1.000000
vt 1.000000 1.000000
vt 0.000000 0.000000
vt 0.000000 0.000000
vt 1.000000 0.000000
vt 1.000000 1.000000
vt 1.000000 0.000000
vt 1.000000 0.000000
vt 1.000000 1.000000
vt 1.000000 1.000000
vt 1.000000 1.000000
vt 0.000000 0.000000
vt 0.000000 0.000000
vt 1.000000 0.000000
vt 1.000000 0.000000
vt 1.000000 0.000000
vt 1.000000 0.000000
vt 1.000000 1.000000
vt 0.000000 0.000000
vt 0.000000 0.000000
vt 1.000000 1.000000
vt 0.000000 0.000000
vt 1.000000 0.000000
vt 1.000000 0.000000
vt 1.000000 0.000000
vt 1.000000 1.000000
vt 1.000000 0.000000
vt 0.000000 0.000000
vt 1.000000 1.000000
vt 0.000000 0.000000
vt 1.000000 1.000000
vt 0.000000 0.000000
vt 1.000000 1.000000
vt 1.000000 1.000000
vt 0.000000 0.000000
vt 1.000000 0.000000
vt 1.000000 1.000000
vt 1.000000 0.000000
vt 0.000000 0.000000
vt 1.000000 1.000000
vt 1.000000 0.000000
vt 1.000000 1.000000
vt 0.000000 0.000000
vt 1.000000 0.000000
vt 0.000000 0.000000
vt 1.000000 0.000000
vt 1.000000 0.000000
vt 1.000000 1.000000
vt 0.000000 0.000000
vt 1.000000 1.000000
vt 0.000000 0.000000
vt 1.000000 1.000000
vt 1.000000 0.000000
vt 1.000000 0.000000
vt 0.000000 0.000000
vt 1.000000 0.000000
vt 1.000000 1.000000
vt 1.000000 1.000000
vt 0.000000 0.000000
vt 0.000000 0.000000
vt 1.000000 1.000000
vt 1.000000 0.000000
vt 1.000000 0.000000
vt 0.000000 0.000000
vt 1.000000 0.000000
vt 1.000000 0.000000
vt 1.000000 1.000000
vt 1.000000 1.000000
vt 0.000000 0.000000
vt 1.000000 1.000000
vt 0.000000 0.000000
vt 1.000000 1.000000
vt 0.000000 0.000000
vt 0.000000 0.000000
vt 1.000000 0.000000
vt 0.000000 0.000000
vt 1.000000 0.000000
vt 1.000000 0.000000
vt 1.000000 1.000000
vt 1.000000 1.000000
vt 0.000000 0.000000
vt 0.000000 0.000000
vt 1.000000 1.000000
vt 1.000000 0.000000
vt 1.000000 0.000000
vt 0.000000 0.000000
vt 1.000000 0.000000
vt 1.000000 0.000000
vt 1.000000 1.000000
vt 1.000000 1.000000
vt 0.000000 0.000000
vt 1.000000 1.000000
vt 0.000000 0.000000
vt 1.000000 1.000000
vt 1.000000 0.000000
vt 1.000000 1.000000
vt 0.000000 0.000000
vt 1.000000 0.000000
vt 0.000000 0.000000
vt 1.000000 1.000000
vt 1.000000 1.000000
vt 0.000000 0.000000
vt 1.000000 1.000000
vt 0.000000 0.000000
vt 1.000000 0.000000
vt 0.000000 0.000000
vt 1.000000 0.000000
vt 1.000000 1.000000
vt 1.000000 0.000000
vt 1.000000 1.000000
vt 0.000000 0.000000
vt 1.000000 1.000000
vt 0.000000 0.000000
vt 1.000000 0.000000
vt 1.000000 1.000000
vt 0.000000 0.000000
vt 1.000000 0.000000
vt 1.000000 0.000000
vt 1.000000 0.000000
vt 1.000000 1.000000
vt 0.000000 0.000000
vt 0.000000 0.000000
vt 1.000000 1.000000
vt 0.000000 0.000000
vt 1.000000 1.000000
vt 1.000000 1.000000
vt 1.000000 0.000000
vt 1.000000 1.000000
vt 0.000000 0.000000
vt 1.000000 0.000000
vt 0.000000 0.000000
vt 1.000000 0.000000
vt 1.000000 1.000000
vt 1.000000 1.000000
vt 1.000000 0.000000
vt 0.000000 0.000000
vt 1.000000 0.000000
vt 0.000000 0.000000
vt 1.000000 0.000000
vt 1.000000 0.000000
vt 0.000000 0.000000
vt 1.000000 0.000000
vt 1.000000 1.000000
vt 1.000000 1.000000
vt 0.000000 0.000000
vt 1.000000 1.000000
vt 0.000000 0.000000
vt 1.000000 1.000000
vt 1.000000 1.000000
vt 0.000000 0.000000
vt 1.000000 1.000000
vt 0.000000 0.000000
vt 1.000000 0.000000
vt 1.000000 0.000000
vt 1.000000 1.000000
vt 1.000000 1.000000
vt 0.000000 0.000000
vt 0.000000 0.000000
vt 1.000000 0.000000
vt 1.000000 0.000000
vt 0.000000 0.000000
vt 1.000000 0.000000
vt 1.000000 0.000000
vt 1.000000 1.000000
vt 1.000000 1.000000
vt 0.000000 0.000000
vt 1.000000 1.000000
vt 0.000000 0.000000
vt 1.000000 1.000000
vt 1.000000 0.000000
vt 1.000000 1.000000
vt 1.000000 1.000000
vt 1.000000 0.000000
vt 1.000000 1.000000
vt 1.000000 1.000000
vt 0.000000 0.000000
vt 0.000000 0.000000
vt 0.000000 0.000000
vt 1.000000 0.000000
vt 1.000000 0.000000
vt 0.000000 0.000000
vt 1.000000 0.000000
vt 1.000000 0.000000
vt 1.000000 1.000000
vt 1.000000 1.000000
vt 0.000000 0.000000
vt 1.000000 1.000000
vt 0.000000 0.000000
vt 1.000000 1.000000
vt 0.000000 0.000000
vt 1.000000 0.000000
vt 1.000000 0.000000
vt 0.000000 0.000000
vt 1.000000 0.000000
vt 1.000000 0.000000
vt 1.000000 1.000000
vt 1.000000 1.000000
vt 0.000000 0.000000
vt 1.000000 1.000000
vt 0.000000 0.000000
vt 1.000000 1.000000
vt 0.000000 0.000000
vt 1.000000 1.000000
vt 0.000000 0.000000
vt 1.000000 1.000000
vt 0.000000 0.000000
vt 1.000000 0.000000
vt 1.000000 1.000000
vt 1.000000 0.000000
vt 1.000000 1.000000
vt 0.000000 0.000000
vt 1.000000 0.000000
vt 1.000000 1.000000
vt 1.000000 1.000000
vt 1.000000 0.000000
vt 1.000000 0.000000
vt 1.000000 1.000000
vt 0.000000 0.000000
vt 1.000000 0.000000
vt 1.000000 1.000000
vt 1.000000 0.000000
vt 1.000000 0.000000
vt 0.000000 0.000000
vt 1.000000 1.000000
vt 1.000000 1.000000
vt 0.000000 0.000000
vt 0.000000 0.000000
vt 1.000000 1.000000
vt 0.000000 0.000000
vt 0.000000 0.000000
vt 1.000000 0.000000
vt 1.000000 0.000000
vt 1.000000 0.000000
vt 1.000000 1.000000
vt 1.000000 1.000000
vt 0.000000 0.000000
vt 1.000000 1.000000
vt 0.000000 0.000000
vt 1.000000 1.000000
vt 0.000000 0.000000
vt 0.000000 0.000000
vt 1.000000 0.000000
vt 1.000000 0.000000
vt 1.000000 0.000000
vt 0.000000 0.000000
vt 1.000000 0.000000
vt 1.000000 1.000000
vt 1.000000 1.000000
vt 0.000000 0.000000
vt 1.000000 1.000000
vt 0.000000 0.000000
vt 0.000000 0.000000
vt 0.000000 0.000000
vt 0.000000 0.000000
vt 1.000000 0.000000
vt 1.000000 0.000000
vt 0.000000 0.000000
vt 1.000000 0.000000
vt 1.000000 0.000000
vt 1.000000 1.000000
vt 0.000000 0.000000
vt 1.000000 1.000000
vt 0.000000 0.000000
vt 1.000000 1.000000
vt 1.000000 1.000000
vt 1.000000 0.000000
vt 1.000000 1.000000
vt 1.000000 1.000000
vt 0.000000 0.000000
vt 1.000000 1.000000
vt 0.000000 0.000000
vt 1.000000 0.000000
vt 1.000000 1.000000
vt 0.000000 0.000000
vt 1.000000 0.000000
vt 1.000000 0.000000
vt 1.000000 1.000000
vt 0.000000 0.000000
vt 1.000000 0.000000
vt 1.000000 0.000000
vt 0.000000 0.000000
vt 1.000000 0.000000
vt 1.000000 0.000000
vt 1.000000 1.000000
vt 1.000000 1.000000
vt 0.000000 0.000000
vt 1.000000 1.000000
vt 0.000000 0.000000
vt 1.000000 1.000000
vt 1.000000 0.000000
vt 0.000000 0.000000
vt 1.000000 0.000000
vt 1.000000 1.000000
vt 1.000000 1.000000
vt 0.000000 0.000000
vt 1.000000 1.000000
vt 0.000000 0.000000
vt 0.000000 0.000000
vt 1.000000 0.000000
vt 1.000000 0.000000
vt 0.000000 0.000000
vt 1.000000 0.000000
vt 1.000000 1.000000
vt 1.000000 0.000000
vt 1.000000 0.000000
vt 0.000000 0.000000
vt 1.000000 0.000000
vt 1.000000 1.000000
vt 1.000000 1.000000
vt 0.000000 0.000000
vt 1.000000 1.000000
vt 0.000000 0.000000
vt 1.000000 1.000000
vt 0.000000 0.000000
vt 1.000000 1.000000
vt 1.000000 1.000000
vt 0.000000 0.000000
vt 1.000000 1.000000
vt 1.000000 0.000000
vt 1.000000 0.000000
vt 1.000000 1.000000
vt 1.000000 0.000000
vt 1.000000 0.000000
vt 1.000000 1.000000
vt 1.000000 1.000000
vt 1.000000 1.000000
vt 0.000000 0.000000
vt 1.000000 1.000000
vt 1.000000 0.000000
vt 0.000000 0.000000
vt 1.000000 1.000000
vt 1.000000 1.000000
vt 0.000000 0.000000
vt 1.000000 0.000000
vt 1.000000 0.000000
vt 1.000000 0.000000
vt 1.000000 1.000000
vt 0.000000 0.000000
vt 1.000000 0.000000
vt 1.000000 0.000000
vt 0.000000 0.000000
vt 0.000000 0.000000
vt 0.000000 0.000000
vt 1.000000 1.000000
vt 1.000000 1.000000
vt 1.000000 0.000000
vt 1.000000 1.000000
vt 1.000000 1.000000
vt 1.000000 0.000000
vt 1.000000 1.000000
vt 0.000000 0.000000
vt 0.000000 0.000000
vt 1.000000 0.000000
vt 0.000000 0.000000
vt 1.000000 0.000000
vt 0.000000 0.000000
vt 1.000000 1.000000
vt 1.000000 0.000000
vt 1.000000 0.000000
vt 0.000000 0.000000
vt 1.000000 0.000000
vt 1.000000 0.000000
vt 0.000000 0.000000
vt 1.000000 0.000000
vt 1.000000 1.000000
vt 1.000000 1.000000
vt 0.000000 0.000000
vt 1.000000 1.000000
vt 0.000000 0.000000
vt 1.000000 1.000000
vt 1.000000 0.000000
vt 1.000000 0.000000
vt 1.000000 1.000000
vt 0.000000 0.000000
vt 0.000000 0.000000
vt 1.000000 1.000000
vt 0.000000 0.000000
vt 0.000000 0.000000
vt 1.000000 0.000000
vt 1.000000 0.000000
vt 0.000000 0.000000
vt 1.000000 1.000000
vt 1.000000 1.000000
vt 0.000000 0.000000
vt 1.000000 1.000000
vt 0.000000 0.000000
vt 1.000000 0.000000
vt 0.000000 0.000000
vt 0.000000 0.000000
vt 0.000000 0.000000
vt 1.000000 1.000000
vt 1.000000 1.000000
vt 0.000000 0.000000
vt 1.000000 1.000000
vt 1.000000 0.000000
vt 0.000000 0.000000
vt 1.000000 1.000000
vt 0.000000 0.000000
vt 1.000000 0.000000
vt 1.000000 1.000000
vt 0.000000 0.000000
vt 1.000000 1.000000
vt 0.000000 0.000000
vt 1.000000 0.000000
vt 0.000000 0.000000
vt 1.000000 1.000000
vt 1.000000 0.000000
vt 1.000000 1.000000
vt 1.000000 0.000000
vt 1.000000 1.000000
vt 1.000000 0.000000
vt 0.000000 0.000000
vt 1.000000 1.000000
vt 0.000000 0.000000
vt 1.000000 0.000000
vt 0.000000 0.000000
vt 1.000000 1.000000
vt 1.000000 1.000000
vt 0.000000 0.000000
vt 1.000000 1.000000
vt 0.000000 0.000000
vt 1.000000 0.000000
vt 0.000000 0.000000
vt 1.000000 0.000000
vt 1.000000 1.000000
vt 0.000000 0.000000
vt 1.000000 1.000000
vt 1.000000 0.000000
vt 1.000000 0.000000
vt 0.000000 0.000000
vt 1.000000 0.000000
vt 1.000000 1.000000
vt 1.000000 0.000000
vt 1.000000 1.000000
vt 0.000000 0.000000
vt 1.000000 0.000000
vt 0.000000 0.000000
vt 1.000000 0.000000
vt 1.000000 1.000000
vt 0.000000 0.000000
vt 1.000000 1.000000
vt 0.000000 0.000000
vt 0.000000 0.000000
vt 1.000000 1.000000
vt 0.000000 0.000000
vt 1.000000 1.000000
vt 0.000000 0.000000
vt 1.000000 0.000000
vt 1.000000 1.000000
vt 0.000000 0.000000
vt 1.000000 0.000000
vt 0.000000 0.000000
vt 1.000000 0.000000
vt 0.000000 0.000000
vt 1.000000 0.000000
vt 0.000000 0.000000
vt 1.000000 0.000000
vt 1.000000 1.000000
vt 0.000000 0.000000
vt 1.000000 0.000000
vt 0.000000 0.000000
vt 1.000000 0.000000
vt 1.000000 0.000000
vt 1.000000 1.000000
vt 0.000000 0.000000
vt 1.000000 1.000000
vt 0.000000 0.000000
vt 1.000000 1.000000
vt 0.000000 0.000000
vt 1.000000 0.000000
vt 0.000000 0.000000
vt 1.000000 0.000000
vt 1.000000 1.000000
vt 0.000000 0.000000
vt 0.000000 0.000000
vt 1.000000 1.000000
vt 1.000000 0.000000
vt 1.000000 0.000000
vt 1.000000 0.000000
vt 1.000000 1.000000
vt 1.000000 0.000000
vt 0.000000 0.000000
vt 1.000000 0.000000
vt 1.000000 1.000000
vt 1.000000 1.000000
vt 1.000000 0.000000
vt 1.000000 0.000000
vt 0.000000 0.000000
vt 1.000000 0.000000
vt 1.000000 0.000000
vt 1.000000 1.000000
vt 0.000000 0.000000
vt 1.000000 1.000000
vt 0.000000 0.000000
vt 1.000000 0.000000
vt 1.000000 1.000000
vt 0.000000 0.000000
vt 1.000000 1.000000
vt 0.000000 0.000000
vt 0.000000 0.000000
vt 1.000000 0.000000
vt 0.000000 0.000000
vt 1.000000 0.000000
vt 1.000000 0.000000
vt 1.000000 0.000000
vt 1.000000 1.000000
vt 0.000000 0.000000
vt 1.000000 0.000000
vt 1.000000 1.000000
vt 1.000000 1.000000
vt 0.000000 0.000000
vt 1.000000 0.000000
vt 1.000000 1.000000
vt 0.000000 0.000000
vt 1.000000 0.000000
vt 1.000000 1.000000
vt 0.000000 0.000000
vt 1.000000 1.000000
vt 0.000000 0.000000
vt 1.000000 1.000000
vt 1.000000 0.000000
vt 0.000000 0.000000
vt 1.000000 1.000000
vt 0.000000 0.000000
vt 1.000000 0.000000
vt 0.000000 0.000000
vt 0.000000 0.000000
vt 1.000000 0.000000
vt 0.000000 0.000000
vt 1.000000 0.000000
vt 1.000000 0.000000
vt 0.000000 0.000000
vt 0.000000 0.000000
vt 0.000000 0.000000
vt 1.000000 1.000000
vt 1.000000 0.000000
vt 0.000000 0.000000
vt 1.000000 1.000000
vt 1.000000 1.000000
vt 1.000000 0.000000
vt 1.000000 1.000000
vt 0.000000 0.000000
vt 1.000000 0.000000
vt 0.000000 0.000000
vt 1.000000 1.000000
vt 1.000000 0.000000
vt 0.000000 0.000000
vt 1.000000 0.000000
vt 0.000000 0.000000
vt 0.000000 0.000000
vt 1.000000 1.000000
vt 0.000000 0.000000
vt 1.000000 0.000000
vt 0.000000 0.000000
vt 1.000000 1.000000
vt 0.000000 0.000000
vt 1.000000 0.000000
vt 0.000000 0.000000
vt 0.000000 0.000000
vt 0.000000 0.000000
vt 0.000000 0.000000
vt 0.000000 0.000000
vt 1.000000 0.000000
vt 1.000000 1.000000
vt 1.000000 1.000000
vt 1.000000 0.000000
vt 1.000000 0.000000
vt 1.000000 1.000000
vt 1.000000 1.000000
vt 1.000000 0.000000
vt 1.000000 0.000000
vt 0.000000 0.000000
vt 1.000000 0.000000
vt 1.000000 0.000000
vt 0.000000 0.000000
vt 0.000000 0.000000
vt 1.000000 0.000000
vt 1.000000 0.000000
vt 1.000000 0.000000
vt 1.000000 1.000000
vt 1.000000 1.000000
vt 1.000000 1.000000
vt 0.000000 0.000000
vt 0.000000 0.000000
vt 1.000000 1.000000
vt 1.000000 1.000000
vt 0.000000 0.000000
vt 1.000000 1.000000
vt 0.000000 0.000000
vt 1.000000 0.000000
vt 1.000000 0.000000
vt 1.000000 0.000000
vt 1.000000 1.000000
vt 0.000000 0.000000
vt 0.000000 0.000000
vt 1.000000 1.000000
vt 1.000000 1.000000
vt 0.000000 0.000000
vt 1.000000 1.000000
vt 0.000000 0.000000
vt 1.000000 0.000000
vt 1.000000 1.000000
vt 1.000000 1.000000
vt 0.000000 0.000000
vt 0.000000 0.000000
vt 0.000000 0.000000
vt 1.000000 0.000000
vt 1.000000 1.000000
vt 1.000000 0.000000
vt 1.000000 1.000000
vt 1.000000 1.000000
vt 0.000000 0.000000
vt 1.000000 1.000000
vt 0.000000 0.000000
vt 1.000000 1.000000
vt 0.000000 0.000000
vt 1.000000 1.000000
vt 0.000000 0.000000
vt 0.000000 0.000000
vt 1.000000 1.000000
vt 0.000000 0.000000
vt 1.000000 1.000000
vt 0.000000 0.000000
vt 1.000000 0.000000
vt 1.000000 1.000000
vt 0.000000 0.000000
vt 1.000000 1.000000
vt 0.000000 0.000000
vt 1.000000 0.000000
vt 1.000000 1.000000
vt 1.000000 1.000000
vt 0.000000 0.000000
vt 1.000000 1.000000
vt 0.000000 0.000000
vt 1.000000 0.000000
vt 0.000000 0.000000
vt 1.000000 0.000000
vt 1.000000 1.000000
vt 0.000000 0.000000
vt 1.000000 0.000000
vt 1.000000 1.000000
vt 0.000000 0.000000
vt 1.000000 0.000000
vt 1.000000 1.000000
vt 0.000000 0.000000
vt 1.000000 1.000000
vt 0.000000 0.000000
vt 1.000000 1.000000
vt 0.000000 0.000000
vt 0.000000 0.000000
vt 1.000000 0.000000
vt 1.000000 1.000000
vt 0.000000 0.000000
vt 0.000000 0.000000
vt 0.000000 0.000000
vt 0.000000 0.000000
vt 1.000000 1.000000
vt 1.000000 1.000000
vt 1.000000 1.000000
vt 0.000000 0.000000
vt 1.000000 1.000000
vt 0.000000 0.000000
vt 1.000000 0.000000
vt 1.000000 0.000000
vt 1.000000 0.000000
vt 1.000000 0.000000
vt 1.000000 0.000000
vt 1.000000 1.000000
vt 1.000000 1.000000
vt 1.000000 1.000000
vt 1.000000 0.000000
vt 1.000000 0.000000
vt 0.000000 0.000000
vt 1.000000 0.000000
vt 1.000000 0.000000
vt 0.000000 0.000000
vt 1.000000 0.000000
vt 1.000000 0.000000
vt 1.000000 0.000000
vt 1.000000 1.000000
vt 0.000000 0.000000
vt 1.000000 1.000000
vt 0.000000 0.000000
vt 1.000000 1.000000
vt 0.000000 0.000000
vt 0.000000 0.000000
vt 0.000000 0.000000
vt 1.000000 0.000000
vt 0.000000 0.000000
vt 0.000000 0.000000
vt 0.000000 0.000000
vt 0.000000 0.000000
vt 1.000000 1.000000
vt 1.000000 1.000000
vt 1.000000 1.000000
vt 1.000000 0.000000
vt 1.000000 1.000000
vt 1.000000 1.000000
vt 1.000000 0.000000
vt 1.000000 0.000000
vt 1.000000 0.000000
vt 1.000000 1.000000
vt 1.000000 1.000000
vt 1.000000 0.000000
vt 0.000000 0.000000
vt 0.000000 0.000000
vt 1.000000 1.000000
vt 0.000000 0.000000
vt 1.000000 0.000000
vt 0.000000 0.000000
vt 1.000000 0.000000
vt 1.000000 1.000000
vt 1.000000 1.000000
vt 0.000000 0.000000
vt 1.000000 1.000000
vt 0.000000 0.000000
vt 1.000000 1.000000
vt 0.000000 0.000000
vt 0.000000 0.000000
vt 1.000000 1.000000
vt 1.000000 1.000000
vt 1.000000 0.000000
vt 1.000000 1.000000
vt 1.000000 0.000000
vt 1.000000 0.000000
vt 1.000000 1.000000
vt 1.000000 1.000000
vt 0.000000 0.000000
vt 0.000000 0.000000
vt 1.000000 1.000000
vt 0.000000 0.000000
vt 1.000000 1.000000
vt 1.000000 1.000000
vt 1.000000 0.000000
vt 1.000000 0.000000
vt 0.000000 0.000000
vt 1.000000 0.000000
vt 1.000000 0.000000
vt 1.000000 0.000000
vt 0.000000 0.000000
vt 1.000000 0.000000
vt 0.000000 0.000000
vt 1.000000 0.000000
vt 1.000000 1.000000
vt 1.000000 1.000000
vt 1.000000 0.000000
vt 0.000000 0.000000
vt 1.000000 0.000000
vt 1.000000 1.000000
vt 0.000000 0.000000
vt 1.000000 0.000000
vt 1.000000 1.000000
vt 0.000000 0.000000
vt 1.000000 0.000000
vt 1.000000 0.000000
vt 1.000000 0.000000
vt 1.000000 0.000000
vt 1.000000 0.000000
vt 1.000000 0.000000
vt 1.000000 0.000000
vt 1.000000 0.000000
vt 1.000000 0.000000
vt 1.000000 1.000000
vt 1.000000 1.000000
vt 1.000000 1.000000
vt 0.000000 0.000000
vt 1.000000 1.000000
vt 0.000000 0.000000
vt 1.000000 0.000000
vt 1.000000 1.000000
vt 0.000000 0.000000
vt 1.000000 1.000000
vt 0.000000 0.000000
vt 1.000000 1.000000
vt 1.000000 0.000000
vt 0.000000 0.000000
vt 0.000000 0.000000
vt 1.000000 0.000000
vt 1.000000 1.000000
vt 0.000000 0.000000
vt 0.000000 0.000000
vt 1.000000 0.000000
vt 1.000000 1.000000
vt 1.000000 1.000000
vt 1.000000 0.000000
vt 0.000000 0.000000
vt 1.000000 1.000000
vt 0.000000 0.000000
vt 0.000000 0.000000
vt 1.000000 1.000000
vt 0.000000 0.000000
vt 1.000000 0.000000
vt 1.000000 1.000000
vt 0.000000 0.000000
vt 1.000000 1.000000
vt 1.000000 0.000000
vt 1.000000 1.000000
vt 0.000000 0.000000
vt 1.000000 0.000000
vt 1.000000 1.000000
vt 0.000000 0.000000
vt 1.000000 1.000000
vt 0.000000 0.000000
vt 1.000000 0.000000
vt 1.000000 1.000000
vt 0.000000 0.000000
vt 0.000000 0.000000
vt 1.000000 0.000000
vt 1.000000 1.000000
vt 0.000000 0.000000
vt 1.000000 0.000000
vt 0.000000 0.000000
vt 1.000000 0.000000
vt 1.000000 0.000000
vt 1.000000 1.000000
vt 0.000000 0.000000
vt 1.000000 0.000000
vt 1.000000 0.000000
vt 1.000000 0.000000
vt 1.000000 1.000000
vt 0.000000 0.000000
vt 0.000000 0.000000
vt 1.000000 0.000000
vt 1.000000 1.000000
vt 0.000000 0.000000
vt 1.000000 0.000000
vt 1.000000 0.000000
vt 0.000000 0.000000
vt 1.000000 1.000000
vt 0.000000 0.000000
vt 1.000000 0.000000
vt 0.000000 0.000000
vt 1.000000 1.000000
vt 1.000000 0.000000
vt 1.000000 1.000000
vt 0.000000 0.000000
vt 1.000000 1.000000
vt 0.000000 0.000000
vt 1.000000 0.000000
vt 0.000000 0.000000
vt 1.000000 0.000000
vt 1.000000 0.000000
vt 0.000000 0.000000
vt 1.000000 0.000000
vt 0.000000 0.000000
vt 1.000000 0.000000
vt 0.000000 0.000000
vt 0.000000 0.000000
vt 1.000000 0.000000
vt 1.000000 0.000000
vt 1.000000 1.000000
vt 0.000000 0.000000
vt 0.000000 0.000000
vt 1.000000 1.000000
vt 1.000000 1.000000
vt 1.000000 1.000000
vt 1.000000 0.000000
vt 1.000000 1.000000
vt 0.000000 0.000000
vt 1.000000 1.000000
vt 0.000000 0.000000
vt 1.000000 0.000000
vt 0.000000 0.000000
vt 0.000000 0.000000
vt 0.000000 0.000000
vt 1.000000 0.000000
vt 0.000000 0.000000
vt 1.000000 1.000000
vt 1.000000 1.000000
vt 1.000000 1.000000
vt 0.000000 0.000000
vt 0.000000 0.000000
vt 0.000000 0.000000
vt 1.000000 0.000000
vt 1.000000 0.000000
vt 0.000000 0.000000
vt 1.000000 0.000000
vt 1.000000 0.000000
vt 0.000000 0.000000
vt 0.000000 0.000000
vt 1.000000 0.000000
vt 1.000000 0.000000
vt 1.000000 0.000000
vt 1.000000 1.000000
vt 1.000000 1.000000
vt 1.000000 1.000000
vt 1.000000 1.000000
vt 0.000000 0.000000
vt 0.000000 0.000000
vt 1.000000 1.000000
vt 1.000000 1.000000
vt 0.000000 0.000000
vt 0.000000 0.000000
vt 0.000000 0.000000
vt 1.000000 0.000000
vt 1.000000 0.000000
vt 0.000000 0.000000
vt 1.000000 0.000000
vt 1.000000 0.000000
vt 0.000000 0.000000
vt 0.000000 0.000000
vt 1.000000 0.000000
vt 1.000000 0.000000
vt 1.000000 0.000000
vt 1.000000 1.000000
vt 1.000000 1.000000
vt 1.000000 1.000000
vt 1.000000 1.000000
vt 0.000000 0.000000
vt 0.000000 0.000000
vt 1.000000 1.000000
vt 1.000000 1.000000
vt 0.000000 0.000000
vt 1.000000 1.000000
vt 0.000000 0.000000
vt 1.000000 1.000000
vt 1.000000 1.000000
vt 1.000000 0.000000
vt 0.000000 0.000000
vt 1.000000 0.000000
vt 0.000000 0.000000
vt 0.000000 0.000000
vt 1.000000 0.000000
vt 1.000000 0.000000
vt 1.000000 0.000000
vt 1.000000 0.000000
vt 0.000000 0.000000
vt 0.000000 0.000000
vt 0.000000 0.000000
vt 0.000000 0.000000
vt 1.000000 0.000000
vt 1.000000 0.000000
vt 1.000000 0.000000
vt 1.000000 0.000000
vt 1.000000 0.000000
vt 1.000000 0.000000
vt 1.000000 1.000000
vt 1.000000 1.000000
vt 1.000000 1.000000
vt 1.000000 1.000000
vt 1.000000 1.000000
vt 1.000000 1.000000
vt 1.000000 1.000000
vt 1.000000 0.000000
vt 1.000000 1.000000
vt 1.000000 0.000000
vt 1.000000 1.000000
vt 0.000000 0.000000
vt 1.000000 1.000000
vt 0.000000 0.000000
vt 1.000000 0.000000
vt 1.000000 1.000000
vt 1.000000 0.000000
vt 1.000000 1.000000
vt 0.000000 0.000000
vt 1.000000 0.000000
vt 1.000000 0.000000
vt 1.000000 0.000000
vt 0.000000 0.000000
vt 1.000000 0.000000
vt 1.000000 0.000000
vt 0.000000 0.000000
vt 0.000000 0.000000
vt 1.000000 0.000000
vt 1.000000 0.000000
vt 1.000000 0.000000
vt 1.000000 0.000000
vt 1.000000 1.000000
vt 1.000000 1.000000
vt 1.000000 1.000000
vt 1.000000 1.000000
vt 0.000000 0.000000
vt 0.000000 0.000000
vt 1.000000 1.000000
vt 0.000000 0.000000
vt 1.000000 1.000000
vt 0.000000 0.000000
vt 1.000000 1.000000
vt 1.000000 1.000000
vt 1.000000 1.000000
vt 1.000000 1.000000
vt 1.000000 1.000000
vt 0.000000 0.000000
vt 1.000000 1.000000
vt 1.000000 0.000000
vt 0.000000 0.000000
vt 1.000000 1.000000
vt 1.000000 0.000000
vt 1.000000 1.000000
vt 0.000000 0.000000
vt 1.000000 1.000000
vt 0.000000 0.000000
vt 1.000000 0.000000
vt 1.000000 0.000000
vt 1.000000 0.000000
vt 1.000000 1.000000
vt 1.000000 0.000000
vt 1.000000 0.000000
vt 1.000000 1.000000
vt 1.000000 0.000000
vt 1.000000 0.000000
vt 0.000000 0.000000
vt 1.000000 1.000000
vt 1.000000 0.000000
vt 1.000000 0.000000
vt 0.000000 0.000000
vt 0.000000 0.000000
vt 1.000000 0.000000
vt 1.000000 0.000000
vt 1.000000 0.000000
vt 1.000000 1.000000
vt 1.000000 1.000000
vt 0.000000 0.000000
vt 0.000000 0.000000
vt 1.000000 1.000000
vt 1.000000 1.000000
vt 1.000000 1.000000
vt 0.000000 0.000000
vt 1.000000 1.000000
vt 1.000000 1.000000
vt 0.000000 0.000000
vt 0.000000 0.000000
vt 1.000000 1.000000
vt 0.000000 0.000000
vt 1.000000 1.000000
vt 0.000000 0.000000
vt 1.000000 1.000000
vt 0.000000 0.000000
vt 1.000000 1.000000
vt 0.000000 0.000000
vt 1.000000 1.000000
vt 1.000000 0.000000
vt 1.000000 0.000000
vt 1.000000 0.000000
vt 1.000000 0.000000
vt 1.000000 0.000000
vt 1.000000 0.000000
vt 1.000000 0.000000
vt 1.000000 0.000000
vt 1.000000 0.000000
vt 1.000000 0.000000
vt 1.000000 0.000000
vt 1.000000 1.000000
vt 0.000000 0.000000
vt 1.000000 0.000000
vt 0.000000 0.000000
vt 1.000000 0.000000
vt 0.000000 0.000000
vt 0.000000 0.000000
vt 0.000000 0.000000
vt 1.000000 1.000000
vt 1.000000 0.000000
vt 0.000000 0.000000
vt 1.000000 1.000000
vt 0.000000 0.000000
vt 1.000000 1.000000
vt 1.000000 0.000000
vt 1.000000 0.000000
vt 1.000000 0.000000
vt 1.000000 0.000000
vt 0.000000 0.000000
vt 0.000000 0.000000
vt 1.000000 0.000000
vt 0.000000 0.000000
vt 1.000000 0.000000
vt 0.000000 0.000000
vt 0.000000 0.000000
vt 1.000000 1.000000
vt 1.000000 0.000000
vt 1.000000 1.000000
vt 1.000000 1.000000
vt 1.000000 1.000000
vt 1.000000 1.000000
vt 1.000000 1.000000
vt 0.000000 0.000000
vt 0.000000 0.000000
vt 1.000000 0.000000
vt 0.000000 0.000000
vt 0.000000 0.000000
vt 0.000000 0.000000
vt 0.000000 0.000000
vt 1.000000 0.000000
vt 1.000000 0.000000
vt 1.000000 0.000000
vt 1.000000 1.000000
vt 0.000000 0.000000
vt 0.000000 0.000000
vt 1.000000 1.000000
vt 0.000000 0.000000
vt 0.000000 0.000000
vt 0.000000 0.000000
vt 1.000000 1.000000
vt 1.000000 1.000000
vt 1.000000 0.000000
vt 0.000000 0.000000
vt 1.000000 0.000000
vt 1.000000 0.000000
vt 1.000000 0.000000
vt 1.000000 0.000000
vt 1.000000 0.000000
vt 1.000000 1.000000
vt 1.000000 1.000000
vt 1.000000 1.000000
vt 1.000000 1.000000
vt 1.000000 1.000000
vt 1.000000 1.000000
vt 1.000000 0.000000
vt 1.000000 0.000000
vt 1.000000 0.000000
vt 1.000000 1.000000
vt 1.000000 0.000000
vt 1.000000 1.000000
vt 1.000000 0.000000
vt 0.000000 0.000000
vt 1.000000 0.000000
vt 1.000000 1.000000
vt 1.000000 0.000000
vt 0.000000 0.000000
vt 1.000000 0.000000
vt 1.000000 1.000000
vt 1.000000 0.000000
vt 0.000000 0.000000
vt 1.000000 0.000000
vt 1.000000 1.000000
vt 0.000000 0.000000
vt 0.000000 0.000000
vt 1.000000 0.000000
vt 1.000000 0.000000
vt 1.000000 1.000000
vt 0.000000 0.000000
vt 1.000000 0.000000
vt 1.000000 0.000000
vt 0.000000 0.000000
vt 1.000000 0.000000
vt 1.000000 0.000000
vt 1.000000 0.000000
vt 1.000000 0.000000
vt 0.000000 0.000000
vt 0.000000 0.000000
vt 0.000000 0.000000
vt 0.000000 0.000000
vt 1.000000 0.000000
vt 1.000000 1.000000
vt 1.000000 1.000000
vt 1.000000 1.000000
vt 1.000000 1.000000
vt 0.000000 0.000000
vt 1.000000 1.000000
vt 1.000000 1.000000
vt 0.000000 0.000000
vt 1.000000 1.000000
vt 1.000000 1.000000
vt 1.000000 0.000000
vt 1.000000 0.000000
vt 1.000000 1.000000
vt 1.000000 0.000000
vt 0.000000 0.000000
vt 1.000000 1.000000
vt 0.000000 0.000000
vt 1.000000 1.000000
vt 1.000000 0.000000
vt 0.000000 0.000000
vt 0.000000 0.000000
vt 1.000000 1.000000
vt 0.000000 0.000000
vt 1.000000 1.000000
vt 1.000000 0.000000
vt 1.000000 1.000000
vt 0.000000 0.000000
vt 1.000000 1.000000
vt 1.000000 1.000000
vt 0.000000 0.000000
vt 1.000000 1.000000
vt 1.000000 1.000000
vt 1.000000 1.000000
vt 1.000000 1.000000
vt 0.000000 0.000000
vt 1.000000 1.000000
vt 1.000000 1.000000
vt 0.000000 0.000000
vt 1.000000 1.000000
vt 0.000000 0.000000
vt 0.000000 0.000000
vt 1.000000 0.000000
vt 1.000000 0.000000
vt 0.000000 0.000000
vt 1.000000 0.000000
vt 0.000000 0.000000
vt 0.000000 0.000000
vt 1.000000 0.000000
vt 1.000000 0.000000
vt 1.000000 0.000000
vt 0.000000 0.000000
vt 1.000000 0.000000
vt 1.000000 0.000000
vt 1.000000 0.000000
vt 1.000000 0.000000
vt 1.000000 1.000000
vt 1.000000 0.000000
vt 1.000000 0.000000
vt 1.000000 1.000000
vt 1.000000 1.000000
vt 0.000000 0.000000
vt 1.000000 0.000000
vt 0.000000 0.000000
vt 0.000000 0.000000
vt 0.000000 0.000000
vt 1.000000 0.000000
vt 0.000000 0.000000
vt 1.000000 0.000000
vt 0.000000 0.000000
vt 0.000000 0.000000
vt 0.000000 0.000000
vt 1.000000 1.000000
vt 0.000000 0.000000
vt 1.000000 1.000000
vt 1.000000 1.000000
vt 1.000000 1.000000
vt 1.000000 1.000000
vt 0.000000 0.000000
vt 1.000000 0.000000
vt 1.000000 0.000000
vt 0.000000 0.000000
vt 1.000000 0.000000
vt 1.000000 0.000000
vt 1.000000 0.000000
vt 0.000000 0.000000
vt 1.000000 0.000000
vt 1.000000 0.000000
vt 0.000000 0.000000
vt 1.000000 0.000000
vt 1.000000 0.000000
vt 0.000000 0.000000
vt 1.000000 0.000000
vt 1.000000 0.000000
vt 1.000000 0.000000
vt 0.000000 0.000000
vt 0.000000 0.000000
vt 1.000000 0.000000
vt 0.000000 0.000000
vt 1.000000 1.000000
vt 0.000000 0.000000
vt 1.000000 0.000000
vt 0.000000 0.000000
vt 1.000000 0.000000
vt 1.000000 0.000000
vt 1.000000 1.000000
vt 0.000000 0.000000
vt 0.000000 0.000000
vt 0.000000 0.000000
vt 0.000000 0.000000
vt 1.000000 0.000000
vt 0.000000 0.000000
vt 0.000000 0.000000
vt 0.000000 0.000000
vt 1.000000 0.000000
vt 0.000000 0.000000
vt 1.000000 0.000000
vt 1.000000 1.000000
vt 0.000000 0.000000
vt 1.000000 0.000000
vt 0.000000 0.000000
vt 1.000000 0.000000
vt 1.000000 0.000000
vt 0.000000 0.000000
vt 1.000000 0.000000
vt 0.000000 0.000000
vt 1.000000 0.000000
vt 0.000000 0.000000
vt 1.000000 0.000000
vt 1.000000 1.000000
vt 0.000000 0.000000
vt 1.000000 1.000000
vt 0.000000 0.000000
vt 1.000000 0.000000
vt 0.000000 0.000000
vt 1.000000 1.000000
vt 1.000000 0.000000
vt 1.000000 1.000000
vt 0.000000 0.000000
vt 1.000000 0.000000
vt 0.000000 0.000000
vt 1.000000 1.000000
vt 0.000000 0.000000
vt 1.000000 0.000000
vt 1.000000 1.000000
vt 1.000000 0.000000
vt 1.000000 0.000000
vt 1.000000 1.000000
vt 0.000000 0.000000
vt 1.000000 0.000000
vt 1.000000 0.000000
vt 1.000000 1.000000
vt 1.000000 1.000000
vt 1.000000 1.000000
vt 0.000000 0.000000
vt 0.000000 0.000000
vt 1.000000 0.000000
vt 0.000000 0.000000
vt 0.000000 0.000000
vt 0.000000 0.000000
vt 0.000000 0.000000
vt 1.000000 0.000000
vt 1.000000 1.000000
vt 0.000000 0.000000
vt 1.000000 0.000000
vt 1.000000 1.000000
vt 0.000000 0.000000
vt 1.000000 1.000000
vt 1.000000 0.000000
vt 0.000000 0.000000
vt 1.000000 0.000000
vt 1.000000 1.000000
vt 0.000000 0.000000
vt 1.000000 1.000000
vt 0.000000 0.000000
vt 1.000000 0.000000
vt 1.000000 0.000000
vt 1.000000 0.000000
vt 0.000000 0.000000
vt 1.000000 0.000000
vt 0.000000 0.000000
vt 1.000000 0.000000
vt 1.000000 0.000000
vt 1.000000 0.000000
vt 1.000000 0.000000
vt 0.000000 0.000000
vt 1.000000 0.000000
vt 0.000000 0.000000
vt 1.000000 1.000000
vt 1.000000 0.000000
vt 1.000000 1.000000
vt 0.000000 0.000000
vt 1.000000 1.000000
vt 1.000000 1.000000
vt 1.000000 0.000000
vt 1.000000 1.000000
vt 0.000000 0.000000
vt 1.000000 0.000000
vt 1.000000 1.000000
vt 1.000000 0.000000
vt 0.000000 0.000000
vt 1.000000 0.000000
vt 1.000000 1.000000
vt 1.000000 0.000000
vt 1.000000 0.000000
vt 1.000000 0.000000
vt 0.000000 0.000000
vt 0.000000 0.000000
vt 0.000000 0.000000
vt 0.000000 0.000000
vt 0.000000 0.000000
vt 1.000000 0.000000
vt 0.000000 0.000000
vt 1.000000 0.000000
vt 1.000000 1.000000
vt 0.000000 0.000000
vt 0.000000 0.000000
vt 1.000000 0.000000
vt 1.000000 0.000000
vt 0.000000 0.000000
vt 0.000000 0.000000
vt 1.000000 1.000000
vt 1.000000 0.000000
vt 1.000000 0.000000
vt 1.000000 0.000000
vt 0.000000 0.000000
vt 1.000000 1.000000
vt 0.000000 0.000000
vt 1.000000 0.000000
vt 0.000000 0.000000
vt 1.000000 1.000000
vt 1.000000 0.000000
vt 1.000000 1.000000
vt 1.000000 0.000000
vt 1.000000 0.000000
vt 0.000000 0.000000
vt 1.000000 1.000000
vt 0.000000 0.000000
vt 1.000000 0.000000
vt 1.000000 1.000000
vt 1.000000 0.000000
vt 1.000000 0.000000
vt 1.000000 0.000000
vt 1.000000 1.000000
vt 0.000000 0.000000
vt 1.000000 0.000000
vt 0.000000 0.000000
vt 0.000000 0.000000
vt 0.000000 0.000000
vt 1.000000 1.000000
vt 0.000000 0.000000
vt 1.000000 1.000000
vt 1.000000 0.000000
vt 1.000000 0.000000
vt 1.000000 1.000000
vt 0.000000 0.000000
vt 0.000000 0.000000
vt 1.000000 0.000000
vt 0.000000 0.000000
vt 1.000000 0.000000
vt 0.000000 0.000000
vt 0.000000 0.000000
vt 1.000000 0.000000
vt 0.000000 0.000000
vt 1.000000 0.000000
vt 0.000000 0.000000
vt 1.000000 1.000000
vt 1.000000 1.000000
vt 1.000000 0.000000
vt 0.000000 0.000000
vt 1.000000 1.000000
vt 0.000000 0.000000
vt 0.000000 0.000000
vt 1.000000 1.000000
vt 1.000000 1.000000
vt 1.000000 1.000000
vt 0.000000 0.000000
vt 1.000000 1.000000
vt 0.000000 0.000000
vt 0.000000 0.000000
vt 0.000000 0.000000
vt 1.000000 0.000000
vt 1.000000 1.000000
vt 0.000000 0.000000
vt 1.000000 0.000000
vt 0.000000 0.000000
vt 0.000000 0.000000
vt 0.000000 0.000000
vt 1.000000 0.000000
vt 1.000000 0.000000
vt 0.000000 0.000000
vt 1.000000 1.000000
vt 1.000000 0.000000
vt 1.000000 1.000000
vt 0.000000 0.000000
vt 1.000000 0.000000
vt 0.000000 0.000000
vt 1.000000 0.000000
vt 1.000000 1.000000
vt 0.000000 0.000000
vt 1.000000 1.000000
vt 0.000000 0.000000
vt 1.000000 1.000000
vt 1.000000 0.000000
vt 1.000000 0.000000
vt 1.000000 0.000000
vt 1.000000 0.000000
vt 1.000000 1.000000
vt 0.000000 0.000000
vt 1.000000 0.000000
vt 1.000000 0.000000
vt 1.000000 0.000000
vt 1.000000 1.000000
vt 0.000000 0.000000
vt 1.000000 0.000000
vt 1.000000 0.000000
vt 1.000000 1.000000
vt 0.000000 0.000000
vt 1.000000 0.000000
vt 1.000000 0.000000
vt 1.000000 0.000000
vt 1.000000 0.000000
vt 1.000000 0.000000
vt 1.000000 1.000000
vt 1.000000 1.000000
vt 1.000000 1.000000
vt 1.000000 1.000000
vt 1.000000 1.000000
vt 1.000000 1.000000
vt 1.000000 1.000000
vt 0.000000 0.000000
vt 0.000000 0.000000
vt 1.000000 0.000000
vt 1.000000 1.000000
vt 0.000000 0.000000
vt 0.000000 0.000000
vt 0.000000 0.000000
vt 0.000000 0.000000
vt 1.000000 0.000000
vt 1.000000 1.000000
vt 1.000000 0.000000
vt 1.000000 1.000000
vt 1.000000 0.000000
vt 1.000000 1.000000
vt 1.000000 1.000000
vt 0.000000 0.000000
vt 1.000000 0.000000
vt 1.000000 1.000000
vt 0.000000 0.000000
vt 1.000000 1.000000
vt 1.000000 0.000000
vt 0.000000 0.000000
vt 1.000000 0.000000
vt 1.000000 0.000000
vt 0.000000 0.000000
vt 1.000000 0.000000
vt 1.000000 0.000000
vt 0.000000 0.000000
vt 1.000000 0.000000
vt 1.000000 1.000000
vt 1.000000 1.000000
vt 1.000000 1.000000
vt 1.000000 1.000000
vt 0.000000 0.000000
vt 1.000000 1.000000
vt 1.000000 1.000000
vt 0.000000 0.000000
vt 1.000000 1.000000
vt 0.000000 0.000000
vt 1.000000 0.000000
vt 0.000000 0.000000
vt 1.000000 0.000000
vt 1.000000 0.000000
vt 1.000000 1.000000
vt 1.000000 1.000000
vt 0.000000 0.000000
vt 1.000000 1.000000
vt 1.000000 1.000000
vt 0.000000 0.000000
vt 1.000000 1.000000
vt 0.000000 0.000000
vt 1.000000 0.000000
vt 0.000000 0.000000
vt 1.000000 0.000000
vt 0.000000 0.000000
vt 1.000000 0.000000
vt 1.000000 0.000000
vt 1.000000 0.000000
vt 1.000000 0.000000
vt 1.000000 1.000000
vt 1.000000 1.000000
vt 1.000000 1.000000
vt 1.000000 1.000000
vt 0.000000 0.000000
vt 1.000000 0.000000
vt 0.000000 0.000000
vt 0.000000 0.000000
vt 1.000000 0.000000
vt 1.000000 0.000000
vt 1.000000 0.000000
vt 1.000000 1.000000
vt 1.000000 1.000000
vt 1.000000 1.000000
vt 1.000000 1.000000
vt 1.000000 1.000000
vt 1.000000 1.000000
vt 1.000000 1.000000
vt 1.000000 1.000000
vt 1.000000 1.000000
vt 1.000000 1.000000
vt 0.000000 0.000000
vt 1.000000 0.000000
vt 0.000000 0.000000
vt 1.000000 0.000000
vt 1.000000 0.000000
vt 1.000000 1.000000
vt 0.000000 0.000000
vt 1.000000 0.000000
vt 1.000000 1.000000
vt 0.000000 0.000000
vt 1.000000 1.000000
vt 0.000000 0.000000
vt 1.000000 0.000000
vt 1.000000 1.000000
vt 0.000000 0.000000
vt 1.000000 0.000000
vt 1.000000 0.000000
vt 0.000000 0.000000
vt 1.000000 0.000000
vt 0.000000 0.000000
vt 1.000000 0.000000
vt 0.000000 0.000000
vt 0.000000 0.000000
vt 1.000000 1.000000
vt 0.000000 0.000000
vt 1.000000 1.000000
vt 1.000000 0.000000
vt 1.000000 1.000000
vt 1.000000 0.000000
vt 1.000000 1.000000
vt 1.000000 1.000000
vt 0.000000 0.000000
vt 1.000000 1.000000
vt 1.000000 0.000000
vt 0.000000 0.000000
vt 1.000000 0.000000
vt 1.000000 0.000000
vt 1.000000 1.000000
vt 1.000000 0.000000
vt 1.000000 0.000000
vt 1.000000 0.000000
vt 1.000000 1.000000
vt 1.000000 0.000000
vt 1.000000 1.000000
vt 0.000000 0.000000
vt 1.000000 0.000000
vt 1.000000 1.000000
vt 1.000000 0.000000
vt 1.000000 1.000000
vt 1.000000 1.000000
vt 1.000000 1.000000
vt 1.000000 1.000000
vt 0.000000 0.000000
vt 1.000000 1.000000
vt 1.000000 1.000000
vt 0.000000 0.000000
vt 1.000000 1.000000
vt 0.000000 0.000000
vt 1.000000 1.000000
vt 0.000000 0.000000
vt 1.000000 0.000000
vt 1.000000 1.000000
vt 1.000000 1.000000
vt 1.000000 0.000000
vt 0.000000 0.000000
vt 1.000000 0.000000
vt 0.000000 0.000000
vt 1.000000 0.000000
vt 1.000000 0.000000
vt 1.000000 1.000000
vt 1.000000 1.000000
vt 0.000000 0.000000
vt 0.000000 0.000000
vt 0.000000 0.000000
vt 0.000000 0.000000
vt 1.000000 1.000000
vt 1.000000 0.000000
vt 1.000000 1.000000
vt 1.000000 0.000000
vt 1.000000 1.000000
vt 1.000000 0.000000
vt 1.000000 0.000000
vt 1.000000 0.000000
vt 1.000000 0.000000
vt 1.000000 0.000000
vt 1.000000 0.000000
vt 1.000000 0.000000
vt 0.000000 0.000000
vt 1.000000 0.000000
vt 1.000000 0.000000
vt 1.000000 0.000000
vt 1.000000 1.000000
vt 1.000000 0.000000
vt 1.000000 0.000000
vt 0.000000 0.000000
vt 0.000000 0.000000
vt 1.000000 1.000000
vt 0.000000 0.000000
vt 1.000000 0.000000
vt 0.000000 0.000000
vt 1.000000 1.000000
vt 1.000000 1.000000
vt 0.000000 0.000000
vt 1.000000 0.000000
vt 1.000000 0.000000
vt 1.000000 0.000000
vt 1.000000 1.000000
vt 0.000000 0.000000
vt 1.000000 1.000000
vt 0.000000 0.000000
vt 1.000000 0.000000
vt 1.000000 1.000000
vt 1.000000 1.000000
vt 0.000000 0.000000
vt 0.000000 0.000000
vt 1.000000 0.000000
vt 1.000000 1.000000
vt 1.000000 1.000000
vt 1.000000 1.000000
vt 1.000000 1.000000
vt 1.000000 0.000000
vt 1.000000 1.000000
vt 1.000000 0.000000
vt 1.000000 1.000000
vt 1.000000 1.000000
vt 1.000000 1.000000
vt 1.000000 0.000000
vt 1.000000 0.000000
vt 0.000000 0.000000
vt 0.000000 0.000000
vt 1.000000 0.000000
vt 0.000000 0.000000
vt 0.000000 0.000000
vt 0.000000 0.000000
vt 0.000000 0.000000
vt 0.000000 0.000000
vt 1.000000 1.000000
vt 0.000000 0.000000
vt 1.000000 0.000000
vt 0.000000 0.000000
vt 1.000000 1.000000
vt 1.000000 0.000000
vt 0.000000 0.000000
vt 1.000000 0.000000
vt 1.000000 0.000000
vt 0.000000 0.000000
vt 1.000000 0.000000
vt 1.000000 1.000000
vt 1.000000 1.000000
vt 1.000000 1.000000
vt 1.000000 1.000000
vt 1.000000 1.000000
vt 1.000000 0.000000
vt 0.000000 0.000000
vt 0.000000 0.000000
vt 0.000000 0.000000
vt 1.000000 0.000000
vt 0.000000 0.000000
vt 0.000000 0.000000
vt 1.000000 1.000000
vt 1.000000 0.000000
vt 1.000000 1.000000
vt 0.000000 0.000000
vt 1.000000 1.000000
vt 1.000000 1.000000
vt 0.000000 0.000000
vt 1.000000 0.000000
vt 1.000000 0.000000
vt 0.000000 0.000000
vt 1.000000 0.000000
vt 1.000000 1.000000
vt 0.000000 0.000000
vt 0.000000 0.000000
vt 1.000000 1.000000
vt 1.000000 0.000000
vt 1.000000 0.000000
vt 1.000000 1.000000
vt 0.000000 0.000000
vt 1.000000 1.000000
vt 1.000000 1.000000
vt 0.000000 0.000000
vt 1.000000 0.000000
vt 1.000000 1.000000
vt 1.000000 1.000000
vt 0.000000 0.000000
vt 1.000000 0.000000
vt 1.000000 0.000000
vt 1.000000 1.000000
vt 0.000000 0.000000
vt 1.000000 0.000000
vt 1.000000 1.000000
vt 0.000000 0.000000
vt 1.000000 0.000000
vt 0.000000 0.000000
vt 1.000000 0.000000
vt 1.000000 1.000000
vt 0.000000 0.000000
vt 1.000000 1.000000
vt 1.000000 0.000000
vt 1.000000 0.000000
vt 0.000000 0.000000
vt 1.000000 1.000000
vt 1.000000 0.000000
vt 1.000000 1.000000
vt 0.000000 0.000000
vt 0.000000 0.000000
vt 1.000000 1.000000
vt 1.000000 0.000000
vt 1.000000 1.000000
vt 0.000000 0.000000
vt 1.000000 1.000000
vt 0.000000 0.000000
vt 1.000000 0.000000
vt 0.000000 0.000000
vt 1.000000 1.000000
vt 1.000000 0.000000
vt 1.000000 1.000000
vt 0.000000 0.000000
vt 0.000000 0.000000
vt 1.000000 0.000000
vt 0.000000 0.000000
vt 1.000000 1.000000
vt 0.000000 0.000000
vt 1.000000 0.000000
vt 0.000000 0.000000
vt 1.000000 1.000000
vt 1.000000 1.000000
vt 0.000000 0.000000
vt 1.000000 1.000000
vt 0.000000 0.000000
vt 1.000000 0.000000
vt 0.000000 0.000000
vt 1.000000 0.000000
vt 1.000000 1.000000
vt 0.000000 0.000000
vt 1.000000 0.000000
vt 1.000000 1.000000
vt 0.000000 0.000000
vt 1.000000 0.000000
vt 0.000000 0.000000
vt 0.000000 0.000000
vt 1.000000 0.000000
vt 1.000000 1.000000
vt 1.000000 0.000000
vt 0.000000 0.000000
vt 1.000000 0.000000
vt 1.000000 1.000000
vt 0.000000 0.000000
vt 0.000000 0.000000
vt 0.000000 0.000000
vt 1.000000 0.000000
vt 0.000000 0.000000
vt 1.000000 0.000000
vt 1.000000 0.000000
vt 1.000000 0.000000
vt 1.000000 0.000000
vt 1.000000 0.000000
vt 0.000000 0.000000
vt 1.000000 0.000000
vt 1.000000 1.000000
vt 0.000000 0.000000
vt 1.000000 1.000000
vt 1.000000 1.000000
vt 0.000000 0.000000
vt 1.000000 1.000000
vt 0.000000 0.000000
vt 0.000000 0.000000
vt 1.000000 1.000000
vt 1.000000 1.000000
vt 1.000000 1.000000
vt 0.000000 0.000000
vt 1.000000 0.000000
vt 0.000000 0.000000
vt 1.000000 0.000000
vt 1.000000 1.000000
vt 0.000000 0.000000
vt 0.000000 0.000000
vt 0.000000 0.000000
vt 0.000000 0.000000
vt 0.000000 0.000000
vt 0.000000 0.000000
vt 0.000000 0.000000
vt 0.000000 0.000000
vt 0.000000 0.000000
vt 0.000000 0.000000
vt 1.000000 1.000000
vt 0.000000 0.000000
vt 1.000000 0.000000
vt 1.000000 0.000000
vt 1.000000 1.000000
vt 0.000000 0.000000
vt 1.000000 0.000000
vt 1.000000 0.000000
vt 0.000000 0.000000
vt 1.000000 1.000000
vt 0.000000 0.000000
vt 1.000000 1.000000
vt 0.000000 0.000000
vt 1.000000 1.000000
vt 0.000000 0.000000
vt 1.000000 1.000000
vt 0.000000 0.000000
vt 1.000000 1.000000
vt 1.000000 0.000000
vt 0.000000 0.000000
vt 0.000000 0.000000
vt 0.000000 0.000000
vt 0.000000 0.000000
vt 1.000000 1.000000
vt 0.000000 0.000000
vt 1.000000 1.000000
vt 1.000000 1.000000
vt 0.000000 0.000000
vt 1.000000 1.000000
vt 0.000000 0.000000
vt 1.000000 0.000000
vt 1.000000 0.000000
vt 0.000000 0.000000
vt 0.000000 0.000000
vt 1.000000 0.000000
vt 1.000000 0.000000
vt 0.000000 0.000000
vt 1.000000 0.000000
vt 1.000000 0.000000
vt 1.000000 1.000000
vt 0.000000 0.000000
vt 0.000000 0.000000
vt 0.000000 0.000000
vt 1.000000 0.000000
vt 0.000000 0.000000
vt 1.000000 0.000000
vt 1.000000 0.000000
vt 1.000000 0.000000
vt 0.000000 0.000000
vt 1.000000 1.000000
vt 0.000000 0.000000
vt 1.000000 0.000000
vt 1.000000 1.000000
vt 1.000000 0.000000
vt 1.000000 1.000000
vt 0.000000 0.000000
vt 1.000000 0.000000
vt 0.000000 0.000000
vt 0.000000 0.000000
vt 1.000000 0.000000
vt 1.000000 0.000000
vt 1.000000 1.000000
vt 0.000000 0.000000
vt 1.000000 0.000000
vt 1.000000 1.000000
vt 1.000000 0.000000
vt 1.000000 1.000000
vt 0.000000 0.000000
vt 1.000000 1.000000
vt 1.000000 0.000000
vt 0.000000 0.000000
vt 1.000000 0.000000
vt 1.000000 1.000000
vt 0.000000 0.000000
vt 1.000000 0.000000
vt 1.000000 1.000000
vt 0.000000 0.000000
vt 1.000000 0.000000
vt 1.000000 0.000000
vt 1.000000 1.000000
vt 0.000000 0.000000
vt 1.000000 1.000000
vt 1.000000 1.000000
vt 1.000000 1.000000
vt 0.000000 0.000000
vt 1.000000 1.000000
vt 0.000000 0.000000
vt 0.000000 0.000000
vt 1.000000 1.000000
vt 1.000000 0.000000
vt 1.000000 1.000000
vt 1.000000 1.000000
vt 1.000000 0.000000
vt 1.000000 0.000000
vt 1.000000 1.000000
vt 0.000000 0.000000
vt 1.000000 0.000000
vt 1.000000 1.000000
vt 0.000000 0.000000
vt 0.000000 0.000000
vt 1.000000 0.000000
vt 1.000000 0.000000
vt 0.000000 0.000000
vt 0.000000 0.000000
vt 0.000000 0.000000
vt 1.000000 1.000000
vt 0.000000 0.000000
vt 0.000000 0.000000
vt 0.000000 0.000000
vt 1.000000 0.000000
vt 1.000000 0.000000
vt 0.000000 0.000000
vt 1.000000 1.000000
vt 1.000000 0.000000
vt 1.000000 1.000000
vt 1.000000 0.000000
vt 0.000000 0.000000
vt 1.000000 0.000000
vt 1.000000 1.000000
vt 1.000000 1.000000
vt 1.000000 0.000000
vt 1.000000 1.000000
vt 0.000000 0.000000
vt 1.000000 0.000000
vt 0.000000 0.000000
vt 0.000000 0.000000
vt 1.000000 1.000000
vt 1.000000 0.000000
vt 1.000000 1.000000
vt 0.000000 0.000000
vt 1.000000 0.000000
vt 0.000000 0.000000
vt 1.000000 0.000000
vt 1.000000 0.000000
vt 0.000000 0.000000
vt 1.000000 1.000000
vt 0.000000 0.000000
vt 1.000000 1.000000
vt 1.000000 1.000000
vt 0.000000 0.000000
vt 0.000000 0.000000
vt 1.000000 0.000000
vt 1.000000 0.000000
vt 0.000000 0.000000
vt 0.000000 0.000000
vt 1.000000 0.000000
vt 0.000000 0.000000
vt 0.000000 0.000000
vt 1.000000 1.000000
vt 0.000000 0.000000
vt 1.000000 0.000000
vt 0.000000 0.000000
vt 0.000000 0.000000
vt 1.000000 0.000000
vt 1.000000 0.000000
vt 0.000000 0.000000
vt 1.000000 0.000000
vt 0.000000 0.000000
vt 1.000000 0.000000
vt 1.000000 1.000000
vt 0.000000 0.000000
vt 1.000000 0.000000
vt 1.000000 1.000000
vt 1.000000 0.000000
vt 1.000000 0.000000
vt 1.000000 1.000000
vt 1.000000 0.000000
vt 1.000000 1.000000
vt 0.000000 0.000000
vt 0.000000 0.000000
vt 1.000000 1.000000
vt 1.000000 0.000000
vt 1.000000 1.000000
vt 0.000000 0.000000
vt 1.000000 0.000000
vt 1.000000 1.000000
vt 1.000000 0.000000
vt 1.000000 1.000000
vt 1.000000 0.000000
vt 1.000000 0.000000
vt 1.000000 1.000000
vt 1.000000 0.000000
vt 1.000000 0.000000
vt 0.000000 0.000000
vt 1.000000 0.000000
vt 1.000000 0.000000
vt 1.000000 0.000000
vt 0.000000 0.000000
vt 1.000000 0.000000
vt 1.000000 1.000000
vt 1.000000 0.000000
vt 1.000000 0.000000
vt 1.000000 1.000000
vt 1.000000 0.000000
vt 1.000000 1.000000
vt 1.000000 0.000000
vt 0.000000 0.000000
vt 1.000000 0.000000
vt 1.000000 1.000000
vt 1.000000 0.000000
vt 1.000000 1.000000
vt 1.000000 0.000000
vt 1.000000 1.000000
vt 1.000000 1.000000
vt 1.000000 1.000000
vt 1.000000 1.000000
vt 1.000000 1.000000
vt 1.000000 0.000000
vt 1.000000 1.000000
vt 1.000000 0.000000
vt 1.000000 1.000000
vt 1.000000 0.000000
vt 1.000000 0.000000
vt 1.000000 1.000000
vt 1.000000 1.000000
vt 1.000000 0.000000
vt 1.000000 1.000000
vt 1.000000 0.000000
vt 1.000000 1.000000
vt 1.000000 0.000000
vt 1.000000 0.000000
vt 0.000000 0.000000
vt 1.000000 1.000000
vt 1.000000 1.000000
vt 1.000000 0.000000
vt 1.000000 1.000000
vt 0.000000 0.000000
vt 1.000000 0.000000
vt 0.000000 0.000000
vt 1.000000 0.000000
vt 1.000000 1.000000
vt 1.000000 1.000000
vt 1.000000 0.000000
vt 0.000000 0.000000
vt 1.000000 0.000000
vt 1.000000 1.000000
vt 1.000000 0.000000
vt 1.000000 1.000000
vt 1.000000 1.000000
vt 1.000000 0.000000
vt 1.000000 0.000000
vt 1.000000 1.000000
vt 1.000000 0.000000
vt 1.000000 1.000000
vt 1.000000 0.000000
vt 1.000000 1.000000
vt 1.000000 0.000000
vt 1.000000 1.000000
vt 1.000000 0.000000
vt 1.000000 1.000000
vt 1.000000 0.000000
vt 1.000000 1.000000
vt 1.000000 0.000000
vt 1.000000 1.000000
vt 0.000000 0.000000
vt 1.000000 1.000000
vt 1.000000 0.000000
vt 1.000000 1.000000
vt 1.000000 0.000000
vt 1.000000 1.000000
vt 1.000000 0.000000
vt 1.000000 1.000000
vt 0.000000 0.000000
vt 1.000000 0.000000
vt 0.000000 0.000000
vt 1.000000 0.000000
vt 1.000000 1.000000
vt 1.000000 0.000000
vt 1.000000 1.000000
vt 0.000000 0.000000
vt 0.000000 0.000000
vt 1.000000 0.000000
vt 1.000000 0.000000
vt 1.000000 0.000000
vt 1.000000 1.000000
vt 1.000000 0.000000
vt 1.000000 1.000000
vt 1.000000 0.000000
vt 1.000000 1.000000
vt 1.000000 0.000000
vt 1.000000 0.000000
vt 1.000000 1.000000
vt 1.000000 0.000000
vt 1.000000 1.000000
vt 1.000000 0.000000
vt 1.000000 0.000000
vt 1.000000 1.000000
vt 0.000000 0.000000
vt 1.000000 0.000000
vt 0.000000 0.000000
vt 1.000000 1.000000
vt 1.000000 0.000000
vt 0.000000 0.000000
vt 1.000000 1.000000
vt 1.000000 0.000000
vt 0.000000 0.000000
vt 1.000000 0.000000
vt 1.000000 1.000000
vt 1.000000 0.000000
vt 1.000000 1.000000
vt 1.000000 1.000000
vt 1.000000 0.000000
vt 1.000000 1.000000
vt 1.000000 0.000000
vt 1.000000 0.000000
vt 1.000000 0.000000
vt 1.000000 1.000000
vt 1.000000 0.000000
vt 1.000000 0.000000
vt 1.000000 1.000000
vt 1.000000 0.000000
vt 1.000000 1.000000
vt 1.000000 0.000000
vt 1.000000 1.000000
vt 0.000000 0.000000
vt 1.000000 0.000000
vt 1.000000 1.000000
vt 1.000000 0.000000
vt 1.000000 1.000000
vt 1.000000 0.000000
vt 0.000000 0.000000
vt 1.000000 0.000000
vt 1.000000 0.000000
vt 1.000000 1.000000
vt 0.000000 0.000000
vt 1.000000 1.000000
vt 1.000000 0.000000
vt 1.000000 1.000000
vt 1.000000 1.000000
vt 1.000000 0.000000
vt 1.000000 1.000000
vt 1.000000 0.000000
vt 0.000000 0.000000
vt 1.000000 0.000000
vt 0.000000 0.000000
vt 1.000000 1.000000
vt 1.000000 0.000000
vt 1.000000 0.000000
vt 1.000000 1.000000
vt 0.000000 0.000000
vt 1.000000 1.000000
vt 1.000000 0.000000
vt 1.000000 1.000000
vt 1.000000 0.000000
vt 1.000000 1.000000
vt 1.000000 0.000000
vt 1.000000 1.000000
vt 1.000000 0.000000
vt 1.000000 1.000000
vt 1.000000 0.000000
vt 1.000000 1.000000
vt 0.000000 0.000000
vt 1.000000 1.000000
vt 1.000000 0.000000
vt 1.000000 1.000000
vt 1.000000 0.000000
vt 0.000000 0.000000
vt 1.000000 0.000000
vt 1.000000 1.000000
vt 0.000000 0.000000
vt 1.000000 0.000000
vt 1.000000 1.000000
vt 1.000000 0.000000
vt 1.000000 1.000000
vt 1.000000 0.000000
vt 1.000000 1.000000
vt 1.000000 1.000000
vt 0.000000 0.000000
vt 1.000000 0.000000
vt 1.000000 1.000000
vt 1.000000 0.000000
vt 1.000000 1.000000
vt 1.000000 0.000000
vt 1.000000 1.000000
vt 1.000000 1.000000
vt 1.000000 0.000000
vt 0.000000 0.000000
vt 1.000000 0.000000
vt 0.000000 0.000000
vt 1.000000 0.000000
vt 1.000000 1.000000
vt 1.000000 0.000000
vt 1.000000 1.000000
vt 1.000000 0.000000
vt 1.000000 1.000000
vt 1.000000 0.000000
vt 0.000000 0.000000
vt 1.000000 0.000000
vt 1.000000 1.000000
vt 1.000000 0.000000
vt 1.000000 1.000000
vt 1.000000 0.000000
vt 1.000000 1.000000
vt 1.000000 1.000000
vt 1.000000 0.000000
vt 1.000000 1.000000
vt 1.000000 0.000000
vt 1.000000 0.000000
vt 1.000000 1.000000
vt 1.000000 0.000000
vt 0.000000 0.000000
vt 1.000000 1.000000
vt 1.000000 0.000000
vt 1.000000 1.000000
vt 1.000000 0.000000
vt 1.000000 0.000000
vt 1.000000 0.000000
vt 1.000000 1.000000
vt 1.000000 0.000000
vt 1.000000 1.000000
vt 1.000000 0.000000
vt 1.000000 1.000000
vt 1.000000 0.000000
vt 1.000000 1.000000
vt 1.000000 1.000000
vt 1.000000 0.000000
vt 1.000000 1.000000
vt 1.000000 1.000000
vt 1.000000 0.000000
vt 1.000000 1.000000
vt 1.000000 0.000000
vt 1.000000 1.000000
vt 1.000000 0.000000
vt 1.000000 1.000000
vt 1.000000 1.000000
vt 1.000000 0.000000
vt 1.000000 0.000000
vt 1.000000 1.000000
vt 1.000000 0.000000
vt 1.000000 0.000000
vt 1.000000 1.000000
vt 1.000000 0.000000
vt 1.000000 1.000000
vt 1.000000 1.000000
vt 1.000000 0.000000
vt 1.000000 1.000000
vt 1.000000 1.000000
vt 1.000000 0.000000
vt 1.000000 1.000000
vt 0.000000 0.000000
vt 1.000000 1.000000
vt 1.000000 0.000000
vt 1.000000 1.000000
vt 0.000000 0.000000
vt 1.000000 0.000000
vt 1.000000 1.000000
vt 1.000000 0.000000
vt 1.000000 1.000000
vt 0.000000 0.000000
vt 1.000000 1.000000
vt 1.000000 0.000000
vt 1.000000 1.000000
vt 1.000000 0.000000
vt 1.000000 1.000000
vt 1.000000 0.000000
vt 1.000000 1.000000
vt 1.000000 0.000000
vt 1.000000 1.000000
vt 1.000000 1.000000
vt 0.000000 0.000000
vt 1.000000 1.000000
vt 1.000000 0.000000
vt 0.000000 0.000000
vt 1.000000 0.000000
vt 1.000000 1.000000
vt 1.000000 0.000000
vt 1.000000 1.000000
vt 0.000000 0.000000
vt 1.000000 0.000000
vt 1.000000 1.000000
vt 1.000000 0.000000
vt 1.000000 1.000000
vt 1.000000 1.000000
vt 1.000000 0.000000
vt 1.000000 1.000000
vt 1.000000 0.000000
vt 1.000000 1.000000
vt 1.000000 1.000000
vt 1.000000 0.000000
vt 1.000000 0.000000
vt 1.000000 1.000000
vt 1.000000 0.000000
vt 0.000000 0.000000
vt 1.000000 0.000000
vt 1.000000 1.000000
vt 1.000000 0.000000
vt 1.000000 1.000000
vt 1.000000 0.000000
vt 1.000000 1.000000
vt 0.000000 0.000000
vt 1.000000 0.000000
vt 1.000000 1.000000
vt 1.000000 0.000000
vt 0.000000 0.000000
vt 1.000000 0.000000
vt 1.000000 0.000000
vt 0.000000 0.000000
vt 1.000000 0.000000
vt 1.000000 1.000000
vt 1.000000 0.000000
vt 0.000000 0.000000
vt 1.000000 0.000000
vt 1.000000 1.000000
vt 0.000000 0.000000
vt 1.000000 0.000000
vt 1.000000 1.000000
vt 1.000000 0.000000
vt 1.000000 1.000000
vt 0.000000 0.000000
vt 1.000000 0.000000
vt 1.000000 1.000000
vt 1.000000 0.000000
vt 1.000000 1.000000
vt 1.000000 0.000000
vt 1.000000 1.000000
vt 1.000000 1.000000
vt 0.000000 0.000000
vt 1.000000 0.000000
vt 1.000000 0.000000
vt 1.000000 0.000000
vt 1.000000 1.000000
vt 0.000000 0.000000
vt 1.000000 0.000000
vt 1.000000 1.000000
vt 0.000000 0.000000
vt 1.000000 0.000000
vt 1.000000 0.000000
vt 1.000000 1.000000
vt 1.000000 0.000000
vt 1.000000 1.000000
vt 1.000000 1.000000
vt 0.000000 0.000000
vt 1.000000 1.000000
vt 1.000000 1.000000
vt 1.000000 0.000000
vt 1.000000 1.000000
vt 1.000000 0.000000
vt 1.000000 1.000000
vt 0.000000 0.000000
vt 1.000000 0.000000
vt 1.000000 1.000000
vt 1.000000 0.000000
vt 1.000000 1.000000
vt 0.000000 0.000000
vt 1.000000 0.000000
vt 1.000000 1.000000
vt 1.000000 0.000000
vt 1.000000 1.000000
vt 1.000000 0.000000
vt 1.000000 1.000000
vt 1.000000 0.000000
vt 1.000000 1.000000
vt 1.000000 0.000000
vt 0.000000 0.000000
vt 1.000000 0.000000
vt 0.000000 0.000000
vt 1.000000 0.000000
vt 1.000000 1.000000
vt 1.000000 0.000000
vt 1.000000 1.000000
vt 1.000000 0.000000
vt 1.000000 1.000000
vt 0.000000 0.000000
vt 1.000000 0.000000
vt 1.000000 0.000000
vt 1.000000 1.000000
vt 1.000000 0.000000
vt 1.000000 1.000000
vt 1.000000 0.000000
vt 1.000000 1.000000
vt 1.000000 0.000000
vt 1.000000 0.000000
vt 1.000000 1.000000
vt 1.000000 0.000000
vt 0.000000 0.000000
vt 1.000000 1.000000
vt 1.000000 0.000000
vt 1.000000 0.000000
vt 1.000000 0.000000
vt 1.000000 1.000000
vt 1.000000 0.000000
vt 1.000000 1.000000
vt 1.000000 0.000000
vt 1.000000 1.000000
vt 1.000000 1.000000
vt 1.000000 0.000000
vt 1.000000 1.000000
vt 1.000000 0.000000
vt 1.000000 1.000000
vt 0.000000 0.000000
vt 1.000000 0.000000
vt 1.000000 1.000000
vt 1.000000 0.000000
vt 1.000000 0.000000
vt 1.000000 1.000000
vt 1.000000 0.000000
vt 1.000000 0.000000
vt 0.000000 0.000000
vt 1.000000 0.000000
vt 1.000000 1.000000
vt 1.000000 1.000000
vt 0.000000 0.000000
vt 1.000000 0.000000
vt 1.000000 1.000000
vt 1.000000 0.000000
vt 1.000000 1.000000
vt 1.000000 0.000000
vt 1.000000 0.000000
vt 1.000000 1.000000
vt 0.000000 0.000000
vt 1.000000 0.000000
vt 1.000000 1.000000
vt 1.000000 0.000000
vt 1.000000 1.000000
vt 1.000000 0.000000
vt 1.000000 1.000000
vt 1.000000 0.000000
vt 1.000000 1.000000
vt 1.000000 0.000000
vt 1.000000 1.000000
vt 1.000000 0.000000
vt 1.000000 0.000000
vt 1.000000 0.000000
vt 1.000000 1.000000
vt 1.000000 0.000000
vt 1.000000 1.000000
vt 1.000000 0.000000
vt 1.000000 1.000000
vt 0.000000 0.000000
vt 1.000000 1.000000
vt 1.000000 0.000000
vt 1.000000 1.000000
vt 1.000000 0.000000
vt 0.000000 0.000000
vt 1.000000 0.000000
vt 1.000000 1.000000
vt 1.000000 0.000000
vt 1.000000 1.000000
vt 1.000000 0.000000
vt 1.000000 1.000000
vt 1.000000 1.000000
vt 1.000000 0.000000
vt 1.000000 1.000000
vt 1.000000 0.000000
vt 1.000000 0.000000
vt 0.000000 0.000000
vt 1.000000 0.000000
vt 1.000000 0.000000
vt 1.000000 1.000000
vt 1.000000 0.000000
vt 1.000000 0.000000
vt 1.000000 1.000000
vt 1.000000 1.000000
vt 1.000000 0.000000
vt 0.000000 0.000000
vt 1.000000 0.000000
vt 1.000000 1.000000
vt 1.000000 0.000000
vt 1.000000 0.000000
vt 1.000000 1.000000
vt 1.000000 0.000000
vt 1.000000 1.000000
vt 1.000000 0.000000
vt 1.000000 0.000000
vt 1.000000 1.000000
vt 1.000000 0.000000
vt 1.000000 1.000000
vt 0.000000 0.000000
vt 1.000000 0.000000
vt 1.000000 0.000000
vt 1.000000 1.000000
vt 0.000000 0.000000
vt 1.000000 0.000000
vt 1.000000 1.000000
vt 1.000000 0.000000
vt 0.000000 0.000000
vt 1.000000 0.000000
vt 1.000000 1.000000
vt 1.000000 1.000000
vt 1.000000 0.000000
vt 1.000000 1.000000
vt 1.000000 0.000000
vt 1.000000 1.000000
vt 1.000000 1.000000
vt 1.000000 0.000000
vt 1.000000 1.000000
vt 1.000000 0.000000
vt 1.000000 1.000000
vt 0.000000 0.000000
vt 1.000000 1.000000
vt 1.000000 0.000000
vt 1.000000 1.000000
vt 1.000000 0.000000
vt 1.000000 0.000000
vt 1.000000 0.000000
vt 1.000000 0.000000
vt 1.000000 0.000000
vt 1.000000 1.000000
vt 1.000000 0.000000
vt 1.000000 0.000000
vt 1.000000 0.000000
vt 1.000000 1.000000
vt 1.000000 0.000000
vt 1.000000 1.000000
vt 1.000000 0.000000
vt 1.000000 1.000000
vt 1.000000 0.000000
vt 0.000000 0.000000
vt 0.000000 0.000000
vt 0.000000 0.000000
vt 1.000000 0.000000
vt 1.000000 1.000000
vt 1.000000 1.000000
vt 0.000000 0.000000
vt 1.000000 0.000000
vt 0.000000 0.000000
vt 1.000000 0.000000
vt 0.000000 0.000000
vt 0.000000 0.000000
vt 0.000000 0.000000
vt 0.000000 0.000000
vt 1.000000 1.000000
vt 1.000000 0.000000
vt 0.000000 0.000000
vt 0.000000 0.000000
vt 1.000000 0.000000
vt 0.000000 0.000000
vt 1.000000 0.000000
vt 0.000000 0.000000
vt 0.000000 0.000000
vt 0.000000 0.000000
vt 1.000000 1.000000
vt 0.000000 0.000000
vt 0.000000 0.000000
vt 0.000000 0.000000
vt 1.000000 0.000000
vt 0.000000 0.000000
vt 1.000000 0.000000
vt 0.000000 0.000000
vt 0.000000 0.000000
vt 1.000000 0.000000
vt 0.000000 0.000000
vt 0.000000 0.000000
vt 0.000000 0.000000
vt 1.000000 0.000000
vt 1.000000 0.000000
vt 1.000000 1.000000
vt 0.000000 0.000000
vt 1.000000 0.000000
vt 1.000000 0.000000
vt 1.000000 0.000000
vt 1.000000 0.000000
vt 0.000000 0.000000
vt 0.000000 0.000000
vt 1.000000 1.000000
vt 1.000000 0.000000
vt 1.000000 0.000000
vt 0.000000 0.000000
vt 0.000000 0.000000
vt 1.000000 1.000000
vt 0.000000 0.000000
vt 1.000000 0.000000
vt 1.000000 1.000000
vt 1.000000 0.000000
vt 0.000000 0.000000
vt 1.000000 1.000000
vt 1.000000 0.000000
vt 0.000000 0.000000
vt 0.000000 0.000000
vt 0.000000 0.000000
vt 1.000000 0.000000
vt 1.000000 0.000000
vt 1.000000 0.000000
vt 0.000000 0.000000
vt 0.000000 0.000000
vt 1.000000 0.000000
vt 0.000000 0.000000
vt 0.000000 0.000000
vt 0.000000 0.000000
vt 1.000000 0.000000
vt 1.000000 0.000000
vt 1.000000 0.000000
vt 1.000000 1.000000
vt 0.000000 0.000000
vt 1.000000 0.000000
vt 0.000000 0.000000
vt 1.000000 1.000000
vt 0.000000 0.000000
vt 1.000000 0.000000
vt 0.000000 0.000000
vt 1.000000 1.000000
vt 0.000000 0.000000
vt 1.000000 0.000000
vt 1.000000 1.000000
vt 1.000000 0.000000
vt 1.000000 0.000000
vt 1.000000 0.000000
vt 1.000000 0.000000
vt 1.000000 0.000000
vt 0.000000 0.000000
vt 0.000000 0.000000
vt 0.000000 0.000000
vt 1.000000 0.000000
vt 1.000000 0.000000
vt 0.000000 0.000000
vt 1.000000 0.000000
vt 0.000000 0.000000
vt 0.000000 0.000000
vt 1.000000 1.000000
vt 0.000000 0.000000
vt 1.000000 0.000000
vt 1.000000 0.000000
vt 1.000000 0.000000
vt 1.000000 0.000000
vt 1.000000 1.000000
vt 1.000000 0.000000
vt 0.000000 0.000000
vt 1.000000 1.000000
vt 0.000000 0.000000
vt 0.000000 0.000000
vt 0.000000 0.000000
vt 1.000000 0.000000
vt 1.000000 0.000000
vt 0.000000 0.000000
vt 1.000000 1.000000
vt 1.000000 0.000000
vt 0.000000 0.000000
vt 1.000000 0.000000
vt 1.000000 0.000000
vt 1.000000 0.000000
vt 1.000000 0.000000
vt 1.000000 0.000000
vt 1.000000 0.000000
vt 1.000000 0.000000
vt 0.000000 0.000000
vt 1.000000 0.000000
vt 0.000000 0.000000
vt 1.000000 1.000000
vt 1.000000 0.000000
vt 0.000000 0.000000
vt 1.000000 0.000000
vt 1.000000 0.000000
vt 0.000000 0.000000
vt 1.000000 0.000000
vt 1.000000 0.000000
vt 0.000000 0.000000
vt 0.000000 0.000000
vt 1.000000 1.000000
vt 1.000000 1.000000
vt 1.000000 0.000000
vt 1.000000 1.000000
vt 1.000000 0.000000
vt 1.000000 0.000000
vt 0.000000 0.000000
vt 0.000000 0.000000
vt 0.000000 0.000000
vt 0.000000 0.000000
vt 1.000000 1.000000
vt 1.000000 0.000000
vt 0.000000 0.000000
vt 1.000000 0.000000
vt 1.000000 1.000000
vt 1.000000 1.000000
vt 1.000000 0.000000
vt 0.000000 0.000000
vt 0.000000 0.000000
vt 0.000000 0.000000
vt 1.000000 1.000000
vt 1.000000 0.000000
vt 0.000000 0.000000
vt 0.000000 0.000000
vt 0.000000 0.000000
vt 1.000000 1.000000
vt 1.000000 1.000000
vt 1.000000 1.000000
vt 0.000000 0.000000
vt 1.000000 0.000000
vt 1.000000 0.000000
vt 1.000000 0.000000
vt 1.000000 1.000000
vt 0.000000 0.000000
vt 0.000000 0.000000
vt 0.000000 0.000000
vt 0.000000 0.000000
vt 0.000000 0.000000
vt 1.000000 0.000000
vt 0.000000 0.000000
vt 1.000000 0.000000
vt 1.000000 0.000000
vt 1.000000 0.000000
vt 1.000000 1.000000
vt 0.000000 0.000000
vt 0.000000 0.000000
vt 1.000000 0.000000
vt 1.000000 0.000000
vt 1.000000 0.000000
vt 1.000000 0.000000
vt 1.000000 0.000000
vt 0.000000 0.000000
vt 0.000000 0.000000
vt 0.000000 0.000000
vt 1.000000 0.000000
vt 0.000000 0.000000
vt 1.000000 0.000000
vt 1.000000 0.000000
vt 1.000000 0.000000
vt 1.000000 1.000000
vt 0.000000 0.000000
vt 0.000000 0.000000
vt 1.000000 0.000000
vt 1.000000 0.000000
vt 0.000000 0.000000
vt 1.000000 0.000000
vt 1.000000 0.000000
vt 0.000000 0.000000
vt 0.000000 0.000000
vt 0.000000 0.000000
vt 1.000000 0.000000
vt 1.000000 1.000000
vt 0.000000 0.000000
vt 0.000000 0.000000
vt 1.000000 0.000000
vt 0.000000 0.000000
vt 1.000000 1.000000
vt 0.000000 0.000000
vt 0.000000 0.000000
vt 0.000000 0.000000
vt 0.000000 0.000000
vt 1.000000 0.000000
vt 0.000000 0.000000
vt 1.000000 0.000000
vt 1.000000 0.000000
vt 0.000000 0.000000
vt 0.000000 0.000000
vt 1.000000 1.000000
vt 0.000000 0.000000
vt 1.000000 0.000000
vt 0.000000 0.000000
vt 1.000000 0.000000
vt 1.000000 0.000000
vt 1.000000 0.000000
vt 0.000000 0.000000
vt 0.000000 0.000000
vt 1.000000 1.000000
vt 1.000000 0.000000
vt 1.000000 1.000000
vt 1.000000 0.000000
vt 0.000000 0.000000
vt 1.000000 0.000000
vt 0.000000 0.000000
vt 1.000000 0.000000
vt 0.000000 0.000000
vt 1.000000 0.000000
vt 0.000000 0.000000
vt 0.000000 0.000000
vt 1.000000 0.000000
vt 1.000000 0.000000
vt 1.000000 0.000000
vt 1.000000 0.000000
vt 0.000000 0.000000
vt 1.000000 1.000000
vt 0.000000 0.000000
vt 1.000000 1.000000
vt 1.000000 0.000000
vt 0.000000 0.000000
vt 1.000000 1.000000
vt 0.000000 0.000000
vt 1.000000 1.000000
vt 0.000000 0.000000
vt 1.000000 1.000000
vt 1.000000 0.000000
vt 0.000000 0.000000
vt 0.000000 0.000000
vt 1.000000 0.000000
vt 1.000000 0.000000
vt 0.000000 0.000000
vt 0.000000 0.000000
vt 1.000000 0.000000
vt 1.000000 0.000000
vt 0.000000 0.000000
vt 1.000000 0.000000
vt 0.000000 0.000000
vt 0.000000 0.000000
vt 0.000000 0.000000
vt 1.000000 1.000000
vt 1.000000 1.000000
vt 1.000000 0.000000
vt 1.000000 0.000000
vt 1.000000 0.000000
vt 1.000000 1.000000
vt 1.000000 0.000000
vt 0.000000 0.000000
vt 0.000000 0.000000
vt 0.000000 0.000000
vt 0.000000 0.000000
vt 1.000000 1.000000
vt 0.000000 0.000000
vt 0.000000 0.000000
vt 1.000000 1.000000
vt 0.000000 0.000000
vt 0.000000 0.000000
vt 0.000000 0.000000
vt 1.000000 0.000000
vt 1.000000 0.000000
vt 1.000000 0.000000
vt 0.000000 0.000000
vt 1.000000 1.000000
vt 1.000000 0.000000
vt 0.000000 0.000000
vt 1.000000 0.000000
vt 1.000000 0.000000
vt 1.000000 1.000000
vt 0.000000 0.000000
vt 1.000000 0.000000
vt 1.000000 0.000000
vt 1.000000 0.000000
vt 0.000000 0.000000
vt 0.000000 0.000000
vt 1.000000 1.000000
vt 0.000000 0.000000
vt 0.000000 0.000000
vt 1.000000 0.000000
vt 1.000000 0.000000
vt 1.000000 0.000000
vt 1.000000 0.000000
vt 1.000000 0.000000
vt 1.000000 0.000000
vt 1.000000 1.000000
vt 1.000000 0.000000
vt 1.000000 0.000000
vt 1.000000 0.000000
vt 1.000000 0.000000
vt 1.000000 0.000000
vt 1.000000 0.000000
vt 1.000000 0.000000
vt 1.000000 0.000000
vt 1.000000 0.000000
vt 0.000000 0.000000
vt 1.000000 0.000000
vt 1.000000 0.000000
vt 0.000000 0.000000
vt 1.000000 0.000000
vt 1.000000 1.000000
vt 0.000000 0.000000
vt 1.000000 0.000000
vt 1.000000 1.000000
vt 0.000000 0.000000
vt 1.000000 0.000000
vt 1.000000 1.000000
vt 0.000000 0.000000
vt 1.000000 0.000000
vt 1.000000 1.000000
vt 0.000000 0.000000
vt 1.000000 0.000000
vt 1.000000 1.000000
vt 0.000000 0.000000
vt 1.000000 0.000000
vt 1.000000 1.000000
vt 0.000000 0.000000
vt 1.000000 0.000000
vt 1.000000 1.000000
vt 0.000000 0.000000
vt 1.000000 0.000000
vt 1.000000 1.000000
vt 0.000000 0.000000
vt 1.000000 0.000000
vt 1.000000 1.000000
vt 0.000000 0.000000
vt 1.000000 0.000000
vt 0.000000 0.000000
vt 1.000000 1.000000
vt 0.000000 0.000000
vt 1.000000 0.000000
vt 1.000000 1.000000
vt 0.000000 0.000000
vt 1.000000 0.000000
vt 1.000000 1.000000
vt 0.000000 0.000000
vt 1.000000 0.000000
vt 1.000000 1.000000
vt 0.000000 0.000000
vt 1.000000 1.000000
vt 0.000000 0.000000
vt 1.000000 0.000000
vt 1.000000 1.000000
vt 1.000000 0.000000
vt 0.000000 0.000000
vt 1.000000 0.000000
vt 1.000000 1.000000
vt 1.000000 0.000000
vt 1.000000 1.000000
vt 1.000000 1.000000
vt 0.000000 0.000000
vt 1.000000 0.000000
vt 1.000000 1.000000
vt 1.000000 0.000000
vt 1.000000 1.000000
vt 0.000000 0.000000
vt 1.000000 0.000000
vt 1.000000 1.000000
vt 0.000000 0.000000
vt 1.000000 0.000000
vt 1.000000 1.000000
vt 1.000000 0.000000
vt 1.000000 1.000000
vt 0.000000 0.000000
vt 1.000000 0.000000
vt 1.000000 1.000000
vt 0.000000 0.000000
vt 1.000000 0.000000
vt 1.000000 1.000000
vt 0.000000 0.000000
vt 1.000000 0.000000
vt 1.000000 1.000000
vt 0.000000 0.000000
vt 1.000000 0.000000
vt 1.000000 1.000000
vt 0.000000 0.000000
vt 1.000000 0.000000
vt 0.000000 0.000000
vt 1.000000 0.000000
vt 1.000000 1.000000
vt 0.000000 0.000000
vt 1.000000 0.000000
vt 1.000000 1.000000
vt 0.000000 0.000000
vt 1.000000 0.000000
vt 1.000000 1.000000
vt 0.000000 0.000000
vt 1.000000 0.000000
vt 1.000000 1.000000
vt 0.000000 0.000000
vt 1.000000 0.000000
vt 1.000000 1.000000
vt 0.000000 0.000000
vt 1.000000 0.000000
vt 1.000000 1.000000
vt 0.000000 0.000000
vt 1.000000 0.000000
vt 1.000000 1.000000
vt 0.000000 0.000000
vt 1.000000 0.000000
vt 1.000000 1.000000
vt 0.000000 0.000000
vt 1.000000 0.000000
vt 1.000000 1.000000
vt 0.000000 0.000000
vt 1.000000 0.000000
vt 0.000000 0.000000
vt 1.000000 0.000000
vt 1.000000 0.000000
vt 1.000000 1.000000
vt 0.000000 0.000000
vt 1.000000 0.000000
vt 1.000000 1.000000
vt 1.000000 0.000000
vt 1.000000 1.000000
vt 0.000000 0.000000
vt 1.000000 0.000000
vt 1.000000 1.000000
vt 0.000000 0.000000
vt 1.000000 0.000000
vt 1.000000 1.000000
vt 1.000000 0.000000
vt 1.000000 1.000000
vt 0.000000 0.000000
vt 1.000000 0.000000
vt 1.000000 1.000000
vt 0.000000 0.000000
vt 1.000000 0.000000
vt 1.000000 1.000000
vt 0.000000 0.000000
vt 1.000000 0.000000
vt 1.000000 1.000000
vt 1.000000 0.000000
vt 1.000000 0.000000
vt 1.000000 1.000000
vt 1.000000 0.000000
vt 1.000000 1.000000
vt 0.000000 0.000000
vt 1.000000 0.000000
vt 1.000000 1.000000
vt 1.000000 0.000000
vt 1.000000 1.000000
vt 0.000000 0.000000
vt 1.000000 0.000000
vt 1.000000 1.000000
vt 0.000000 0.000000
vt 1.000000 0.000000
vt 1.000000 1.000000
vt 0.000000 0.000000
vt 1.000000 0.000000
vt 0.000000 0.000000
vt 1.000000 0.000000
vt 1.000000 1.000000
vt 0.000000 0.000000
vt 1.000000 0.000000
vt 1.000000 1.000000
vt 1.000000 1.000000
vt 0.000000 0.000000
vt 1.000000 0.000000
vt 0.000000 0.000000
vt 1.000000 0.000000
vt 1.000000 1.000000
vt 1.000000 0.000000
vt 1.000000 1.000000
vt 0.000000 0.000000
vt 1.000000 0.000000
vt 1.000000 1.000000
vt 0.000000 0.000000
vt 1.000000 0.000000
vt 1.000000 1.000000
vt 0.000000 0.000000
vt 1.000000 0.000000
vt 1.000000 1.000000
vt 0.000000 0.000000
vt 1.000000 0.000000
vt 1.000000 1.000000
vt 1.000000 1.000000
vt 0.000000 0.000000
vt 1.000000 0.000000
vt 1.000000 1.000000
vt 0.000000 0.000000
vt 1.000000 0.000000
vt 1.000000 1.000000
vt 0.000000 0.000000
vt 1.000000 0.000000
vt 1.000000 1.000000
vt 1.000000 0.000000
vt 1.000000 1.000000
vt 0.000000 0.000000
vt 1.000000 0.000000
vt 1.000000 1.000000
vt 0.000000 0.000000
vt 1.000000 0.000000
vt 1.000000 1.000000
vt 0.000000 0.000000
vt 1.000000 0.000000
vt 1.000000 1.000000
vt 0.000000 0.000000
vt 1.000000 0.000000
vt 1.000000 1.000000
vt 0.000000 0.000000
vt 1.000000 0.000000
vt 1.000000 1.000000
vt 0.000000 0.000000
vt 1.000000 0.000000
vt 1.000000 1.000000
vt 1.000000 0.000000
vt 0.000000 0.000000
vt 1.000000 1.000000
vt 0.000000 0.000000
vt 1.000000 0.000000
vt 1.000000 1.000000
vt 1.000000 0.000000
vt 1.000000 1.000000
vt 0.000000 0.000000
vt 1.000000 0.000000
vt 1.000000 1.000000
vt 0.000000 0.000000
vt 1.000000 0.000000
vt 1.000000 1.000000
vt 0.000000 0.000000
vt 1.000000 0.000000
vt 1.000000 1.000000
vt 0.000000 0.000000
vt 1.000000 0.000000
vt 1.000000 1.000000
vt 1.000000 0.000000
vt 1.000000 1.000000
vt 0.000000 0.000000
vt 1.000000 1.000000
vt 1.000000 0.000000
vt 0.000000 0.000000
vt 1.000000 0.000000
vt 1.000000 1.000000
vt 0.000000 0.000000
vt 1.000000 0.000000
vt 1.000000 1.000000
vt 0.000000 0.000000
vt 1.000000 0.000000
vt 1.000000 1.000000
vt 0.000000 0.000000
vt 1.000000 0.000000
vt 1.000000 1.000000
vt 0.000000 0.000000
vt 1.000000 0.000000
vt 1.000000 1.000000
vt 0.000000 0.000000
vt 1.000000 0.000000
vt 1.000000 1.000000
vt 0.000000 0.000000
vt 1.000000 0.000000
vt 1.000000 1.000000
vt 0.000000 0.000000
vt 1.000000 0.000000
vt 1.000000 1.000000
vt 0.000000 0.000000
vt 1.000000 0.000000
vt 1.000000 1.000000
vt 0.000000 0.000000
vt 1.000000 0.000000
vt 1.000000 1.000000
vt 0.000000 0.000000
vt 1.000000 0.000000
vt 1.000000 1.000000
vt 0.000000 0.000000
vt 1.000000 0.000000
vt 1.000000 1.000000
vt 0.000000 0.000000
vt 1.000000 0.000000
vt 1.000000 1.000000
vt 0.000000 0.000000
vt 1.000000 0.000000
vt 1.000000 1.000000
vt 0.000000 0.000000
vt 1.000000 0.000000
vt 1.000000 1.000000
vt 0.000000 0.000000
vt 1.000000 0.000000
vt 1.000000 1.000000
vt 0.000000 0.000000
vt 1.000000 0.000000
vt 1.000000 1.000000
vt 1.000000 0.000000
vt 1.000000 1.000000
vt 1.000000 0.000000
vt 1.000000 1.000000
vt 0.000000 0.000000
vt 1.000000 1.000000
vt 0.000000 0.000000
vt 1.000000 0.000000
vt 1.000000 1.000000
vt 0.000000 0.000000
vt 1.000000 0.000000
vt 1.000000 1.000000
vt 0.000000 0.000000
vt 1.000000 0.000000
vt 1.000000 1.000000
vt 0.000000 0.000000
vt 1.000000 0.000000
vt 0.000000 0.000000
vt 1.000000 0.000000
vt 1.000000 1.000000
vt 1.000000 0.000000
vt 1.000000 1.000000
vt 0.000000 0.000000
vt 1.000000 0.000000
vt 1.000000 1.000000
vt 0.000000 0.000000
vt 1.000000 0.000000
vt 1.000000 1.000000
vt 0.000000 0.000000
vt 1.000000 1.000000
vt 1.000000 0.000000
vt 1.000000 1.000000
vt 1.000000 0.000000
vt 0.000000 0.000000
vt 1.000000 0.000000
vt 1.000000 1.000000
vt 0.000000 0.000000
vt 1.000000 0.000000
vt 1.000000 1.000000
vt 0.000000 0.000000
vt 1.000000 1.000000
vt 0.000000 0.000000
vt 1.000000 0.000000
vt 1.000000 1.000000
vt 0.000000 0.000000
vt 1.000000 0.000000
vt 1.000000 1.000000
vt 0.000000 0.000000
vt 1.000000 0.000000
vt 1.000000 1.000000
vt 0.000000 0.000000
vt 1.000000 1.000000
vt 0.000000 0.000000
vt 1.000000 0.000000
vt 1.000000 1.000000
vt 0.000000 0.000000
vt 1.000000 0.000000
vt 1.000000 1.000000
vt 0.000000 0.000000
vt 1.000000 0.000000
vt 1.000000 1.000000
vt 0.000000 0.000000
vt 1.000000 0.000000
vt 1.000000 1.000000
vt 0.000000 0.000000
vt 1.000000 0.000000
vt 1.000000 1.000000
vt 0.000000 0.000000
vt 1.000000 0.000000
vt 1.000000 1.000000
vt 0.000000 0.000000
vt 1.000000 1.000000
vt 0.000000 0.000000
vt 1.000000 0.000000
vt 1.000000 1.000000
vt 0.000000 0.000000
vt 1.000000 0.000000
vt 1.000000 1.000000
vt 0.000000 0.000000
vt 1.000000 1.000000
vt 0.000000 0.000000
vt 1.000000 0.000000
vt 1.000000 1.000000
vt 0.000000 0.000000
vt 1.000000 0.000000
vt 1.000000 1.000000
vt 1.000000 0.000000
vt 1.000000 1.000000
vt 0.000000 0.000000
vt 1.000000 0.000000
vt 1.000000 1.000000
vt 1.000000 0.000000
vt 1.000000 1.000000
vt 0.000000 0.000000
vt 1.000000 0.000000
vt 1.000000 1.000000
vt 1.000000 0.000000
vt 1.000000 1.000000
vt 0.000000 0.000000
vt 1.000000 1.000000
vt 0.000000 0.000000
vt 0.000000 0.000000
vt 1.000000 1.000000
vt 0.000000 0.000000
vt 1.000000 0.000000
vt 1.000000 1.000000
vt 0.000000 0.000000
vt 1.000000 1.000000
vt 0.000000 0.000000
vt 1.000000 1.000000
vt 0.000000 0.000000
vt 1.000000 0.000000
vt 0.000000 0.000000
vt 1.000000 0.000000
vt 1.000000 1.000000
vt 0.000000 0.000000
vt 1.000000 1.000000
vt 0.000000 0.000000
vt 1.000000 0.000000
vt 0.000000 0.000000
vt 1.000000 0.000000
vt 1.000000 1.000000
vt 1.000000 0.000000
vt 0.000000 0.000000
vt 1.000000 0.000000
vt 1.000000 1.000000
vt 1.000000 0.000000
vt 1.000000 1.000000
vt 0.000000 0.000000
vt 1.000000 1.000000
vt 0.000000 0.000000
vt 1.000000 0.000000
vt 1.000000 0.000000
vt 1.000000 1.000000
vt 0.000000 0.000000
vt 1.000000 0.000000
vt 1.000000 1.000000
vt 1.000000 0.000000
vt 1.000000 1.000000
vt 0.000000 0.000000
vt 1.000000 1.000000
vt 0.000000 0.000000
vt 1.000000 0.000000
vt 1.000000 1.000000
vt 0.000000 0.000000
vt 1.000000 0.000000
vt 0.000000 0.000000
vt 1.000000 0.000000
vt 0.000000 0.000000
vt 1.000000 0.000000
vt 1.000000 1.000000
vt 0.000000 0.000000
vt 1.000000 1.000000
vt 0.000000 0.000000
vt 0.000000 0.000000
vt 1.000000 0.000000
vt 1.000000 1.000000
vt 0.000000 0.000000
vt 1.000000 0.000000
vt 1.000000 1.000000
vt 0.000000 0.000000
vt 1.000000 0.000000
vt 0.000000 0.000000
vt 1.000000 0.000000
vt 0.000000 0.000000
vt 1.000000 0.000000
vt 1.000000 1.000000
vt 0.000000 0.000000
vt 1.000000 0.000000
vt 1.000000 1.000000
vt 1.000000 1.000000
vt 0.000000 0.000000
vt 1.000000 0.000000
vt 1.000000 1.000000
vt 0.000000 0.000000
vt 1.000000 0.000000
vt 1.000000 1.000000
vt 0.000000 0.000000
vt 1.000000 0.000000
vt 1.000000 1.000000
vt 0.000000 0.000000
vt 1.000000 0.000000
vt 1.000000 1.000000
vt 0.000000 0.000000
vt 1.000000 0.000000
vt 1.000000 1.000000
vt 0.000000 0.000000
vt 0.000000 0.000000
vt 1.000000 0.000000
vt 0.000000 0.000000
vt 1.000000 0.000000
vt 1.000000 1.000000
vt 0.000000 0.000000
vt 1.000000 0.000000
vt 1.000000 1.000000
vt 0.000000 0.000000
vt 1.000000 0.000000
vt 1.000000 1.000000
vt 0.000000 0.000000
vt 1.000000 0.000000
vt 1.000000 1.000000
vt 1.000000 0.000000
vt 1.000000 1.000000
vt 1.000000 1.000000
vt 1.000000 0.000000
vt 1.000000 1.000000
vt 0.000000 0.000000
vt 1.000000 0.000000
vt 0.000000 0.000000
vt 1.000000 1.000000
vt 0.000000 0.000000
vt 1.000000 0.000000
vt 1.000000 1.000000
vt 0.000000 0.000000
vt 1.000000 0.000000
vt 1.000000 1.000000
vt 0.000000 0.000000
vt 1.000000 1.000000
vt 0.000000 0.000000
vt 1.000000 1.000000
vt 0.000000 0.000000
vt 1.000000 0.000000
vt 1.000000 1.000000
vt 0.000000 0.000000
vt 1.000000 0.000000
vt 1.000000 1.000000
vt 0.000000 0.000000
vt 1.000000 0.000000
vt 1.000000 1.000000
vt 0.000000 0.000000
vt 1.000000 0.000000
vt 1.000000 1.000000
vt 0.000000 0.000000
vt 1.000000 0.000000
vt 1.000000 1.000000
vt 0.000000 0.000000
vt 1.000000 0.000000
vt 1.000000 1.000000
vt 0.000000 0.000000
vt 1.000000 0.000000
vt 1.000000 1.000000
vt 0.000000 0.000000
vt 1.000000 0.000000
vt 0.000000 0.000000
vt 1.000000 0.000000
vt 0.000000 0.000000
vt 1.000000 0.000000
vt 1.000000 1.000000
vt 1.000000 0.000000
vt 1.000000 1.000000
vt 0.000000 0.000000
vt 1.000000 0.000000
vt 0.000000 0.000000
vt 1.000000 0.000000
vt 1.000000 1.000000
vt 0.000000 0.000000
vt 1.000000 0.000000
vt 1.000000 1.000000
vt 0.000000 0.000000
vt 1.000000 0.000000
vt 0.000000 0.000000
vt 1.000000 0.000000
vt 1.000000 1.000000
vt 1.000000 0.000000
vt 1.000000 1.000000
vt 0.000000 0.000000
vt 0.000000 0.000000
vt 1.000000 0.000000
vt 0.000000 0.000000
vt 1.000000 0.000000
vt 0.000000 0.000000
vt 1.000000 0.000000
vt 1.000000 1.000000
vt 0.000000 0.000000
vt 1.000000 0.000000
vt 1.000000 1.000000
vt 0.000000 0.000000
vt 1.000000 1.000000
vt 1.000000 1.000000
vt 0.000000 0.000000
vt 1.000000 1.000000
vt 0.000000 0.000000
vt 0.000000 0.000000
vt 1.000000 1.000000
vt 1.000000 0.000000
vt 1.000000 1.000000
vt 0.000000 0.000000
vt 1.000000 0.000000
vt 1.000000 1.000000
vt 1.000000 0.000000
vt 1.000000 0.000000
vt 0.000000 0.000000
vt 1.000000 0.000000
vt 1.000000 1.000000
vt 0.000000 0.000000
vt 1.000000 0.000000
vt 1.000000 1.000000
vt 1.000000 1.000000
vt 1.000000 1.000000
vt 1.000000 0.000000
vt 1.000000 1.000000
vt 0.000000 0.000000
vt 1.000000 1.000000
vt 1.000000 1.000000
vt 1.000000 0.000000
vt 0.000000 0.000000
vt 0.000000 0.000000
vt 1.000000 1.000000
vt 0.000000 0.000000
vt 1.000000 1.000000
vt 0.000000 0.000000
vt 1.000000 1.000000
vt 0.000000 0.000000
vt 0.000000 0.000000
vt 1.000000 1.000000
vt 0.000000 0.000000
vt 1.000000 0.000000
vt 0.000000 0.000000
vt 1.000000 0.000000
vt 1.000000 1.000000
vt 0.000000 0.000000
vt 1.000000 1.000000
vt 0.000000 0.000000
vt 1.000000 0.000000
vt 1.000000 1.000000
vt 0.000000 0.000000
vt 1.000000 1.000000
vt 0.000000 0.000000
vt 1.000000 0.000000
vt 1.000000 0.000000
vt 1.000000 1.000000
vt 1.000000 0.000000
vt 0.000000 0.000000
vt 1.000000 0.000000
vt 1.000000 1.000000
vt 0.000000 0.000000
vt 1.000000 0.000000
vt 1.000000 1.000000
vt 1.000000 0.000000
vt 1.000000 1.000000
vt 0.000000 0.000000
vt 1.000000 1.000000
vt 0.000000 0.000000
vt 0.000000 0.000000
vt 1.000000 0.000000
vt 1.000000 1.000000
vt 0.000000 0.000000
vt 1.000000 0.000000
vt 1.000000 1.000000
vt 0.000000 0.000000
vt 1.000000 0.000000
vt 1.000000 1.000000
vt 1.000000 0.000000
vt 1.000000 1.000000
vt 0.000000 0.000000
vt 1.000000 1.000000
vt 0.000000 0.000000
vt 1.000000 0.000000
vt 1.000000 1.000000
vt 0.000000 0.000000
vt 1.000000 0.000000
vt 1.000000 1.000000
vt 0.000000 0.000000
vt 1.000000 0.000000
vt 1.000000 1.000000
vt 0.000000 0.000000
vt 1.000000 0.000000
vt 0.000000 0.000000
vt 1.000000 0.000000
vt 1.000000 1.000000
vt 0.000000 0.000000
vt 1.000000 0.000000
vt 1.000000 1.000000
vt 0.000000 0.000000
vt 1.000000 0.000000
vt 1.000000 1.000000
vt 0.000000 0.000000
vt 1.000000 0.000000
vt 1.000000 1.000000
vt 0.000000 0.000000
vt 1.000000 1.000000
vt 0.000000 0.000000
vt 1.000000 0.000000
vt 1.000000 1.000000
vt 0.000000 0.000000
vt 1.000000 1.000000
vt 0.000000 0.000000
vt 1.000000 1.000000
vt 0.000000 0.000000
vt 0.000000 0.000000
vt 1.000000 0.000000
vt 1.000000 1.000000
vt 0.000000 0.000000
vt 0.000000 0.000000
vt 1.000000 1.000000
vt 0.000000 0.000000
vt 1.000000 0.000000
vt 1.000000 1.000000
vt 1.000000 0.000000
vt 1.000000 1.000000
vt 0.000000 0.000000
vt 1.000000 1.000000
vt 1.000000 0.000000
vt 1.000000 1.000000
vt 0.000000 0.000000
vt 1.000000 0.000000
vt 1.000000 1.000000
vt 0.000000 0.000000
vt 1.000000 1.000000
vt 1.000000 0.000000
vt 0.000000 0.000000
vt 1.000000 1.000000
vt 1.000000 0.000000
vt 1.000000 1.000000
vt 0.000000 0.000000
vt 1.000000 0.000000
vt 1.000000 1.000000
vt 1.000000 0.000000
vt 1.000000 1.000000
vt 1.000000 1.000000
vt 1.000000 0.000000
vt 0.000000 0.000000
vt 1.000000 0.000000
vt 1.000000 1.000000
vt 0.000000 0.000000
vt 1.000000 1.000000
vt 0.000000 0.000000
vt 1.000000 0.000000
vt 1.000000 1.000000
vt 1.000000 1.000000
vt 1.000000 1.000000
vt 0.000000 0.000000
vt 1.000000 0.000000
vt 1.000000 1.000000
vt 1.000000 0.000000
vt 0.000000 0.000000
vt 0.000000 0.000000
vt 1.000000 1.000000
vt 0.000000 0.000000
vt 1.000000 1.000000
vt 1.000000 0.000000
vt 1.000000 1.000000
vt 0.000000 0.000000
vt 1.000000 0.000000
vt 1.000000 1.000000
vt 0.000000 0.000000
vt 1.000000 1.000000
vt 0.000000 0.000000
vt 1.000000 0.000000
vt 1.000000 0.000000
vt 1.000000 1.000000
vt 1.000000 0.000000
vt 1.000000 0.000000
vt 1.000000 1.000000
vt 0.000000 0.000000
vt 0.000000 0.000000
vt 1.000000 0.000000
vt 1.000000 1.000000
vt 0.000000 0.000000
vt 1.000000 0.000000
vt 1.000000 1.000000
vt 0.000000 0.000000
vt 1.000000 0.000000
vt 1.000000 1.000000
vt 1.000000 0.000000
vt 1.000000 1.000000
vt 0.000000 0.000000
vt 1.000000 1.000000
vt 1.000000 0.000000
vt 1.000000 1.000000
vt 1.000000 1.000000
vt 1.000000 0.000000
vt 1.000000 1.000000
vt 0.000000 0.000000
vt 0.000000 0.000000
vt 1.000000 0.000000
vt 0.000000 0.000000
vt 1.000000 1.000000
vt 1.000000 0.000000
vt 1.000000 0.000000
vt 1.000000 1.000000
vt 0.000000 0.000000
vt 1.000000 0.000000
vt 1.000000 0.000000
vt 1.000000 0.000000
vt 1.000000 1.000000
vt 1.000000 0.000000
vt 0.000000 0.000000
vt 0.000000 0.000000
vt 1.000000 1.000000
vt 1.000000 1.000000
vt 0.000000 0.000000
vt 1.000000 0.000000
vt 0.000000 0.000000
vt 1.000000 0.000000
vt 1.000000 1.000000
vt 0.000000 0.000000
vt 1.000000 0.000000
vt 1.000000 1.000000
vt 0.000000 0.000000
vt 1.000000 0.000000
vt 0.000000 0.000000
vt 1.000000 0.000000
vt 1.000000 1.000000
vt 0.000000 0.000000
vt 1.000000 0.000000
vt 1.000000 1.000000
vt 0.000000 0.000000
vt 1.000000 1.000000
vt 0.000000 0.000000
vt 1.000000 0.000000
vt 1.000000 0.000000
vt 1.000000 1.000000
vt 0.000000 0.000000
vt 1.000000 0.000000
vt 1.000000 1.000000
vt 0.000000 0.000000
vt 1.000000 0.000000
vt 1.000000 1.000000
vt 0.000000 0.000000
vt 1.000000 0.000000
vt 1.000000 1.000000
vt 0.000000 0.000000
vt 1.000000 1.000000
vt 0.000000 0.000000
vt 1.000000 0.000000
vt 1.000000 1.000000
vt 0.000000 0.000000
vt 1.000000 0.000000
vt 1.000000 1.000000
vt 0.000000 0.000000
vt 1.000000 1.000000
vt 1.000000 0.000000
vt 1.000000 1.000000
vt 1.000000 0.000000
vt 1.000000 1.000000
vt 0.000000 0.000000
vt 1.000000 0.000000
vt 1.000000 1.000000
vt 0.000000 0.000000
vt 1.000000 0.000000
vt 1.000000 1.000000
vt 0.000000 0.000000
vt 1.000000 0.000000
vt 1.000000 1.000000
vt 1.000000 0.000000
vt 1.000000 1.000000
vt 1.000000 0.000000
vt 1.000000 1.000000
vt 0.000000 0.000000
vt 1.000000 1.000000
vt 1.000000 1.000000
vt 0.000000 0.000000
vt 1.000000 1.000000
vt 0.000000 0.000000
vt 1.000000 0.000000
vt 1.000000 1.000000
vt 0.000000 0.000000
vt 1.000000 0.000000
vt 0.000000 0.000000
vt 1.000000 1.000000
vt 1.000000 1.000000
vt 0.000000 0.000000
vt 1.000000 0.000000
vt 1.000000 1.000000
vt 0.000000 0.000000
vt 1.000000 1.000000
vt 1.000000 1.000000
vt 0.000000 0.000000
vt 1.000000 0.000000
vt 1.000000 1.000000
vt 0.000000 0.000000
vt 1.000000 0.000000
vt 1.000000 1.000000
vt 0.000000 0.000000
vt 1.000000 0.000000
vt 1.000000 1.000000
vt 0.000000 0.000000
vt 1.000000 0.000000
vt 1.000000 1.000000
vt 0.000000 0.000000
vt 1.000000 0.000000
vt 1.000000 1.000000
vt 0.000000 0.000000
vt 1.000000 0.000000
vt 1.000000 1.000000
vt 0.000000 0.000000
vt 1.000000 0.000000
vt 1.000000 1.000000
vt 0.000000 0.000000
vt 1.000000 0.000000
vt 1.000000 1.000000
vt 0.000000 0.000000
vt 1.000000 0.000000
vt 1.000000 1.000000
vt 0.000000 0.000000
vt 1.000000 0.000000
vt 1.000000 1.000000
vt 0.000000 0.000000
vt 1.000000 0.000000
vt 1.000000 1.000000
vt 0.000000 0.000000
vt 1.000000 1.000000
vt 1.000000 0.000000
vt 1.000000 1.000000
vt 0.000000 0.000000
vt 1.000000 0.000000
vt 1.000000 1.000000
vt 0.000000 0.000000
vt 1.000000 0.000000
vt 1.000000 1.000000
vt 0.000000 0.000000
vt 1.000000 0.000000
vt 1.000000 1.000000
vt 0.000000 0.000000
vt 1.000000 0.000000
vt 1.000000 1.000000
vt 1.000000 1.000000
vt 0.000000 0.000000
vt 1.000000 0.000000
vt 1.000000 1.000000
vt 0.000000 0.000000
vt 1.000000 0.000000
vt 0.000000 0.000000
vt 1.000000 1.000000
vt 1.000000 0.000000
vt 1.000000 1.000000
vt 0.000000 0.000000
vt 0.000000 0.000000
vt 1.000000 0.000000
vt 1.000000 1.000000
vt 0.000000 0.000000
vt 1.000000 0.000000
vt 1.000000 1.000000
vt 1.000000 0.000000
vt 1.000000 0.000000
vt 1.000000 1.000000
vt 1.000000 1.000000
vt 0.000000 0.000000
vt 1.000000 1.000000
vt 0.000000 0.000000
vt 1.000000 1.000000
vt 1.000000 0.000000
vt 1.000000 1.000000
vt 0.000000 0.000000
vt 1.000000 0.000000
vt 1.000000 1.000000
vt 0.000000 0.000000
vt 1.000000 0.000000
vt 0.000000 0.000000
vt 1.000000 0.000000
vt 1.000000 1.000000
vt 0.000000 0.000000
vt 1.000000 0.000000
vt 0.000000 0.000000
vt 1.000000 0.000000
vt 1.000000 1.000000
vt 1.000000 0.000000
vt 1.000000 1.000000
vt 1.000000 1.000000
vt 0.000000 0.000000
vt 0.000000 0.000000
vt 1.000000 0.000000
vt 0.000000 0.000000
vt 1.000000 1.000000
vt 1.000000 1.000000
vt 1.000000 0.000000
vt 1.000000 1.000000
vt 0.000000 0.000000
vt 1.000000 0.000000
vt 1.000000 1.000000
vt 0.000000 0.000000
vt 1.000000 0.000000
vt 1.000000 1.000000
vt 1.000000 0.000000
vt 1.000000 1.000000
vt 0.000000 0.000000
vt 1.000000 0.000000
vt 1.000000 1.000000
vt 0.000000 0.000000
vt 1.000000 0.000000
vt 1.000000 1.000000
vt 0.000000 0.000000
vt 1.000000 0.000000
vt 1.000000 1.000000
vt 0.000000 0.000000
vt 1.000000 0.000000
vt 1.000000 1.000000
vt 0.000000 0.000000
vt 1.000000 0.000000
vt 1.000000 1.000000
vt 1.000000 1.000000
vt 0.000000 0.000000
vt 1.000000 0.000000
vt 1.000000 1.000000
vt 1.000000 1.000000
vt 1.000000 1.000000
vt 0.000000 0.000000
vt 1.000000 0.000000
vt 0.000000 0.000000
vt 1.000000 0.000000
vt 1.000000 1.000000
vt 0.000000 0.000000
vt 1.000000 0.000000
vt 1.000000 1.000000
vt 0.000000 0.000000
vt 1.000000 0.000000
vt 0.000000 0.000000
vt 1.000000 0.000000
vt 1.000000 1.000000
vt 0.000000 0.000000
vt 1.000000 0.000000
vt 1.000000 1.000000
vt 0.000000 0.000000
vt 1.000000 0.000000
vt 1.000000 1.000000
vt 0.000000 0.000000
vt 1.000000 0.000000
vt 1.000000 1.000000
vt 0.000000 0.000000
vt 1.000000 0.000000
vt 1.000000 1.000000
vt 1.000000 0.000000
vt 0.000000 0.000000
vt 0.000000 0.000000
vt 1.000000 1.000000
vt 1.000000 0.000000
vt 1.000000 0.000000
vt 1.000000 1.000000
vt 0.000000 0.000000
vt 1.000000 0.000000
vt 1.000000 1.000000
vt 0.000000 0.000000
vt 1.000000 0.000000
vt 0.000000 0.000000
vt 1.000000 0.000000
vt 1.000000 1.000000
vt 1.000000 0.000000
vt 1.000000 1.000000
vt 0.000000 0.000000
vt 1.000000 1.000000
vt 0.000000 0.000000
vt 1.000000 0.000000
vt 0.000000 0.000000
vt 1.000000 0.000000
vt 1.000000 1.000000
vt 0.000000 0.000000
vt 1.000000 0.000000
vt 1.000000 1.000000
vt 0.000000 0.000000
vt 1.000000 0.000000
vt 1.000000 1.000000
vt 1.000000 1.000000
vt 0.000000 0.000000
vt 0.000000 0.000000
vt 1.000000 0.000000
vt 1.000000 1.000000
vt 0.000000 0.000000
vt 1.000000 1.000000
vt 0.000000 0.000000
vt 1.000000 1.000000
vt 0.000000 0.000000
vt 1.000000 0.000000
vt 1.000000 1.000000
vt 0.000000 0.000000
vt 1.000000 0.000000
vt 1.000000 1.000000
vt 1.000000 1.000000
vt 1.000000 0.000000
vt 1.000000 0.000000
vt 1.000000 1.000000
vt 0.000000 0.000000
vt 1.000000 1.000000
vt 0.000000 0.000000
vt 1.000000 0.000000
vt 1.000000 1.000000
vt 1.000000 0.000000
vt 1.000000 0.000000
vt 1.000000 0.000000
vt 1.000000 0.000000
vt 1.000000 1.000000
vt 0.000000 0.000000
vt 1.000000 0.000000
vt 1.000000 1.000000
vt 0.000000 0.000000
vt 1.000000 0.000000
vt 1.000000 1.000000
vt 0.000000 0.000000
vt 1.000000 0.000000
vt 1.000000 1.000000
vt 1.000000 1.000000
vt 0.000000 0.000000
vt 1.000000 1.000000
vt 1.000000 0.000000
vt 0.000000 0.000000
vt 1.000000 0.000000
vt 1.000000 0.000000
vt 0.000000 0.000000
vt 0.000000 0.000000
vt 1.000000 0.000000
vt 0.000000 0.000000
vt 1.000000 0.000000
vt 1.000000 1.000000
vt 0.000000 0.000000
vt 1.000000 0.000000
vt 1.000000 1.000000
vt 0.000000 0.000000
vt 1.000000 0.000000
vt 1.000000 1.000000
vt 1.000000 0.000000
vt 0.000000 0.000000
vt 1.000000 0.000000
vt 1.000000 1.000000
vt 0.000000 0.000000
vt 0.000000 0.000000
vt 1.000000 0.000000
vt 1.000000 1.000000
vt 1.000000 0.000000
vt 1.000000 1.000000
vt 0.000000 0.000000
vt 1.000000 0.000000
vt 1.000000 1.000000
vt 0.000000 0.000000
vt 1.000000 1.000000
vt 0.000000 0.000000
vt 1.000000 0.000000
vt 1.000000 1.000000
vt 0.000000 0.000000
vt 1.000000 0.000000
vt 1.000000 1.000000
vt 1.000000 0.000000
vt 1.000000 1.000000
vt 0.000000 0.000000
vt 1.000000 0.000000
vt 1.000000 1.000000
vt 0.000000 0.000000
vt 1.000000 0.000000
vt 0.000000 0.000000
vt 1.000000 0.000000
vt 1.000000 1.000000
vt 0.000000 0.000000
vt 1.000000 0.000000
vt 0.000000 0.000000
vt 1.000000 0.000000
vt 1.000000 1.000000
vt 1.000000 1.000000
vt 0.000000 0.000000
vt 1.000000 0.000000
vt 1.000000 1.000000
vt 1.000000 1.000000
vt 0.000000 0.000000
vt 1.000000 1.000000
vt 1.000000 0.000000
vt 1.000000 0.000000
vt 0.000000 0.000000
vt 1.000000 0.000000
vt 1.000000 1.000000
vt 0.000000 0.000000
vt 1.000000 0.000000
vt 1.000000 1.000000
vt 1.000000 0.000000
vt 1.000000 1.000000
vt 1.000000 1.000000
vt 0.000000 0.000000
vt 1.000000 0.000000
vt 1.000000 1.000000
vt 0.000000 0.000000
vt 1.000000 0.000000
vt 1.000000 1.000000
vt 0.000000 0.000000
vt 1.000000 1.000000
vt 1.000000 1.000000
vt 1.000000 1.000000
vt 1.000000 0.000000
vt 0.000000 0.000000
vt 1.000000 0.000000
vt 0.000000 0.000000
vt 1.000000 0.000000
vt 1.000000 1.000000
vt 1.000000 1.000000
vt 1.000000 0.000000
vt 1.000000 0.000000
vt 1.000000 1.000000
vt 1.000000 0.000000
vt 0.000000 0.000000
vt 1.000000 0.000000
vt 1.000000 0.000000
vt 1.000000 1.000000
vt 0.000000 0.000000
vt 0.000000 0.000000
vt 1.000000 0.000000
vt 0.000000 0.000000
vt 0.000000 0.000000
vt 1.000000 0.000000
vt 0.000000 0.000000
vt 1.000000 0.000000
vt 1.000000 1.000000
vt 0.000000 0.000000
vt 1.000000 0.000000
vt 1.000000 1.000000
vt 0.000000 0.000000
vt 1.000000 0.000000
vt 1.000000 1.000000
vt 0.000000 0.000000
vt 1.000000 0.000000
vt 1.000000 1.000000
vt 0.000000 0.000000
vt 1.000000 0.000000
vt 0.000000 0.000000
vt 1.000000 0.000000
vt 1.000000 1.000000
vt 0.000000 0.000000
vt 1.000000 0.000000
vt 1.000000 0.000000
vt 1.000000 1.000000
vt 0.000000 0.000000
vt 1.000000 0.000000
vt 1.000000 1.000000
vt 0.000000 0.000000
vt 1.000000 0.000000
vt 1.000000 1.000000
vt 1.000000 0.000000
vt 1.000000 1.000000
vt 0.000000 0.000000
vt 1.000000 1.000000
vt 0.000000 0.000000
vt 1.000000 1.000000
vt 0.000000 0.000000
vt 1.000000 1.000000
vt 0.000000 0.000000
vt 1.000000 0.000000
vt 1.000000 1.000000
vt 1.000000 0.000000
vt 1.000000 1.000000
vt 1.000000 1.000000
vt 0.000000 0.000000
vt 0.000000 0.000000
vt 0.000000 0.000000
vt 1.000000 0.000000
vt 1.000000 1.000000
vt 1.000000 0.000000
vt 1.000000 1.000000
vt 1.000000 0.000000
vt 1.000000 1.000000
vt 1.000000 0.000000
vt 1.000000 1.000000
vt 0.000000 0.000000
vt 1.000000 0.000000
vt 1.000000 1.000000
vt 1.000000 0.000000
vt 1.000000 1.000000
vt 0.000000 0.000000
vt 1.000000 1.000000
vt 1.000000 0.000000
vt 1.000000 1.000000
vt 1.000000 0.000000
vt 0.000000 0.000000
vt 1.000000 0.000000
vt 1.000000 1.000000
vt 0.000000 0.000000
vt 1.000000 0.000000
vt 1.000000 1.000000
vt 0.000000 0.000000
vt 1.000000 1.000000
vt 1.000000 0.000000
vt 0.000000 0.000000
vt 1.000000 0.000000
vt 1.000000 1.000000
vt 0.000000 0.000000
vt 1.000000 1.000000
vt 0.000000 0.000000
vt 1.000000 1.000000
vt 0.000000 0.000000
vt 1.000000 0.000000
vt 1.000000 1.000000
vt 0.000000 0.000000
vt 1.000000 1.000000
vt 1.000000 0.000000
vt 0.000000 0.000000
vt 1.000000 0.000000
vt 1.000000 0.000000
vt 1.000000 0.000000
vt 1.000000 0.000000
vt 0.000000 0.000000
vt 1.000000 0.000000
vt 0.000000 0.000000
vt 1.000000 0.000000
vt 0.000000 0.000000
vt 1.000000 1.000000
vt 0.000000 0.000000
vt 1.000000 1.000000
vt 0.000000 0.000000
vt 1.000000 0.000000
vt 0.000000 0.000000
vt 1.000000 0.000000
vt 1.000000 0.000000
vt 0.000000 0.000000
vt 1.000000 1.000000
vt 0.000000 0.000000
vt 0.000000 0.000000
vt 1.000000 0.000000
vt 0.000000 0.000000
vt 0.000000 0.000000
vt 1.000000 0.000000
vt 1.000000 0.000000
vt 0.000000 0.000000
vt 1.000000 0.000000
vt 1.000000 0.000000
vt 0.000000 0.000000
vt 1.000000 0.000000
vt 1.000000 1.000000
vt 1.000000 1.000000
vt 1.000000 0.000000
vt 0.000000 0.000000
vt 1.000000 1.000000
vt 0.000000 0.000000
vt 1.000000 0.000000
vt 1.000000 0.000000
vt 0.000000 0.000000
vt 0.000000 0.000000
vt 1.000000 0.000000
vt 1.000000 1.000000
vt 0.000000 0.000000
vt 1.000000 0.000000
vt 1.000000 1.000000
vt 0.000000 0.000000
vt 1.000000 1.000000
vt 0.000000 0.000000
vt 1.000000 0.000000
vt 1.000000 0.000000
vt 1.000000 1.000000
vt 0.000000 0.000000
vt 1.000000 1.000000
vt 1.000000 1.000000
vt 0.000000 0.000000
vt 1.000000 0.000000
vt 1.000000 1.000000
vt 1.000000 0.000000
vt 1.000000 1.000000
vt 1.000000 1.000000
vt 1.000000 1.000000
vt 0.000000 0.000000
vt 0.000000 0.000000
vt 0.000000 0.000000
vt 1.000000 0.000000
vt 1.000000 1.000000
vt 1.000000 1.000000
vt 1.000000 1.000000
vt 0.000000 0.000000
vt 1.000000 0.000000
vt 0.000000 0.000000
vt 0.000000 0.000000
vt 1.000000 0.000000
vt 1.000000 1.000000
vt 0.000000 0.000000
vt 1.000000 1.000000
vt 1.000000 1.000000
vt 0.000000 0.000000
vt 0.000000 0.000000
vt 1.000000 0.000000
vt 1.000000 1.000000
vt 0.000000 0.000000
vt 1.000000 1.000000
vt 1.000000 0.000000
vt 1.000000 1.000000
vt 0.000000 0.000000
vt 1.000000 0.000000
vt 1.000000 1.000000
vt 0.000000 0.000000
vt 0.000000 0.000000
vt 1.000000 0.000000
vt 0.000000 0.000000
vt 1.000000 1.000000
vt 0.000000 0.000000
vt 1.000000 0.000000
vt 0.000000 0.000000
vt 1.000000 1.000000
vt 1.000000 1.000000
vt 1.000000 0.000000
vt 1.000000 1.000000
vt 0.000000 0.000000
vt 1.000000 1.000000
vt 0.000000 0.000000
vt 1.000000 0.000000
vt 1.000000 1.000000
vt 1.000000 0.000000
vt 1.000000 1.000000
vt 0.000000 0.000000
vt 1.000000 0.000000
vt 1.000000 1.000000
vt 0.000000 0.000000
vt 1.000000 0.000000
vt 0.000000 0.000000
vt 1.000000 1.000000
vt 0.000000 0.000000
vt 1.000000 0.000000
vt 1.000000 1.000000
vt 0.000000 0.000000
vt 1.000000 0.000000
vt 0.000000 0.000000
vt 1.000000 0.000000
vt 1.000000 0.000000
vt 1.000000 1.000000
vt 1.000000 1.000000
vt 0.000000 0.000000
vt 1.000000 1.000000
vt 0.000000 0.000000
vt 1.000000 0.000000
vt 1.000000 1.000000
vt 0.000000 0.000000
vt 1.000000 1.000000
vt 1.000000 0.000000
vt 0.000000 0.000000
vt 1.000000 0.000000
vt 0.000000 0.000000
vt 1.000000 0.000000
vt 1.000000 1.000000
vt 0.000000 0.000000
vt 1.000000 0.000000
vt 1.000000 0.000000
vt 1.000000 1.000000
vt 0.000000 0.000000
vt 0.000000 0.000000
vt 0.000000 0.000000
vt 0.000000 0.000000
vt 1.000000 1.000000
vt 0.000000 0.000000
vt 1.000000 1.000000
vt 1.000000 1.000000
vt 1.000000 0.000000
vt 1.000000 1.000000
vt 0.000000 0.000000
vt 1.000000 0.000000
vt 1.000000 1.000000
vt 1.000000 0.000000
vt 0.000000 0.000000
vt 1.000000 1.000000
vt 1.000000 0.000000
vt 0.000000 0.000000
vt 1.000000 0.000000
vt 0.000000 0.000000
vt 1.000000 0.000000
vt 0.000000 0.000000
vt 1.000000 0.000000
vt 1.000000 0.000000
vt 1.000000 0.000000
vt 1.000000 1.000000
vt 0.000000 0.000000
vt 1.000000 0.000000
vt 1.000000 0.000000
vt 1.000000 1.000000
vt 1.000000 0.000000
vt 1.000000 0.000000
vt 0.000000 0.000000
vt 0.000000 0.000000
vt 1.000000 0.000000
vt 1.000000 0.000000
vt 0.000000 0.000000
vt 1.000000 0.000000
vt 1.000000 0.000000
vt 0.000000 0.000000
vt 0.000000 0.000000
vt 0.000000 0.000000
vt 1.000000 0.000000
vt 1.000000 1.000000
vt 1.000000 1.000000
vt 1.000000 0.000000
vt 1.000000 1.000000
vt 0.000000 0.000000
vt 0.000000 0.000000
vt 1.000000 0.000000
vt 1.000000 1.000000
vt 1.000000 1.000000
vt 1.000000 1.000000
vt 0.000000 0.000000
vt 1.000000 0.000000
vt 0.000000 0.000000
vt 1.000000 0.000000
vt 1.000000 1.000000
vt 0.000000 0.000000
vt 1.000000 0.000000
vt 0.000000 0.000000
vt 1.000000 0.000000
vt 1.000000 1.000000
vt 1.000000 1.000000
vt 0.000000 0.000000
vt 1.000000 0.000000
vt 1.000000 0.000000
vt 1.000000 0.000000
vt 0.000000 0.000000
vt 0.000000 0.000000
vt 1.000000 0.000000
vt 1.000000 1.000000
vt 1.000000 0.000000
vt 1.000000 1.000000
vt 1.000000 0.000000
vt 1.000000 1.000000
vt 1.000000 0.000000
vt 1.000000 1.000000
vt 1.000000 0.000000
vt 1.000000 1.000000
vt 0.000000 0.000000
vt 1.000000 1.000000
vt 1.000000 0.000000
vt 1.000000 0.000000
vt 1.000000 1.000000
vt 0.000000 0.000000
vt 0.000000 0.000000
vt 1.000000 0.000000
vt 1.000000 1.000000
vt 1.000000 0.000000
vt 1.000000 1.000000
vt 0.000000 0.000000
vt 1.000000 0.000000
vt 1.000000 1.000000
vt 0.000000 0.000000
vt 1.000000 0.000000
vt 1.000000 1.000000
vt 0.000000 0.000000
vt 1.000000 1.000000
vt 0.000000 0.000000
vt 1.000000 0.000000
vt 1.000000 1.000000
vt 0.000000 0.000000
vt 1.000000 1.000000
vt 0.000000 0.000000
vt 1.000000 0.000000
vt 1.000000 1.000000
vt 0.000000 0.000000
vt 1.000000 1.000000
vt 0.000000 0.000000
vt 0.000000 0.000000
vt 1.000000 0.000000
vt 1.000000 1.000000
vt 0.000000 0.000000
vt 1.000000 0.000000
vt 1.000000 1.000000
vt 0.000000 0.000000
vt 1.000000 0.000000
vt 1.000000 1.000000
vt 1.000000 0.000000
vt 1.000000 0.000000
vt 1.000000 1.000000
vt 0.000000 0.000000
vt 1.000000 0.000000
vt 1.000000 0.000000
vt 1.000000 1.000000
vt 0.000000 0.000000
vt 1.000000 1.000000
vt 1.000000 0.000000
vt 1.000000 1.000000
vt 1.000000 0.000000
vt 1.000000 1.000000
vt 1.000000 0.000000
vt 1.000000 1.000000
vt 0.000000 0.000000
vt 1.000000 0.000000
vt 0.000000 0.000000
vt 1.000000 0.000000
vt 1.000000 1.000000
vt 0.000000 0.000000
vt 1.000000 0.000000
vt 1.000000 1.000000
vt 0.000000 0.000000
vt 1.000000 0.000000
vt 1.000000 0.000000
vt 1.000000 1.000000
vt 0.000000 0.000000
vt 1.000000 0.000000
vt 1.000000 0.000000
vt 1.000000 1.000000
vt 1.000000 0.000000
vt 0.000000 0.000000
vt 1.000000 1.000000
vt 1.000000 0.000000
vt 1.000000 1.000000
vt 0.000000 0.000000
vt 1.000000 0.000000
vt 1.000000 0.000000
vt 1.000000 0.000000
vt 1.000000 1.000000
vt 1.000000 0.000000
vt 1.000000 1.000000
vt 0.000000 0.000000
vt 1.000000 0.000000
vt 1.000000 1.000000
vt 0.000000 0.000000
vt 1.000000 1.000000
vt 0.000000 0.000000
vt 1.000000 0.000000
vt 0.000000 0.000000
vt 1.000000 0.000000
vt 1.000000 1.000000
vt 1.000000 0.000000
vt 1.000000 1.000000
vt 1.000000 0.000000
vt 0.000000 0.000000
vt 1.000000 0.000000
vt 1.000000 0.000000
vt 1.000000 1.000000
vt 0.000000 0.000000
vt 1.000000 1.000000
vt 1.000000 0.000000
vt 0.000000 0.000000
vt 1.000000 1.000000
vt 0.000000 0.000000
vt 1.000000 0.000000
vt 0.000000 0.000000
vt 1.000000 1.000000
vt 0.000000 0.000000
vt 1.000000 0.000000
vt 1.000000 0.000000
vt 1.000000 1.000000
vt 0.000000 0.000000
vt 1.000000 1.000000
vt 0.000000 0.000000
vt 1.000000 1.000000
vt 1.000000 0.000000
vt 1.000000 1.000000
vt 1.000000 0.000000
vt 0.000000 0.000000
vt 1.000000 1.000000
vt 1.000000 1.000000
vt 0.000000 0.000000
vt 1.000000 0.000000
vt 1.000000 1.000000
vt 0.000000 0.000000
vt 1.000000 1.000000
vt 1.000000 1.000000
vt 0.000000 0.000000
vt 1.000000 1.000000
vt 1.000000 0.000000
vt 1.000000 1.000000
vt 0.000000 0.000000
vt 1.000000 0.000000
vt 0.000000 0.000000
vt 0.000000 0.000000
vt 1.000000 0.000000
vt 1.000000 1.000000
vt 0.000000 0.000000
vt 1.000000 0.000000
vt 1.000000 1.000000
vt 0.000000 0.000000
vt 1.000000 0.000000
vt 1.000000 1.000000
vt 1.000000 0.000000
vt 1.000000 1.000000
vt 1.000000 1.000000
vt 0.000000 0.000000
vt 1.000000 1.000000
vt 1.000000 1.000000
vt 1.000000 0.000000
vt 1.000000 1.000000
vt 0.000000 0.000000
vt 1.000000 0.000000
vt 0.000000 0.000000
vt 1.000000 1.000000
vt 0.000000 0.000000
vt 1.000000 0.000000
vt 1.000000 0.000000
vt 1.000000 1.000000
vt 1.000000 1.000000
vt 0.000000 0.000000
vt 1.000000 1.000000
vt 1.000000 1.000000
vt 0.000000 0.000000
vt 1.000000 1.000000
vt 1.000000 1.000000
vt 1.000000 1.000000
vt 0.000000 0.000000
vt 1.000000 1.000000
vt 0.000000 0.000000
vt 1.000000 0.000000
vt 0.000000 0.000000
vt 1.000000 1.000000
vt 1.000000 0.000000
vt 1.000000 1.000000
vt 0.000000 0.000000
vt 1.000000 0.000000
vt 1.000000 0.000000
vt 1.000000 1.000000
vt 0.000000 0.000000
vt 1.000000 1.000000
vt 1.000000 0.000000
vt 0.000000 0.000000
vt 1.000000 1.000000
vt 0.000000 0.000000
vt 1.000000 0.000000
vt 1.000000 1.000000
vt 0.000000 0.000000
vt 1.000000 1.000000
vt 1.000000 1.000000
vt 0.000000 0.000000
vt 1.000000 1.000000
vt 0.000000 0.000000
vt 0.000000 0.000000
vt 1.000000 1.000000
vt 1.000000 1.000000
vt 1.000000 1.000000
vt 1.000000 0.000000
vt 1.000000 1.000000
vt 0.000000 0.000000
vt 1.000000 0.000000
vt 0.000000 0.000000
vt 1.000000 0.000000
vt 1.000000 1.000000
vt 1.000000 1.000000
vt 0.000000 0.000000
vt 1.000000 0.000000
vt 1.000000 0.000000
vt 0.000000 0.000000
vt 0.000000 0.000000
vt 1.000000 1.000000
vt 1.000000 0.000000
vt 1.000000 1.000000
vt 1.000000 0.000000
vt 1.000000 1.000000
vt 0.000000 0.000000
vt 0.000000 0.000000
vt 1.000000 1.000000
vt 1.000000 1.000000
vt 1.000000 1.000000
vt 1.000000 1.000000
vt 0.000000 0.000000
vt 1.000000 1.000000
vt 1.000000 0.000000
vt 0.000000 0.000000
vt 1.000000 1.000000
vt 0.000000 0.000000
vt 1.000000 1.000000
vt 0.000000 0.000000
vt 1.000000 1.000000
vt 1.000000 0.000000
vt 1.000000 1.000000
vt 0.000000 0.000000
vt 0.000000 0.000000
vt 1.000000 0.000000
vt 1.000000 1.000000
vt 0.000000 0.000000
vt 1.000000 0.000000
vt 1.000000 0.000000
vt 0.000000 0.000000
vt 1.000000 1.000000
vt 1.000000 0.000000
vt 0.000000 0.000000
vt 0.000000 0.000000
vt 1.000000 1.000000
vt 1.000000 1.000000
vt 0.000000 0.000000
vt 1.000000 0.000000
vt 1.000000 0.000000
vt 1.000000 0.000000
vt 1.000000 1.000000
vt 1.000000 1.000000
vt 0.000000 0.000000
vt 1.000000 0.000000
vt 1.000000 1.000000
vt 1.000000 0.000000
vt 1.000000 1.000000
vt 1.000000 0.000000
vt 1.000000 0.000000
vt 1.000000 1.000000
vt 1.000000 1.000000
vt 0.000000 0.000000
vt 1.000000 0.000000
vt 1.000000 1.000000
vt 0.000000 0.000000
vt 1.000000 1.000000
vt 0.000000 0.000000
vt 1.000000 1.000000
vt 1.000000 1.000000
vt 1.000000 0.000000
vt 1.000000 1.000000
vt 1.000000 0.000000
vt 1.000000 1.000000
vt 1.000000 0.000000
vt 1.000000 0.000000
vt 1.000000 0.000000
vt 1.000000 0.000000
vt 1.000000 0.000000
vt 1.000000 1.000000
vt 1.000000 1.000000
vt 1.000000 1.000000
vt 0.000000 0.000000
vt 1.000000 0.000000
vt 1.000000 1.000000
vt 1.000000 0.000000
vt 1.000000 1.000000
vt 0.000000 0.000000
vt 1.000000 1.000000
vt 0.000000 0.000000
vt 1.000000 1.000000
vt 1.000000 0.000000
vt 1.000000 0.000000
vt 0.000000 0.000000
vt 0.000000 0.000000
vt 1.000000 0.000000
vt 1.000000 0.000000
vt 0.000000 0.000000
vt 0.000000 0.000000
vt 1.000000 0.000000
vt 0.000000 0.000000
vt 1.000000 0.000000
vt 0.000000 0.000000
vt 0.000000 0.000000
vt 0.000000 0.000000
vt 1.000000 1.000000
vt 1.000000 1.000000
vt 0.000000 0.000000
vt 1.000000 1.000000
vt 1.000000 0.000000
vt 1.000000 0.000000
vt 0.000000 0.000000
vt 0.000000 0.000000
vt 1.000000 0.000000
vt 1.000000 1.000000
vt 1.000000 0.000000
vt 1.000000 1.000000
vt 0.000000 0.000000
vt 1.000000 0.000000
vt 1.000000 1.000000
vt 0.000000 0.000000
vt 0.000000 0.000000
vt 1.000000 0.000000
vt 1.000000 1.000000
vt 0.000000 0.000000
vt 0.000000 0.000000
vt 0.000000 0.000000
vt 1.000000 0.000000
vt 1.000000 1.000000
vt 0.000000 0.000000
vt 1.000000 1.000000
vt 1.000000 0.000000
vt 1.000000 1.000000
vt 1.000000 0.000000
vt 1.000000 0.000000
vt 0.000000 0.000000
vt 1.000000 0.000000
vt 1.000000 1.000000
vt 1.000000 1.000000
vt 0.000000 0.000000
vt 1.000000 1.000000
vt 1.000000 0.000000
vt 1.000000 1.000000
vt 1.000000 0.000000
vt 1.000000 0.000000
vt 0.000000 0.000000
vt 0.000000 0.000000
vt 1.000000 0.000000
vt 1.000000 1.000000
vt 0.000000 0.000000
vt 0.000000 0.000000
vt 1.000000 0.000000
vt 1.000000 0.000000
vt 1.000000 0.000000
vt 1.000000 1.000000
vt 1.000000 1.000000
vt 0.000000 0.000000
vt 1.000000 1.000000
vt 0.000000 0.000000
vt 1.000000 0.000000
vt 0.000000 0.000000
vt 1.000000 1.000000
vt 1.000000 0.000000
vt 1.000000 0.000000
vt 1.000000 1.000000
vt 1.000000 0.000000
vt 1.000000 1.000000
vt 0.000000 0.000000
vt 0.000000 0.000000
vt 1.000000 0.000000
vt 1.000000 1.000000
vt 1.000000 0.000000
vt 0.000000 0.000000
vt 1.000000 1.000000
vt 0.000000 0.000000
vt 1.000000 1.000000
vt 0.000000 0.000000
vt 1.000000 0.000000
vt 0.000000 0.000000
vt 1.000000 0.000000
vt 0.000000 0.000000
vt 1.000000 0.000000
vt 1.000000 1.000000
vt 0.000000 0.000000
vt 1.000000 0.000000
vt 1.000000 1.000000
vt 1.000000 0.000000
vt 1.000000 0.000000
vt 0.000000 0.000000
vt 1.000000 0.000000
vt 1.000000 1.000000
vt 1.000000 1.000000
vt 0.000000 0.000000
vt 1.000000 1.000000
vt 0.000000 0.000000
vt 1.000000 0.000000
vt 0.000000 0.000000
vt 0.000000 0.000000
vt 1.000000 0.000000
vt 0.000000 0.000000
vt 1.000000 1.000000
vt 0.000000 0.000000
vt 1.000000 0.000000
vt 1.000000 0.000000
vt 1.000000 1.000000
vt 1.000000 1.000000
vt 0.000000 0.000000
vt 0.000000 0.000000
vt 1.000000 1.000000
vt 0.000000 0.000000
vt 1.000000 1.000000
vt 1.000000 1.000000
vt 0.000000 0.000000
vt 1.000000 1.000000
vt 1.000000 1.000000
vt 0.000000 0.000000
vt 1.000000 0.000000
vt 0.000000 0.000000
vt 0.000000 0.000000
vt 1.000000 0.000000
vt 1.000000 0.000000
vt 1.000000 0.000000
vt 0.000000 0.000000
vt 0.000000 0.000000
vt 1.000000 0.000000
vt 1.000000 0.000000
vt 0.000000 0.000000
vt 1.000000 1.000000
vt 0.000000 0.000000
vt 1.000000 1.000000
vt 1.000000 0.000000
vt 1.000000 1.000000
vt 1.000000 1.000000
vt 1.000000 0.000000
vt 1.000000 0.000000
vt 0.000000 0.000000
vt 0.000000 0.000000
vt 1.000000 0.000000
vt 1.000000 1.000000
vt 1.000000 0.000000
vt 1.000000 0.000000
vt 1.000000 0.000000
vt 0.000000 0.000000
vt 1.000000 0.000000
vt 1.000000 1.000000
vt 1.000000 0.000000
vt 0.000000 0.000000
vt 0.000000 0.000000
vt 0.000000 0.000000
vt 0.000000 0.000000
vt 1.000000 1.000000
vt 1.000000 1.000000
vt 1.000000 0.000000
vt 0.000000 0.000000
vt 1.000000 1.000000
vt 0.000000 0.000000
vt 1.000000 0.000000
vt 1.000000 0.000000
vt 1.000000 1.000000
vt 0.000000 0.000000
vt 1.000000 0.000000
vt 1.000000 1.000000
vt 0.000000 0.000000
vt 0.000000 0.000000
vt 1.000000 1.000000
vt 0.000000 0.000000
vt 1.000000 1.000000
vt 0.000000 0.000000
vt 0.000000 0.000000
vt 1.000000 1.000000
vt 1.000000 0.000000
vt 1.000000 0.000000
vt 0.000000 0.000000
vt 1.000000 0.000000
vt 0.000000 0.000000
vt 1.000000 1.000000
vt 0.000000 0.000000
vt 1.000000 0.000000
vt 0.000000 0.000000
vt 0.000000 0.000000
vt 0.000000 0.000000
vt 1.000000 0.000000
vt 1.000000 1.000000
vt 0.000000 0.000000
vt 0.000000 0.000000
vt 1.000000 0.000000
vt 1.000000 0.000000
vt 1.000000 1.000000
vt 0.000000 0.000000
vt 1.000000 0.000000
vt 1.000000 1.000000
vt 0.000000 0.000000
vt 0.000000 0.000000
vt 1.000000 0.000000
vt 0.000000 0.000000
vt 1.000000 0.000000
vt 1.000000 1.000000
vt 0.000000 0.000000
vt 1.000000 0.000000
vt 1.000000 0.000000
vt 1.000000 0.000000
vt 0.000000 0.000000
vt 1.000000 1.000000
vt 1.000000 0.000000
vt 0.000000 0.000000
vt 0.000000 0.000000
vt 1.000000 0.000000
vt 0.000000 0.000000
vt 1.000000 0.000000
vt 1.000000 0.000000
vt 1.000000 1.000000
vt 0.000000 0.000000
vt 0.000000 0.000000
vt 0.000000 0.000000
vt 1.000000 0.000000
vt 1.000000 0.000000
vt 1.000000 1.000000
vt 0.000000 0.000000
vt 1.000000 0.000000
vt 0.000000 0.000000
vt 0.000000 0.000000
vt 1.000000 0.000000
vt 0.000000 0.000000
vt 1.000000 1.000000
vt 1.000000 0.000000
vt 1.000000 0.000000
vt 0.000000 0.000000
vt 1.000000 1.000000
vt 0.000000 0.000000
vt 1.000000 0.000000
vt 1.000000 0.000000
vt 0.000000 0.000000
vt 1.000000 0.000000
vt 1.000000 1.000000
vt 1.000000 0.000000
vt 1.000000 0.000000
vt 0.000000 0.000000
vt 1.000000 0.000000
vt 1.000000 1.000000
vt 0.000000 0.000000
vt 1.000000 1.000000
vt 1.000000 0.000000
vt 1.000000 1.000000
vt 1.000000 0.000000
vt 1.000000 1.000000
vt 1.000000 1.000000
vt 1.000000 1.000000
vt 1.000000 0.000000
vt 1.000000 1.000000
vt 1.000000 1.000000
vt 0.000000 0.000000
vt 0.000000 0.000000
vt 0.000000 0.000000
vt 0.000000 0.000000
vt 0.000000 0.000000
vt 1.000000 0.000000
vt 0.000000 0.000000
vt 1.000000 0.000000
vt 1.000000 0.000000
vt 1.000000 0.000000
vt 1.000000 1.000000
vt 1.000000 1.000000
vt 1.000000 0.000000
vt 1.000000 1.000000
vt 1.000000 0.000000
vt 1.000000 1.000000
vt 1.000000 0.000000
vt 1.000000 0.000000
vt 0.000000 0.000000
vt 1.000000 0.000000
vt 1.000000 1.000000
vt 0.000000 0.000000
vt 1.000000 1.000000
vt 0.000000 0.000000
vt 1.000000 1.000000
vt 1.000000 1.000000
vt 0.000000 0.000000
vt 1.000000 1.000000
vt 0.000000 0.000000
vt 1.000000 1.000000
vt 1.000000 0.000000
vt 1.000000 0.000000
vt 1.000000 0.000000
vt 1.000000 0.000000
vt 0.000000 0.000000
vt 1.000000 0.000000
vt 1.000000 1.000000
vt 1.000000 0.000000
vt 1.000000 0.000000
vt 1.000000 0.000000
vt 1.000000 0.000000
vt 0.000000 0.000000
vt 0.000000 0.000000
vt 0.000000 0.000000
vt 1.000000 1.000000
vn -0.1004 -0.2787 0.9551
vn -0.0111 -0.2366 0.9715
vn -0.0188 -0.2676 0.9634
vn 0.3422 -0.2497 0.9059
vn 0.3106 -0.2312 0.9220
vn 0.3918 -0.2114 0.8954
vn 0.0397 0.2844 0.9579
vn -0.0606 0.3088 0.9492
vn 0.0132 0.2998 0.9539
vn -0.1787 -0.3543 0.9179
vn -0.1869 -0.3671 0.9112
vn -0.1788 -0.3280 0.9276
vn -0.6271 0.1058 0.7717
vn -0.6197 0.2570 0.7415
vn -0.5562 -0.2714 0.7855
vn -0.3567 0.3777 0.8545
vn -0.4215 0.6010 0.6791
vn -0.1313 0.4309 0.8928
vn -0.6160 0.4378 0.6549
vn -0.2537 0.4041 0.8788
vn -0.2737 0.3853 0.8813
vn -0.2855 0.4493 0.8466
vn 0.2837 0.2774 0.9179
vn 0.2840 0.2724 0.9193
vn 0.2813 0.2743 0.9196
vn 0.2679 0.2898 0.9188
vn 0.2736 0.2885 0.9176
vn 0.2728 0.2854 0.9188
vn -0.1204 0.2686 0.9557
vn -0.1159 0.2665 0.9568
vn -0.1225 0.2663 0.9561
vn 0.0458 0.0498 0.9977
vn 0.0434 0.0518 0.9977
vn 0.0413 0.0506 0.9979
vn -0.0172 0.0267 0.9995
vn -0.0161 0.0289 0.9995
vn -0.0196 0.0337 0.9992
vn -0.0203 0.0290 0.9994
vn -0.0215 0.0260 0.9994
vn -0.0206 0.0291 0.9994
vn -0.1273 0.1602 0.9788
vn -0.1374 0.1639 0.9769
vn -0.1307 0.1823 0.9745
vn 0.1804 0.1768 0.9676
vn 0.1831 0.1764 0.9671
vn 0.1827 0.1827 0.9661
vn 0.6412 0.1395 0.7546
vn 0.6249 0.1574 0.7647
vn 0.6500 0.1447 0.7460
vn 0.5474 0.3544 0.7581
vn 0.5643 0.3441 0.7504
vn 0.5554 0.3317 0.7625
vn 0.5330 0.3273 0.7803
vn 0.5312 0.2890 0.7965
vn 0.4873 0.2726 0.8296
vn -0.4465 0.2299 0.8647
vn -0.4645 0.2150 0.8591
vn 0.3675 0.2479 0.8964
vn 0.3814 0.2733 0.8831
vn 0.3815 0.2352 0.8939
vn 0.2799 0.1748 0.9440
vn 0.2683 0.1783 0.9467
vn 0.2901 0.1777 0.9404
vn 0.2661 0.1709 0.9487
vn 0.2709 0.1472 0.9513
vn 0.2523 0.1634 0.9538
vn 0.2125 0.2188 0.9523
vn 0.2136 0.2209 0.9516
vn 0.2074 0.2238 0.9523
vn -0.1237 0.2498 0.9604
vn -0.1214 0.2510 0.9603
vn -0.1278 0.2493 0.9600
vn -0.0572 0.2959 0.9535
vn -0.0510 0.2977 0.9533
vn -0.0570 0.2987 0.9527
vn 0.0763 0.3152 0.9459
vn 0.0822 0.3137 0.9460
vn 0.0804 0.3164 0.9452
vn -0.0672 -0.0690 0.9954
vn -0.0701 -0.0610 0.9957
vn -0.0727 -0.0641 0.9953
vn 0.2398 -0.0059 0.9708
vn 0.2425 -0.0234 0.9699
vn 0.2569 -0.0161 0.9663
vn 0.2662 0.4334 0.8610
vn 0.2641 0.4462 0.8551
vn 0.2697 0.4328 0.8602
vn 0.4874 0.1052 0.8668
vn 0.5395 0.0622 0.8397
vn 0.4835 0.1051 0.8690
vn 0.6158 0.2722 0.7394
vn 0.5948 0.2671 0.7582
vn 0.6120 0.2808 0.7393
vn 0.2972 0.1683 0.9399
vn 0.2809 0.1630 0.9458
vn 0.3266 0.1346 0.9355
vn 0.3144 0.1357 0.9396
vn 0.3208 0.1593 0.9337
vn 0.3036 0.1582 0.9396
vn 0.2881 0.1390 0.9475
vn -0.3649 0.2139 0.9062
vn -0.3602 0.2144 0.9079
vn -0.3555 0.2174 0.9090
vn -0.2820 0.2474 0.9270
vn -0.2806 0.2480 0.9272
vn -0.2762 0.2470 0.9288
vn 0.0380 -0.3275 0.9441
vn 0.0693 -0.3442 0.9363
vn 0.0462 -0.3376 0.9402
vn 0.1032 -0.3512 0.9306
vn 0.0402 -0.7550 0.6545
vn 0.0903 -0.3291 0.9400
vn 0.3801 -0.1841 0.9064
vn 0.4181 -0.2217 0.8809
vn 0.3930 -0.1700 0.9037
vn -0.3765 -0.0539 0.9248
vn -0.4326 -0.0904 0.8971
vn -0.3645 -0.0681 0.9287
vn 0.5481 -0.0822 0.8324
vn 0.5020 -0.0377 0.8641
vn 0.5432 -0.1454 0.8270
vn -0.3554 0.1830 0.9166
vn -0.3598 0.1824 0.9150
vn -0.3623 0.1831 0.9139
vn 0.6354 0.2530 0.7296
vn 0.6251 0.2783 0.7292
vn 0.5105 0.3425 0.7888
vn 0.2972 0.2336 0.9258
vn 0.2986 0.2303 0.9262
vn 0.3041 0.2304 0.9244
vn -0.5204 0.1271 0.8444
vn -0.4156 0.2802 0.8653
vn -0.5437 0.1943 0.8165
vn 0.5902 0.1842 0.7860
vn 0.5838 0.1645 0.7951
vn 0.5669 0.1793 0.8041
vn 0.5751 0.2486 0.7794
vn 0.6089 0.2622 0.7486
vn 0.5832 0.2483 0.7734
vn -0.4496 0.1889 0.8730
vn -0.4670 0.2022 0.8608
vn -0.4632 0.2074 0.8617
vn 0.3839 0.1564 0.9100
vn 0.3864 0.1568 0.9089
vn 0.3778 0.1529 0.9132
vn -0.4845 0.2027 0.8510
vn -0.4866 0.2029 0.8497
vn -0.4888 0.2014 0.8488
vn 0.3451 0.1554 0.9256
vn 0.3462 0.1531 0.9256
vn 0.3460 0.1549 0.9254
vn 0.3695 0.1347 0.9194
vn 0.3704 0.1328 0.9193
vn 0.3707 0.1301 0.9196
vn 0.1869 0.0667 0.9801
vn 0.3671 0.1275 0.9214
vn 0.1913 0.0604 0.9797
vn 0.3969 0.0250 0.9175
vn 0.0255 -0.1925 0.9810
vn 0.1365 -0.3900 0.9106
vn -0.2428 -0.3728 0.8956
vn -0.2165 -0.3555 0.9093
vn -0.1938 -0.3146 0.9292
vn 0.0078 -0.2879 0.9576
vn 0.1549 -0.5154 0.8428
vn 0.0797 -0.3294 0.9408
vn -0.4887 -0.1840 0.8529
vn -0.7169 0.2129 0.6639
vn -0.2175 -0.0338 0.9755
vn 0.0793 -0.1771 0.9810
vn 0.0974 -0.1857 0.9778
vn 0.1178 -0.1820 0.9762
vn -0.1430 -0.2627 0.9542
vn -0.2780 -0.3354 0.9001
vn 0.3383 -0.5121 0.7895
vn 0.3108 -0.4621 0.8306
vn 0.3006 -0.4537 0.8389
vn -0.3234 -0.2360 0.9164
vn -0.3774 -0.2602 0.8887
vn -0.3503 -0.2427 0.9046
vn 0.3292 -0.3485 0.8776
vn 0.3411 -0.3858 0.8572
vn 0.3706 -0.3632 0.8548
vn -0.4768 0.2172 0.8518
vn -0.4707 0.2130 0.8562
vn -0.4759 0.2184 0.8519
vn -0.4878 0.1803 0.8542
vn -0.4961 0.1813 0.8491
vn -0.4884 0.1792 0.8540
vn -0.4888 0.1744 0.8548
vn -0.4864 0.1722 0.8566
vn -0.4884 0.1750 0.8549
vn -0.5345 0.2176 0.8167
vn -0.5326 0.2177 0.8179
vn -0.5333 0.2153 0.8181
vn 0.4726 0.2190 0.8536
vn 0.4767 0.2221 0.8506
vn 0.4765 0.2185 0.8516
vn -0.1843 0.1816 0.9660
vn -0.4870 0.2015 0.8498
vn -0.4843 0.2019 0.8513
vn -0.2440 0.1050 0.9641
vn -0.2761 -0.7032 0.6551
vn -0.2715 -0.6695 0.6914
vn -0.3079 -0.6775 0.6680
vn 0.3126 -0.4276 0.8482
vn 0.3002 -0.3958 0.8679
vn 0.3363 -0.4892 0.8047
vn 0.0227 0.0989 0.9948
vn -0.5915 0.5068 0.6271
vn 0.4863 -0.4503 0.7488
vn 0.4908 -0.4394 0.7524
vn 0.5070 -0.4363 0.7434
vn 0.4981 -0.1263 0.8579
vn 0.4982 -0.1990 0.8439
vn 0.5297 -0.2225 0.8185
vn 0.6929 -0.1377 0.7077
vn 0.7677 -0.1978 0.6096
vn 0.7123 -0.2038 0.6717
vn -0.4592 0.2126 0.8625
vn -0.4645 0.2135 0.8595
vn -0.4589 0.2144 0.8622
vn -0.2937 0.0785 0.9527
vn -0.5584 0.1502 0.8159
vn -0.5565 0.1512 0.8169
vn -0.2927 0.0786 0.9530
vn -0.1141 -0.5508 0.8268
vn -0.1321 -0.7033 0.6985
vn -0.0739 -0.5635 0.8228
vn 0.2038 -0.5693 0.7964
vn 0.4310 -0.7432 0.5117
vn 0.3116 -0.8444 0.4358
vn 0.4045 -0.5663 0.7181
vn 0.3810 -0.5541 0.7401
vn 0.3945 -0.5666 0.7235
vn -0.5203 -0.3250 0.7897
vn -0.5095 -0.3197 0.7989
vn -0.5051 -0.3156 0.8033
vn 0.5051 -0.4236 0.7520
vn 0.5063 -0.4157 0.7555
vn 0.4847 -0.4230 0.7656
vn -0.5542 -0.3603 0.7504
vn -0.5243 -0.3817 0.7612
vn -0.5267 -0.3606 0.7698
vn 0.6575 -0.3123 0.6857
vn 0.6766 -0.3140 0.6661
vn 0.6489 -0.2998 0.6993
vn -0.6277 0.1521 0.7635
vn -0.6464 0.1458 0.7489
vn -0.6413 0.1453 0.7534
vn -0.6938 0.2710 0.6672
vn -0.6681 0.2708 0.6930
vn -0.6658 0.2871 0.6886
vn -0.6674 0.1204 0.7349
vn -0.6836 0.0980 0.7232
vn -0.6872 0.1588 0.7089
vn 0.6451 0.2546 0.7205
vn 0.6051 0.2652 0.7507
vn 0.5905 0.2766 0.7582
vn -0.5298 0.8433 -0.0903
vn -0.7455 0.5562 -0.3674
vn -0.8610 0.3435 -0.3750
vn -0.1380 -0.9759 0.1689
vn -0.6833 -0.7301 -0.0084
vn 0.3383 -0.6666 0.6643
vn 0.5073 0.1996 0.8383
vn 0.5095 0.2019 0.8365
vn 0.5114 0.2007 0.8356
vn -0.2901 0.0878 0.9530
vn -0.5523 0.1662 0.8169
vn -0.5531 0.1669 0.8162
vn -0.2902 0.0879 0.9529
vn 0.3373 -0.5698 0.7493
vn 0.3322 -0.6089 0.7203
vn 0.3634 -0.5634 0.7420
vn 0.3098 -0.8687 0.3865
vn 0.3060 -0.8743 0.3768
vn 0.2971 -0.8755 0.3811
vn 0.8702 -0.4864 0.0783
vn 0.8262 -0.3760 0.4194
vn 0.7777 -0.3766 0.5034
vn 0.8052 0.3154 0.5022
vn 0.8632 0.1979 0.4645
vn 0.8418 0.2663 0.4696
vn 0.8609 0.0958 0.4996
vn 0.8077 0.0192 0.5893
vn 0.8757 0.0192 0.4825
vn 0.8346 0.1574 0.5278
vn 0.7914 0.2592 0.5536
vn -0.6472 0.1793 0.7409
vn -0.6737 0.1430 0.7251
vn -0.6539 0.1583 0.7398
vn 0.5814 -0.1219 0.8044
vn 0.1632 0.8303 0.5329
vn 0.2541 0.1380 0.9573
vn 0.4940 0.2488 0.8331
vn 0.2510 0.1281 0.9595
vn -0.1651 -0.8272 0.5371
vn -0.1797 -0.8012 0.5708
vn -0.1323 -0.8361 0.5324
vn 0.2916 -0.8743 0.3879
vn 0.2460 -0.8899 0.3841
vn 0.2459 -0.8812 0.4037
vn -0.3857 -0.8286 0.4058
vn -0.3659 -0.8141 0.4509
vn -0.3545 -0.8433 0.4039
vn -0.5090 -0.4890 0.7084
vn -0.4698 -0.5338 0.7031
vn -0.4446 -0.5423 0.7129
vn 0.1920 -0.8785 0.4374
vn 0.0952 -0.8487 0.5202
vn 0.0940 -0.8763 0.4724
vn 0.8739 -0.4849 0.0338
vn 0.7328 -0.5477 0.4038
vn 0.8397 -0.5324 -0.1069
vn 0.8035 -0.5864 -0.1026
vn 0.7958 -0.5801 -0.1736
vn 0.8146 -0.5711 -0.1011
vn 0.8062 -0.5916 -0.0010
vn 0.8100 -0.5801 -0.0860
vn 0.8140 -0.5465 -0.1967
vn 0.9289 -0.2179 0.2995
vn 0.9164 -0.3817 0.1205
vn 0.8976 -0.3552 0.2611
vn -0.7506 0.1261 0.6486
vn -0.7801 0.1381 0.6103
vn -0.7732 0.1177 0.6232
vn 0.5528 0.6910 0.4658
vn 0.9513 -0.3044 -0.0481
vn -0.2355 -0.3719 -0.8979
vn -0.8179 -0.3542 -0.4534
vn 0.3877 -0.6377 -0.6657
vn 0.2249 -0.9391 0.2597
vn -0.1070 -0.9380 0.3297
vn -0.1394 -0.9448 0.2965
vn -0.1589 -0.9339 0.3203
vn 0.4483 -0.5590 0.6975
vn 0.3848 -0.5638 0.7308
vn 0.4678 -0.5466 0.6946
vn 0.5099 -0.6676 0.5425
vn 0.5743 -0.7180 0.3933
vn 0.7234 -0.6894 -0.0386
vn -0.5967 -0.4069 0.6916
vn -0.6145 -0.4295 0.6618
vn -0.5999 -0.4103 0.6869
vn 0.7445 -0.5534 -0.3735
vn 0.7543 -0.6561 0.0219
vn 0.7144 -0.4826 -0.5067
vn 0.7389 -0.5937 -0.3187
vn 0.6664 -0.6394 -0.3835
vn 0.8140 -0.5189 -0.2611
vn 0.8392 -0.5104 -0.1879
vn 0.7517 -0.5436 -0.3734
vn 0.9088 -0.2860 -0.3038
vn 0.6203 -0.7843 0.0128
vn -0.8727 -0.4855 0.0508
vn -0.8523 -0.3174 0.4157
vn -0.8474 -0.3269 0.4185
vn 0.8355 -0.2910 0.4661
vn 0.8619 -0.3086 0.4023
vn 0.9135 0.0270 0.4060
vn 0.9144 -0.0054 0.4047
vn 0.9128 0.0003 0.4085
vn 0.5270 -0.0046 0.8498
vn 0.8965 -0.0042 0.4430
vn 0.5294 -0.0021 0.8484
vn 0.8394 0.0681 0.5393
vn 0.7953 0.1668 0.5828
vn 0.0482 -0.7350 0.6763
vn 0.0868 -0.7561 0.6487
vn 0.1014 -0.7488 0.6550
vn -0.1479 -0.8391 0.5235
vn -0.0890 -0.8445 0.5282
vn -0.0662 -0.8168 0.5731
vn -0.8242 -0.3882 -0.4122
vn -0.8073 -0.3279 -0.4906
vn -0.9076 -0.3132 -0.2794
vn -0.9299 -0.3552 0.0953
vn -0.7691 -0.5285 -0.3596
vn -0.7411 -0.6703 -0.0385
vn -0.7659 -0.6257 -0.1480
vn 0.7243 -0.5296 0.4415
vn 0.7628 -0.6198 0.1841
vn 0.8693 -0.3733 0.3239
vn 0.7623 -0.6456 0.0449
vn 0.9139 -0.2407 -0.3268
vn 0.3656 -0.6070 0.7056
vn 0.3385 -0.7887 0.5131
vn -0.8398 -0.5081 -0.1913
vn -0.8423 -0.5151 -0.1587
vn -0.8427 -0.5199 -0.1395
vn -0.8770 -0.4033 -0.2613
vn -0.9404 -0.2880 0.1808
vn -0.8701 -0.3793 -0.3149
vn 0.3337 -0.7948 0.5068
vn 0.3441 -0.7746 0.5307
vn 0.3340 -0.7451 0.5773
vn -0.2317 -0.6227 0.7474
vn -0.2360 -0.6379 0.7330
vn -0.2416 -0.6257 0.7417
vn 0.2383 -0.8276 0.5081
vn 0.3184 -0.8086 0.4948
vn 0.3197 -0.7491 0.5802
vn -0.8144 -0.5554 -0.1679
vn -0.6873 -0.5197 -0.5074
vn -0.6598 -0.6442 -0.3869
vn 0.4769 -0.6585 -0.5821
vn 0.3257 -0.9454 -0.0077
vn 0.3728 -0.7355 -0.5657
vn -0.8757 -0.4802 0.0517
vn -0.8309 -0.5267 -0.1796
vn -0.7679 -0.6387 -0.0490
vn 0.6884 -0.5589 -0.4623
vn 0.6228 -0.7822 -0.0163
vn 0.9488 0.0360 0.3139
vn 0.9035 -0.4133 0.1136
vn 0.6155 -0.4093 0.6735
vn 0.5983 -0.3651 0.7132
vn 0.4803 -0.1186 0.8690
vn 0.9642 -0.0416 0.2618
vn 0.5712 0.0560 0.8189
vn -0.8426 -0.4666 -0.2688
vn -0.8715 -0.4048 -0.2769
vn -0.8711 -0.4257 -0.2449
vn 0.2767 -0.9171 -0.2870
vn 0.2682 -0.8498 0.4537
vn 0.1643 -0.8290 0.5346
vn 0.0471 -0.4963 0.8669
vn -0.0254 -0.9919 0.1242
vn -0.2091 -0.9066 0.3665
vn -0.8164 -0.5537 -0.1641
vn -0.8280 -0.5598 -0.0312
vn 0.6042 -0.4093 0.6837
vn 0.5831 -0.1159 0.8041
vn 0.4537 -0.3572 0.8164
vn -0.7993 -0.5919 0.1041
vn -0.7746 -0.6208 0.1211
vn -0.7735 -0.6227 0.1182
vn 0.5383 -0.0850 0.8385
vn 0.6661 -0.3297 0.6690
vn -0.9057 -0.4177 -0.0725
vn -0.9050 -0.4225 -0.0506
vn -0.8936 -0.4329 -0.1183
vn -0.5927 -0.1852 -0.7839
vn -0.9416 -0.3079 -0.1363
vn -0.4585 -0.1881 -0.8686
vn -0.2042 -0.9670 -0.1525
vn -0.1832 -0.8585 0.4790
vn -0.2776 -0.8117 -0.5140
vn -0.4900 -0.8385 -0.2384
vn -0.2934 -0.9116 -0.2879
vn -0.2218 -0.9362 0.2725
vn -0.2941 -0.7428 -0.6015
vn -0.1706 -0.6025 -0.7797
vn -0.2566 -0.4990 -0.8277
vn -0.4287 -0.6050 -0.6710
vn 0.5489 -0.1140 -0.8281
vn 0.4881 0.3291 -0.8083
vn 0.7524 -0.0055 -0.6587
vn -0.3078 -0.6620 -0.6834
vn -0.2467 -0.3782 -0.8922
vn -0.2308 -0.4967 -0.8367
vn 0.1612 -0.8094 0.5648
vn 0.1773 -0.8119 0.5562
vn 0.1781 -0.8013 0.5711
vn 0.4282 -0.3921 0.8142
vn 0.5121 -0.4469 0.7335
vn 0.4089 -0.4165 0.8120
vn 0.3806 -0.1424 0.9137
vn 0.3975 -0.1398 0.9069
vn 0.7129 -0.2666 0.6486
vn -0.0752 -0.5002 -0.8627
vn 0.0270 -0.5565 -0.8304
vn -0.2027 -0.9755 -0.0854
vn 0.1028 -0.2367 -0.9661
vn 0.3501 -0.4339 -0.8302
vn 0.1750 -0.2467 -0.9532
vn -0.2121 -0.4262 -0.8794
vn -0.2943 -0.2636 -0.9187
vn 0.0274 -0.2175 -0.9757
vn 0.0563 -0.5850 -0.8091
vn -0.7368 -0.1094 -0.6673
vn -0.6844 -0.0720 -0.7255
vn -0.7055 -0.1395 -0.6949
vn -0.0773 -0.8574 -0.5088
vn -0.2333 -0.8115 -0.5358
vn -0.1402 -0.4760 -0.8682
vn -0.8930 -0.2603 -0.3672
vn -0.8890 -0.3433 0.3029
vn -0.4311 -0.1030 0.8964
vn -0.2578 -0.4465 -0.8569
vn -0.2321 -0.4492 -0.8628
vn -0.2931 -0.4254 -0.8563
vn -0.3200 -0.6393 -0.6992
vn -0.3815 -0.3434 -0.8582
vn 0.1909 -0.8082 0.5571
vn 0.2141 -0.7975 0.5640
vn 0.1953 -0.7763 0.5993
vn 0.6503 0.2613 0.7133
vn 0.6257 0.2488 0.7394
vn 0.6364 0.2791 0.7191
vn 0.4656 -0.1377 0.8742
vn 0.2841 -0.0283 0.9584
vn 0.1663 -0.2391 0.9566
vn 0.2269 -0.0754 0.9710
vn -0.6430 0.0590 0.7636
vn -0.5706 0.1586 0.8058
vn -0.6195 0.0175 0.7848
vn 0.5382 0.5294 0.6558
vn 0.4857 0.4899 0.7239
vn 0.4712 0.5623 0.6796
vn 0.4612 0.6207 0.6341
vn 0.3954 0.5574 0.7301
vn 0.3865 0.6479 0.6564
vn 0.1905 0.3854 0.9029
vn 0.0508 0.3262 0.9439
vn 0.1469 0.3237 0.9347
vn -0.0633 0.2906 0.9548
vn -0.1689 0.3982 0.9016
vn -0.0497 0.3320 0.9420
vn -0.1395 -0.1679 0.9759
vn 0.5175 -0.1161 0.8478
vn 0.4674 -0.0501 0.8826
vn -0.5983 0.2671 0.7555
vn -0.6885 0.1675 0.7057
vn -0.7124 0.1269 0.6902
vn -0.6781 0.2319 0.6974
vn -0.6611 0.1910 0.7256
vn -0.6582 0.2598 0.7066
vn -0.6456 0.2776 0.7114
vn -0.6137 0.2833 0.7369
vn -0.6099 0.3169 0.7263
vn -0.5459 0.2602 0.7964
vn -0.6047 0.3407 0.7199
vn -0.5836 0.3537 0.7310
vn -0.5453 0.2835 0.7889
vn -0.3166 0.4030 0.8587
vn -0.3036 0.4348 0.8478
vn -0.2842 0.3654 0.8864
vn 0.3252 0.3771 0.8672
vn 0.3666 0.5204 0.7712
vn 0.2791 0.3494 0.8944
vn 0.2829 0.2746 0.9190
vn 0.2898 0.2701 0.9182
vn 0.2907 0.2704 0.9178
vn 0.2676 0.2882 0.9194
vn 0.2818 0.2881 0.9152
vn 0.2814 0.2796 0.9179
vn 0.2922 0.2878 0.9120
vn 0.3015 0.2870 0.9093
vn 0.2941 0.2698 0.9169
vn 0.2718 0.2781 0.9213
vn 0.2738 0.2849 0.9186
vn 0.2756 0.2754 0.9210
vn 0.2485 0.2805 0.9271
vn 0.2528 0.2855 0.9244
vn 0.2658 0.2759 0.9237
vn 0.2536 0.2943 0.9214
vn 0.2518 0.2859 0.9246
vn 0.2694 0.2885 0.9188
vn -0.2168 0.2321 0.9482
vn -0.2360 0.2266 0.9450
vn -0.2090 0.2416 0.9476
vn -0.2273 0.2368 0.9446
vn -0.2506 0.2219 0.9423
vn -0.2235 0.2337 0.9463
vn -0.0944 0.3082 0.9466
vn -0.0998 0.3070 0.9465
vn -0.0876 0.3117 0.9461
vn -0.0059 0.3101 0.9507
vn -0.0057 0.3094 0.9509
vn 0.1446 0.3094 0.9399
vn 0.2631 0.1754 0.9487
vn 0.2541 0.1749 0.9512
vn 0.2545 0.1741 0.9513
vn -0.1137 0.2623 0.9583
vn -0.0883 0.2619 0.9611
vn -0.0855 0.2608 0.9616
vn -0.1240 0.2669 0.9557
vn -0.1191 0.2691 0.9557
vn -0.1221 0.2642 0.9567
vn 0.1837 0.2117 0.9599
vn 0.1801 0.2121 0.9605
vn 0.2240 0.2002 0.9538
vn 0.0295 0.0493 0.9983
vn 0.0436 0.0540 0.9976
vn 0.0424 0.0516 0.9978
vn 0.0446 0.0344 0.9984
vn 0.0482 0.0450 0.9978
vn 0.0375 0.0478 0.9982
vn 0.0523 0.0457 0.9976
vn 0.0585 0.0520 0.9969
vn 0.0532 0.0588 0.9969
vn -0.0322 0.0477 0.9983
vn -0.0208 0.0352 0.9992
vn -0.0344 0.0452 0.9984
vn -0.0368 0.0350 0.9987
vn -0.0247 0.0239 0.9994
vn -0.0306 0.0436 0.9986
vn -0.0209 0.0197 0.9996
vn -0.0213 0.0184 0.9996
vn -0.0177 0.0266 0.9995
vn -0.0094 0.0323 0.9994
vn -0.0214 0.0192 0.9996
vn -0.0079 0.0193 0.9998
vn -0.0151 0.0316 0.9994
vn -0.0197 0.0296 0.9994
vn -0.0181 0.0311 0.9994
vn -0.0220 0.0263 0.9994
vn -0.0257 0.0151 0.9996
vn -0.0257 0.0161 0.9995
vn -0.1620 0.1559 0.9744
vn -0.0912 0.0994 0.9909
vn -0.1364 0.1825 0.9737
vn -0.0853 0.1133 0.9899
vn -0.1233 0.1421 0.9821
vn -0.1794 0.1818 0.9668
vn -0.1590 0.1875 0.9693
vn -0.1544 0.1160 0.9812
vn 0.0276 0.0310 0.9991
vn -0.0007 0.0275 0.9996
vn 0.0172 0.0379 0.9991
vn -0.1747 0.0081 0.9846
vn -0.2672 0.0439 0.9626
vn -0.2468 0.0843 0.9654
vn 0.1394 0.0907 0.9861
vn 0.1041 0.0760 0.9917
vn 0.1892 0.1989 0.9616
vn 0.1893 0.1752 0.9662
vn 0.1990 0.1984 0.9597
vn 0.1884 0.1869 0.9641
vn 0.1783 0.1804 0.9673
vn 0.1842 0.1961 0.9631
vn 0.1756 0.1719 0.9693
vn 0.1787 0.1643 0.9701
vn 0.1853 0.1706 0.9678
vn -0.3676 -0.1027 0.9243
vn -0.4061 -0.2325 0.8838
vn -0.3495 -0.0738 0.9340
vn 0.2443 0.4138 0.8770
vn 0.2213 0.3541 0.9087
vn 0.2457 0.4063 0.8801
vn 0.3365 0.1564 0.9286
vn 0.3290 0.1839 0.9262
vn 0.4395 0.0051 0.8982
vn 0.4764 -0.0562 0.8774
vn 0.3373 0.0419 0.9405
vn 0.3321 0.1313 0.9341
vn 0.5290 0.0698 0.8457
vn 0.5322 0.0575 0.8447
vn 0.4844 0.1051 0.8685
vn -0.5027 0.0590 0.8624
vn -0.5857 -0.0014 0.8105
vn -0.5665 -0.0173 0.8239
vn -0.4663 0.0294 0.8841
vn -0.5146 -0.0494 0.8560
vn -0.6569 -0.0098 0.7539
vn -0.6440 0.0568 0.7629
vn 0.6167 0.1275 0.7768
vn 0.6082 0.1492 0.7796
vn -0.6544 0.0532 0.7543
vn -0.6587 0.1552 0.7363
vn -0.6319 0.2765 0.7241
vn -0.6629 0.2509 0.7054
vn -0.6392 0.2525 0.7264
vn 0.4958 0.2269 0.8383
vn 0.5601 0.2836 0.7784
vn 0.5099 0.3959 0.7637
vn 0.5492 0.3704 0.7491
vn 0.4418 0.4576 0.7716
vn 0.4052 0.3882 0.8277
vn 0.4969 0.4774 0.7247
vn -0.4195 0.2478 0.8733
vn -0.4202 0.2154 0.8815
vn 0.3674 0.2819 0.8863
vn 0.3672 0.2770 0.8879
vn -0.4178 0.2061 0.8848
vn -0.4338 0.1885 0.8811
vn -0.4240 0.1977 0.8838
vn -0.4625 0.1684 0.8705
vn -0.5051 0.1392 0.8518
vn -0.4608 0.1726 0.8705
vn -0.3740 0.2171 0.9017
vn -0.3546 0.2197 0.9088
vn -0.3511 0.2258 0.9087
vn 0.2996 0.1206 0.9464
vn 0.2771 0.1293 0.9521
vn 0.2736 0.1295 0.9531
vn 0.2826 0.1368 0.9494
vn 0.2461 0.1538 0.9570
vn 0.2457 0.1479 0.9580
vn 0.2484 0.1477 0.9573
vn 0.1948 0.2353 0.9522
vn 0.2159 0.2301 0.9489
vn 0.2058 0.2360 0.9497
vn 0.1848 0.2337 0.9546
vn 0.2066 0.2187 0.9537
vn 0.1878 0.2366 0.9533
vn 0.2148 0.2147 0.9528
vn 0.2210 0.2104 0.9523
vn 0.2171 0.2203 0.9510
vn -0.1375 0.2509 0.9582
vn -0.1190 0.2556 0.9594
vn -0.1325 0.2574 0.9572
vn -0.1388 0.2529 0.9575
vn -0.1281 0.2510 0.9595
vn -0.1417 0.2500 0.9578
vn -0.1203 0.2528 0.9600
vn -0.1018 0.2597 0.9603
vn -0.1116 0.2577 0.9598
vn -0.0568 0.3046 0.9508
vn -0.0363 0.3021 0.9526
vn -0.0378 0.3084 0.9505
vn -0.0740 0.2989 0.9514
vn -0.0644 0.2939 0.9536
vn -0.0640 0.3029 0.9509
vn -0.0573 0.2931 0.9544
vn -0.0391 0.2938 0.9551
vn -0.0375 0.2986 0.9536
vn 0.0869 0.3169 0.9445
vn 0.0930 0.3080 0.9468
vn 0.1005 0.3106 0.9452
vn 0.0697 0.3184 0.9454
vn 0.0674 0.3150 0.9467
vn 0.0797 0.3183 0.9446
vn 0.0686 0.3120 0.9476
vn 0.0761 0.3049 0.9493
vn 0.0872 0.3074 0.9476
vn -0.0987 -0.0894 0.9911
vn -0.0936 -0.0923 0.9913
vn -0.0852 -0.0725 0.9937
vn -0.0718 -0.0612 0.9955
vn -0.0649 -0.0519 0.9965
vn -0.0707 -0.0488 0.9963
vn -0.0517 -0.1006 0.9936
vn -0.0554 -0.0888 0.9945
vn -0.0695 -0.0696 0.9951
vn -0.0485 -0.0844 0.9953
vn -0.0497 -0.0780 0.9957
vn -0.0590 -0.0562 0.9967
vn -0.2120 0.0850 0.9736
vn -0.1988 0.0357 0.9794
vn -0.1893 0.0294 0.9815
vn -0.2328 0.0772 0.9694
vn -0.3051 0.0086 0.9523
vn -0.2325 0.0388 0.9718
vn 0.2870 0.0277 0.9575
vn 0.2643 -0.0048 0.9644
vn 0.3253 -0.0453 0.9445
vn 0.2118 -0.0463 0.9762
vn 0.3066 -0.1027 0.9463
vn 0.2794 0.0687 0.9577
vn 0.3080 0.0437 0.9504
vn -0.2120 0.1422 0.9669
vn -0.2140 0.1455 0.9659
vn -0.2132 0.1364 0.9674
vn -0.2020 0.1474 0.9682
vn -0.2201 0.1437 0.9648
vn -0.2091 0.1522 0.9660
vn 0.3914 0.1901 0.9004
vn 0.3975 0.1681 0.9020
vn 0.4876 0.1232 0.8644
vn 0.5716 0.1272 0.8106
vn 0.5533 0.1211 0.8242
vn 0.5435 0.1412 0.8274
vn 0.5593 0.1040 0.8224
vn 0.5569 0.0872 0.8260
vn 0.5355 0.1166 0.8365
vn 0.4933 0.1636 0.8543
vn 0.6536 0.2219 0.7236
vn 0.6538 0.2369 0.7187
vn 0.6514 0.2016 0.7315
vn -0.6904 0.2293 0.6861
vn -0.6798 0.2100 0.7027
vn -0.6020 0.2087 0.7708
vn 0.6324 0.2871 0.7195
vn 0.6437 0.2849 0.7103
vn 0.5256 0.2279 0.8196
vn 0.4174 0.2259 0.8802
vn 0.4618 0.1928 0.8658
vn 0.3878 0.2321 0.8920
vn 0.3933 0.2358 0.8887
vn 0.4041 0.2102 0.8903
vn 0.3738 0.2394 0.8960
vn 0.3637 0.2401 0.9000
vn 0.3779 0.2453 0.8928
vn 0.3273 0.1559 0.9320
vn 0.3319 0.1608 0.9295
vn 0.3295 0.1647 0.9297
vn 0.3039 0.1767 0.9362
vn 0.3088 0.1714 0.9356
vn 0.3409 0.1439 0.9290
vn 0.3159 0.1676 0.9339
vn -0.3373 0.2294 0.9130
vn -0.3541 0.2190 0.9092
vn -0.3313 0.2312 0.9147
vn -0.3681 0.2212 0.9031
vn -0.3771 0.2154 0.9008
vn -0.3510 0.2238 0.9092
vn -0.3789 0.2133 0.9005
vn -0.3788 0.2141 0.9004
vn -0.3658 0.2143 0.9057
vn 0.3464 0.1278 0.9294
vn 0.3255 0.1185 0.9381
vn 0.3308 0.1299 0.9347
vn 0.3141 0.1179 0.9420
vn 0.2535 0.2402 0.9370
vn 0.2586 0.2284 0.9386
vn 0.2745 0.2313 0.9333
vn -0.2626 0.2528 0.9312
vn -0.2772 0.2499 0.9277
vn -0.2610 0.2481 0.9329
vn -0.2850 0.2514 0.9250
vn -0.2901 0.2527 0.9230
vn -0.2816 0.2501 0.9264
vn 0.6957 0.6917 -0.1937
vn 0.2658 0.2673 0.9262
vn 0.1377 0.1362 0.9811
vn 0.2612 0.2701 0.9267
vn 0.2581 0.2684 0.9281
vn 0.2615 0.2672 0.9275
vn 0.2845 0.9419 -0.1788
vn 0.1031 0.3378 0.9356
vn -0.4761 0.7934 0.3793
vn 0.1073 0.3362 0.9357
vn 0.1203 0.3306 0.9361
vn 0.1200 0.3349 0.9346
vn 0.3865 0.1630 0.9078
vn 0.5873 0.4974 0.6385
vn 0.5812 0.4231 0.6951
vn 0.1601 -0.2874 0.9443
vn 0.0410 -0.2263 0.9732
vn 0.0668 -0.3276 0.9424
vn -0.0206 -0.2669 0.9635
vn 0.0447 -0.2552 0.9659
vn 0.1104 -0.2661 0.9576
vn 0.1627 -0.3453 0.9243
vn -0.0159 -0.1533 0.9881
vn 0.0090 -0.1614 0.9868
vn -0.0215 -0.2302 0.9729
vn 0.0344 -0.2338 0.9717
vn 0.0791 -0.2382 0.9680
vn 0.1921 -0.7528 0.6295
vn 0.0527 -0.2689 0.9617
vn 0.0046 -0.3139 0.9495
vn -0.1053 -0.2111 0.9718
vn -0.0677 -0.3152 0.9466
vn -0.0888 -0.2089 0.9739
vn 0.2085 -0.1925 0.9589
vn 0.2523 -0.3381 0.9067
vn 0.2725 -0.3268 0.9049
vn 0.2660 -0.3620 0.8934
vn 0.2827 -0.3686 0.8855
vn 0.3127 -0.3800 0.8705
vn 0.3332 -0.0803 0.9394
vn 0.4332 -0.1617 0.8867
vn 0.3473 -0.2577 0.9017
vn 0.4250 -0.3078 0.8512
vn 0.4894 -0.2697 0.8293
vn -0.2820 -0.0305 0.9589
vn -0.3502 -0.1127 0.9299
vn -0.4009 -0.0299 0.9156
vn 0.6255 -0.1164 0.7715
vn 0.5622 -0.0489 0.8255
vn 0.6017 -0.0379 0.7978
vn 0.5112 0.0180 0.8593
vn 0.4622 -0.0046 0.8868
vn -0.3692 0.1766 0.9124
vn -0.3617 0.1774 0.9153
vn -0.3738 0.1746 0.9109
vn -0.3474 0.1706 0.9221
vn -0.3419 0.1762 0.9231
vn -0.3647 0.1769 0.9142
vn -0.3351 0.1774 0.9253
vn -0.3340 0.1685 0.9274
vn -0.3523 0.1759 0.9192
vn 0.5489 0.1225 0.8269
vn 0.5142 0.2100 0.8315
vn 0.6288 0.2235 0.7448
vn 0.4728 0.3713 0.7991
vn 0.5035 0.2700 0.8207
vn 0.4440 0.3554 0.8225
vn 0.3202 0.2316 0.9186
vn 0.3037 0.2352 0.9233
vn 0.3182 0.2414 0.9168
vn 0.3285 0.2392 0.9137
vn 0.3004 0.2421 0.9226
vn 0.3280 0.2410 0.9134
vn 0.2969 0.2404 0.9242
vn 0.3041 0.2338 0.9235
vn 0.2977 0.2322 0.9260
vn -0.5459 0.1607 0.8223
vn -0.4522 0.2334 0.8608
vn -0.4550 0.2978 0.8392
vn 0.5713 0.1624 0.8045
vn 0.5840 0.1411 0.7994
vn 0.5524 0.1618 0.8177
vn 0.5437 0.2125 0.8120
vn 0.5283 0.1964 0.8260
vn 0.4226 0.2434 0.8730
vn 0.4727 0.2212 0.8530
vn 0.5953 0.2183 0.7733
vn 0.5991 0.2403 0.7638
vn 0.6275 0.2210 0.7466
vn 0.5749 0.2071 0.7916
vn 0.4961 0.2210 0.8396
vn 0.5744 0.2417 0.7820
vn 0.5811 0.2348 0.7792
vn 0.4987 0.2075 0.8416
vn 0.5903 0.2531 0.7665
vn -0.4458 0.1880 0.8751
vn -0.4694 0.1804 0.8644
vn -0.4850 0.1905 0.8535
vn 0.4012 0.1686 0.9003
vn 0.3821 0.1593 0.9103
vn -0.4901 0.1925 0.8501
vn -0.4821 0.1996 0.8531
vn -0.4947 0.1951 0.8469
vn -0.4768 0.2015 0.8556
vn -0.4741 0.2019 0.8570
vn -0.4841 0.2022 0.8513
vn 0.3465 0.1540 0.9253
vn 0.3474 0.1487 0.9259
vn 0.3502 0.1492 0.9247
vn 0.3450 0.1544 0.9258
vn 0.3433 0.1550 0.9264
vn 0.3458 0.1553 0.9254
vn 0.3413 0.1552 0.9270
vn 0.3414 0.1573 0.9267
vn 0.3459 0.1512 0.9260
vn -0.3350 0.9198 -0.2044
vn -0.1360 0.3664 0.9205
vn -0.1253 0.3684 0.9212
vn -0.0664 0.1931 0.9789
vn -0.1518 -0.3216 0.9346
vn -0.0511 -0.2333 0.9711
vn -0.1697 -0.4381 0.8828
vn -0.2568 -0.4749 0.8417
vn -0.2597 -0.4607 0.8487
vn -0.0635 -0.2971 0.9527
vn 0.1130 -0.4722 0.8742
vn 0.0151 -0.4110 0.9115
vn 0.1184 -0.5047 0.8551
vn -0.8234 -0.2527 0.5081
vn 0.2017 -0.2644 0.9431
vn 0.1772 -0.3384 0.9242
vn -0.2433 -0.1833 0.9525
vn -0.3292 -0.2400 0.9132
vn -0.3069 -0.2102 0.9282
vn -0.2040 -0.0474 0.9778
vn -0.2845 -0.1615 0.9450
vn -0.2272 -0.2017 0.9527
vn 0.6721 0.6593 0.3371
vn 0.2898 0.7226 0.6276
vn 0.4968 0.4192 0.7599
vn -0.0716 -0.4980 0.8642
vn -0.0794 -0.4102 0.9085
vn -0.0622 -0.2542 0.9651
vn -0.0981 -0.2888 0.9524
vn -0.2722 -0.5132 0.8140
vn 0.2853 -0.7514 0.5949
vn 0.2788 -0.9534 0.1151
vn -0.4076 -0.8454 0.3451
vn 0.2789 -0.3929 0.8762
vn 0.3611 -0.5031 0.7852
vn 0.3099 -0.4173 0.8543
vn 0.8658 -0.2300 0.4444
vn 0.4059 -0.8025 0.4373
vn -0.0528 -0.6991 0.7131
vn 0.0954 -0.9871 0.1288
vn -0.3077 -0.2367 0.9216
vn -0.2633 -0.2154 0.9404
vn -0.2245 -0.1869 0.9564
vn -0.2299 -0.1808 0.9563
vn -0.3495 -0.2614 0.8997
vn -0.3702 -0.2774 0.8866
vn -0.3451 -0.2072 0.9154
vn -0.3424 -0.2553 0.9042
vn -0.3193 -0.2358 0.9178
vn -0.3798 -0.2569 0.8887
vn -0.4151 -0.3323 0.8469
vn -0.3551 -0.2835 0.8908
vn -0.4084 -0.3350 0.8491
vn 0.4502 -0.4014 0.7976
vn 0.4096 -0.4237 0.8079
vn -0.2714 -0.1285 0.9539
vn -0.4541 -0.0153 0.8908
vn -0.4704 -0.0619 0.8803
vn -0.5223 0.0560 0.8509
vn -0.6133 -0.0084 0.7898
vn -0.5718 -0.0027 0.8204
vn -0.4630 0.1104 0.8795
vn -0.4931 0.0745 0.8668
vn -0.4607 0.1041 0.8814
vn -0.4755 0.1198 0.8715
vn -0.4979 0.1028 0.8611
vn -0.4635 0.1162 0.8784
vn 0.4193 0.3467 0.8391
vn 0.3958 0.3484 0.8497
vn 0.4016 0.3851 0.8309
vn -0.4713 0.2166 0.8550
vn -0.4554 0.2007 0.8674
vn -0.4611 0.2032 0.8638
vn -0.4760 0.2095 0.8541
vn -0.4670 0.2028 0.8607
vn -0.4574 0.2017 0.8661
vn 0.4271 0.3205 0.8455
vn 0.4951 0.3130 0.8105
vn -0.4762 0.2386 0.8464
vn -0.4738 0.2349 0.8487
vn -0.4766 0.2323 0.8479
vn -0.4945 0.1803 0.8503
vn -0.5138 0.1871 0.8373
vn -0.5109 0.1865 0.8392
vn -0.4883 0.1827 0.8533
vn -0.4853 0.1827 0.8551
vn -0.4875 0.1796 0.8545
vn -0.4909 0.1833 0.8517
vn -0.5067 0.1853 0.8419
vn -0.5107 0.1817 0.8403
vn -0.4954 0.1805 0.8497
vn -0.4888 0.1751 0.8546
vn -0.4962 0.1816 0.8490
vn -0.5308 0.2050 0.8223
vn -0.5285 0.2114 0.8222
vn -0.5256 0.2047 0.8257
vn -0.5432 0.2021 0.8149
vn -0.5417 0.2113 0.8136
vn -0.5350 0.2055 0.8195
vn -0.5374 0.2142 0.8157
vn -0.5343 0.2105 0.8187
vn -0.5313 0.2142 0.8197
vn 0.4566 0.1732 0.8726
vn 0.4666 0.1673 0.8685
vn 0.4652 0.1586 0.8709
vn 0.4678 0.1688 0.8675
vn 0.4718 0.1993 0.8589
vn 0.4691 0.1748 0.8657
vn 0.3488 0.1540 0.9245
vn 0.3476 0.1564 0.9245
vn 0.3498 0.1542 0.9240
vn -0.4760 0.2038 0.8555
vn -0.4844 0.2023 0.8512
vn -0.4762 0.2031 0.8556
vn -0.3349 -0.7496 0.5709
vn -0.3055 -0.6328 0.7115
vn -0.3232 -0.7784 0.5381
vn -0.0721 -0.7543 0.6525
vn -0.0579 -0.6850 0.7263
vn -0.2671 -0.5934 0.7593
vn 0.2290 -0.3494 0.9085
vn -0.0293 -0.5065 0.8617
vn 0.2156 -0.5648 0.7966
vn -0.3525 -0.2805 0.8928
vn -0.2968 -0.3410 0.8920
vn -0.2816 -0.4594 0.8424
vn -0.2948 -0.5552 0.7777
vn -0.3057 -0.5910 0.7465
vn 0.0772 -0.7511 0.6556
vn 0.1128 -0.8054 0.5819
vn -0.6625 0.0542 0.7471
vn 0.0317 0.3550 0.9343
vn 0.4957 0.1680 0.8521
vn 0.3846 0.7137 0.5854
vn 0.5078 -0.3636 0.7810
vn 0.5681 -0.2469 0.7851
vn 0.5094 -0.2157 0.8331
vn 0.4600 -0.2120 0.8623
vn 0.5401 -0.2630 0.7994
vn -0.5157 -0.1540 0.8429
vn -0.5512 -0.2045 0.8090
vn -0.5024 -0.1671 0.8483
vn 0.4751 0.3113 0.8230
vn 0.5601 0.2720 0.7825
vn 0.5825 0.3417 0.7375
vn 0.6510 0.3194 0.6886
vn 0.5621 0.2912 0.7742
vn 0.5064 0.3177 0.8016
vn 0.6289 0.3413 0.6985
vn -0.4664 0.2153 0.8579
vn -0.4837 0.2131 0.8489
vn -0.4884 0.2116 0.8466
vn -0.4667 0.2111 0.8589
vn -0.4626 0.2100 0.8613
vn -0.4608 0.2167 0.8606
vn -0.4677 0.2092 0.8588
vn -0.4824 0.2080 0.8509
vn -0.4825 0.2116 0.8500
vn -0.8949 -0.3482 -0.2791
vn -0.9439 0.3128 -0.1061
vn -0.5511 0.1555 0.8198
vn -0.5561 0.1529 0.8169
vn -0.5493 0.1558 0.8209
vn -0.0121 -0.5849 0.8110
vn -0.0463 -0.5636 0.8248
vn 0.1363 -0.6949 0.7061
vn -0.1390 -0.5403 0.8299
vn -0.1944 -0.6658 0.7204
vn -0.1635 -0.6816 0.7132
vn 0.1110 -0.7003 0.7052
vn 0.1690 -0.6922 0.7016
vn 0.3123 -0.7971 0.5168
vn 0.2762 -0.8407 0.4657
vn 0.2999 -0.8014 0.5176
vn 0.3215 -0.8336 0.4492
vn 0.4930 -0.7326 0.4693
vn 0.2625 -0.8012 0.5377
vn 0.2772 -0.7618 0.5855
vn 0.1148 -0.7894 0.6030
vn 0.0200 -0.9217 0.3874
vn 0.3998 -0.5752 0.7137
vn 0.3648 -0.5894 0.7208
vn 0.4012 -0.5570 0.7272
vn 0.3585 -0.5259 0.7713
vn 0.3426 -0.5073 0.7907
vn -0.4747 -0.3463 0.8092
vn -0.4532 -0.2981 0.8401
vn -0.5161 -0.3486 0.7824
vn -0.5260 -0.3193 0.7883
vn -0.5060 -0.3309 0.7965
vn -0.4543 -0.3329 0.8263
vn -0.4081 -0.2972 0.8632
vn -0.4007 -0.2766 0.8735
vn -0.4651 -0.3034 0.8317
vn -0.3599 -0.3592 0.8611
vn 0.5007 -0.4764 0.7228
vn 0.5989 -0.4535 0.6601
vn -0.4867 -0.3669 0.7928
vn -0.4595 -0.3832 0.8013
vn -0.5460 -0.3001 0.7822
vn -0.5704 -0.3014 0.7641
vn -0.5996 -0.3275 0.7302
vn -0.5572 -0.3948 0.7305
vn -0.5028 -0.3850 0.7739
vn 0.6441 -0.2900 0.7079
vn 0.6536 -0.2219 0.7235
vn 0.6733 -0.3260 0.6637
vn 0.7002 -0.3314 0.6323
vn 0.7811 -0.3562 0.5128
vn 0.7014 -0.2537 0.6661
vn 0.7093 -0.1565 0.6873
vn 0.6932 -0.1396 0.7070
vn 0.6789 -0.2253 0.6988
vn 0.6739 -0.0966 0.7325
vn 0.6623 -0.0928 0.7434
vn -0.6899 0.0619 0.7213
vn -0.6158 0.1243 0.7780
vn -0.6903 0.0841 0.7186
vn 0.9041 -0.0332 0.4259
vn 0.8667 -0.0174 0.4984
vn 0.8819 -0.0756 0.4653
vn 0.8791 0.0586 0.4730
vn 0.7660 0.0308 0.6420
vn 0.7993 -0.0685 0.5970
vn 0.8037 -0.0882 0.5885
vn 0.7955 0.1596 0.5845
vn 0.6663 0.1526 0.7299
vn 0.7551 0.2356 0.6118
vn 0.8854 0.0606 0.4608
vn 0.8612 0.0143 0.5081
vn 0.8391 0.1186 0.5308
vn -0.6482 0.2150 0.7305
vn -0.5922 0.2453 0.7676
vn -0.7450 0.1753 0.6436
vn -0.6738 0.1693 0.7192
vn -0.5922 0.1759 0.7864
vn -0.6242 0.1829 0.7596
vn -0.6499 0.1470 0.7457
vn -0.7210 0.0968 0.6861
vn -0.6141 0.2019 0.7629
vn -0.5619 0.2066 0.8010
vn -0.8637 -0.0229 -0.5035
vn 0.4954 0.2681 0.8263
vn 0.5127 0.2451 0.8228
vn 0.5049 0.2570 0.8241
vn 0.5047 0.2521 0.8257
vn 0.5011 0.2630 0.8244
vn 0.5048 0.2653 0.8215
vn -0.5531 0.1643 0.8168
vn -0.5500 0.1619 0.8193
vn -0.5496 0.1603 0.8199
vn -0.2940 0.0866 0.9519
vn -0.2926 0.0853 0.9524
vn -0.5543 0.1632 0.8162
vn 0.4696 0.1504 0.8700
vn 0.4633 0.1446 0.8743
vn 0.4656 0.1556 0.8712
vn 0.2458 0.0792 0.9661
vn 0.4787 0.1716 0.8611
vn 0.2499 0.0808 0.9649
vn 0.2022 -0.7520 0.6274
vn 0.2045 -0.7456 0.6343
vn 0.1606 -0.7962 0.5834
vn 0.3143 -0.5955 0.7394
vn 0.3084 -0.4852 0.8182
vn 0.2551 -0.6560 0.7103
vn 0.2861 -0.6659 0.6890
vn 0.3617 -0.6014 0.7124
vn 0.2898 -0.8740 0.3900
vn 0.2230 -0.8696 0.4406
vn 0.2569 -0.8822 0.3946
vn -0.0552 -0.7838 0.6185
vn 0.0353 -0.7441 0.6671
vn -0.5627 -0.3580 0.7451
vn -0.5604 -0.3500 0.7506
vn 0.4652 -0.4671 0.7520
vn 0.4862 -0.5248 0.6987
vn 0.4392 -0.4762 0.7618
vn 0.3881 -0.4595 0.7989
vn 0.4063 -0.5376 0.7389
vn 0.4654 -0.5600 0.6854
vn 0.5775 -0.4159 0.7026
vn 0.6763 -0.4573 0.5775
vn 0.6978 -0.4360 0.5683
vn 0.5826 -0.4333 0.6876
vn 0.7744 -0.5562 0.3016
vn 0.8084 -0.5437 0.2256
vn 0.8082 -0.5130 0.2891
vn -0.6181 -0.2278 0.7523
vn -0.6736 -0.1855 0.7154
vn -0.6784 -0.2052 0.7055
vn 0.8923 -0.4515 -0.0008
vn 0.8838 -0.4616 0.0771
vn 0.8469 -0.3899 0.3616
vn 0.8938 -0.3926 0.2168
vn 0.8361 -0.2623 0.4819
vn 0.8914 -0.4387 0.1140
vn 0.8883 0.1458 0.4356
vn 0.8672 0.0517 0.4953
vn 0.7413 0.1652 0.6506
vn 0.7595 0.2546 0.5987
vn 0.6858 0.3604 0.6323
vn -0.6349 0.1833 0.7505
vn -0.7694 0.0234 0.6383
vn -0.8028 0.1662 0.5727
vn 0.6508 0.2814 0.7052
vn 0.6759 0.2570 0.6907
vn 0.6905 0.2712 0.6706
vn 0.6927 0.2427 0.6791
vn 0.6779 0.2337 0.6970
vn 0.6690 0.2386 0.7039
vn 0.5877 0.2727 0.7618
vn 0.2618 0.1444 0.9543
vn 0.2513 0.1425 0.9574
vn 0.5543 0.1690 0.8150
vn 0.0568 -0.8753 0.4802
vn -0.0364 -0.8049 0.5922
vn 0.0303 -0.8782 0.4773
vn -0.1301 -0.7527 0.6454
vn 0.2627 -0.8142 0.5177
vn -0.2628 -0.8935 0.3641
vn -0.2363 -0.8388 0.4905
vn -0.2649 -0.8960 0.3564
vn -0.2570 -0.7965 0.5472
vn -0.5508 -0.4907 0.6752
vn -0.4752 -0.5518 0.6854
vn 0.1198 -0.8658 0.4859
vn 0.0961 -0.8767 0.4714
vn -0.0857 -0.8360 0.5420
vn 0.0697 -0.8648 0.4972
vn -0.1121 -0.8280 0.5494
vn 0.0669 -0.8678 0.4924
vn -0.0181 -0.7657 0.6430
vn -0.0826 -0.8323 0.5482
vn -0.0355 -0.7978 0.6018
vn 0.4133 -0.5884 0.6950
vn 0.5088 -0.6218 0.5954
vn -0.6309 -0.4202 0.6522
vn -0.6043 -0.3834 0.6984
vn -0.6517 -0.4251 0.6282
vn -0.5640 -0.3690 0.7388
vn -0.6190 -0.3729 0.6912
vn 0.7067 -0.6773 0.2047
vn 0.8066 -0.5761 -0.1325
vn 0.7789 -0.5758 -0.2487
vn 0.8396 -0.5425 -0.0274
vn 0.8160 -0.5602 -0.1428
vn 0.8132 -0.5615 -0.1529
vn -0.6563 -0.2979 0.6932
vn -0.7502 -0.3962 0.5294
vn -0.6592 -0.3238 0.6786
vn -0.6370 -0.2936 0.7127
vn -0.6594 -0.2646 0.7037
vn -0.7684 -0.3849 0.5113
vn -0.6728 -0.2925 0.6796
vn 0.7946 -0.6050 -0.0507
vn 0.8039 -0.5838 -0.1141
vn 0.8137 -0.5461 -0.1991
vn 0.8262 -0.5093 -0.2410
vn 0.8299 -0.5577 -0.0127
vn 0.8410 -0.5386 0.0508
vn 0.8337 -0.5131 -0.2041
vn 0.8804 -0.4726 0.0398
vn 0.8711 -0.4896 -0.0383
vn 0.8507 -0.4952 0.1765
vn 0.8477 -0.5303 0.0085
vn 0.8502 -0.5261 0.0197
vn 0.8647 -0.4543 0.2143
vn 0.8675 -0.2396 0.4360
vn 0.9166 -0.0164 0.3995
vn 0.9069 0.0205 0.4208
vn 0.9122 0.0459 0.4071
vn 0.9061 0.0669 0.4177
vn -0.7136 0.0832 0.6955
vn -0.7658 0.1201 0.6318
vn -0.6554 0.0988 0.7488
vn -0.7790 0.1363 0.6120
vn -0.9446 0.3280 -0.0163
vn 0.6634 0.2412 0.7083
vn 0.6900 0.2201 0.6896
vn 0.3805 0.1154 0.9175
vn 0.3821 0.1158 0.9168
vn -0.7877 -0.0769 0.6112
vn -0.5802 -0.7778 0.2415
vn 0.6219 0.1745 0.7634
vn 0.6300 0.2485 0.7357
vn 0.6486 0.2394 0.7225
vn 0.0789 -0.6960 0.7137
vn 0.1078 -0.6823 0.7231
vn 0.0475 -0.6919 0.7204
vn 0.1565 -0.7078 0.6888
vn -0.1669 -0.8813 0.4421
vn -0.1120 -0.8870 0.4479
vn 0.0169 -0.8796 0.4754
vn -0.0052 -0.8922 0.4516
vn 0.2129 -0.6422 0.7363
vn 0.3823 -0.5856 0.7148
vn 0.4767 -0.6944 0.5391
vn 0.6740 -0.5916 0.4425
vn 0.6425 -0.6234 0.4456
vn -0.2068 -0.7745 0.5978
vn -0.2692 -0.7513 0.6025
vn -0.1981 -0.7797 0.5940
vn -0.1551 -0.7964 0.5845
vn -0.1485 -0.8038 0.5761
vn -0.1148 -0.8231 0.5562
vn -0.4954 -0.4203 0.7603
vn -0.5477 -0.3845 0.7430
vn -0.6022 -0.4400 0.6662
vn -0.6261 -0.4796 0.6148
vn -0.5890 -0.5307 0.6095
vn 0.7567 -0.6173 0.2153
vn -0.5579 -0.4599 0.6909
vn -0.5686 -0.3900 0.7243
vn -0.6630 -0.3335 0.6702
vn -0.7981 -0.5641 0.2118
vn -0.5538 -0.4910 0.6725
vn -0.8029 -0.5813 0.1323
vn -0.6404 -0.5019 0.5813
vn -0.5883 -0.3608 0.7237
vn -0.7035 -0.2959 0.6462
vn 0.6681 -0.7416 -0.0607
vn -0.6835 -0.4329 0.5877
vn 0.8295 -0.4786 0.2878
vn -0.8510 -0.5076 0.1351
vn -0.8445 -0.5156 0.1449
vn -0.8094 -0.4449 0.3834
vn -0.7533 -0.4105 0.5137
vn -0.8302 -0.4697 0.3001
vn -0.8205 -0.4612 0.3379
vn -0.8541 -0.5034 0.1312
vn -0.7139 -0.4086 0.5687
vn 0.7763 -0.3160 0.5454
vn 0.8998 -0.4327 -0.0560
vn 0.7544 -0.4111 0.5117
vn 0.8503 -0.5141 0.1125
vn 0.9050 -0.1453 0.3999
vn 0.8788 -0.2593 0.4005
vn 0.5380 0.0011 0.8429
vn 0.9009 -0.1081 0.4204
vn 0.5475 -0.0067 0.8367
vn 0.9037 0.0192 0.4278
vn 0.8925 0.0020 0.4510
vn 0.0581 -0.7508 0.6580
vn 0.1833 -0.7508 0.6345
vn 0.1471 -0.8184 0.5555
vn 0.2221 -0.8111 0.5410
vn -0.2035 -0.7507 0.6285
vn -0.2094 -0.7398 0.6395
vn -0.0102 -0.7649 0.6441
vn -0.1820 -0.7450 0.6418
vn -0.0800 -0.8107 0.5800
vn -0.1025 -0.7771 0.6210
vn -0.2359 -0.6501 0.7223
vn -0.0654 -0.6129 0.7874
vn -0.0326 -0.6545 0.7554
vn -0.0276 -0.6262 0.7792
vn 0.8178 -0.5693 0.0837
vn 0.7566 -0.6075 -0.2421
vn 0.6942 -0.6677 -0.2687
vn -0.7994 -0.5991 -0.0447
vn -0.7926 -0.4897 -0.3633
vn 0.6823 -0.4895 -0.5430
vn 0.6776 -0.4931 -0.5457
vn -0.9061 -0.4092 0.1077
vn -0.8457 -0.5080 -0.1631
vn -0.8385 -0.5114 0.1880
vn -0.7798 -0.6260 -0.0085
vn -0.8202 -0.5700 -0.0490
vn 0.8986 -0.3294 -0.2899
vn 0.5652 -0.6704 0.4807
vn 0.7361 -0.4076 0.5404
vn 0.7798 -0.4148 0.4689
vn 0.7466 -0.4339 0.5043
vn 0.6950 -0.3774 0.6120
vn 0.7055 -0.3714 0.6036
vn -0.9437 -0.3080 0.1211
vn -0.8414 -0.4188 -0.3416
vn -0.9513 -0.2764 0.1362
vn 0.7162 -0.3638 0.5955
vn 0.7359 -0.3544 0.5769
vn 0.7539 -0.3774 0.5378
vn 0.7564 -0.3909 0.5244
vn 0.8252 -0.4694 0.3143
vn 0.7880 -0.3022 0.5364
vn 0.7223 -0.3148 0.6157
vn 0.7344 -0.3260 0.5953
vn 0.7773 -0.2637 0.5712
vn 0.8192 -0.2121 0.5328
vn 0.8220 -0.1634 0.5456
vn 0.8401 -0.1827 0.5106
vn -0.9400 -0.1548 0.3042
vn -0.9120 -0.1534 0.3805
vn -0.7854 -0.0119 0.6188
vn -0.7958 0.0568 0.6029
vn -0.4309 -0.0132 0.9023
vn -0.4365 0.0090 0.8997
vn -0.7474 0.1996 0.6337
vn -0.8139 0.2031 0.5444
vn -0.4787 0.1655 0.8622
vn -0.4894 0.0928 0.8671
vn 0.3136 -0.7384 0.5970
vn 0.2407 -0.7626 0.6004
vn 0.3949 -0.9180 0.0355
vn 0.3360 -0.8008 0.4958
vn 0.3827 -0.9238 0.0143
vn 0.3428 -0.9351 -0.0898
vn -0.1811 -0.5912 0.7860
vn -0.1987 -0.6568 0.7274
vn -0.0964 -0.6880 0.7193
vn -0.1291 -0.6730 0.7283
vn 0.3411 -0.7383 0.5819
vn 0.1877 -0.8022 0.5667
vn 0.2433 -0.8350 0.4936
vn -0.1115 -0.8026 0.5860
vn -0.1136 -0.8049 0.5825
vn 0.6154 0.0272 -0.7878
vn 0.7668 -0.2336 -0.5978
vn 0.5575 -0.2753 -0.7832
vn 0.8148 -0.3353 -0.4729
vn 0.6021 -0.3072 -0.7370
vn 0.8720 -0.3428 -0.3494
vn 0.6971 -0.7085 0.1097
vn 0.6281 -0.5465 -0.5540
vn 0.4142 -0.9008 0.1303
vn 0.5981 -0.6225 -0.5047
vn -0.8067 -0.5855 -0.0803
vn 0.6475 -0.7352 -0.2008
vn 0.5329 -0.7647 0.3624
vn -0.7685 -0.6230 0.1459
vn -0.7709 -0.6331 0.0693
vn 0.3150 -0.6286 0.7111
vn 0.2544 -0.5687 0.7822
vn 0.3021 -0.7789 0.5496
vn 0.2975 -0.5401 0.7873
vn 0.4487 -0.4502 0.7720
vn 0.4491 -0.5038 0.7379
vn 0.5344 -0.3583 0.7655
vn 0.4877 -0.3466 0.8013
vn 0.4941 -0.3942 0.7749
vn 0.4980 -0.2911 0.8169
vn 0.4091 -0.1505 0.9000
vn 0.4871 -0.1515 0.8601
vn 0.3866 -0.1089 0.9158
vn 0.3392 -0.4476 0.8274
vn -0.8649 -0.4550 -0.2119
vn -0.8432 -0.4141 -0.3427
vn 0.6704 -0.2606 0.6947
vn 0.6750 -0.2789 0.6831
vn 0.6671 -0.2450 0.7035
vn 0.6682 -0.3082 0.6771
vn 0.6942 -0.3072 0.6510
vn -0.5729 -0.1960 -0.7959
vn -0.8664 -0.3086 -0.3926
vn -0.5345 -0.1557 -0.8307
vn -0.8108 -0.0669 -0.5815
vn -0.8969 -0.0306 0.4413
vn -0.8728 0.1229 -0.4723
vn -0.0595 -0.5511 0.8323
vn -0.1002 -0.6423 0.7599
vn 0.5238 -0.7983 0.2972
vn 0.2457 -0.7740 0.5835
vn 0.5219 -0.7507 0.4049
vn 0.1884 -0.7353 0.6511
vn -0.1089 -0.9939 -0.0182
vn 0.0736 -0.9973 0.0012
vn 0.0207 -0.8604 0.5092
vn -0.3210 -0.8853 0.3363
vn -0.1408 -0.8194 0.5557
vn 0.0277 -0.7738 0.6328
vn -0.1019 -0.6818 0.7244
vn 0.0133 -0.4736 0.8807
vn -0.0245 -0.5210 0.8532
vn 0.0021 -0.4731 0.8810
vn 0.0281 -0.5303 0.8474
vn 0.8447 -0.5307 -0.0698
vn 0.4987 -0.7435 0.4455
vn 0.4747 -0.8194 -0.3214
vn 0.7857 -0.5690 -0.2426
vn -0.7236 -0.6781 -0.1285
vn -0.4956 -0.7333 0.4655
vn -0.8627 -0.4917 0.1180
vn -0.2614 -0.9587 0.1121
vn -0.2994 -0.5691 0.7658
vn -0.5192 -0.8256 -0.2210
vn -0.5715 -0.8206 0.0061
vn -0.4020 -0.6530 0.6418
vn -0.5156 -0.8452 -0.1408
vn -0.1943 -0.6015 0.7749
vn -0.1873 -0.6593 0.7282
vn -0.8405 -0.2320 -0.4897
vn 0.0129 -0.4405 0.8976
vn -0.2596 -0.5238 0.8113
vn -0.0491 -0.4306 0.9012
vn -0.0568 -0.9813 -0.1839
vn -0.2810 -0.7057 0.6504
vn 0.7092 -0.4243 -0.5630
vn 0.8442 -0.2315 -0.4834
vn 0.6631 -0.0619 -0.7459
vn 0.8532 -0.2642 -0.4496
vn -0.8089 -0.3620 -0.4633
vn -0.9006 -0.4111 -0.1414
vn -0.8276 -0.5574 -0.0663
vn 0.1716 -0.7854 0.5948
vn 0.2298 -0.7307 0.6428
vn 0.2079 -0.8033 0.5581
vn 0.4340 -0.6652 0.6076
vn 0.3488 -0.4459 0.8243
vn 0.2522 -0.6371 0.7284
vn 0.2618 -0.6368 0.7253
vn 0.4299 -0.6067 0.6687
vn 0.5276 -0.4034 0.7475
vn 0.4511 -0.1872 0.8726
vn 0.5462 -0.1650 0.8213
vn 0.3030 -0.3261 0.8955
vn 0.3025 -0.3560 0.8842
vn -0.8235 -0.5657 0.0436
vn -0.8764 -0.4764 0.0705
vn -0.8698 -0.4899 -0.0591
vn -0.8701 -0.4918 -0.0327
vn -0.8698 -0.4921 0.0366
vn -0.8725 -0.4715 -0.1281
vn -0.8828 -0.4573 -0.1077
vn -0.8588 -0.3395 0.3836
vn -0.8349 -0.3647 0.4121
vn 0.6585 -0.2214 0.7193
vn 0.5805 -0.3238 0.7471
vn 0.5036 -0.2508 0.8267
vn -0.8073 -0.4937 -0.3233
vn -0.7910 -0.4617 -0.4014
vn -0.3655 -0.8001 -0.4757
vn 0.2477 -0.6711 -0.6988
vn -0.2399 -0.5926 -0.7689
vn -0.2176 -0.5228 -0.8242
vn -0.2131 -0.5445 -0.8113
vn -0.2347 -0.4604 -0.8562
vn -0.2488 -0.4838 -0.8391
vn -0.0401 -0.1474 -0.9883
vn -0.0137 -0.5040 -0.8636
vn 0.6046 -0.5526 -0.5736
vn 0.5521 -0.0195 -0.8335
vn 0.2671 -0.6197 -0.7380
vn 0.1021 -0.7121 -0.6946
vn 0.1119 -0.6533 -0.7488
vn -0.1841 -0.6356 -0.7497
vn -0.1037 -0.8851 -0.4538
vn -0.1054 -0.7042 -0.7021
vn -0.1239 -0.5340 -0.8364
vn -0.5529 -0.6081 -0.5697
vn -0.4195 -0.6104 -0.6719
vn -0.4694 -0.4982 -0.7291
vn 0.6537 -0.5405 0.5296
vn 0.9784 -0.1372 0.1544
vn -0.7259 -0.5990 -0.3382
vn 0.4778 -0.7959 0.3719
vn 0.2544 -0.7504 0.6101
vn -0.7392 -0.6162 -0.2717
vn -0.6925 -0.7091 -0.1328
vn -0.4305 -0.4221 -0.7978
vn -0.4278 -0.5096 -0.7465
vn -0.7313 -0.6746 0.1011
vn -0.7092 -0.7047 -0.0206
vn -0.7238 -0.5457 0.4223
vn -0.5482 -0.6651 0.5070
vn 0.5264 -0.4318 0.7324
vn 0.5177 -0.4475 0.7292
vn 0.2143 -0.3919 -0.8947
vn 0.0361 -0.3572 -0.9333
vn -0.0471 -0.9983 -0.0340
vn -0.0853 -0.4251 -0.9011
vn -0.2370 -0.7865 -0.5703
vn 0.2457 -0.8874 -0.3901
vn 0.3559 -0.8847 -0.3010
vn 0.3673 -0.8493 -0.3792
vn 0.1843 -0.8534 -0.4875
vn 0.0760 -0.8868 -0.4559
vn 0.1184 -0.4536 -0.8833
vn 0.3602 0.0569 -0.9311
vn -0.6467 -0.3918 -0.6545
vn -0.5495 -0.4419 -0.7090
vn -0.4983 -0.6094 -0.6167
vn -0.1196 -0.2658 -0.9566
vn -0.0346 -0.1568 -0.9870
vn -0.0991 -0.5373 -0.8375
vn -0.8677 -0.1810 -0.4630
vn -0.6921 -0.1200 -0.7117
vn -0.6367 -0.2323 -0.7353
vn 0.4658 -0.8148 -0.3452
vn 0.5671 -0.8085 0.1572
vn 0.3445 -0.5344 0.7719
vn 0.5456 -0.7869 -0.2881
vn 0.4793 -0.8752 0.0660
vn 0.5894 -0.7949 0.1441
vn -0.0827 -0.5866 -0.8057
vn 0.1619 -0.9867 0.0115
vn 0.0314 -0.5772 -0.8160
vn 0.5120 -0.4325 0.7422
vn 0.5403 -0.4315 0.7224
vn -0.1178 -0.5274 -0.8414
vn -0.1230 -0.8355 -0.5355
vn -0.1708 -0.4974 -0.8505
vn 0.0486 -0.4904 -0.8702
vn -0.1406 -0.5166 -0.8446
vn 0.2651 -0.5265 0.8077
vn -0.4245 -0.2806 -0.8609
vn -0.3211 -0.5083 -0.7991
vn -0.0323 -0.1266 -0.9914
vn 0.2083 -0.7913 0.5748
vn -0.1266 -0.3470 0.9293
vn -0.0639 -0.0936 0.9936
vn 0.0210 -0.2619 0.9649
vn 0.4504 -0.1923 0.8719
vn 0.1573 -0.2721 0.9493
vn 0.2585 -0.0588 0.9642
vn -0.1332 -0.2283 0.9644
vn -0.2179 -0.3548 0.9092
vn -0.3475 -0.1988 0.9164
vn -0.3635 -0.1926 0.9114
vn -0.3005 -0.1035 0.9482
vn 0.5279 -0.1279 0.8396
vn 0.3387 0.5277 0.7790
vn 0.3178 0.4730 0.8218
vn 0.2494 0.4660 0.8489
vn -0.1902 0.4368 0.8792
vn -0.2237 0.3127 0.9231
vn -0.2247 0.2788 0.9337
vn -0.2391 0.3111 0.9198
vn -0.2244 0.2680 0.9369
vn -0.2290 0.2550 0.9394
vn -0.2288 0.2683 0.9358
vn -0.2534 0.2577 0.9324
vn -0.2531 0.2679 0.9296
vn 0.2804 0.2759 0.9194
vn 0.2805 0.2758 0.9194
vn 0.2879 0.2944 0.9113
vn 0.2943 0.2870 0.9116
vn 0.2920 0.2672 0.9183
vn 0.2904 0.2684 0.9185
vn 0.2709 0.2743 0.9227
vn 0.2723 0.2753 0.9220
vn 0.2501 0.2905 0.9236
vn 0.2495 0.2946 0.9225
vn 0.2742 0.2874 0.9177
vn -0.2270 0.2250 0.9476
vn -0.2443 0.2159 0.9454
vn -0.2355 0.2213 0.9464
vn -0.2653 0.2169 0.9395
vn -0.3035 0.2207 0.9269
vn -0.2578 0.2162 0.9417
vn -0.3022 0.2194 0.9277
vn -0.2577 0.2196 0.9409
vn -0.0207 0.3045 0.9523
vn 0.0047 0.3117 0.9502
vn 0.1301 0.2914 0.9477
vn -0.0956 0.3090 0.9462
vn -0.1048 0.3072 0.9459
vn -0.0649 0.3164 0.9464
vn 0.0036 0.3133 0.9496
vn 0.1463 0.3015 0.9422
vn 0.2538 0.1753 0.9512
vn 0.2525 0.1785 0.9510
vn 0.2569 0.1815 0.9492
vn 0.2546 0.1788 0.9504
vn 0.2578 0.1953 0.9463
vn -0.1095 0.2881 0.9513
vn -0.1549 0.2866 0.9454
vn -0.1056 0.2895 0.9513
vn -0.1231 0.2633 0.9568
vn -0.1231 0.2632 0.9568
vn -0.0966 0.2621 0.9602
vn -0.0917 0.2632 0.9604
vn 0.2374 0.1973 0.9512
vn 0.2391 0.2005 0.9500
vn 0.2399 0.1982 0.9504
vn 0.1631 0.2101 0.9640
vn 0.1607 0.2116 0.9640
vn 0.2221 0.2029 0.9537
vn 0.2421 0.1989 0.9497
vn 0.2424 0.1971 0.9499
vn 0.0350 0.0490 0.9982
vn 0.0353 0.0486 0.9982
vn 0.0543 0.0475 0.9974
vn 0.0536 0.0449 0.9976
vn 0.0474 0.0559 0.9973
vn 0.0486 0.0576 0.9972
vn -0.0288 0.0471 0.9985
vn -0.0303 0.0496 0.9983
vn -0.0211 0.0198 0.9996
vn -0.0210 0.0201 0.9996
vn -0.0164 0.0288 0.9995
vn -0.0165 0.0292 0.9994
vn -0.0198 0.0296 0.9994
vn -0.0205 0.0294 0.9994
vn -0.0201 0.0291 0.9994
vn -0.0184 0.0289 0.9994
vn -0.0231 0.0160 0.9996
vn -0.0247 0.0144 0.9996
vn -0.1342 0.1815 0.9742
vn -0.0810 0.1184 0.9896
vn 0.0020 -0.0013 1.0000
vn -0.0091 0.0308 0.9995
vn -0.0060 0.0320 0.9995
vn -0.0097 0.0345 0.9994
vn -0.0143 0.0325 0.9994
vn -0.0082 0.0358 0.9993
vn 0.0020 0.0383 0.9993
vn -0.0026 0.0382 0.9993
vn -0.2557 0.1139 0.9600
vn -0.2564 0.1140 0.9598
vn -0.2634 0.1004 0.9595
vn -0.2458 0.1019 0.9639
vn -0.1119 -0.0809 0.9904
vn -0.1096 -0.0376 0.9933
vn -0.0927 -0.0161 0.9956
vn 0.1345 0.1455 0.9802
vn 0.1264 0.1319 0.9832
vn 0.1174 0.1333 0.9841
vn 0.1476 0.1001 0.9840
vn 0.1424 0.1037 0.9844
vn 0.1161 0.1317 0.9845
vn 0.0952 0.1114 0.9892
vn 0.1869 0.1977 0.9623
vn 0.1853 0.1985 0.9624
vn 0.1770 0.1735 0.9688
vn 0.1752 0.1731 0.9692
vn 0.1880 0.1721 0.9670
vn 0.1886 0.1712 0.9670
vn -0.3872 -0.1903 0.9022
vn -0.4044 -0.1812 0.8965
vn 0.2260 0.3521 0.9083
vn 0.2121 0.3319 0.9192
vn 0.2239 0.3604 0.9056
vn 0.2511 0.3934 0.8844
vn 0.2456 0.4072 0.8797
vn 0.4944 -0.0680 0.8666
vn 0.5483 0.0446 0.8351
vn -0.4822 0.0383 0.8752
vn 0.6505 0.1643 0.7416
vn -0.6549 0.1853 0.7326
vn -0.6692 0.1937 0.7173
vn -0.6528 0.1857 0.7344
vn -0.6409 0.2832 0.7135
vn -0.6339 0.2877 0.7179
vn -0.6235 0.2867 0.7273
vn 0.5840 0.3059 0.7519
vn 0.4603 0.3684 0.8077
vn 0.3934 0.3896 0.8328
vn -0.4369 0.2064 0.8755
vn -0.4399 0.1972 0.8761
vn 0.3661 0.2131 0.9059
vn 0.3611 0.2145 0.9075
vn 0.3659 0.2313 0.9015
vn -0.4248 0.1974 0.8835
vn -0.4483 0.1853 0.8745
vn -0.4518 0.1685 0.8760
vn -0.4763 0.1551 0.8655
vn -0.4999 0.1560 0.8519
vn -0.4142 0.2098 0.8857
vn -0.4150 0.2085 0.8856
vn -0.4093 0.2133 0.8871
vn -0.4019 0.2164 0.8898
vn -0.3931 0.2198 0.8928
vn 0.3547 0.2352 0.9049
vn 0.3534 0.2324 0.9061
vn 0.3559 0.2343 0.9047
vn 0.3449 0.2354 0.9086
vn 0.3468 0.2340 0.9083
vn 0.3512 0.2316 0.9072
vn 0.3523 0.2301 0.9072
vn 0.3535 0.2289 0.9070
vn -0.3602 0.2275 0.9047
vn -0.3568 0.2293 0.9056
vn -0.3574 0.2268 0.9060
vn -0.3678 0.2235 0.9027
vn -0.3776 0.2144 0.9008
vn -0.3595 0.2280 0.9048
vn -0.3471 0.2310 0.9089
vn 0.2878 0.1800 0.9406
vn 0.2165 0.1770 0.9601
vn 0.2175 0.1716 0.9609
vn 0.2156 0.1767 0.9604
vn 0.2197 0.1741 0.9599
vn 0.2204 0.1735 0.9599
vn 0.2183 0.1686 0.9612
vn 0.2238 0.1646 0.9606
vn 0.2233 0.1644 0.9608
vn 0.1889 0.2371 0.9529
vn 0.1906 0.2360 0.9529
vn 0.2124 0.2147 0.9533
vn 0.2132 0.2145 0.9532
vn 0.2171 0.2229 0.9504
vn 0.2174 0.2241 0.9500
vn -0.1418 0.2485 0.9582
vn -0.1399 0.2489 0.9584
vn -0.1238 0.2508 0.9601
vn -0.1235 0.2509 0.9601
vn -0.1135 0.2564 0.9599
vn -0.1145 0.2559 0.9599
vn -0.0620 0.3039 0.9507
vn -0.0618 0.3038 0.9507
vn -0.0628 0.2922 0.9543
vn -0.0622 0.2924 0.9543
vn -0.0368 0.2997 0.9533
vn -0.0362 0.3002 0.9532
vn 0.0828 0.3186 0.9443
vn 0.0832 0.3187 0.9442
vn 0.0663 0.3141 0.9471
vn 0.0661 0.3139 0.9471
vn 0.0906 0.3077 0.9472
vn 0.0912 0.3074 0.9472
vn -0.1030 -0.0654 0.9925
vn -0.0949 -0.0696 0.9931
vn -0.0955 -0.0559 0.9939
vn -0.1083 -0.0810 0.9908
vn -0.0984 -0.0869 0.9913
vn -0.0876 -0.0711 0.9936
vn -0.0859 -0.0681 0.9940
vn -0.0808 -0.0658 0.9946
vn -0.0807 -0.0654 0.9946
vn 0.1755 -0.0465 0.9834
vn 0.1869 -0.0208 0.9822
vn 0.1505 -0.0144 0.9885
vn -0.0735 -0.0644 0.9952
vn -0.0735 -0.0643 0.9952
vn -0.0544 -0.0829 0.9951
vn -0.0529 -0.0835 0.9951
vn -0.0630 -0.0505 0.9967
vn -0.0637 -0.0506 0.9967
vn -0.2117 0.0735 0.9746
vn -0.2232 0.0500 0.9735
vn -0.2107 0.0422 0.9766
vn -0.2953 -0.0157 0.9553
vn -0.2344 0.0228 0.9719
vn -0.2159 0.0255 0.9761
vn -0.1914 0.0232 0.9812
vn 0.2510 0.1065 0.9621
vn 0.2770 0.0821 0.9574
vn 0.2585 0.0986 0.9610
vn 0.2652 0.0736 0.9614
vn 0.2738 0.0778 0.9586
vn 0.3324 0.0616 0.9411
vn 0.2912 0.0739 0.9538
vn -0.1955 0.1407 0.9706
vn -0.1929 0.1442 0.9706
vn -0.2014 0.1631 0.9658
vn -0.1994 0.1419 0.9696
vn -0.2100 0.1469 0.9666
vn -0.1950 0.1420 0.9705
vn -0.1945 0.1435 0.9704
vn -0.2016 0.1591 0.9665
vn 0.2970 0.2341 0.9257
vn 0.3004 0.2324 0.9251
vn 0.2933 0.2580 0.9205
vn 0.3934 0.1737 0.9028
vn 0.5223 0.0960 0.8473
vn -0.6128 0.2002 0.7645
vn 0.3848 0.2400 0.8912
vn 0.3865 0.2564 0.8860
vn 0.3857 0.2520 0.8875
vn 0.3806 0.2535 0.8893
vn 0.3673 0.2449 0.8973
vn 0.3828 0.2577 0.8872
vn 0.3719 0.2417 0.8963
vn 0.3871 0.2535 0.8865
vn -0.4073 0.1956 0.8921
vn -0.4072 0.1937 0.8926
vn -0.4095 0.1941 0.8914
vn -0.3973 0.2015 0.8953
vn -0.4010 0.1971 0.8946
vn -0.4074 0.1950 0.8922
vn -0.4148 0.1954 0.8887
vn -0.4197 0.1954 0.8864
vn -0.3413 0.2258 0.9124
vn -0.3393 0.2285 0.9125
vn -0.3804 0.2129 0.9000
vn -0.3799 0.2131 0.9002
vn -0.3602 0.2154 0.9077
vn -0.3597 0.2153 0.9079
vn 0.3484 0.1235 0.9292
vn -0.2063 0.2875 0.9353
vn -0.1815 0.2811 0.9424
vn -0.2434 0.2837 0.9275
vn 0.2567 0.2525 0.9329
vn 0.2562 0.2495 0.9339
vn 0.2583 0.2537 0.9322
vn 0.2510 0.2466 0.9361
vn 0.2499 0.2445 0.9369
vn 0.2602 0.2435 0.9343
vn 0.2708 0.2336 0.9339
vn -0.2596 0.2471 0.9336
vn -0.2595 0.2466 0.9337
vn -0.2831 0.2487 0.9263
vn -0.2836 0.2492 0.9260
vn -0.2793 0.2506 0.9269
vn -0.2770 0.2508 0.9276
vn 0.0040 0.1371 0.9906
vn 0.2620 0.2672 0.9273
vn 0.2621 0.2673 0.9273
vn 0.6759 0.6907 -0.2572
vn 0.1032 0.3372 0.9358
vn 0.1033 0.3372 0.9357
vn 0.1053 0.3389 0.9349
vn -0.0131 -0.2667 0.9637
vn 0.0762 -0.2596 0.9627
vn -0.0604 -0.1173 0.9913
vn -0.0736 -0.1676 0.9831
vn -0.0603 -0.1271 0.9901
vn -0.0653 -0.1982 0.9780
vn -0.0640 -0.1838 0.9809
vn 0.0033 -0.1672 0.9859
vn 0.0198 -0.1864 0.9823
vn -0.0905 -0.2019 0.9752
vn -0.0878 -0.1939 0.9771
vn -0.0908 -0.2038 0.9748
vn -0.0866 -0.1825 0.9794
vn 0.2450 -0.3300 0.9116
vn 0.2590 -0.3517 0.8995
vn 0.2858 -0.3619 0.8873
vn 0.3151 -0.0884 0.9449
vn 0.3791 -0.2816 0.8815
vn -0.4404 -0.0686 0.8952
vn -0.3947 -0.1344 0.9089
vn 0.6028 -0.2084 0.7702
vn 0.4902 -0.0017 0.8716
vn 0.4669 0.0582 0.8824
vn 0.3875 0.0524 0.9204
vn 0.4682 0.0503 0.8822
vn -0.3694 0.1784 0.9120
vn -0.3695 0.1785 0.9119
vn -0.3370 0.1800 0.9241
vn -0.3365 0.1770 0.9249
vn -0.3570 0.1769 0.9172
vn -0.3588 0.1769 0.9165
vn 0.4555 0.2567 0.8524
vn 0.5213 0.2579 0.8134
vn -0.3409 0.1075 0.9339
vn -0.3437 0.1131 0.9322
vn -0.3386 0.1204 0.9332
vn 0.2842 0.2967 0.9117
vn 0.3726 0.2525 0.8930
vn 0.2777 0.2992 0.9129
vn 0.3181 0.2298 0.9198
vn 0.3205 0.2289 0.9192
vn 0.2930 0.2413 0.9252
vn 0.2918 0.2419 0.9254
vn 0.2982 0.2302 0.9263
vn 0.2985 0.2304 0.9262
vn 0.5258 0.1829 0.8307
vn 0.4474 0.2137 0.8684
vn 0.5603 0.1798 0.8085
vn -0.4707 0.1828 0.8632
vn -0.5427 0.2801 0.7918
vn -0.4955 0.1963 0.8461
vn -0.4948 0.1971 0.8464
vn -0.4787 0.2021 0.8544
vn -0.4773 0.2022 0.8551
vn -0.4866 0.2028 0.8497
vn 0.3462 0.1554 0.9252
vn 0.3425 0.1565 0.9264
vn 0.3422 0.1569 0.9264
vn 0.3477 0.1479 0.9259
vn 0.3467 0.1473 0.9263
vn 0.1980 0.0717 0.9776
vn 0.8400 0.5122 -0.1790
vn 0.3249 0.1868 0.9271
vn 0.3737 0.1235 0.9193
vn 0.1930 0.0611 0.9793
vn 0.2352 -0.3270 0.9153
vn -0.1629 -0.3802 0.9104
vn -0.0530 -0.2407 0.9692
vn 0.2091 -0.2931 0.9329
vn -0.2345 -0.1316 0.9632
vn 0.6228 0.6827 0.3821
vn -0.2060 -0.1969 0.9585
vn -0.1556 -0.1468 0.9768
vn -0.2104 -0.1958 0.9578
vn -0.2353 -0.2176 0.9473
vn 0.2879 -0.3989 0.8706
vn -0.3852 -0.2705 0.8823
vn -0.3797 -0.2094 0.9011
vn 0.4143 -0.4247 0.8050
vn -0.4476 -0.1504 0.8815
vn -0.4462 -0.2025 0.8717
vn -0.5006 -0.0232 0.8654
vn -0.4936 -0.0769 0.8663
vn -0.4886 -0.0421 0.8715
vn -0.5077 -0.1231 0.8527
vn -0.4850 -0.0800 0.8709
vn -0.4794 -0.0859 0.8734
vn -0.4600 0.1140 0.8805
vn -0.4855 0.0927 0.8693
vn -0.4613 0.1130 0.8800
vn -0.5578 0.1153 0.8219
vn -0.5105 0.0923 0.8549
vn -0.4993 0.0861 0.8622
vn -0.4962 0.0755 0.8649
vn 0.3795 0.1772 0.9080
vn 0.3511 0.2245 0.9090
vn 0.3919 0.2002 0.8980
vn 0.3436 0.2588 0.9028
vn 0.3481 0.2561 0.9018
vn 0.3381 0.2395 0.9101
vn 0.3756 0.2436 0.8942
vn 0.3880 0.2382 0.8903
vn 0.3665 0.3277 0.8708
vn -0.5382 0.2012 0.8184
vn -0.6120 0.2402 0.7535
vn -0.4765 0.2218 0.8508
vn -0.4764 0.2212 0.8510
vn -0.4809 0.2162 0.8497
vn -0.4798 0.2162 0.8503
vn -0.4554 0.2004 0.8674
vn -0.4552 0.1997 0.8677
vn 0.4797 0.2340 0.8456
vn 0.4785 0.2285 0.8478
vn 0.4835 0.2348 0.8433
vn 0.4544 0.2275 0.8612
vn 0.4588 0.2286 0.8586
vn 0.4724 0.2281 0.8514
vn 0.4677 0.2377 0.8513
vn 0.4713 0.2380 0.8492
vn -0.4731 0.2435 0.8467
vn -0.4694 0.2314 0.8521
vn -0.4773 0.2413 0.8450
vn 0.2608 0.2869 0.9218
vn 0.3445 0.2857 0.8942
vn 0.2627 0.2805 0.9232
vn 0.2559 0.2756 0.9266
vn 0.2711 0.2611 0.9264
vn -0.4883 0.1788 0.8542
vn -0.4854 0.1829 0.8549
vn -0.4855 0.1829 0.8549
vn -0.5148 0.1833 0.8375
vn -0.5152 0.1872 0.8364
vn 0.3850 0.1644 0.9081
vn 0.3839 0.1653 0.9084
vn 0.3797 0.1629 0.9107
vn 0.4046 0.1707 0.8984
vn 0.4019 0.1711 0.8996
vn 0.3761 0.1688 0.9111
vn 0.3683 0.1819 0.9118
vn 0.3646 0.1775 0.9141
vn -0.4975 0.1830 0.8479
vn -0.4966 0.1851 0.8480
vn -0.4866 0.1731 0.8563
vn -0.4866 0.1730 0.8563
vn -0.5331 0.2058 0.8206
vn -0.5329 0.2052 0.8209
vn -0.5397 0.2153 0.8139
vn -0.5385 0.2152 0.8147
vn -0.5303 0.2154 0.8200
vn -0.5297 0.2155 0.8204
vn -0.5278 0.1316 0.8391
vn -0.5307 0.1280 0.8378
vn -0.5302 0.1332 0.8374
vn 0.4633 0.2107 0.8608
vn 0.4511 0.2030 0.8691
vn 0.4781 0.2213 0.8500
vn 0.4790 0.2189 0.8501
vn 0.4518 0.1522 0.8791
vn 0.3631 0.1247 0.9234
vn 0.3549 0.1133 0.9280
vn 0.3566 0.1294 0.9252
vn 0.3469 0.1571 0.9246
vn 0.3470 0.1571 0.9246
vn 0.3472 0.1574 0.9245
vn -0.4758 0.2032 0.8558
vn -0.4756 0.2032 0.8559
vn -0.4871 0.2017 0.8497
vn -0.4870 0.2016 0.8498
vn -0.3572 -0.7592 0.5440
vn -0.0798 -0.7335 0.6750
vn -0.3079 -0.3125 0.8986
vn -0.2000 -0.4706 0.8594
vn 0.4061 -0.0713 0.9111
vn 0.5579 -0.2557 0.7895
vn -0.5511 -0.1859 0.8134
vn -0.5070 -0.1254 0.8528
vn 0.6697 -0.1037 0.7354
vn 0.6772 -0.1145 0.7268
vn 0.6443 -0.0536 0.7629
vn 0.5373 0.0442 0.8423
vn 0.6521 -0.0684 0.7551
vn 0.6853 -0.0953 0.7220
vn 0.6730 -0.0977 0.7331
vn -0.4613 0.2170 0.8603
vn -0.4605 0.2158 0.8610
vn -0.4621 0.2092 0.8618
vn -0.4828 0.2128 0.8495
vn -0.4833 0.2125 0.8493
vn 0.5373 0.2778 0.7963
vn 0.5469 0.2708 0.7922
vn 0.5104 0.2785 0.8136
vn 0.5113 0.2785 0.8130
vn 0.5047 0.2786 0.8171
vn -0.8593 -0.1893 -0.4752
vn 0.4994 0.2726 0.8224
vn 0.4980 0.2758 0.8221
vn 0.5065 0.2715 0.8183
vn 0.4773 0.2765 0.8341
vn 0.4627 0.2799 0.8412
vn 0.5061 0.2738 0.8179
vn 0.5028 0.2734 0.8200
vn 0.5072 0.2741 0.8171
vn -0.5503 0.1563 0.8202
vn -0.5510 0.1554 0.8199
vn -0.5579 0.1518 0.8159
vn -0.5578 0.1517 0.8160
vn -0.0878 -0.5648 0.8206
vn 0.0540 -0.7825 0.6203
vn 0.3208 -0.8453 0.4272
vn -0.0494 -0.8066 0.5891
vn 0.3855 -0.5601 0.7332
vn -0.4938 -0.3584 0.7922
vn -0.5195 -0.3209 0.7919
vn -0.3443 -0.3120 0.8855
vn -0.4885 -0.3880 0.7815
vn -0.5784 -0.3912 0.7159
vn -0.5983 -0.2515 0.7608
vn -0.5899 -0.2331 0.7731
vn -0.6122 -0.2537 0.7489
vn 0.6646 -0.3200 0.6752
vn 0.6523 -0.3041 0.6943
vn 0.6388 -0.3126 0.7030
vn 0.6314 -0.3088 0.7113
vn 0.6967 -0.1255 0.7063
vn -0.6084 0.1454 0.7802
vn -0.6349 0.1391 0.7599
vn -0.6938 0.0862 0.7150
vn 0.9108 -0.1642 0.3788
vn -0.6344 0.0717 0.7697
vn -0.6070 0.1242 0.7849
vn -0.6481 0.0677 0.7585
vn -0.7067 0.0988 0.7006
vn -0.6731 0.1938 0.7137
vn -0.7385 0.2150 0.6391
vn -0.7289 0.0865 0.6791
vn -0.6206 0.2003 0.7581
vn -0.6249 0.2020 0.7541
vn -0.6093 0.2052 0.7659
vn 0.6519 0.2516 0.7154
vn 0.6418 0.2534 0.7238
vn -0.6137 0.1811 0.7685
vn -0.6432 0.1793 0.7444
vn -0.6019 0.1830 0.7773
vn -0.6163 0.1780 0.7672
vn -0.5879 0.1878 0.7868
vn -0.6475 0.1682 0.7432
vn 0.5021 0.2574 0.8256
vn 0.5036 0.2510 0.8267
vn 0.5023 0.2620 0.8240
vn 0.5018 0.2650 0.8234
vn 0.5043 0.2678 0.8209
vn 0.4915 0.2650 0.8296
vn 0.5001 0.2639 0.8248
vn 0.5095 0.2299 0.8292
vn 0.5081 0.2218 0.8323
vn -0.5536 0.1655 0.8162
vn -0.5536 0.1654 0.8162
vn -0.5498 0.1621 0.8194
vn -0.5504 0.1616 0.8191
vn 0.2445 0.0626 0.9676
vn 0.4683 0.1228 0.8750
vn 0.4719 0.1194 0.8736
vn 0.2438 0.0614 0.9679
vn 0.2505 0.0636 0.9660
vn 0.2766 -0.6566 0.7017
vn 0.2035 -0.8821 0.4249
vn 0.2957 -0.8801 0.3715
vn -0.1564 -0.7399 0.6543
vn 0.4296 -0.5359 0.7268
vn 0.6198 -0.3905 0.6807
vn 0.6986 -0.3689 0.6131
vn -0.7472 -0.0469 0.6630
vn -0.7597 -0.0946 0.6433
vn -0.7269 -0.0778 0.6824
vn -0.7509 -0.0948 0.6536
vn -0.6911 -0.0613 0.7202
vn 0.6826 0.3144 0.6598
vn 0.2513 0.1392 0.9578
vn 0.2628 0.1227 0.9570
vn 0.0186 -0.8997 0.4361
vn 0.0367 -0.8868 0.4607
vn -0.0666 -0.7866 0.6139
vn 0.3138 -0.8073 0.4998
vn -0.2818 -0.9001 0.3323
vn -0.2427 -0.8197 0.5188
vn -0.3879 -0.6000 0.6997
vn -0.1128 -0.8237 0.5557
vn 0.3999 -0.5724 0.7159
vn 0.4019 -0.5780 0.7102
vn -0.6373 -0.3650 0.6787
vn 0.8312 -0.5365 -0.1457
vn -0.7675 -0.1717 0.6176
vn -0.8555 -0.3150 0.4110
vn -0.7520 -0.1373 0.6447
vn -0.7804 -0.1671 0.6025
vn -0.7368 -0.1590 0.6571
vn 0.8817 -0.3987 -0.2522
vn 0.8618 -0.4938 -0.1157
vn 0.8474 -0.4949 0.1922
vn 0.8574 -0.4136 0.3064
vn -0.7800 -0.0117 0.6256
vn -0.7765 -0.0079 0.6301
vn -0.7755 0.0065 0.6314
vn 0.9163 0.0287 0.3995
vn -0.7782 0.1332 0.6137
vn -0.4331 0.0879 0.8970
vn -0.7763 0.1543 0.6112
vn -0.7685 0.1657 0.6180
vn -0.4362 0.0893 0.8954
vn 0.3628 0.1203 0.9241
vn 0.3427 0.1220 0.9315
vn 0.3588 0.1279 0.9246
vn 0.3545 0.1310 0.9258
vn 0.3611 0.1243 0.9242
vn 0.1283 -0.7294 0.6720
vn 0.2758 -0.6160 0.7379
vn -0.1412 -0.8831 0.4474
vn -0.5625 -0.4460 0.6962
vn -0.7516 -0.4521 0.4804
vn 0.8727 -0.4721 -0.1248
vn -0.8871 -0.4580 0.0571
vn 0.7719 -0.4387 0.4602
vn 0.8493 -0.2607 0.4590
vn -0.7608 -0.0034 0.6490
vn -0.7799 -0.0208 0.6256
vn -0.7671 -0.0111 0.6414
vn 0.9066 -0.1234 0.4034
vn 0.8731 -0.2076 0.4412
vn 0.9054 0.0073 0.4245
vn 0.5277 -0.0061 0.8494
vn 0.8919 -0.0103 0.4521
vn 0.5277 -0.0038 0.8494
vn -0.7772 0.1235 0.6171
vn -0.7714 0.1368 0.6215
vn -0.7961 0.1525 0.5856
vn 0.5190 -0.0088 0.8547
vn 0.8841 -0.0033 0.4672
vn 0.5173 -0.0070 0.8558
vn 0.5155 -0.0125 0.8568
vn 0.4959 -0.0145 0.8682
vn 0.8700 -0.0112 0.4930
vn 0.0211 -0.7394 0.6729
vn -0.3871 -0.5928 0.7062
vn -0.1721 -0.6781 0.7145
vn -0.3850 -0.5852 0.7137
vn 0.7904 -0.6002 0.1223
vn -0.8361 -0.5484 -0.0110
vn 0.5172 -0.5594 0.6477
vn -0.4507 0.0597 0.8907
vn 0.0911 -0.7112 0.6970
vn 0.0052 -0.6909 0.7229
vn 0.1464 -0.7614 0.6315
vn -0.1318 -0.6568 0.7424
vn 0.4780 -0.5722 -0.6664
vn 0.7011 -0.5061 -0.5023
vn 0.4098 -0.6309 0.6588
vn 0.2871 -0.5285 0.7989
vn -0.8457 -0.3793 -0.3755
vn -0.8735 -0.3665 -0.3203
vn 0.6747 -0.2337 0.7001
vn 0.6788 -0.2792 0.6792
vn -0.8290 -0.3542 -0.4328
vn 0.4852 -0.0835 0.8704
vn 0.4758 -0.0772 0.8762
vn 0.2196 -0.9458 -0.2394
vn -0.0755 -0.8557 0.5119
vn 0.8339 -0.5416 -0.1057
vn -0.9025 -0.4161 0.1108
vn -0.8926 -0.1798 -0.4134
vn -0.8706 -0.4681 -0.1512
vn -0.8500 -0.3421 0.4006
vn 0.5318 -0.2529 0.8082
vn 0.5861 -0.3393 0.7357
vn 0.3697 -0.0912 0.9247
vn 0.6773 -0.1970 0.7089
vn 0.6473 -0.2151 0.7313
vn 0.3577 -0.1027 0.9282
vn -0.2994 -0.5350 -0.7900
vn 0.3777 -0.7539 -0.5375
vn 0.5979 0.0484 -0.8001
vn 0.3377 -0.6364 -0.6935
vn 0.3043 -0.7221 -0.6213
vn 0.3790 -0.6440 -0.6645
vn -0.1432 -0.6835 -0.7158
vn -0.1500 -0.8317 -0.5345
vn -0.6415 -0.6416 -0.4204
vn 0.1735 -0.7954 0.5807
vn 0.3943 -0.7469 0.5355
vn 0.4955 -0.5210 0.6950
vn 0.4767 -0.3872 0.7892
vn 0.5330 -0.4331 0.7269
vn -0.2364 -0.7460 -0.6226
vn 0.4065 -0.8608 -0.3062
vn 0.3872 -0.9199 0.0617
vn -0.0449 -0.2925 -0.9552
vn 0.5363 -0.7919 -0.2921
vn 0.3688 -0.4846 -0.7932
vn 0.6332 -0.7125 -0.3024
vn 0.5007 -0.7629 -0.4091
vn 0.3546 -0.4909 -0.7958
vn -0.1980 -0.3076 -0.9307
vn -0.1666 -0.2695 -0.9485
vn -0.0237 -0.4805 -0.8767
vn 0.2130 -0.4087 -0.8875
vn 0.2624 -0.5058 -0.8217
vn 0.2194 -0.7662 0.6040
vn 0.2769 -0.3783 0.8833
vn 0.3056 -0.3514 0.8849
vn 0.4872 -0.6134 0.6216
vn 0.0404 -0.2964 0.9542
vn 0.0447 -0.2827 0.9582
vn 0.0395 -0.2547 0.9662
vn 0.0410 -0.1996 0.9790
vn 0.0167 -0.1864 0.9823
vn -0.0100 -0.0329 0.9994
vn 0.0293 -0.1214 0.9922
vn 0.1035 -0.0590 0.9929
vn 0.3924 0.4064 0.8251
vn 0.0224 0.2977 0.9544
vn -0.1800 -0.1129 0.9772
vn -0.2634 -0.2492 0.9319
vn -0.1803 -0.2516 0.9509
vn -0.1031 -0.1451 0.9840
vn 0.6280 0.1897 0.7547
vn -0.5529 0.2219 0.8032
vn 0.3398 0.3670 0.8659
vn 0.3233 0.3565 0.8766
vn 0.3198 0.3881 0.8643
vn 0.3001 0.3640 0.8817
vn 0.2336 0.3294 0.9148
vn -0.1718 0.3223 0.9309
vn -0.2244 0.3535 0.9081
vn -0.2548 0.2855 0.9239
vn -0.3342 0.2827 0.8991
vn -0.2454 0.3054 0.9201
vn -0.3265 0.2500 0.9115
vn -0.2140 0.2832 0.9349
vn -0.1791 0.2619 0.9483
vn -0.2306 0.2478 0.9410
vn -0.2743 0.2542 0.9275
vn -0.3252 0.2454 0.9133
vn -0.2383 0.2402 0.9410
vn -0.2326 0.2626 0.9365
vn -0.2517 0.2361 0.9386
vn -0.3118 0.2231 0.9236
vn 0.2915 0.2660 0.9189
vn 0.3223 0.2509 0.9128
vn 0.2774 0.2816 0.9185
vn 0.3172 0.2532 0.9139
vn 0.2772 0.2819 0.9185
vn 0.2354 0.2888 0.9280
vn 0.3216 0.2498 0.9133
vn 0.3333 0.2796 0.9004
vn 0.2834 0.2258 0.9320
vn 0.2646 0.2412 0.9337
vn 0.2629 0.2319 0.9366
vn 0.2325 0.2401 0.9425
vn 0.1156 0.2963 0.9481
vn -0.1023 0.2771 0.9554
vn -0.1622 0.2676 0.9498
vn -0.2294 0.2288 0.9461
vn -0.2401 0.2283 0.9435
vn -0.1642 0.2673 0.9495
vn -0.1636 0.2734 0.9479
vn -0.2722 0.2367 0.9327
vn -0.2997 0.2246 0.9272
vn -0.2427 0.2207 0.9447
vn -0.2470 0.2212 0.9434
vn -0.0404 0.2873 0.9570
vn -0.0757 0.3072 0.9486
vn -0.0897 0.3006 0.9495
vn -0.0870 0.3133 0.9457
vn -0.1045 0.3005 0.9480
vn -0.0936 0.2997 0.9494
vn -0.1004 0.2985 0.9491
vn -0.1046 0.3046 0.9467
vn -0.0784 0.3064 0.9487
vn 0.2672 0.2374 0.9339
vn 0.2644 0.1882 0.9459
vn 0.2656 0.2284 0.9366
vn 0.2566 0.1776 0.9500
vn 0.2483 0.1879 0.9503
vn 0.2468 0.1867 0.9509
vn 0.2573 0.2336 0.9377
vn 0.2543 0.1905 0.9482
vn 0.2404 0.1981 0.9502
vn 0.2477 0.1921 0.9496
vn 0.1049 0.2624 0.9593
vn 0.2054 0.2146 0.9549
vn 0.0617 0.2539 0.9653
vn -0.0779 0.2812 0.9565
vn -0.0983 0.2846 0.9536
vn -0.1102 0.2776 0.9543
vn -0.1100 0.2779 0.9543
vn -0.1009 0.2867 0.9527
vn -0.1164 0.2774 0.9537
vn -0.1300 0.2747 0.9527
vn -0.1308 0.2851 0.9495
vn -0.0973 0.2903 0.9520
vn -0.1192 0.2908 0.9493
vn -0.0694 0.2657 0.9615
vn 0.0467 0.2480 0.9676
vn -0.1230 0.2565 0.9587
vn 0.0322 0.2388 0.9705
vn -0.1235 0.2565 0.9586
vn -0.1368 0.2603 0.9558
vn -0.1194 0.2695 0.9556
vn 0.0180 0.2365 0.9715
vn -0.0893 0.2545 0.9629
vn -0.1151 0.2653 0.9573
vn -0.1108 0.2759 0.9548
vn -0.0990 0.2676 0.9584
vn 0.2307 0.1877 0.9548
vn 0.2394 0.1957 0.9510
vn 0.2276 0.1857 0.9559
vn 0.1738 0.2213 0.9596
vn 0.2286 0.2048 0.9517
vn 0.0116 0.2487 0.9685
vn 0.1736 0.2251 0.9587
vn 0.0691 0.0547 0.9961
vn 0.0167 0.0460 0.9988
vn 0.0627 0.0742 0.9953
vn 0.0144 0.0428 0.9990
vn 0.0297 0.0149 0.9994
vn 0.1013 -0.0321 0.9943
vn 0.0802 0.0281 0.9964
vn 0.0676 0.0801 0.9945
vn 0.0902 0.0225 0.9957
vn 0.1024 0.0354 0.9941
vn 0.0861 0.0868 0.9925
vn -0.0898 0.0281 0.9956
vn -0.0456 0.0231 0.9987
vn -0.0177 0.0299 0.9994
vn -0.0647 -0.0017 0.9979
vn -0.0415 -0.0148 0.9990
vn -0.0408 -0.0140 0.9991
vn -0.0397 -0.0314 0.9987
vn -0.0005 -0.0528 0.9986
vn -0.0074 0.0355 0.9993
vn -0.0213 0.0176 0.9996
vn -0.0394 -0.0409 0.9984
vn -0.0102 0.0210 0.9997
vn -0.0195 0.0297 0.9994
vn -0.0228 0.0147 0.9996
vn -0.0411 -0.0390 0.9984
vn -0.0198 0.0297 0.9994
vn -0.0432 -0.0547 0.9976
vn -0.1526 0.2008 0.9677
vn -0.1190 0.0517 0.9916
vn -0.1070 0.0481 0.9931
vn -0.1427 0.1780 0.9736
vn -0.1134 0.0782 0.9905
vn -0.1166 0.0869 0.9894
vn 0.0133 0.0421 0.9990
vn -0.0225 0.0135 0.9997
vn -0.0229 0.0298 0.9993
vn -0.0181 0.0289 0.9994
vn -0.0159 0.0314 0.9994
vn -0.0088 0.0350 0.9994
vn -0.0206 0.0262 0.9994
vn -0.0362 -0.0392 0.9986
vn -0.3203 -0.0773 0.9442
vn -0.2841 0.0854 0.9550
vn -0.2825 0.0743 0.9564
vn -0.3483 -0.0402 0.9365
vn -0.3847 0.0244 0.9227
vn -0.2693 0.0923 0.9586
vn -0.2398 0.1276 0.9624
vn -0.2439 0.1092 0.9636
vn -0.1898 0.0657 0.9796
vn -0.2201 0.1237 0.9676
vn -0.1956 0.0791 0.9775
vn -0.1114 -0.0470 0.9927
vn -0.0955 -0.0092 0.9954
vn -0.0990 0.0080 0.9951
vn -0.1102 -0.0072 0.9939
vn -0.1828 0.0492 0.9819
vn -0.1159 0.0192 0.9931
vn -0.1369 0.0377 0.9899
vn 0.1566 0.0897 0.9836
vn 0.1439 0.1403 0.9796
vn 0.1064 0.1223 0.9868
vn 0.1491 0.1562 0.9764
vn 0.0891 0.0997 0.9910
vn 0.1521 0.1564 0.9759
vn 0.1633 0.1660 0.9725
vn 0.1582 0.1585 0.9746
vn 0.1835 0.1487 0.9717
vn 0.1539 0.1226 0.9805
vn 0.0771 0.0895 0.9930
vn 0.1131 0.1179 0.9866
vn 0.0775 0.0824 0.9936
vn 0.2400 0.2793 0.9297
vn 0.2592 0.1759 0.9497
vn 0.1990 0.2674 0.9428
vn 0.2179 0.1383 0.9661
vn 0.1963 0.2592 0.9456
vn 0.2207 0.2219 0.9498
vn 0.2123 0.1464 0.9662
vn 0.2063 0.1310 0.9697
vn -0.3285 -0.0218 0.9443
vn -0.4124 -0.1352 0.9009
vn 0.2057 0.2570 0.9443
vn 0.2357 0.2826 0.9298
vn 0.2019 0.2728 0.9407
vn 0.2377 0.3025 0.9230
vn 0.2120 0.2861 0.9344
vn 0.3062 0.3772 0.8740
vn 0.2160 0.3260 0.9204
vn 0.2408 0.3218 0.9157
vn 0.2557 0.3556 0.8990
vn 0.3479 0.2283 0.9093
vn 0.4604 0.0528 0.8862
vn 0.5024 -0.0046 0.8646
vn 0.5666 0.0618 0.8217
vn -0.6450 0.1647 0.7463
vn -0.5832 0.1847 0.7910
vn 0.4719 0.2091 0.8565
vn 0.5198 0.4234 0.7420
vn 0.5914 0.3137 0.7428
vn -0.4295 0.1938 0.8820
vn 0.3792 0.1992 0.9036
vn 0.3872 0.2038 0.8992
vn 0.3658 0.2476 0.8971
vn 0.3826 0.3213 0.8662
vn 0.4361 0.2982 0.8491
vn 0.3791 0.1958 0.9044
vn 0.3690 0.2066 0.9062
vn 0.3624 0.2124 0.9075
vn 0.3672 0.2132 0.9054
vn 0.3592 0.2219 0.9065
vn 0.3653 0.2231 0.9038
vn 0.3566 0.2229 0.9073
vn 0.3570 0.2213 0.9075
vn 0.3565 0.2380 0.9035
vn 0.3563 0.2276 0.9062
vn -0.3985 0.2334 0.8870
vn -0.3365 0.2372 0.9113
vn -0.3961 0.2185 0.8918
vn -0.4121 0.2109 0.8864
vn -0.4148 0.2072 0.8860
vn -0.4219 0.1982 0.8847
vn -0.3790 0.2103 0.9012
vn -0.3695 0.2261 0.9013
vn -0.4096 0.2044 0.8891
vn -0.4109 0.2126 0.8865
vn -0.4023 0.2097 0.8912
vn -0.4099 0.2027 0.8893
vn -0.4125 0.1997 0.8888
vn -0.4228 0.1944 0.8851
vn -0.4448 0.1832 0.8767
vn -0.4133 0.2084 0.8864
vn 0.3572 0.2322 0.9047
vn 0.3546 0.2294 0.9064
vn 0.3492 0.2373 0.9065
vn 0.3580 0.2372 0.9031
vn 0.3448 0.2385 0.9079
vn 0.3484 0.2348 0.9074
vn 0.3494 0.2433 0.9048
vn -0.3172 0.2352 0.9187
vn -0.3404 0.2295 0.9118
vn -0.2936 0.2296 0.9280
vn -0.3614 0.2207 0.9059
vn -0.3649 0.2253 0.9034
vn -0.4021 0.2013 0.8932
vn -0.3739 0.2206 0.9009
vn -0.3873 0.2114 0.8974
vn -0.3894 0.2078 0.8973
vn -0.3653 0.2131 0.9062
vn 0.2429 0.1823 0.9528
vn 0.2562 0.1935 0.9471
vn 0.2787 0.1720 0.9449
vn 0.2365 0.1775 0.9553
vn 0.2145 0.1972 0.9566
vn 0.2174 0.1776 0.9598
vn 0.2239 0.1716 0.9594
vn 0.2140 0.1975 0.9567
vn 0.2175 0.1793 0.9595
vn 0.1763 0.2246 0.9584
vn 0.2128 0.1948 0.9575
vn 0.2201 0.1699 0.9606
vn 0.2296 0.1686 0.9586
vn 0.2304 0.1856 0.9552
vn 0.1590 0.2771 0.9476
vn 0.2249 0.2468 0.9426
vn 0.1389 0.2732 0.9519
vn 0.2341 0.2377 0.9427
vn 0.1356 0.2756 0.9517
vn 0.1185 0.2711 0.9552
vn 0.2319 0.2323 0.9446
vn 0.2379 0.2106 0.9482
vn -0.1964 0.2623 0.9448
vn -0.1119 0.2815 0.9530
vn -0.1982 0.2484 0.9481
vn -0.0884 0.2745 0.9575
vn -0.2029 0.2475 0.9474
vn -0.1944 0.2556 0.9470
vn -0.0860 0.2755 0.9574
vn -0.0502 0.2770 0.9596
vn -0.1033 0.9762 -0.1909
vn 0.0198 0.3174 0.9481
vn -0.0882 0.3321 0.9391
vn 0.0174 0.3080 0.9512
vn -0.0887 0.3337 0.9385
vn -0.1154 0.3293 0.9372
vn 0.0166 0.3074 0.9514
vn 0.0252 0.2961 0.9548
vn 0.1229 0.3160 0.9408
vn 0.0940 0.3281 0.9400
vn 0.0930 0.3280 0.9401
vn 0.0786 0.3315 0.9402
vn -0.1338 -0.0028 0.9910
vn -0.0935 -0.0509 0.9943
vn -0.0863 -0.0373 0.9956
vn -0.1426 -0.0150 0.9897
vn -0.0841 -0.0627 0.9945
vn -0.0769 -0.0648 0.9949
vn -0.1716 -0.0770 0.9822
vn -0.1330 -0.1021 0.9858
vn -0.1745 -0.1460 0.9738
vn -0.0771 -0.0654 0.9949
vn -0.1360 -0.1347 0.9815
vn -0.0649 -0.1105 0.9917
vn 0.1656 -0.0781 0.9831
vn 0.2008 -0.0046 0.9796
vn 0.1718 0.0034 0.9851
vn 0.1423 -0.0031 0.9898
vn 0.1834 0.0234 0.9828
vn 0.0933 0.0245 0.9953
vn 0.1333 -0.0108 0.9910
vn 0.1485 -0.0780 0.9858
vn 0.0969 0.0238 0.9950
vn 0.0854 0.0075 0.9963
vn -0.0467 -0.1221 0.9914
vn -0.1264 0.0518 0.9906
vn -0.1900 0.0880 0.9778
vn -0.2260 -0.0135 0.9740
vn -0.1586 -0.0293 0.9869
vn 0.2502 0.0090 0.9681
vn 0.2532 0.0482 0.9662
vn 0.2345 0.0125 0.9720
vn 0.2336 0.0661 0.9701
vn 0.2005 -0.0172 0.9796
vn 0.2719 -0.1854 0.9443
vn -0.2135 0.1537 0.9648
vn -0.1919 0.1522 0.9695
vn -0.2034 0.1810 0.9622
vn -0.2136 0.1421 0.9665
vn -0.2123 0.1737 0.9616
vn -0.2005 0.1561 0.9672
vn -0.2122 0.1650 0.9632
vn -0.2292 0.1322 0.9644
vn -0.2175 0.1085 0.9700
vn -0.2911 0.1465 0.9454
vn -0.2835 0.0671 0.9566
vn 0.2828 0.1055 0.9534
vn 0.3925 0.1231 0.9115
vn 0.2644 0.0930 0.9599
vn 0.3560 0.0643 0.9323
vn 0.2428 0.1048 0.9644
vn 0.2491 0.0899 0.9643
vn -0.1965 0.1355 0.9711
vn -0.2327 0.1196 0.9652
vn -0.2011 0.1332 0.9705
vn -0.2097 0.1421 0.9674
vn -0.2190 0.1350 0.9663
vn -0.2585 0.1076 0.9600
vn -0.2791 0.1373 0.9504
vn -0.2741 0.1609 0.9481
vn -0.2097 0.1445 0.9670
vn -0.2773 0.1630 0.9469
vn 0.3124 0.3452 0.8850
vn 0.2928 0.3522 0.8889
vn 0.3038 0.4273 0.8515
vn 0.2836 0.3526 0.8918
vn 0.2837 0.3493 0.8930
vn 0.2777 0.4395 0.8542
vn 0.3057 0.4432 0.8427
vn 0.2807 0.3484 0.8943
vn 0.2851 0.3438 0.8947
vn 0.2656 0.4236 0.8661
vn 0.2957 0.3235 0.8989
vn 0.2728 0.4466 0.8521
vn 0.3163 0.4286 0.8463
vn 0.2558 0.3949 0.8824
vn 0.3774 0.3039 0.8748
vn 0.3217 0.2608 0.9102
vn 0.3039 0.2577 0.9172
vn 0.2975 0.2395 0.9242
vn 0.2952 0.2636 0.9183
vn 0.3022 0.2284 0.9255
vn 0.3176 0.2265 0.9208
vn 0.3185 0.2182 0.9225
vn 0.3174 0.2237 0.9216
vn 0.2970 0.2551 0.9202
vn 0.3143 0.2464 0.9168
vn 0.3988 0.1782 0.8995
vn 0.5602 0.1473 0.8151
vn -0.6107 0.2148 0.7622
vn -0.5998 0.2214 0.7689
vn -0.6604 0.1950 0.7252
vn -0.6061 0.1961 0.7708
vn 0.3957 0.1847 0.8996
vn 0.3849 0.1602 0.9089
vn 0.3887 0.1649 0.9065
vn 0.3961 0.1506 0.9058
vn 0.3854 0.1457 0.9112
vn 0.4087 0.1662 0.8974
vn 0.4001 0.1522 0.9037
vn 0.4192 0.1539 0.8948
vn 0.3741 0.1890 0.9079
vn 0.3814 0.2442 0.8916
vn 0.3901 0.2429 0.8881
vn 0.3709 0.1794 0.9112
vn 0.3839 0.2410 0.8914
vn 0.3611 0.1925 0.9124
vn 0.4094 0.1982 0.8906
vn 0.3909 0.2531 0.8849
vn 0.3889 0.2582 0.8844
vn 0.4001 0.2282 0.8876
vn -0.4225 0.1920 0.8858
vn -0.4668 0.1865 0.8645
vn -0.4247 0.1925 0.8846
vn -0.4535 0.1980 0.8690
vn -0.4005 0.2006 0.8940
vn -0.3893 0.2061 0.8978
vn -0.4119 0.1957 0.8900
vn -0.4461 0.1980 0.8728
vn -0.4370 0.2011 0.8767
vn 0.3379 0.1556 0.9282
vn 0.3308 0.1619 0.9297
vn 0.3296 0.1643 0.9297
vn 0.3222 0.1660 0.9320
vn 0.3191 0.1807 0.9303
vn -0.2623 0.2597 0.9294
vn -0.2922 0.2581 0.9209
vn -0.3592 0.2201 0.9069
vn -0.3037 0.2510 0.9191
vn -0.3391 0.2416 0.9092
vn -0.4250 0.2173 0.8787
vn -0.4312 0.2080 0.8780
vn -0.4301 0.2088 0.8783
vn -0.4297 0.2094 0.8784
vn -0.4316 0.2075 0.8779
vn -0.1673 0.2870 0.9432
vn -0.2939 0.2575 0.9205
vn -0.2531 0.2798 0.9261
vn -0.2338 0.2830 0.9302
vn -0.1856 0.2714 0.9444
vn -0.2437 0.2676 0.9322
vn -0.2590 0.2776 0.9251
vn -0.2600 0.2660 0.9283
vn -0.2671 0.2639 0.9268
vn -0.3100 0.2502 0.9172
vn -0.2674 0.2728 0.9242
vn -0.2707 0.2632 0.9260
vn -0.2741 0.2618 0.9254
vn -0.4097 0.2399 0.8801
vn -0.3163 0.2518 0.9146
vn 0.2845 0.2488 0.9258
vn 0.2739 0.2365 0.9322
vn 0.2605 0.2611 0.9295
vn 0.2618 0.2491 0.9324
vn 0.3161 0.1823 0.9310
vn 0.2593 0.2601 0.9301
vn 0.2535 0.2508 0.9343
vn 0.2489 0.2615 0.9325
vn 0.2393 0.2439 0.9398
vn 0.2334 0.2269 0.9455
vn -0.2535 0.2557 0.9329
vn -0.2640 0.2509 0.9313
vn -0.2644 0.2716 0.9254
vn -0.2868 0.2556 0.9233
vn -0.2932 0.2595 0.9202
vn -0.3206 0.2578 0.9115
vn 0.7388 0.6450 -0.1953
vn 0.7168 0.6700 -0.1931
vn 0.0773 0.1396 0.9872
vn 0.2542 0.2782 0.9263
vn 0.6820 0.7060 -0.1910
vn 0.2411 0.2792 0.9295
vn -0.2824 0.2614 0.9230
vn -0.2801 0.2808 0.9180
vn -0.2903 0.2580 0.9215
vn -0.2965 0.2664 0.9171
vn 0.2463 0.9528 -0.1776
vn 0.2700 0.9462 -0.1785
vn 0.3272 0.9210 -0.2113
vn 0.1739 0.3162 0.9326
vn 0.1782 0.3064 0.9351
vn 0.6378 0.7462 -0.1906
vn 0.2342 0.2929 0.9270
vn 0.6467 0.7386 -0.1904
vn 0.5788 0.7938 -0.1867
vn 0.6012 0.7773 -0.1854
vn 0.2309 0.2940 0.9275
vn 0.0493 0.0755 0.9959
vn 0.1690 -0.1215 0.9781
vn -0.0156 -0.2474 0.9688
vn 0.1486 -0.3453 0.9266
vn -0.0391 -0.1329 0.9904
vn -0.0623 -0.1352 0.9889
vn -0.0721 -0.1209 0.9900
vn -0.0636 -0.1383 0.9883
vn -0.0726 -0.1359 0.9881
vn -0.0806 -0.1695 0.9822
vn -0.0841 -0.1671 0.9823
vn -0.0795 -0.1865 0.9792
vn -0.0756 -0.2070 0.9754
vn -0.0853 -0.1763 0.9806
vn -0.0854 -0.1943 0.9772
vn 0.3352 -0.3879 0.8586
vn 0.2438 -0.3447 0.9065
vn 0.2285 -0.3296 0.9161
vn 0.2722 -0.3567 0.8937
vn 0.2541 -0.3460 0.9032
vn -0.0442 -0.0517 0.9977
vn -0.0865 -0.2477 0.9650
vn 0.1945 -0.2125 0.9576
vn 0.0930 -0.1183 0.9886
vn -0.1122 -0.2278 0.9672
vn -0.0544 -0.1808 0.9820
vn -0.0805 -0.1845 0.9795
vn 0.5816 0.0268 0.8130
vn 0.5242 0.0856 0.8473
vn 0.4377 0.0367 0.8984
vn 0.5750 0.1602 0.8023
vn 0.4078 0.0776 0.9098
vn -0.4282 0.1535 0.8906
vn -0.3863 0.1606 0.9083
vn -0.4083 0.1518 0.9001
vn -0.3545 0.1535 0.9224
vn -0.4087 0.1514 0.9000
vn -0.3929 0.1365 0.9094
vn -0.3500 0.1549 0.9239
vn -0.3429 0.1340 0.9298
vn 0.5208 0.1725 0.8361
vn 0.5207 0.2440 0.8181
vn 0.5029 0.2609 0.8240
vn 0.4525 0.2734 0.8489
vn -0.3447 0.1416 0.9280
vn -0.3508 0.0988 0.9312
vn -0.3635 0.0887 0.9274
vn -0.3476 0.1470 0.9260
vn -0.3504 0.1069 0.9305
vn -0.3782 0.0970 0.9206
vn -0.4073 0.1510 0.9007
vn -0.4336 0.1504 0.8885
vn -0.3996 0.1548 0.9035
vn -0.3985 0.1540 0.9041
vn -0.3632 0.1527 0.9191
vn -0.3520 0.1272 0.9273
vn -0.4066 0.1629 0.8990
vn -0.4012 0.1595 0.9020
vn -0.4859 0.1594 0.8593
vn -0.4197 0.1671 0.8922
vn 0.2808 0.2742 0.9198
vn 0.3035 0.2757 0.9121
vn 0.2604 0.3069 0.9154
vn 0.2561 0.3062 0.9169
vn 0.2571 0.3083 0.9159
vn 0.2734 0.2727 0.9225
vn 0.2742 0.2742 0.9217
vn 0.2580 0.3023 0.9176
vn 0.3130 0.2886 0.9048
vn 0.3000 0.2586 0.9182
vn 0.2862 0.2707 0.9191
vn 0.3060 0.2847 0.9084
vn 0.4102 0.2410 0.8796
vn 0.3758 0.2508 0.8921
vn 0.3918 0.2302 0.8908
vn 0.3796 0.2394 0.8936
vn 0.3982 0.2384 0.8858
vn 0.3623 0.2308 0.9030
vn 0.4298 0.2455 0.8689
vn 0.5380 0.1708 0.8255
vn 0.5604 0.2323 0.7950
vn 0.4832 0.2075 0.8506
vn 0.4937 0.2069 0.8447
vn 0.4885 0.2092 0.8471
vn -0.4818 0.1865 0.8562
vn 0.3679 0.2092 0.9060
vn 0.4327 0.2013 0.8788
vn 0.3902 0.1774 0.9035
vn 0.4291 0.1945 0.8821
vn 0.4251 0.1811 0.8869
vn 0.4235 0.1818 0.8875
vn 0.4142 0.1761 0.8930
vn 0.4239 0.1859 0.8864
vn 0.3842 0.1587 0.9095
vn 0.3818 0.1539 0.9113
vn 0.3785 0.1512 0.9132
vn 0.3786 0.1581 0.9120
vn 0.3808 0.1596 0.9108
vn 0.3774 0.1517 0.9136
vn 0.3845 0.1533 0.9103
vn 0.3898 0.1630 0.9064
vn 0.4179 0.1795 0.8906
vn 0.4474 0.1937 0.8731
vn 0.4581 0.1823 0.8700
vn 0.4385 0.1743 0.8816
vn 0.4296 0.1712 0.8866
vn 0.4397 0.1954 0.8766
vn 0.4233 0.1989 0.8839
vn 0.4286 0.2051 0.8799
vn 0.4461 0.2002 0.8723
vn 0.4564 0.1867 0.8700
vn 0.4385 0.1981 0.8766
vn 0.4506 0.1321 0.8829
vn 0.4337 0.1450 0.8893
vn 0.4558 0.1258 0.8811
vn 0.4312 0.1423 0.8910
vn 0.4402 0.1699 0.8817
vn 0.4278 0.1516 0.8911
vn 0.4113 0.1856 0.8924
vn 0.4370 0.1436 0.8879
vn 0.4039 0.1666 0.8995
vn 0.4147 0.1901 0.8899
vn 0.4264 0.1571 0.8908
vn 0.4069 0.2124 0.8885
vn 0.3927 0.2246 0.8918
vn -0.5222 0.1776 0.8341
vn -0.4946 0.1976 0.8464
vn -0.6127 0.2530 0.7487
vn -0.8878 0.3700 -0.2738
vn -0.5244 0.1752 0.8333
vn -0.5183 0.1716 0.8378
vn -0.4867 0.2022 0.8498
vn -0.4685 0.2009 0.8603
vn 0.1733 0.0779 0.9818
vn 0.3652 0.1336 0.9213
vn 0.9041 0.3794 -0.1966
vn 0.3466 0.1563 0.9249
vn 0.3498 0.1309 0.9276
vn 0.3464 0.1536 0.9254
vn 0.3504 0.1356 0.9267
vn 0.3459 0.1605 0.9245
vn 0.3345 0.1692 0.9271
vn 0.3645 0.1344 0.9214
vn 0.3660 0.1339 0.9209
vn 0.3617 0.1311 0.9230
vn 0.3671 0.1305 0.9210
vn 0.3700 0.1332 0.9194
vn 0.3684 0.1346 0.9199
vn 0.3641 0.1335 0.9217
vn 0.3579 0.1446 0.9225
vn 0.3551 0.1439 0.9237
vn 0.3595 0.1446 0.9219
vn 0.3595 0.1453 0.9218
vn 0.3410 0.1420 0.9293
vn -0.0566 0.1817 0.9817
vn -0.2263 0.7238 0.6519
vn -0.2161 0.6555 0.7236
vn -0.1796 0.3573 0.9166
vn 0.8634 -0.2684 0.4272
vn 0.5547 0.7208 0.4155
vn -0.4160 -0.3024 0.8576
vn -0.4742 -0.2810 0.8344
vn -0.5313 -0.2191 0.8184
vn -0.5182 -0.0551 0.8535
vn -0.5757 -0.0800 0.8137
vn -0.5869 -0.1615 0.7934
vn -0.3676 0.0692 0.9274
vn -0.4602 0.0665 0.8853
vn -0.4946 0.0580 0.8672
vn -0.5043 0.0251 0.8631
vn -0.4907 -0.0068 0.8713
vn -0.5153 0.0355 0.8562
vn -0.5751 -0.0001 0.8181
vn -0.5155 0.0116 0.8568
vn -0.5246 0.0056 0.8513
vn -0.6207 -0.0409 0.7830
vn -0.5318 0.1403 0.8352
vn -0.5037 0.0521 0.8623
vn -0.5373 0.0743 0.8401
vn -0.5682 0.0965 0.8172
vn 0.5647 0.0722 0.8221
vn 0.4879 0.1340 0.8625
vn 0.5028 0.1018 0.8584
vn 0.4064 0.2124 0.8887
vn 0.5204 0.0783 0.8503
vn 0.4558 0.1432 0.8785
vn 0.5295 0.1367 0.8373
vn 0.4260 0.2810 0.8600
vn 0.3695 0.2333 0.8995
vn 0.3744 0.3305 0.8664
vn 0.3774 0.2371 0.8952
vn 0.3721 0.3105 0.8747
vn 0.3644 0.2538 0.8960
vn 0.3767 0.2957 0.8779
vn 0.4137 0.2884 0.8635
vn 0.4590 0.3491 0.8170
vn 0.6463 0.3669 0.6691
vn 0.4312 0.3885 0.8143
vn -0.5858 0.1309 0.7998
vn -0.5754 0.1303 0.8074
vn -0.5334 0.1832 0.8258
vn -0.5630 0.1418 0.8142
vn -0.4957 0.1902 0.8474
vn -0.5077 0.1924 0.8398
vn -0.4976 0.2038 0.8431
vn -0.5398 0.1874 0.8207
vn -0.5031 0.2067 0.8392
vn -0.5049 0.2082 0.8377
vn -0.4832 0.2230 0.8466
vn -0.4775 0.2315 0.8476
vn -0.4768 0.2209 0.8508
vn -0.4923 0.2232 0.8413
vn -0.5125 0.2150 0.8313
vn -0.4839 0.2183 0.8475
vn 0.4765 0.2748 0.8351
vn 0.4437 0.2960 0.8459
vn 0.4450 0.2703 0.8538
vn 0.4231 0.3136 0.8501
vn 0.4392 0.2756 0.8551
vn 0.4343 0.2766 0.8572
vn 0.4092 0.3127 0.8572
vn 0.4122 0.3191 0.8534
vn 0.5099 0.2658 0.8182
vn 0.4833 0.2416 0.8415
vn 0.4984 0.2600 0.8270
vn 0.4687 0.2458 0.8484
vn 0.4874 0.2557 0.8349
vn 0.4657 0.2362 0.8529
vn 0.4745 0.2598 0.8411
vn 0.4143 0.2362 0.8790
vn 0.4543 0.2383 0.8584
vn 0.4414 0.2478 0.8624
vn -0.4721 0.2306 0.8509
vn -0.4788 0.2449 0.8431
vn -0.4741 0.2453 0.8456
vn -0.4752 0.2429 0.8457
vn -0.4772 0.2311 0.8478
vn -0.4742 0.2359 0.8482
vn -0.4668 0.2270 0.8547
vn -0.4789 0.2141 0.8514
vn -0.4741 0.2244 0.8514
vn -0.4651 0.2228 0.8568
vn -0.5593 0.2162 0.8003
vn -0.4963 0.2197 0.8399
vn 0.3797 0.2809 0.8814
vn 0.3700 0.2839 0.8846
vn 0.2678 0.2843 0.9206
vn 0.2469 0.2865 0.9257
vn 0.3846 0.2736 0.8816
vn 0.3918 0.2664 0.8807
vn 0.2988 0.2670 0.9162
vn 0.3995 0.2567 0.8800
vn 0.4435 0.2288 0.8666
vn 0.3351 0.2293 0.9138
vn 0.3260 0.2220 0.9190
vn 0.2727 0.2703 0.9234
vn 0.3193 0.2165 0.9226
vn 0.3228 0.2243 0.9195
vn 0.3557 0.2364 0.9042
vn -0.5081 0.1829 0.8417
vn -0.4877 0.1765 0.8550
vn -0.4875 0.1763 0.8551
vn -0.4971 0.1830 0.8482
vn -0.4906 0.1958 0.8491
vn -0.4740 0.1958 0.8585
vn -0.4742 0.1957 0.8584
vn -0.4952 0.1948 0.8466
vn 0.3748 0.1790 0.9097
vn 0.3781 0.1669 0.9106
vn 0.4020 0.1717 0.8994
vn 0.4282 0.1754 0.8865
vn 0.3893 0.1907 0.9012
vn 0.4024 0.1891 0.8957
vn -0.5052 0.1914 0.8415
vn -0.5104 0.1947 0.8376
vn -0.4881 0.1782 0.8544
vn -0.5128 0.2009 0.8347
vn -0.5167 0.2024 0.8319
vn -0.4908 0.1789 0.8527
vn -0.4863 0.1762 0.8559
vn -0.5157 0.2008 0.8329
vn -0.5168 0.1951 0.8336
vn -0.4871 0.1734 0.8560
vn -0.4955 0.1783 0.8501
vn -0.4874 0.1762 0.8552
vn -0.4927 0.1769 0.8520
vn -0.5214 0.1821 0.8337
vn -0.5299 0.1685 0.8312
vn -0.5322 0.1696 0.8295
vn -0.5656 0.2026 0.7994
vn -0.5576 0.2029 0.8049
vn -0.5514 0.1978 0.8105
vn -0.5253 0.1705 0.8337
vn -0.5315 0.1692 0.8300
vn -0.5377 0.1424 0.8310
vn -0.5149 0.1348 0.8466
vn -0.5357 0.1496 0.8310
vn -0.5400 0.1430 0.8295
vn -0.5421 0.1472 0.8273
vn -0.5323 0.1363 0.8355
vn -0.5448 0.1507 0.8249
vn -0.5424 0.1491 0.8268
vn -0.2977 0.0942 0.9500
vn -0.5463 0.1699 0.8202
vn -0.2855 0.0750 0.9554
vn 0.4722 0.1923 0.8603
vn 0.4740 0.1934 0.8590
vn 0.4703 0.2065 0.8580
vn 0.4678 0.1799 0.8653
vn 0.4707 0.2197 0.8545
vn 0.4890 0.2139 0.8456
vn 0.4836 0.2171 0.8480
vn 0.4608 0.1940 0.8660
vn 0.4581 0.2053 0.8648
vn 0.4761 0.2188 0.8518
vn 0.3821 0.1757 0.9073
vn 0.4171 0.1377 0.8984
vn 0.3531 0.1254 0.9272
vn 0.3729 0.1045 0.9220
vn 0.3508 0.1294 0.9275
vn 0.3567 0.1279 0.9254
vn 0.3505 0.1459 0.9252
vn 0.3246 0.2216 0.9195
vn 0.3500 0.1543 0.9240
vn 0.3540 0.1576 0.9219
vn -0.4764 0.2038 0.8553
vn -0.1715 -0.5102 0.8428
vn -0.0558 -0.5861 0.8083
vn 0.0068 -0.5820 0.8131
vn 0.0524 -0.5699 0.8200
vn -0.1200 -0.8418 0.5263
vn -0.1116 -0.5228 0.8451
vn -0.2078 -0.3872 0.8983
vn -0.2441 -0.4206 0.8738
vn -0.2044 -0.4899 0.8475
vn -0.0732 -0.6029 0.7945
vn 0.5490 -0.3867 0.7410
vn 0.5254 -0.4146 0.7430
vn 0.5775 -0.3602 0.7326
vn 0.5811 -0.2777 0.7650
vn 0.6005 -0.2993 0.7415
vn 0.6225 -0.2985 0.7234
vn 0.6253 -0.2819 0.7277
vn 0.5857 -0.3202 0.7446
vn 0.5860 -0.2944 0.7550
vn 0.5599 -0.3078 0.7693
vn -0.4866 -0.1157 0.8659
vn -0.5253 -0.1142 0.8432
vn -0.5609 -0.1832 0.8074
vn 0.7249 -0.1619 0.6696
vn 0.8697 -0.3538 0.3441
vn 0.8379 -0.4268 0.3403
vn 0.7375 -0.1592 0.6563
vn 0.7747 -0.2714 0.5711
vn 0.7197 -0.1043 0.6864
vn 0.6921 -0.0798 0.7174
vn 0.6910 -0.1501 0.7071
vn 0.7550 -0.0405 0.6545
vn 0.6325 -0.0180 0.7743
vn 0.6941 -0.0786 0.7156
vn 0.6156 0.0072 0.7880
vn 0.6564 -0.0835 0.7498
vn 0.6352 -0.0283 0.7718
vn 0.6385 -0.0499 0.7680
vn 0.6046 -0.0124 0.7964
vn -0.5490 0.2095 0.8091
vn -0.5461 0.2087 0.8113
vn -0.5360 0.2033 0.8194
vn 0.5026 0.2756 0.8194
vn 0.4955 0.2758 0.8237
vn 0.4983 0.2769 0.8216
vn 0.5283 0.2786 0.8020
vn 0.5338 0.2732 0.8002
vn 0.5846 0.2527 0.7709
vn 0.5257 0.2651 0.8083
vn 0.5143 0.2617 0.8167
vn 0.5097 0.2717 0.8163
vn 0.5046 0.2691 0.8204
vn 0.5067 0.2712 0.8184
vn 0.5111 0.2749 0.8143
vn 0.5003 0.2671 0.8236
vn 0.4833 0.2689 0.8331
vn 0.4877 0.2560 0.8346
vn 0.4844 0.2630 0.8344
vn 0.4801 0.2726 0.8338
vn 0.4582 0.2785 0.8441
vn 0.4790 0.2762 0.8332
vn -0.5433 0.1584 0.8244
vn -0.5558 0.1585 0.8161
vn 0.4136 -0.5674 0.7120
vn 0.4082 -0.5668 0.7156
vn -0.4567 -0.4296 0.7790
vn -0.3138 -0.5263 0.7903
vn 0.4678 -0.4410 0.7660
vn 0.7220 -0.5363 0.4371
vn -0.5782 -0.2544 0.7752
vn -0.5844 -0.2303 0.7781
vn -0.5564 -0.1919 0.8085
vn -0.6030 -0.2314 0.7635
vn -0.6047 -0.2663 0.7506
vn 0.6377 -0.3199 0.7007
vn 0.6915 -0.3539 0.6297
vn 0.7041 -0.3742 0.6035
vn -0.6051 0.1495 0.7820
vn -0.5901 0.1363 0.7957
vn -0.7091 0.0748 0.7011
vn -0.7193 0.0771 0.6905
vn -0.6483 0.1206 0.7518
vn -0.6232 0.1224 0.7724
vn 0.7100 0.2152 0.6705
vn -0.6235 0.0830 0.7774
vn 0.5540 0.3446 0.7579
vn -0.5326 0.1955 0.8235
vn -0.5763 0.1942 0.7939
vn -0.5914 0.1944 0.7826
vn -0.6025 0.1915 0.7748
vn -0.6025 0.2024 0.7720
vn -0.5431 0.2089 0.8133
vn -0.6092 0.1931 0.7692
vn -0.6150 0.1890 0.7655
vn -0.6668 0.1746 0.7245
vn -0.6810 0.1773 0.7105
vn -0.6366 0.1959 0.7459
vn -0.6265 0.1996 0.7534
vn -0.5489 0.2101 0.8091
vn -0.6112 0.2046 0.7646
vn 0.5943 0.2578 0.7618
vn -0.5879 0.1848 0.7876
vn -0.5947 0.1828 0.7829
vn -0.6003 0.1807 0.7791
vn -0.6449 0.1816 0.7424
vn -0.7005 0.1725 0.6925
vn -0.7552 0.1731 0.6322
vn -0.6932 0.1815 0.6975
vn -0.7468 0.1671 0.6437
vn -0.6276 0.1909 0.7548
vn -0.6238 0.1802 0.7606
vn -0.6980 0.1690 0.6959
vn -0.7052 0.1674 0.6889
vn -0.7545 0.1773 0.6320
vn -0.7365 0.1563 0.6581
vn -0.5556 0.2027 0.8064
vn -0.5782 0.1876 0.7941
vn -0.5609 0.2032 0.8026
vn -0.5844 0.1875 0.7895
vn -0.5983 0.1829 0.7801
vn -0.6571 0.1764 0.7328
vn 0.5068 0.2240 0.8324
vn 0.5017 0.2367 0.8320
vn 0.5026 0.2545 0.8262
vn 0.4953 0.2280 0.8383
vn 0.5031 0.2625 0.8234
vn 0.2782 0.1305 0.9516
vn 0.2649 0.1157 0.9573
vn 0.5199 0.2020 0.8300
vn 0.2775 0.1027 0.9552
vn 0.5358 0.2038 0.8194
vn 0.2783 0.1051 0.9547
vn 0.5168 0.1776 0.8375
vn 0.5128 0.1960 0.8359
vn 0.5049 0.2034 0.8389
vn 0.5033 0.2084 0.8386
vn -0.2887 0.0864 0.9535
vn -0.2940 0.0868 0.9519
vn 0.2463 0.0794 0.9659
vn 0.2488 0.0622 0.9666
vn 0.4670 0.1288 0.8748
vn 0.1975 -0.7477 0.6340
vn 0.1491 -0.7874 0.5982
vn 0.2594 -0.6908 0.6749
vn 0.1382 -0.7134 0.6870
vn 0.2225 -0.7148 0.6629
vn 0.1367 -0.7565 0.6396
vn 0.1780 -0.7631 0.6213
vn 0.1365 -0.8040 0.5788
vn 0.1330 -0.7750 0.6178
vn 0.4051 -0.5493 0.7308
vn 0.8302 -0.5138 0.2164
vn -0.6263 -0.2641 0.7335
vn -0.6389 -0.2634 0.7228
vn -0.6190 -0.2460 0.7459
vn -0.6408 -0.2462 0.7271
vn -0.6945 -0.2163 0.6862
vn -0.7829 -0.3261 0.5299
vn 0.7447 0.2275 0.6274
vn 0.7361 0.2074 0.6443
vn 0.6929 0.2201 0.6866
vn 0.2669 0.1396 0.9536
vn 0.9151 0.2951 -0.2748
vn 0.5545 0.2277 0.8004
vn 0.1098 -0.8047 0.5835
vn -0.1773 -0.8675 0.4648
vn -0.2559 -0.6296 0.7336
vn -0.4213 -0.5421 0.7271
vn -0.1112 -0.8248 0.5544
vn 0.4221 -0.5720 0.7033
vn 0.4491 -0.5896 0.6713
vn 0.4015 -0.5667 0.7195
vn 0.4053 -0.5724 0.7128
vn 0.4168 -0.6101 0.6739
vn 0.4185 -0.5765 0.7018
vn -0.6798 -0.1292 0.7220
vn -0.7316 -0.1362 0.6680
vn -0.7489 -0.1007 0.6550
vn -0.7531 -0.1099 0.6486
vn -0.7618 -0.1235 0.6360
vn -0.7776 -0.1566 0.6090
vn -0.8687 -0.3193 0.3788
vn -0.7665 -0.1778 0.6171
vn 0.8781 -0.4732 0.0714
vn -0.7659 -0.0848 0.6373
vn -0.8087 -0.1129 0.5773
vn -0.7703 -0.0842 0.6321
vn -0.7190 -0.0964 0.6883
vn -0.7436 -0.0974 0.6614
vn -0.8042 -0.1079 0.5845
vn -0.7757 -0.0919 0.6244
vn -0.8136 -0.1060 0.5717
vn -0.7850 -0.0624 0.6163
vn -0.7611 0.0183 0.6483
vn -0.7696 0.0144 0.6384
vn -0.8256 -0.0997 0.5554
vn -0.8255 -0.0922 0.5569
vn -0.7907 -0.0317 0.6113
vn -0.7592 0.0290 0.6502
vn -0.7552 0.0217 0.6551
vn -0.7680 -0.0498 0.6385
vn -0.7578 0.0036 0.6525
vn -0.7272 0.0806 0.6817
vn -0.7816 0.0896 0.6173
vn -0.4257 0.0919 0.9002
vn -0.4441 0.0912 0.8913
vn -0.9222 0.1773 0.3437
vn -0.7761 0.1610 0.6098
vn 0.7493 -0.1152 0.6522
vn 0.4585 -0.7160 -0.5264
vn 0.3608 0.0995 0.9273
vn -0.9026 0.2625 -0.3412
vn -0.3868 0.0925 0.9175
vn -0.8957 0.2573 -0.3627
vn -0.3903 0.0925 0.9160
vn 0.2802 -0.6644 0.6928
vn -0.1983 -0.7529 0.6275
vn -0.1323 -0.7908 0.5977
vn -0.8073 -0.5767 0.1251
vn -0.8181 -0.5115 0.2627
vn -0.8558 -0.4432 0.2667
vn -0.8812 -0.4728 -0.0064
vn 0.7302 -0.3460 0.5891
vn -0.7596 0.0863 0.6447
vn -0.7564 0.0330 0.6533
vn -0.7708 0.0620 0.6341
vn -0.7562 0.0193 0.6541
vn -0.7676 -0.0002 0.6409
vn -0.7905 0.0170 0.6123
vn -0.7956 -0.0328 0.6049
vn -0.7796 -0.0218 0.6259
vn -0.8073 -0.0661 0.5864
vn -0.9391 -0.2437 0.2423
vn 0.8539 -0.0849 -0.5135
vn 0.5163 -0.1165 0.8485
vn 0.5445 0.0050 0.8387
vn 0.5241 -0.0109 0.8516
vn -0.8033 0.1214 0.5831
vn -0.7738 0.1384 0.6181
vn -0.7921 0.1543 0.5906
vn -0.7856 0.1419 0.6022
vn 0.8881 0.0017 0.4597
vn 0.8731 0.0162 -0.4873
vn 0.8710 -0.0059 -0.4913
vn 0.8803 0.2577 -0.3984
vn 0.4218 0.1004 0.9011
vn -0.0258 -0.7504 0.6605
vn -0.5103 -0.5779 0.6370
vn -0.5913 -0.5924 0.5472
vn -0.2854 -0.6772 0.6782
vn -0.1686 -0.7104 0.6833
vn -0.1960 -0.6860 0.7007
vn -0.3689 -0.6134 0.6983
vn 0.0084 -0.7578 0.6525
vn -0.1693 -0.6928 0.7010
vn 0.0092 -0.7367 0.6762
vn -0.3056 -0.7389 0.6005
vn 0.0391 -0.7615 0.6470
vn 0.0237 -0.7423 0.6697
vn -0.8420 -0.5061 -0.1870
vn -0.8670 -0.4883 0.0989
vn -0.8663 -0.4674 -0.1762
vn 0.6913 -0.2831 0.6647
vn 0.8682 -0.1688 -0.4667
vn 0.8603 -0.1934 -0.4717
vn -0.9406 -0.3238 -0.1016
vn -0.7741 -0.1810 -0.6067
vn -0.7770 -0.1490 -0.6117
vn -0.7954 0.0237 0.6056
vn -0.8079 0.1418 0.5720
vn -0.8223 0.1505 0.5487
vn -0.4379 0.0125 0.8990
vn -0.7886 0.1361 0.5997
vn 0.0104 -0.6966 0.7174
vn 0.0315 -0.7831 0.6210
vn -0.7931 -0.4471 -0.4136
vn -0.8470 -0.4222 -0.3230
vn -0.7135 -0.5218 -0.4677
vn 0.4686 -0.5985 -0.6498
vn 0.7324 -0.5645 -0.3808
vn 0.5687 -0.8116 0.1338
vn 0.4100 -0.7718 0.4860
vn -0.5779 -0.2855 -0.7645
vn -0.5709 -0.2645 -0.7772
vn -0.9247 -0.3212 0.2042
vn -0.5727 -0.2610 -0.7771
vn -0.5699 -0.2516 -0.7822
vn -0.5719 -0.2461 -0.7826
vn -0.5687 -0.2129 -0.7945
vn 0.6671 -0.2541 0.7003
vn 0.3689 -0.1295 0.9204
vn 0.3696 -0.1263 0.9206
vn 0.3626 -0.1490 0.9200
vn -0.4734 -0.1664 -0.8650
vn -0.4867 -0.3182 -0.8136
vn -0.8709 -0.4307 -0.2366
vn -0.4879 -0.2930 -0.8223
vn -0.5718 -0.2115 -0.7927
vn 0.5230 -0.1068 0.8456
vn 0.4852 -0.0993 0.8687
vn 0.4917 -0.0999 0.8650
vn -0.6282 -0.1977 0.7525
vn 0.3161 -0.9408 0.1223
vn -0.9308 -0.2844 -0.2295
vn 0.5633 -0.7753 -0.2855
vn 0.3825 -0.8049 -0.4536
vn -0.2262 -0.6829 -0.6947
vn 0.2775 -0.9355 -0.2185
vn -0.1612 -0.6281 -0.7612
vn -0.1544 -0.8175 -0.5548
vn -0.6193 -0.3608 -0.6973
vn 0.8885 -0.4355 0.1445
vn 0.9500 -0.3109 -0.0281
vn 0.7870 -0.6052 -0.1198
vn 0.6455 -0.7564 -0.1059
vn -0.5268 -0.6677 -0.5260
vn -0.5118 -0.6386 -0.5747
vn 0.6951 -0.6142 -0.3736
vn 0.6538 -0.6599 -0.3702
vn -0.4764 -0.5276 -0.7033
vn -0.4774 -0.5194 -0.7087
vn 0.2059 -0.4974 -0.8428
vn 0.0470 -0.5045 -0.8621
vn 0.0128 -0.5384 -0.8426
vn 0.2632 -0.6383 -0.7234
vn -0.1198 -0.4900 -0.8634
vn -0.2304 -0.3236 -0.9177
vn -0.6670 -0.1712 -0.7251
vn -0.3610 -0.0156 -0.9324
vn -0.3526 -0.0374 -0.9350
vn 0.5331 -0.7534 0.3849
vn 0.3709 -0.5068 0.7782
vn 0.3709 -0.5100 0.7761
vn -0.1705 -0.2672 -0.9484
vn -0.1982 -0.1982 -0.9599
vn -0.4124 -0.4434 -0.7958
vn -0.1704 -0.3565 -0.9186
vn -0.1893 -0.2984 -0.9355
vn -0.1741 -0.3351 -0.9260
vn 0.2923 -0.2294 0.9284
vn 0.2948 -0.2343 0.9264
vn 0.2895 -0.2334 0.9283
vn 0.2918 -0.2440 0.9248
vn -0.1272 -0.4704 -0.8733
vn 0.0145 -0.5082 -0.8611
vn 0.0225 -0.4987 -0.8665
vn 0.0478 -0.4796 -0.8762
vn 0.5780 -0.6015 0.5515
vn 0.2692 -0.3367 0.9023
vn 0.5667 -0.7051 -0.4262
vn -0.1644 -0.2631 0.9507
vn -0.1820 -0.3186 0.9303
vn 0.3425 -0.5490 -0.7624
vn 0.1297 -0.5535 0.8227
vn -0.8581 0.1650 -0.4862
vn -0.4736 0.1550 0.8670
vn -0.8989 0.0500 -0.4352
vn -0.1499 0.1245 0.9808
vn -0.2309 0.2801 0.9318
vn 0.2829 0.2788 0.9177
vn 0.2860 0.2746 0.9180
vn 0.2835 0.2732 0.9192
vn 0.2680 0.2857 0.9201
vn 0.2684 0.2898 0.9187
vn 0.2732 0.2856 0.9186
vn -0.2449 0.2183 0.9447
vn -0.2466 0.2172 0.9444
vn -0.0658 0.3141 0.9471
vn -0.1220 0.2667 0.9560
vn -0.1149 0.2645 0.9575
vn 0.2236 0.2047 0.9529
vn 0.0435 0.0497 0.9978
vn 0.0468 0.0507 0.9976
vn 0.0416 0.0515 0.9978
vn -0.0206 0.0312 0.9993
vn -0.0198 0.0344 0.9992
vn -0.0203 0.0294 0.9994
vn -0.0196 0.0263 0.9995
vn -0.0219 0.0258 0.9994
vn -0.2733 0.0738 0.9591
vn -0.0959 -0.0421 0.9945
vn 0.1819 0.1819 0.9663
vn 0.1813 0.1755 0.9676
vn 0.1843 0.1810 0.9661
vn -0.4028 0.2166 0.8893
vn 0.3509 0.2340 0.9067
vn 0.3538 0.2314 0.9062
vn -0.3623 0.2281 0.9037
vn 0.2180 0.1704 0.9610
vn 0.2069 0.2227 0.9527
vn 0.2140 0.2189 0.9520
vn 0.2092 0.2249 0.9517
vn -0.1282 0.2497 0.9598
vn -0.1211 0.2516 0.9602
vn -0.1254 0.2509 0.9599
vn -0.0589 0.2975 0.9529
vn -0.0527 0.2965 0.9536
vn -0.0523 0.2994 0.9527
vn 0.0771 0.3160 0.9456
vn 0.0788 0.3133 0.9464
vn 0.0832 0.3144 0.9456
vn -0.0854 -0.0636 0.9943
vn -0.0686 -0.0690 0.9953
vn -0.0641 -0.0665 0.9957
vn -0.0707 -0.0610 0.9956
vn 0.2638 0.0847 0.9609
vn 0.2904 0.0724 0.9542
vn -0.1915 0.1405 0.9714
vn -0.4042 0.1964 0.8933
vn -0.4112 0.1931 0.8909
vn -0.3610 0.2167 0.9070
vn -0.3648 0.2142 0.9061
vn -0.3547 0.2181 0.9092
vn 0.2607 0.2470 0.9333
vn -0.2767 0.2475 0.9286
vn -0.2814 0.2487 0.9268
vn -0.2756 0.2472 0.9289
vn 0.6690 0.7171 -0.1953
vn 0.2622 0.2689 0.9268
vn 0.6865 0.7016 -0.1910
vn -0.7216 0.6608 -0.2064
vn -0.0663 0.1423 0.9876
vn -0.2961 0.2723 0.9155
vn 0.2907 0.9398 -0.1798
vn 0.0532 0.1725 0.9836
vn -0.0804 -0.1600 0.9838
vn -0.3576 0.1819 0.9160
vn -0.3546 0.1813 0.9173
vn -0.3620 0.1812 0.9144
vn 0.3030 0.2341 0.9238
vn 0.2968 0.2334 0.9260
vn 0.3044 0.2302 0.9243
vn -0.4872 0.2009 0.8499
vn -0.4842 0.2026 0.8512
vn -0.4886 0.2015 0.8489
vn 0.3452 0.1554 0.9256
vn 0.3453 0.1536 0.9258
vn 0.3463 0.1533 0.9255
vn -0.4795 0.8524 -0.2085
vn -0.4045 0.8923 -0.2003
vn -0.4868 0.0979 0.8680
vn 0.3537 0.2214 0.9088
vn 0.3484 0.2383 0.9065
vn -0.4771 0.2183 0.8513
vn -0.4716 0.2128 0.8558
vn -0.4708 0.2138 0.8559
vn 0.4686 0.2294 0.8531
vn 0.4773 0.2321 0.8475
vn -0.4877 0.1801 0.8542
vn -0.4947 0.1811 0.8500
vn -0.4951 0.1815 0.8497
vn 0.3831 0.1733 0.9073
vn 0.3759 0.1671 0.9115
vn -0.5347 0.2144 0.8174
vn -0.5338 0.2169 0.8173
vn -0.5323 0.2142 0.8190
vn -0.5253 0.1256 0.8416
vn 0.4742 0.2162 0.8535
vn 0.4702 0.2178 0.8553
vn 0.3628 0.1050 0.9259
vn 0.3477 0.1565 0.9245
vn 0.3323 0.1494 0.9313
vn -0.2406 0.1051 0.9649
vn -0.4843 0.2020 0.8513
vn -0.0980 -0.5557 0.8256
vn 0.6062 -0.3104 0.7322
vn -0.4597 0.2136 0.8620
vn -0.4652 0.2125 0.8593
vn -0.4651 0.2137 0.8591
vn 0.5084 0.2770 0.8154
vn 0.4938 0.2745 0.8251
vn 0.5068 0.2731 0.8176
vn -0.2907 0.0796 0.9535
vn -0.2902 0.0789 0.9537
vn -0.5565 0.1515 0.8169
vn -0.2917 0.0876 0.9525
vn -0.2903 0.0880 0.9529
vn -0.5558 0.1663 0.8145
vn -0.5525 0.1657 0.8169
vn 0.4154 -0.5698 0.7091
vn -0.7770 -0.0015 0.6295
vn -0.4412 0.0877 0.8931
vn -0.4592 -0.2089 -0.8634
vn -0.4690 -0.2586 -0.8445
vn -0.2225 0.2595 0.9398
vn -0.2397 0.2430 0.9400
vn 0.2800 0.2779 0.9189
vn 0.3191 0.2554 0.9127
vn 0.2706 0.2850 0.9195
vn 0.3234 0.2551 0.9112
vn 0.1585 0.2937 0.9427
vn 0.1604 0.3032 0.9393
vn -0.1291 0.2760 0.9524
vn -0.2390 0.2230 0.9451
vn -0.1543 0.2761 0.9487
vn 0.1461 0.3048 0.9411
vn 0.2520 0.1774 0.9513
vn -0.1105 0.2581 0.9598
vn 0.0429 0.2401 0.9698
vn -0.1265 0.2577 0.9579
vn 0.2273 0.1822 0.9566
vn 0.0169 0.0375 0.9992
vn -0.0793 0.0952 0.9923
vn -0.0773 0.1041 0.9916
vn -0.0478 -0.0115 0.9988
vn -0.0399 -0.0180 0.9990
vn -0.0171 0.0289 0.9994
vn -0.0351 -0.0389 0.9986
vn -0.0190 0.0285 0.9994
vn -0.0456 -0.0463 0.9979
vn -0.1323 0.0932 0.9868
vn -0.2206 0.1224 0.9677
vn 0.1455 0.1510 0.9778
vn 0.2237 0.1450 0.9638
vn 0.2101 0.1381 0.9679
vn -0.6535 0.1848 0.7340
vn -0.4276 0.1990 0.8818
vn -0.3503 0.2242 0.9094
vn -0.3585 0.2289 0.9050
vn 0.2200 0.1947 0.9559
vn 0.2071 0.2010 0.9575
vn 0.1438 0.2727 0.9513
vn 0.1311 0.2743 0.9527
vn -0.1980 0.2516 0.9474
vn -0.0941 0.2760 0.9565
vn -0.1995 0.2533 0.9466
vn -0.0787 0.2767 0.9577
vn -0.0824 0.3339 0.9390
vn 0.0184 0.3106 0.9504
vn -0.0930 0.3335 0.9381
vn 0.0184 0.3041 0.9525
vn 0.1005 0.3255 0.9402
vn 0.0899 0.3285 0.9402
vn -0.0790 -0.0582 0.9952
vn -0.1431 -0.1431 0.9793
vn -0.0777 -0.0762 0.9941
vn 0.3673 0.0456 0.9290
vn -0.2693 0.1576 0.9501
vn -0.2731 0.1588 0.9488
vn -0.5888 0.1926 0.7850
vn -0.6514 0.1873 0.7353
vn 0.3698 0.1886 0.9098
vn 0.3662 0.2434 0.8981
vn -0.4565 0.1931 0.8685
vn -0.4435 0.1985 0.8740
vn -0.2848 0.2618 0.9221
vn -0.4290 0.2109 0.8783
vn -0.3681 0.2193 0.9035
vn -0.2348 0.2816 0.9304
vn -0.2626 0.2748 0.9249
vn 0.2677 0.2570 0.9286
vn 0.2568 0.2589 0.9311
vn 0.3003 0.1967 0.9333
vn -0.3035 0.2624 0.9160
vn -0.2868 0.2570 0.9229
vn 0.6610 0.7235 -0.1988
vn 0.7069 0.6808 -0.1920
vn 0.2513 0.2793 0.9267
vn 0.2768 0.9443 -0.1779
vn 0.2903 0.9398 -0.1804
vn 0.1089 0.3380 0.9348
vn 0.1740 0.3170 0.9323
vn -0.4121 0.1517 0.8984
vn -0.4043 0.1483 0.9025
vn 0.3846 0.2378 0.8919
vn 0.3869 0.1678 0.9067
vn -0.8939 0.3509 -0.2790
vn -0.8911 0.3608 -0.2754
vn -0.5233 0.1740 0.8342
vn -0.4824 0.2020 0.8523
vn 0.3531 0.1551 0.9227
vn 0.3468 0.1556 0.9249
vn 0.3615 0.1298 0.9233
vn -0.1699 0.5688 0.8048
vn -0.2110 0.6796 0.7025
vn -0.3270 0.9228 -0.2037
vn -0.3626 0.9098 -0.2017
vn -0.4868 0.0894 0.8689
vn -0.5487 0.1275 0.8263
vn -0.4776 0.2277 0.8485
vn 0.3989 0.3297 0.8557
vn -0.4892 0.1782 0.8538
vn -0.4786 0.1958 0.8559
vn -0.4788 0.1964 0.8557
vn -0.5153 0.1982 0.8338
vn -0.5352 0.1696 0.8275
vn -0.5757 0.1969 0.7936
vn -0.5160 0.1343 0.8460
vn 0.4729 0.2041 0.8572
vn 0.4948 0.2014 0.8453
vn 0.3966 0.1140 0.9109
vn 0.4065 0.0969 0.9085
vn 0.1769 0.0800 0.9810
vn 0.1842 0.0808 0.9796
vn -0.4779 0.2071 0.8537
vn 0.7546 -0.2865 0.5903
vn -0.5495 0.2081 0.8092
vn -0.8558 -0.1705 -0.4884
vn -0.5533 0.1584 0.8178
vn -0.6568 0.0890 0.7488
vn -0.3083 0.1004 0.9460
vn -0.3295 0.1037 0.9384
vn 0.4972 0.2607 0.8275
vn 0.2734 0.1091 0.9557
vn 0.2730 0.1126 0.9554
vn 0.2354 0.0629 0.9699
vn -0.7600 -0.0887 0.6438
vn -0.4281 0.0904 0.8992
vn -0.8836 0.1737 -0.4349
vn -0.4546 0.0982 0.8853
vn 0.0293 -0.7316 0.6811
vn 0.6187 -0.3114 0.7212
vn 0.3665 -0.1252 0.9219
vn -0.1902 -0.7373 -0.6483
vn 0.0102 -0.5437 -0.8392
vn -0.0674 -0.4750 -0.8774
vn 0.3190 0.2507 0.9140
vn -0.1711 0.2638 0.9493
vn -0.3208 0.2249 0.9200
vn 0.2548 0.1866 0.9488
vn -0.2149 0.2644 0.9402
vn -0.1235 0.2564 0.9586
vn -0.0751 0.1086 0.9912
vn -0.0409 -0.0134 0.9991
vn -0.0165 0.0314 0.9994
vn 0.2164 0.1436 0.9657
vn 0.2180 0.3549 0.9091
vn 0.3622 0.2192 0.9059
vn -0.3598 0.2209 0.9065
vn 0.2140 0.1965 0.9569
vn 0.1364 0.2747 0.9518
vn 0.2328 0.2334 0.9441
vn -0.1985 0.2478 0.9483
vn -0.0877 0.2747 0.9575
vn -0.0878 0.3322 0.9391
vn 0.0162 0.3075 0.9514
vn 0.0932 0.3280 0.9401
vn -0.1413 -0.0147 0.9899
vn -0.1422 -0.1309 0.9811
vn -0.0768 -0.0648 0.9949
vn 0.1439 -0.0043 0.9896
vn 0.2611 0.0429 0.9644
vn -0.1891 0.1338 0.9728
vn -0.2654 0.1603 0.9507
vn 0.2989 0.2359 0.9247
vn 0.2958 0.2565 0.9202
vn 0.3717 0.1946 0.9077
vn -0.4488 0.1988 0.8712
vn -0.4310 0.2084 0.8780
vn 0.2602 0.2610 0.9296
vn 0.3162 0.1820 0.9311
vn 0.9707 0.2248 -0.0847
vn 0.8635 0.2256 -0.4510
vn -0.1558 0.1386 0.9780
vn -0.7325 0.6495 -0.2039
vn 0.0521 0.1720 0.9837
vn 0.2262 0.7184 0.6578
vn 0.2121 -0.2310 0.9495
vn -0.4084 0.1517 0.9001
vn -0.3453 0.1197 0.9308
vn 0.3893 0.2270 0.8927
vn -0.5234 0.1762 0.8337
vn -0.4868 0.2022 0.8498
vn -0.2943 0.9367 -0.1897
vn 0.4431 0.2780 0.8523
vn 0.4934 0.2550 0.8316
vn -0.4672 0.2260 0.8548
vn 0.3705 0.2798 0.8857
vn 0.2797 0.2655 0.9226
vn -0.4740 0.1957 0.8585
vn 0.4916 0.2112 0.8448
vn -0.4851 0.2027 0.8506
vn 0.5062 0.2770 0.8167
vn -0.5557 0.1587 0.8161
vn -0.6374 0.0910 0.7651
vn -0.7014 0.0908 0.7069
vn -0.6083 0.2036 0.7672
vn -0.6131 0.1819 0.7688
vn -0.5961 0.1875 0.7807
vn -0.0037 0.0793 0.9968
vn 0.2445 0.0763 0.9666
vn 0.2409 0.0615 0.9686
vn 0.1984 0.0484 0.9789
vn 0.2388 0.0462 0.9700
vn 0.2199 0.0513 0.9742
vn 0.2271 0.0631 0.9718
vn 0.2228 0.0483 0.9737
vn -0.6573 0.0147 0.7535
vn -0.7757 -0.0521 0.6289
vn -0.4587 0.0946 0.8835
vn -0.4373 0.0912 0.8947
vn -0.7784 0.1691 0.6046
vn -0.8068 0.4046 0.4305
vn -0.1735 -0.6914 0.7013
vn -0.4636 0.0910 0.8814
vn -0.4662 0.0942 0.8797
vn -0.8147 0.1647 0.5561
vn -0.4642 0.0953 0.8806
vn -0.4720 0.0841 0.8776
vn -0.4729 0.0418 0.8801
vn -0.4403 -0.0110 0.8978
vn -0.4586 -0.3354 -0.8229
vn -0.4689 -0.3306 -0.8190
vn 0.2827 0.1102 0.9528
vn 0.2963 0.1135 0.9483
vn 0.0206 -0.0362 0.9991
vn -0.1006 0.2871 0.9526
vn 0.0578 0.2658 0.9623
vn -0.1742 0.1931 0.9656
vn -0.6557 0.1869 0.7316
vn 0.3986 0.2018 0.8946
vn 0.3920 0.2067 0.8964
vn 0.3971 0.2116 0.8930
vn -0.4997 0.1574 0.8518
vn -0.4135 0.2088 0.8862
vn 0.1962 0.2838 0.9386
vn -0.1892 0.3044 0.9336
vn 0.0621 0.9863 -0.1529
vn 0.7575 0.6238 -0.1925
vn 0.6701 0.7175 -0.1901
vn -0.2413 0.3220 0.9155
vn -0.6694 0.7140 -0.2049
vn -0.5942 0.7803 -0.1949
vn -0.7559 0.6244 -0.1968
vn -0.7092 0.6733 -0.2093
vn -0.1660 0.1409 0.9760
vn -0.1546 0.1364 0.9785
vn 0.1902 0.9674 -0.1670
vn 0.4605 0.8747 -0.1510
vn 0.3877 0.2726 0.8806
vn 0.2749 0.2957 0.9149
vn 0.2514 0.2984 0.9208
vn 0.2836 0.2847 0.9157
vn 0.4631 0.1483 0.8738
vn -0.9029 0.3289 -0.2768
vn -0.5187 0.0931 0.8498
vn 0.9272 0.3166 -0.2003
vn 0.1787 0.0773 0.9809
vn 0.1901 0.0673 0.9794
vn 0.1888 0.0693 0.9796
vn 0.1908 0.0656 0.9794
vn -0.2847 0.0782 0.9554
vn 0.1883 0.0732 0.9794
vn 0.1796 0.0779 0.9807
vn 0.1767 0.0801 0.9810
vn 0.1914 0.0805 0.9782
vn -0.5756 0.1883 0.7958
vn -0.5920 0.1827 0.7849
vn -0.6216 0.1770 0.7631
vn -0.7161 0.1566 0.6802
vn -0.3108 0.0987 0.9453
vn -0.3145 0.1018 0.9438
vn 0.2476 0.0725 0.9661
vn 0.2471 0.0763 0.9660
vn 0.2376 0.0647 0.9692
vn 0.2429 0.0765 0.9670
vn 0.2205 0.0634 0.9733
vn 0.2340 0.0740 0.9694
vn 0.2824 0.0778 0.9561
vn -0.7667 -0.0934 0.6351
vn -0.4380 0.0975 0.8937
vn 0.7496 -0.1141 0.6520
vn -0.3805 -0.0393 -0.9239
vn 0.5680 -0.4207 0.7074
vn -0.0910 -0.5655 -0.8197
vn -0.1125 -0.4782 -0.8710
vn 0.1936 0.0566 0.9794
vn -0.4773 0.0711 0.8759
vn -0.3294 0.0997 0.9389
vn -0.1486 0.1372 0.9793
vn -0.1253 -0.4752 -0.8709
vn -0.2931 0.0869 0.9521
vn -0.2926 0.0870 0.9523
vn -0.3398 0.0758 0.9375
vn -0.3586 0.0992 0.9282
vn -0.2796 0.1003 0.9549
vn -0.8868 0.3734 -0.2723
vn -0.3213 0.1024 0.9414
vn -0.4583 -0.1831 -0.8697
vn -0.2884 0.0874 0.9535
vn -0.2933 0.0792 0.9527
vn -0.2905 0.0802 0.9535
vn -0.2533 0.1049 0.9617
vn -0.8887 0.3676 -0.2740
vn 0.1770 0.0801 0.9809
vn -0.7743 -0.5005 -0.3872
vn -0.5844 -0.7384 -0.3365
vn 0.3183 -0.3594 0.8772
vn 0.3172 -0.3742 0.8714
vn -0.2797 -0.2320 -0.9316
vn -0.3380 -0.2724 -0.9009
vn 0.1332 -0.4750 -0.8698
vn -0.8522 -0.3914 -0.3472
vn -0.4496 -0.5063 0.7359
vn 0.3640 -0.8197 -0.4422
vn 0.8677 -0.3652 -0.3373
vn -0.7144 -0.2523 -0.6526
vn -0.4411 0.0984 0.8920
vn -0.4524 0.0855 0.8877
vn -0.8982 0.1947 -0.3940
vn -0.4438 0.0896 0.8916
vn -0.4381 0.0768 0.8957
vn 0.8543 -0.2788 -0.4387
vn 0.0393 0.1398 0.9894
vn -0.0332 0.2183 0.9753
vn -0.5337 0.4027 0.7437
vn 0.4408 0.1103 0.8908
vn 0.3811 0.1170 0.9171
vn 0.7221 0.0713 0.6881
vn -0.2935 0.0837 0.9523
vn -0.8683 0.4147 -0.2723
vn -0.8724 0.4093 -0.2673
vn -0.2930 0.0796 0.9528
vn -0.2946 0.0801 0.9523
vn -0.2851 0.0825 0.9549
vn -0.9156 0.2711 -0.2971
vn -0.1511 0.1084 0.9825
vn -0.1777 0.1062 0.9783
vn -0.8808 0.3907 -0.2674
vn -0.8845 0.3772 -0.2745
vn -0.8772 0.4001 -0.2654
vn -0.2895 0.1057 0.9513
vn -0.2885 0.1022 0.9520
vn -0.1081 0.1817 0.9774
vn -0.8417 0.4755 -0.2556
vn -0.7628 0.6111 -0.2115
vn -0.7948 0.5663 -0.2181
vn -0.7359 0.6451 -0.2055
vn -0.6898 0.6953 -0.2018
vn -0.7133 0.6702 -0.2050
vn 0.2983 0.0943 0.9498
vn 0.1166 -0.4257 0.8973
vn 0.1119 -0.4294 0.8961
vn 0.3142 -0.8398 -0.4427
vn 0.7726 -0.5064 -0.3829
vn 0.7645 -0.5196 -0.3816
vn 0.7191 -0.5788 -0.3846
vn 0.3648 -0.4806 -0.7974
vn 0.3759 -0.5426 -0.7512
vn -0.0848 -0.5699 -0.8173
vn 0.4027 -0.1464 0.9036
vn 0.4113 -0.1791 0.8937
vn -0.8870 -0.2926 -0.3574
vn -0.8847 -0.3064 -0.3514
vn 0.7137 -0.5873 -0.3816
vn 0.2850 -0.2470 0.9261
vn -0.4698 -0.4975 0.7292
vn -0.5736 -0.2308 -0.7859
vn 0.4359 0.1088 0.8934
vn 0.8676 0.2098 -0.4509
vn 0.8726 0.1835 -0.4526
vn 0.1791 0.0788 0.9807
vn 0.2409 0.0675 0.9682
vn 0.1041 -0.4309 0.8964
vn 0.0962 -0.4602 0.8826
vn 0.1019 -0.4336 0.8953
vn -0.2737 -0.1447 -0.9509
vn 0.1276 -0.5115 -0.8497
vn 0.7123 -0.5963 -0.3703
vn 0.0680 -0.2414 -0.9680
vn -0.1196 -0.4797 -0.8692
vn -0.0693 -0.4771 -0.8761
vn 0.2555 -0.5379 0.8034
vn 0.2767 -0.6880 -0.6709
vn 0.4218 -0.6581 -0.6237
vn 0.2591 -0.6428 -0.7209
vn 0.3646 -0.4616 -0.8087
vn -0.3706 -0.0704 -0.9261
vn -0.3616 -0.1139 -0.9254
vn -0.3539 -0.1112 0.9287
vn -0.8884 -0.2884 -0.3571
vn -0.8813 -0.3160 -0.3514
vn -0.8669 -0.3574 -0.3476
vn -0.4654 -0.4983 0.7315
vn 0.0994 -0.4547 0.8851
vn 0.1103 -0.4618 0.8801
vn 0.3693 -0.1287 0.9203
vn 0.3742 -0.1213 0.9194
vn -0.5651 -0.2419 -0.7888
vn -0.5473 -0.2937 -0.7837
vn 0.3607 -0.1406 0.9220
vn 0.3829 -0.1427 0.9127
vn -0.5774 -0.2797 -0.7671
vn -0.5892 -0.2664 -0.7628
vn -0.4685 0.0769 0.8801
vn -0.4667 0.0742 0.8813
vn 0.4020 -0.1807 0.8976
vn 0.4199 -0.1747 0.8906
vn 0.8858 0.1130 -0.4502
vn 0.8795 0.1481 -0.4522
vn 0.3225 0.0516 0.9452
vn 0.3190 0.0501 0.9464
vn -0.3038 0.1039 0.9470
vn -0.8864 0.3740 -0.2727
vn 0.1838 0.0803 0.9797
vn 0.1267 -0.4320 0.8929
vn 0.1548 -0.4329 0.8881
vn 0.2362 -0.5364 0.8103
vn 0.3701 -0.5080 0.7778
vn 0.7069 -0.5984 -0.3770
vn 0.2865 -0.2463 0.9259
vn -0.4378 -0.4151 -0.7975
vn 0.1769 0.0803 0.9809
vn 0.0624 0.1725 0.9830
vn 0.0054 0.0601 0.9982
vn 0.0250 0.0622 0.9978
vn 0.1302 0.3849 0.9137
vn -0.3630 0.6454 0.6721
vn -0.1169 0.6668 0.7360
vn -0.1007 0.3693 0.9239
vn 0.0320 0.1609 0.9865
vn -0.1042 0.2588 0.9603
vn 0.0633 0.1340 0.9890
vn -0.1839 0.2235 0.9572
vn -0.2303 0.3591 0.9044
vn 0.1309 0.2363 0.9628
vn -0.0603 -0.2183 0.9740
vn -0.0818 -0.1434 0.9863
vn -0.0758 -0.2168 0.9733
vn -0.0326 -0.1064 0.9938
vn -0.0369 -0.1112 0.9931
vn -0.0670 -0.0498 0.9965
vn -0.0741 -0.0272 0.9969
vn -0.0806 0.1029 0.9914
vn -0.1185 0.1499 0.9816
vn -0.2778 -0.1075 0.9546
vn -0.0845 0.0488 0.9952
vn 0.2962 0.9272 -0.2293
vn 0.3347 0.9186 0.2102
vn -0.1307 0.9847 0.1152
vn 0.1376 0.7501 0.6468
vn -0.7321 0.4613 0.5013
vn -0.8124 0.5167 0.2701
vn -0.6091 0.5754 0.5459
vn 0.6377 0.1459 0.7563
vn 0.5640 0.1525 0.8116
vn 0.6250 0.1127 0.7724
vn 0.3127 0.6677 0.6755
vn 0.1263 0.3541 0.9267
vn 0.6136 0.6404 0.4620
vn 0.4050 0.2309 0.8847
vn 0.0623 0.2905 0.9548
vn 0.1633 0.3063 0.9378
vn -0.2758 0.3378 0.8999
vn -0.5007 0.4891 0.7142
vn -0.4874 0.4228 0.7640
vn 0.0526 0.2350 0.9706
vn -0.6898 0.2736 0.6703
vn -0.7852 0.1893 0.5896
vn -0.4942 0.1151 0.8617
vn -0.4037 0.1256 0.9062
vn -0.7721 0.1552 0.6163
vn -0.1545 0.2921 0.9438
vn -0.1892 0.2453 0.9508
vn -0.3993 0.2607 0.8789
vn -0.7266 0.1492 0.6707
vn -0.2952 0.0951 0.9507
vn -0.1623 0.2593 0.9521
vn -0.5682 0.1684 0.8055
vn 0.2711 0.3009 0.9143
vn 0.3392 0.1713 0.9250
vn 0.3598 0.2274 0.9049
vn 0.2456 0.1715 0.9541
vn -0.2519 0.2414 0.9372
vn -0.0933 0.1796 0.9793
vn -0.0596 0.3528 0.9338
vn 0.2671 0.2940 0.9177
vn 0.0936 0.2526 0.9630
vn -0.3200 0.1072 0.9413
vn -0.0793 0.1889 0.9788
vn -0.4499 -0.0055 0.8931
vn 0.2766 0.2747 0.9209
vn 0.1985 0.2738 0.9411
vn 0.5733 0.1004 0.8132
vn 0.8566 0.0433 0.5142
vn 0.5254 0.1401 0.8393
vn 0.8027 -0.0174 0.5962
vn 0.6718 -0.1176 0.7313
vn 0.3899 0.1875 0.9016
vn 0.0898 -0.2422 0.9661
vn 0.2171 0.0481 0.9750
vn 0.4810 -0.1543 0.8630
vn -0.4718 -0.1444 0.8698
vn -0.3366 -0.0245 0.9413
vn -0.3104 -0.2722 0.9108
vn -0.0422 0.1820 0.9824
vn -0.1481 0.1380 0.9793
vn -0.2021 0.1027 0.9740
vn 0.5666 0.3687 0.7369
vn 0.5421 0.3356 0.7704
vn 0.4798 0.3292 0.8133
vn 0.0248 0.4345 0.9003
vn 0.0050 0.2422 0.9702
vn 0.1175 0.2554 0.9597
vn 0.0988 0.3436 0.9339
vn 0.0638 0.1877 0.9802
vn 0.0981 0.0821 0.9918
vn 0.1995 0.1136 0.9733
vn 0.3592 0.0633 0.9311
vn 0.3296 0.1194 0.9365
vn -0.4151 0.8872 -0.2013
vn -0.5889 0.7981 0.1276
vn -0.7885 0.6084 0.0898
vn -0.1485 0.2498 0.9568
vn -0.4137 0.1886 0.8907
vn -0.8556 0.3709 0.3610
vn -0.8920 0.2337 0.3868
vn -0.9000 0.1362 0.4140
vn 0.6675 0.1308 0.7330
vn 0.6792 0.1232 0.7235
vn 0.6564 0.0976 0.7481
vn -0.6860 0.1241 0.7170
vn -0.7058 0.1407 0.6943
vn -0.6712 0.1634 0.7231
vn 0.8665 -0.0087 0.4991
vn 0.6751 0.1136 0.7289
vn 0.7325 0.0375 0.6797
vn 0.3000 0.1070 0.9479
vn -0.6513 -0.0948 0.7529
vn -0.5839 -0.4289 0.6893
vn -0.6345 -0.2332 0.7369
vn 0.5453 0.2065 0.8124
vn 0.5831 0.3247 0.7447
vn 0.4649 0.3182 0.8262
vn 0.0405 0.6383 0.7687
vn 0.0173 0.6328 0.7741
vn 0.1155 0.6565 0.7455
vn -0.1042 0.3811 0.9186
vn -0.0419 0.5732 0.8184
vn -0.1423 0.4703 0.8710
vn -0.1726 0.3993 0.9004
vn -0.1860 0.2841 0.9406
vn -0.2492 -0.3458 0.9046
vn -0.3157 -0.3741 0.8720
vn -0.3210 -0.3052 0.8966
vn -0.6620 -0.0624 0.7469
vn -0.6261 -0.0716 0.7764
vn -0.5663 -0.1539 0.8097
vn 0.0277 0.9857 -0.1663
vn 0.7338 0.6755 0.0728
vn 0.5574 0.8292 0.0423
vn 0.7789 0.6192 0.0993
vn -0.7153 0.0156 0.6987
vn -0.7064 0.0949 0.7014
vn -0.7066 0.0618 0.7049
vn -0.6807 0.0949 0.7264
vn -0.6694 0.0842 0.7381
vn -0.6765 0.0683 0.7333
vn 0.9009 0.0705 0.4283
vn 0.9446 -0.0179 0.3278
vn -0.9212 -0.3791 0.0872
vn -0.9886 -0.1492 0.0208
vn -0.9643 -0.1429 0.2229
vn 0.9377 -0.1069 0.3306
vn 0.6705 0.2740 0.6895
vn 0.6856 0.2727 0.6750
vn 0.6891 0.2187 0.6909
vn 0.9842 -0.1459 0.1005
vn 0.9505 -0.2306 0.2082
vn 0.9783 -0.0901 0.1864
vn -0.3631 -0.9094 0.2027
vn -0.1787 -0.6606 0.7291
vn 0.1124 -0.8676 0.4844
vn 0.6508 0.3128 0.6919
vn 0.6452 0.3415 0.6835
vn 0.5807 0.3822 0.7188
vn 0.5811 0.3869 0.7160
vn 0.5844 0.3798 0.7171
vn 0.5800 0.3929 0.7136
vn 0.5766 0.3862 0.7200
vn 0.3853 0.3782 0.8417
vn 0.3725 0.2986 0.8787
vn 0.5567 0.3897 0.7336
vn -0.3762 -0.3026 0.8757
vn -0.3643 -0.2258 0.9035
vn -0.3540 -0.2319 0.9060
vn 0.5332 -0.1821 0.8261
vn 0.5389 -0.1708 0.8249
vn 0.5518 -0.1612 0.8182
vn 0.7127 0.0239 0.7011
vn 0.6642 -0.1738 0.7271
vn 0.6773 -0.0081 0.7356
vn -0.6072 0.7944 0.0186
vn -0.5097 0.7786 0.3662
vn -0.8045 0.5769 0.1409
vn 0.6689 0.1195 0.7337
vn 0.6675 0.0952 0.7385
vn -0.8720 0.4063 0.2730
vn -0.4461 0.7860 0.4280
vn 0.6338 0.1123 0.7653
vn 0.6461 0.1120 0.7550
vn 0.6363 0.1038 0.7644
vn 0.6466 0.0934 0.7571
vn 0.6396 0.0931 0.7631
vn 0.6928 0.1876 0.6963
vn 0.6831 0.1693 0.7104
vn 0.6639 0.1629 0.7298
vn 0.6687 0.1908 0.7186
vn -0.7919 -0.5767 0.2008
vn -0.6427 -0.6359 0.4273
vn -0.8375 -0.2947 0.4602
vn -0.6232 0.3089 0.7184
vn -0.6261 0.2970 0.7210
vn -0.6272 0.2971 0.7200
vn -0.6200 0.3741 0.6896
vn -0.5731 0.4650 0.6748
vn -0.5999 0.3889 0.6992
vn -0.4713 0.5326 0.7030
vn -0.5598 0.4779 0.6769
vn -0.4657 0.5797 0.6687
vn -0.4029 -0.2614 0.8771
vn -0.4088 -0.2935 0.8641
vn -0.4567 -0.2547 0.8524
vn -0.6384 -0.0310 0.7691
vn -0.6174 -0.0517 0.7850
vn -0.6352 -0.0578 0.7702
vn 0.3539 0.7947 0.4933
vn 0.6067 0.6532 0.4530
vn 0.1734 0.9109 0.3744
vn 0.6205 0.1000 0.7778
vn 0.6340 0.0928 0.7678
vn 0.6237 0.0884 0.7766
vn 0.9826 0.0147 0.1850
vn 0.9652 0.0507 0.2564
vn 0.9872 0.0780 0.1389
vn 0.9933 -0.0031 0.1159
vn 0.9937 0.0676 0.0899
vn -0.9864 -0.0314 -0.1613
vn -0.9983 0.0514 0.0291
vn -0.9768 0.1741 0.1245
vn -0.9694 0.2294 0.0874
vn -0.6804 0.0909 0.7272
vn -0.6701 0.1570 0.7254
vn -0.6683 0.1695 0.7243
vn -0.6701 0.1932 0.7167
vn -0.6689 0.1957 0.7171
vn -0.6641 0.2086 0.7179
vn -0.6602 0.1862 0.7276
vn -0.6599 0.1858 0.7280
vn -0.6604 0.1896 0.7266
vn -0.9790 0.1959 -0.0562
vn -0.9315 -0.0971 -0.3506
vn -0.9628 0.0899 -0.2548
vn -0.1262 -0.9462 -0.2980
vn 0.4073 -0.9072 0.1057
vn 0.5633 -0.7273 -0.3921
vn 0.8577 -0.3634 -0.3637
vn 0.4276 -0.7162 -0.5516
vn 0.6581 0.2878 0.6957
vn -0.1962 0.9170 0.3472
vn 0.7332 0.5748 0.3633
vn 0.8849 0.3828 0.2652
vn 0.8807 0.3807 0.2818
vn 0.8149 0.5021 0.2894
vn 0.9472 0.2575 0.1913
vn 0.8192 0.5131 0.2563
vn 0.9503 0.2527 0.1818
vn 0.9590 0.2467 0.1397
vn 0.9741 0.1328 0.1830
vn 0.9964 -0.0126 0.0838
vn 0.9935 -0.0763 0.0846
vn 0.9918 -0.0639 0.1110
vn 0.9817 -0.0396 0.1861
vn 0.9882 -0.0405 0.1477
vn 0.9915 -0.1025 0.0798
vn 0.9974 -0.0176 0.0701
vn 0.9934 -0.1145 0.0116
vn 0.6277 0.3045 0.7164
vn 0.6379 0.3035 0.7078
vn 0.2990 0.8399 0.4529
vn 0.9462 0.2274 0.2304
vn 0.8778 0.3904 0.2777
vn -0.9534 0.2899 0.0833
vn -0.9359 0.3496 0.0425
vn -0.9303 0.3657 0.0280
vn 0.7200 0.0660 0.6908
vn 0.9904 -0.1023 0.0933
vn 0.9981 0.0111 0.0613
vn 0.7061 0.6024 0.3721
vn 0.4905 0.7740 0.4003
vn -0.3614 0.8242 0.4360
vn -0.3208 0.8705 0.3733
vn 0.5394 0.7766 0.3254
vn 0.9349 0.2817 0.2159
vn 0.9722 0.0659 0.2248
vn 0.9821 0.0681 0.1754
vn 0.9765 -0.2090 0.0530
vn 0.7075 -0.2808 0.6485
vn 0.7059 -0.4453 0.5508
vn 0.7938 -0.6011 0.0927
vn 0.6164 -0.7655 0.1845
vn 0.6347 -0.7568 0.1565
vn 0.4711 -0.5470 0.6920
vn 0.6408 -0.7507 0.1607
vn -0.6399 -0.6240 0.4485
vn -0.7764 -0.5648 0.2798
vn -0.4853 -0.8721 -0.0631
vn 0.0900 -0.9920 0.0883
vn 0.5143 0.8338 0.2007
vn 0.7844 0.5683 0.2485
vn 0.8397 0.4886 0.2370
vn -0.2963 -0.3216 0.8993
vn -0.3170 -0.2443 0.9164
vn -0.7351 -0.2848 0.6152
vn 0.7368 0.6001 0.3115
vn -0.1562 0.9877 -0.0068
vn 0.7249 0.1781 0.6654
vn 0.8868 0.2039 0.4146
vn 0.8391 0.4161 0.3504
vn 0.8755 0.3876 0.2885
vn 0.9321 0.1394 0.3343
vn 0.7522 -0.0770 0.6545
vn 0.8052 0.3888 0.4477
vn 0.7827 0.3203 0.5337
vn -0.8710 0.4397 -0.2192
vn -0.9314 0.2231 -0.2876
vn -0.2799 0.9218 0.2684
vn 0.6814 0.6803 0.2699
vn 0.5377 0.3795 0.7529
vn 0.5401 0.3862 0.7478
vn 0.6079 0.3851 0.6944
vn 0.5936 0.3844 0.7070
vn 0.8869 -0.4592 0.0508
vn 0.6593 -0.6652 0.3504
vn 0.4845 -0.5602 0.6719
vn 0.8540 -0.3084 0.4190
vn 0.6622 0.2333 0.7120
vn 0.6379 0.1383 0.7576
vn 0.9629 -0.0297 0.2682
vn -0.8987 -0.1133 0.4236
vn 0.9237 0.1184 0.3642
vn 0.9056 0.3529 0.2354
vn 0.8607 0.3769 0.3424
vn 0.9206 0.2295 0.3160
vn 0.9345 0.2624 0.2406
vn 0.9666 0.1277 0.2223
vn 0.7577 0.2775 0.5906
vn 0.6523 0.4254 0.6273
vn 0.6174 -0.2145 0.7568
vn -0.4567 -0.2429 0.8558
vn -0.4991 -0.2742 0.8220
vn -0.6074 -0.1777 0.7742
vn 0.6238 0.0105 0.7815
vn 0.5712 0.0247 0.8204
vn 0.5328 -0.0951 0.8409
vn 0.3979 0.2471 0.8835
vn 0.3778 0.3155 0.8705
vn 0.4720 0.3733 0.7987
vn -0.4484 0.0031 0.8938
vn -0.7432 -0.4205 0.5205
vn -0.7848 -0.0244 0.6193
vn -0.8702 0.0550 0.4897
vn 0.5275 0.1474 0.8367
vn 0.5063 0.1044 0.8560
vn 0.6014 0.1097 0.7914
vn 0.4505 0.1677 0.8769
vn 0.4150 0.1314 0.9003
vn -0.6162 0.2639 0.7421
vn -0.5923 0.2742 0.7576
vn -0.6445 0.2395 0.7261
vn -0.6441 0.2159 0.7339
vn -0.4783 0.2228 0.8495
vn 0.2657 0.1454 0.9530
vn 0.6166 0.0931 0.7818
vn 0.5797 0.0502 0.8133
vn 0.6315 0.0749 0.7717
vn 0.5662 0.1241 0.8149
vn 0.4592 0.1514 0.8753
vn 0.3412 0.1329 0.9305
vn 0.4151 0.1761 0.8926
vn -0.9473 0.1733 0.2693
vn -0.9124 0.3025 0.2758
vn -0.9431 0.0248 0.3316
vn -0.0503 0.1759 0.9831
vn 0.4568 0.3628 0.8122
vn -0.6625 0.0747 0.7453
vn -0.6585 -0.0909 0.7471
vn -0.6371 0.1774 0.7501
vn -0.6737 0.2051 0.7100
vn 0.4983 0.0257 0.8666
vn 0.5906 0.0455 0.8057
vn 0.3744 -0.0597 0.9253
vn -0.1342 -0.1971 0.9711
vn -0.1709 -0.1523 0.9735
vn -0.1210 -0.1387 0.9829
vn -0.1552 -0.2617 0.9526
vn -0.2096 -0.2825 0.9361
vn -0.2134 -0.1835 0.9596
vn -0.0861 0.2054 0.9749
vn 0.0501 0.1115 0.9925
vn -0.0010 0.1977 0.9803
vn 0.1236 0.2271 0.9660
vn -0.1249 0.1881 0.9742
vn -0.1725 0.1174 0.9780
vn -0.0882 0.0231 0.9958
vn 0.3470 0.2619 0.9005
vn 0.2306 0.4830 0.8447
vn -0.2468 0.0157 0.9689
vn -0.1706 -0.0483 0.9842
vn 0.3094 0.1285 0.9422
vn 0.0218 0.1817 0.9831
vn 0.4180 0.3549 0.8362
vn 0.2935 0.3071 0.9053
vn 0.2842 0.3158 0.9052
vn 0.1184 0.3034 0.9455
vn 0.0039 0.2713 0.9625
vn 0.0828 0.2578 0.9626
vn -0.5648 0.2497 0.7866
vn -0.4904 0.2068 0.8466
vn -0.4908 0.3247 0.8085
vn -0.4105 0.3277 0.8510
vn -0.1796 0.3055 0.9351
vn -0.3113 0.2867 0.9060
vn -0.2326 0.1179 0.9654
vn -0.1750 0.2124 0.9614
vn -0.1285 0.2583 0.9575
vn 0.1035 0.2120 0.9718
vn -0.3664 0.2614 0.8930
vn -0.3028 0.2349 0.9237
vn -0.4616 0.2766 0.8428
vn -0.2413 0.1947 0.9507
vn -0.4772 0.2772 0.8339
vn 0.2415 0.0658 0.9682
vn 0.1743 0.1306 0.9760
vn 0.0155 0.1529 0.9881
vn 0.3709 0.1442 0.9174
vn 0.3044 0.1450 0.9414
vn 0.1760 0.1070 0.9786
vn 0.0348 0.2441 0.9691
vn 0.1933 0.3172 0.9284
vn -0.0142 0.2670 0.9636
vn -0.0783 0.2851 0.9553
vn -0.4085 0.2688 0.8723
vn 0.2965 0.1650 0.9407
vn 0.1968 0.1595 0.9674
vn 0.3165 0.1388 0.9384
vn 0.4321 0.1800 0.8837
vn 0.2134 0.1983 0.9566
vn 0.3299 0.4599 0.8244
vn 0.5635 0.0744 0.8227
vn 0.6330 0.0499 0.7725
vn 0.4390 0.1159 0.8910
vn -0.3885 -0.3319 0.8596
vn -0.3833 -0.3330 0.8615
vn -0.5216 -0.2212 0.8240
vn 0.0234 0.0425 0.9988
vn -0.0400 -0.1208 0.9919
vn -0.0419 0.1035 0.9937
vn -0.0712 -0.0838 0.9939
vn -0.0984 -0.2319 0.9677
vn -0.0858 -0.2365 0.9678
vn 0.0043 0.1865 0.9825
vn -0.0691 0.2526 0.9651
vn 0.0241 0.3455 0.9381
vn -0.0364 0.0444 0.9983
vn 0.2018 0.1330 0.9704
vn -0.0293 0.0926 0.9953
vn -0.0596 -0.2069 0.9765
vn -0.0729 -0.1839 0.9802
vn -0.4279 0.0084 0.9038
vn -0.2067 -0.2250 0.9522
vn 0.5733 0.1872 0.7977
vn 0.4473 0.1640 0.8792
vn 0.5187 0.1297 0.8451
vn 0.4589 0.0914 0.8838
vn -0.2077 0.2257 0.9518
vn -0.1410 0.1850 0.9726
vn 0.0697 0.2534 0.9648
vn -0.0547 0.2526 0.9660
vn -0.0680 0.4212 0.9044
vn 0.2957 -0.2569 0.9201
vn 0.1688 -0.1860 0.9679
vn 0.0605 -0.2662 0.9620
vn -0.0331 -0.2291 0.9728
vn -0.0589 -0.1886 0.9803
vn -0.0019 -0.2989 0.9543
vn -0.0142 -0.2808 0.9597
vn -0.0026 -0.2958 0.9553
vn 0.1631 -0.0458 0.9855
vn 0.4702 0.0762 0.8792
vn -0.8876 0.3760 0.2661
vn 0.6526 0.0983 0.7513
vn -0.6592 0.1746 0.7314
vn -0.6179 0.1819 0.7650
vn 0.2741 0.6791 0.6809
vn 0.1535 0.6646 0.7312
vn 0.0001 0.4503 0.8929
vn -0.0484 0.4916 0.8695
vn 0.0313 0.5140 0.8572
vn -0.1483 0.5503 0.8217
vn -0.2352 0.5830 0.7777
vn -0.0903 0.5180 0.8506
vn -0.0677 0.5662 0.8215
vn -0.2440 0.5695 0.7850
vn 0.0413 0.6175 0.7855
vn 0.0062 0.6152 0.7884
vn -0.0382 0.5866 0.8090
vn -0.1047 0.5245 0.8449
vn -0.0266 0.5909 0.8063
vn 0.0599 0.6189 0.7832
vn -0.0016 0.5972 0.8021
vn -0.1305 -0.3258 0.9364
vn -0.0672 -0.3157 0.9465
vn -0.0288 -0.2912 0.9562
vn 0.4402 -0.2482 0.8629
vn 0.2122 -0.3091 0.9271
vn 0.3470 -0.3027 0.8876
vn 0.6495 0.0547 0.7584
vn -0.6670 0.0084 0.7450
vn -0.6619 0.0185 0.7494
vn -0.6571 -0.0379 0.7528
vn -0.6500 -0.0318 0.7593
vn -0.6423 -0.0607 0.7641
vn -0.5480 -0.1478 0.8233
vn 0.7630 0.1141 0.6363
vn -0.6937 0.0381 0.7192
vn -0.7056 0.0896 0.7029
vn -0.6911 0.0981 0.7160
vn -0.6938 0.1353 0.7073
vn -0.6609 0.0592 0.7481
vn 0.6549 0.3298 0.6799
vn 0.6027 0.3709 0.7065
vn 0.5831 0.3599 0.7283
vn 0.5717 0.3694 0.7326
vn 0.5639 0.3841 0.7311
vn 0.5785 0.3938 0.7143
vn 0.5761 0.4425 0.6872
vn 0.5427 0.5088 0.6683
vn 0.5645 0.5147 0.6453
vn 0.4810 0.6150 0.6248
vn 0.5641 0.4774 0.6737
vn -0.3192 0.5474 0.7736
vn -0.3800 0.5482 0.7451
vn -0.4126 0.5170 0.7500
vn -0.4128 0.5979 0.6871
vn -0.4175 0.5754 0.7033
vn 0.3682 0.6912 0.6218
vn 0.3153 0.6915 0.6499
vn -0.1911 -0.3832 0.9037
vn -0.2544 -0.3129 0.9151
vn -0.2772 -0.3042 0.9114
vn -0.3216 -0.2450 0.9146
vn -0.3418 -0.3153 0.8853
vn -0.3878 -0.3117 0.8674
vn -0.3771 -0.2259 0.8982
vn -0.3325 -0.2487 0.9097
vn -0.3066 -0.2330 0.9229
vn 0.6203 -0.1177 0.7755
vn 0.5662 -0.2770 0.7763
vn 0.5025 -0.3051 0.8090
vn 0.4627 -0.2935 0.8365
vn 0.5588 -0.1354 0.8182
vn -0.2003 -0.2107 0.9568
vn -0.2196 -0.1118 0.9692
vn -0.3807 -0.2705 0.8843
vn 0.6754 0.0225 0.7371
vn 0.6316 -0.0181 0.7751
vn 0.6517 0.0092 0.7584
vn 0.6545 0.1001 0.7494
vn 0.6533 0.1068 0.7495
vn 0.6698 0.0809 0.7381
vn 0.6643 0.0492 0.7459
vn -0.9040 0.3658 0.2212
vn -0.8659 0.4269 0.2608
vn -0.9068 0.3522 0.2316
vn -0.8604 0.4497 0.2397
vn -0.9694 0.1699 0.1771
vn -0.9863 0.0307 0.1621
vn 0.6361 0.0996 0.7651
vn 0.6343 0.1033 0.7662
vn 0.5978 0.1140 0.7935
vn 0.6712 0.2375 0.7022
vn -0.7624 -0.6048 -0.2301
vn -0.9512 -0.2313 -0.2043
vn -0.6537 0.2410 0.7173
vn -0.6523 0.1763 0.7372
vn -0.6442 0.2587 0.7197
vn -0.6348 0.3111 0.7073
vn -0.5886 0.3501 0.7287
vn -0.5227 0.4709 0.7106
vn -0.6065 0.3555 0.7112
vn -0.5579 0.3510 0.7520
vn -0.6211 0.3398 0.7063
vn -0.6110 0.3161 0.7258
vn -0.6264 0.3153 0.7129
vn -0.6357 0.2977 0.7122
vn -0.3328 0.3940 0.8568
vn -0.4300 0.2679 0.8622
vn -0.6105 0.3220 0.7236
vn -0.5496 0.2388 0.8006
vn -0.3650 0.4585 0.8103
vn -0.4219 -0.2847 0.8608
vn -0.4879 -0.2376 0.8399
vn -0.5949 -0.1227 0.7944
vn -0.4751 -0.2173 0.8527
vn -0.5585 -0.1458 0.8166
vn -0.5540 -0.1229 0.8234
vn 0.6243 0.0737 0.7777
vn 0.6505 0.0754 0.7558
vn 0.6150 0.1084 0.7811
vn 0.6258 0.1105 0.7721
vn -0.9005 0.3725 0.2243
vn -0.9188 0.3353 0.2085
vn -0.9047 0.3745 0.2033
vn -0.9216 0.3454 0.1769
vn -0.6944 0.0670 0.7165
vn -0.6598 0.0293 0.7509
vn -0.7000 0.1212 0.7037
vn -0.9510 0.2641 0.1608
vn 0.6399 0.1256 0.7581
vn 0.6553 0.1334 0.7435
vn -0.6728 0.1695 0.7202
vn -0.6638 0.1699 0.7284
vn -0.8163 -0.3995 -0.4172
vn -0.7916 -0.3746 -0.4827
vn 0.8277 -0.5257 -0.1962
vn -0.6489 -0.6058 -0.4603
vn -0.0679 -0.8477 -0.5261
vn -0.5050 -0.6590 -0.5573
vn -0.6333 0.2922 0.7166
vn 0.7039 -0.6685 -0.2401
vn 0.5696 0.3526 0.7424
vn 0.5991 0.3210 0.7335
vn 0.9853 0.0381 0.1666
vn 0.4850 -0.8666 -0.1175
vn -0.1171 -0.9099 -0.3979
vn -0.0048 -0.8579 -0.5137
vn -0.3246 -0.8233 -0.4656
vn -0.8162 -0.5554 -0.1594
vn 0.6167 0.2923 0.7309
vn -0.9396 0.3120 0.1407
vn -0.9273 0.3551 0.1181
vn -0.9167 0.3748 0.1388
vn -0.9141 0.3838 0.1308
vn -0.9527 0.3029 0.0268
vn 0.9915 -0.1288 -0.0165
vn 0.9559 -0.2911 -0.0396
vn 0.9626 -0.2563 -0.0877
vn -0.8914 -0.1481 0.4284
vn -0.9500 -0.1176 0.2893
vn -0.9303 -0.1577 0.3312
vn -0.9376 -0.2866 -0.1970
vn 0.9876 -0.1510 -0.0435
vn 0.9729 -0.2031 -0.1104
vn -0.6350 0.7647 0.1092
vn -0.9710 0.2389 0.0133
vn -0.9136 0.3697 0.1692
vn -0.8810 0.4294 0.1989
vn -0.9259 0.3521 0.1372
vn -0.9027 0.4037 0.1488
vn -0.9190 0.3651 0.1487
vn -0.9065 0.3823 0.1793
vn -0.9123 0.3784 0.1567
vn 0.8913 0.1122 0.4394
vn 0.9861 0.1274 0.1068
vn 0.7764 0.3414 0.5298
vn -0.0475 -0.7456 0.6647
vn -0.8114 0.2711 0.5178
vn -0.9689 0.2452 0.0339
vn -0.9177 0.3572 0.1739
vn -0.9914 0.0452 -0.1225
vn -0.9139 0.3515 0.2032
vn -0.5511 0.1150 0.8265
vn -0.3236 0.1239 0.9380
vn -0.8763 0.3180 0.3620
vn -0.9709 0.0785 0.2261
vn -0.9272 0.3348 0.1679
vn -0.9089 0.0975 0.4054
vn -0.9078 0.3472 0.2354
vn -0.9013 0.3703 0.2249
vn -0.9452 0.1409 0.2945
vn -0.9162 -0.1130 0.3846
vn 0.0503 -0.1944 0.9796
vn 0.1759 -0.2403 0.9546
vn 0.1520 -0.2348 0.9601
vn -0.3733 -0.1826 0.9096
vn 0.0342 0.1283 0.9911
vn -0.7966 -0.1857 0.5753
vn 0.6172 0.6780 0.3992
vn -0.1498 0.9820 0.1147
vn -0.7095 0.7046 0.0066
vn -0.2564 0.0506 0.9652
vn -0.8655 0.3213 0.3842
vn 0.0344 -0.0371 0.9987
vn 0.2958 0.1149 0.9483
vn 0.3101 0.3991 0.8629
vn 0.5356 0.1268 0.8349
vn 0.6200 0.3375 0.7083
vn -0.4340 -0.2500 0.8655
vn 0.5161 -0.3049 0.8005
vn -0.3808 -0.3269 0.8649
vn -0.2777 -0.2139 0.9366
vn -0.2731 -0.2874 0.9180
vn -0.3105 -0.2631 0.9135
vn 0.4939 -0.0917 0.8646
vn -0.6337 0.2010 0.7470
vn -0.6186 0.2418 0.7476
vn -0.6700 0.1950 0.7163
vn 0.3891 -0.1656 0.9062
vn -0.5733 0.1891 0.7972
vn -0.5298 0.3268 0.7827
vn -0.6137 0.3026 0.7292
vn -0.4893 0.2371 0.8393
vn -0.1959 -0.3410 0.9194
vn -0.0117 -0.2006 0.9796
vn -0.0178 -0.2286 0.9734
vn -0.1104 -0.2566 0.9602
vn -0.1627 -0.3403 0.9261
vn -0.0887 -0.2163 0.9723
vn -0.0636 -0.1285 0.9897
vn -0.0777 -0.1772 0.9811
vn -0.6622 0.1993 0.7224
vn 0.0371 -0.3260 0.9446
vn 0.0141 -0.3130 0.9496
vn 0.0124 -0.3074 0.9515
vn 0.4020 0.6273 0.6670
vn 0.2413 0.6417 0.7280
vn 0.4605 0.5264 0.7148
vn -0.3230 0.5926 0.7379
vn -0.0362 0.5908 0.8060
vn -0.1134 0.5061 0.8550
vn -0.6986 0.1320 0.7032
vn 0.5586 0.4286 0.7101
vn -0.3602 -0.3038 0.8820
vn 0.5398 -0.3147 0.7808
vn 0.4898 -0.2135 0.8453
vn 0.6614 0.0354 0.7492
vn -0.9381 0.2782 0.2064
vn 0.6311 0.1014 0.7690
vn -0.6572 0.1826 0.7313
vn -0.6548 0.1806 0.7339
vn -0.6431 0.2971 0.7058
vn -0.6265 0.3322 0.7051
vn -0.6255 0.2941 0.7226
vn -0.3258 0.4823 0.8132
vn 0.6098 0.0948 0.7869
vn -0.6638 0.0812 0.7435
vn 0.5589 0.3647 0.7448
vn 0.1693 0.0924 0.9812
vn 0.4729 -0.1745 0.8637
vn -0.3674 -0.2797 0.8870
vn 0.5392 0.1153 0.8342
vn -0.0152 -0.2558 0.9666
vn -0.0948 -0.1546 0.9834
vn -0.0584 -0.2123 0.9755
vn -0.0914 -0.2392 0.9666
vn 0.0495 -0.3042 0.9513
vn 0.0595 -0.3256 0.9436
vn -0.0072 -0.2976 0.9547
vn 0.1404 -0.3362 0.9313
vn -0.6529 -0.0083 0.7574
vn 0.5718 0.4193 0.7051
vn -0.2755 -0.3081 0.9106
vn -0.3476 -0.2924 0.8909
vn 0.6467 0.0156 0.7626
vn 0.6464 0.0385 0.7620
vn -0.6561 0.1838 0.7319
vn -0.6564 0.2163 0.7227
vn -0.6205 0.1602 0.7677
vn -0.5911 0.2452 0.7685
vn -0.3790 0.4289 0.8200
vn -0.4369 -0.2610 0.8608
vn -0.6621 0.1781 0.7280
vn -0.6652 0.2110 0.7163
vn -0.6651 0.1899 0.7222
vn -0.6592 0.2086 0.7225
vn -0.6556 0.1905 0.7307
vn -0.6562 0.1882 0.7308
vn -0.9835 -0.0546 -0.1727
vn -0.8146 -0.2912 0.5016
vn -0.9040 0.1028 -0.4149
vn -0.4058 0.2079 0.8900
vn -0.6411 0.1686 0.7487
usemtl Default_OBJ.001
s 1
f 1/1/1 2/2/2 3/3/3
f 4/4/4 5/5/5 6/6/6
f 7/7/7 8/8/8 9/9/9
f 10/10/10 11/11/11 12/12/12
f 22/13/13 23/14/14 19/15/15
f 24/16/16 25/17/17 26/18/18
f 25/19/17 24/20/16 27/21/19
f 28/22/20 29/23/21 30/24/22
f 31/25/23 32/26/24 33/27/25
f 34/28/26 35/29/27 36/30/28
f 37/31/29 38/32/30 39/33/31
f 40/34/32 41/35/33 42/36/34
f 43/37/35 44/38/36 45/39/37
f 46/40/38 47/41/39 48/42/40
f 49/43/41 50/44/42 51/45/43
f 52/46/44 53/47/45 54/48/46
f 58/49/47 59/50/48 60/51/49
f 64/52/50 65/53/51 66/54/52
f 67/55/53 68/56/54 69/57/55
f 23/58/14 70/59/56 71/60/57
f 72/61/58 73/62/59 74/63/60
f 75/64/61 76/65/62 77/66/63
f 78/67/64 79/68/65 80/69/66
f 81/70/67 82/71/68 83/72/69
f 84/73/70 85/74/71 86/75/72
f 87/76/73 88/77/74 89/78/75
f 90/79/76 91/80/77 92/81/78
f 93/82/79 94/83/80 95/84/81
f 96/85/82 97/86/83 98/87/84
f 99/88/85 100/89/86 101/90/87
f 102/91/88 103/92/89 104/93/90
f 106/94/91 107/95/92 108/96/93
f 109/97/94 110/98/95 75/99/61
f 111/100/96 112/101/97 113/102/98
f 114/103/99 115/104/100 110/105/95
f 116/106/101 117/107/102 118/108/103
f 119/109/104 120/110/105 121/111/106
f 122/112/107 123/113/108 124/114/109
f 125/115/110 126/116/111 127/117/112
f 128/118/113 129/119/114 130/120/115
f 131/121/116 132/122/117 133/123/118
f 134/124/119 135/125/120 136/126/121
f 137/127/122 138/128/123 139/129/124
f 140/130/125 141/131/126 142/132/127
f 143/133/128 144/134/129 145/135/130
f 146/136/131 147/137/132 148/138/133
f 149/139/134 150/140/135 151/141/136
f 152/142/137 153/143/138 154/144/139
f 155/145/140 156/146/141 157/147/142
f 158/148/143 159/149/144 160/150/145
f 161/151/146 162/152/147 163/153/148
f 164/154/149 165/155/150 166/156/151
f 167/157/152 168/158/153 169/159/154
f 170/160/155 171/161/156 172/162/157
f 173/163/158 174/164/159 175/165/160
f 176/166/161 177/167/162 178/168/163
f 179/169/164 180/170/165 181/171/166
f 182/172/167 183/173/168 184/174/169
f 185/175/170 186/176/171 187/177/172
f 188/178/173 189/179/174 182/180/167
f 190/181/175 191/182/176 192/183/177
f 193/184/178 194/185/179 195/186/180
f 196/187/181 197/188/182 198/189/183
f 199/190/184 200/191/185 201/192/186
f 202/193/187 203/194/188 204/195/189
f 205/196/190 206/197/191 207/198/192
f 208/199/193 209/200/194 210/201/195
f 211/202/196 212/203/197 213/204/198
f 214/205/199 215/206/200 216/207/201
f 214/205/199 216/208/201 217/209/202
f 218/210/203 219/211/204 220/212/205
f 221/213/206 222/214/207 223/215/208
f 224/216/209 183/173/168 225/217/210
f 226/218/211 227/219/212 228/220/213
f 229/221/214 230/222/215 231/223/216
f 232/224/217 233/225/218 234/226/219
f 235/227/220 236/228/221 237/229/222
f 238/230/223 239/231/224 240/232/225
f 238/230/223 240/233/225 241/234/226
f 242/235/227 243/236/228 244/237/229
f 245/238/230 246/239/231 247/240/232
f 248/241/233 249/242/234 250/243/235
f 251/244/236 252/245/237 253/246/238
f 254/247/239 255/248/240 256/249/241
f 257/250/242 258/251/243 259/252/244
f 260/253/245 261/254/246 262/255/247
f 263/256/248 264/257/249 265/258/250
f 266/259/251 267/260/252 268/261/253
f 269/262/254 270/263/255 271/264/256
f 272/265/257 273/266/258 274/267/259
f 276/268/260 277/269/261 278/270/262
f 279/271/263 280/272/264 275/273/265
f 281/274/266 282/275/267 283/276/268
f 284/277/269 285/278/270 286/279/271
f 284/277/269 286/280/271 287/281/272
f 288/282/273 289/283/274 290/284/275
f 291/285/276 292/286/277 293/287/278
f 294/288/279 295/289/280 296/290/281
f 297/291/282 298/292/283 299/293/284
f 300/294/285 301/295/286 302/296/287
f 300/294/285 303/297/288 304/298/289
f 305/299/290 306/300/291 307/301/292
f 279/271/263 275/302/265 308/303/293
f 279/271/263 308/304/293 309/305/294
f 310/306/295 311/307/296 312/308/297
f 313/309/298 314/310/299 315/311/300
f 316/312/301 317/313/302 318/314/303
f 319/315/304 320/316/305 321/317/306
f 322/318/307 323/319/308 324/320/309
f 325/321/310 326/322/311 327/323/312
f 328/324/313 329/325/314 330/326/315
f 331/327/316 332/328/317 333/329/318
f 334/330/319 335/331/320 336/332/321
f 337/333/322 338/334/323 339/335/324
f 340/336/325 341/337/326 342/338/327
f 309/339/294 343/340/328 344/341/329
f 345/342/330 346/343/331 347/344/332
f 345/342/330 347/345/332 348/346/333
f 349/347/334 350/348/335 351/349/336
f 352/350/337 353/351/338 354/352/339
f 355/353/340 356/354/341 357/355/342
f 358/356/343 359/357/344 360/358/345
f 361/359/346 362/360/347 363/361/348
f 364/362/349 361/363/346 365/364/350
f 366/365/351 367/366/352 364/367/349
f 368/368/353 369/369/354 370/370/355
f 371/371/356 372/372/357 373/373/358
f 339/374/324 374/375/359 375/376/360
f 376/377/361 377/378/362 378/379/363
f 379/380/364 380/381/365 381/382/366
f 303/383/288 382/384/367 383/385/368
f 384/386/369 385/387/370 386/388/371
f 387/389/372 388/390/373 389/391/374
f 390/392/375 391/393/376 392/394/377
f 393/395/378 394/396/379 391/397/376
f 395/398/380 394/396/379 396/399/381
f 334/330/319 397/400/382 398/401/383
f 399/402/384 400/403/385 401/404/386
f 400/405/385 402/406/387 403/407/388
f 404/408/389 405/409/390 406/410/391
f 407/411/392 408/412/393 409/413/394
f 410/414/395 411/415/396 412/416/397
f 413/417/398 414/418/399 415/419/400
f 416/420/401 417/421/402 418/422/403
f 419/423/404 420/424/405 421/425/406
f 422/426/407 423/427/408 424/428/409
f 425/429/410 426/430/411 392/394/377
f 426/431/411 427/432/412 421/425/406
f 428/433/413 429/434/414 365/364/350
f 430/435/415 369/369/354 431/436/416
f 397/437/382 432/438/417 433/439/418
f 434/440/419 435/441/420 436/442/421
f 437/443/422 438/444/423 439/445/424
f 440/446/425 441/447/426 442/448/427
f 443/449/428 444/450/429 445/451/430
f 446/452/431 419/453/404 447/454/432
f 448/455/433 449/456/434 450/457/435
f 451/458/436 452/459/437 453/460/438
f 454/461/439 430/462/415 455/463/440
f 456/464/441 457/465/442 458/466/443
f 459/467/444 460/468/445 461/469/446
f 462/470/447 463/471/448 464/472/449
f 465/473/450 466/474/451 467/475/452
f 468/476/453 444/450/429 469/477/454
f 468/476/453 470/478/455 471/479/456
f 472/480/457 473/481/458 474/482/459
f 475/483/460 476/484/461 477/485/462
f 478/486/463 479/487/464 480/488/465
f 481/489/466 482/490/467 483/491/468
f 484/492/469 485/493/470 486/494/471
f 487/495/472 488/496/473 489/497/474
f 490/498/475 491/499/476 492/500/477
f 493/501/478 471/502/456 494/503/479
f 495/504/480 496/505/481 490/506/475
f 497/507/482 498/508/483 499/509/484
f 500/510/485 501/511/486 502/512/487
f 503/513/488 504/514/489 505/515/490
f 506/516/491 507/517/492 475/518/460
f 508/519/493 509/520/494 510/521/495
f 511/522/496 512/523/497 513/524/498
f 514/525/499 515/526/500 516/527/501
f 522/528/502 6/529/6 523/530/503
f 5/531/5 524/532/504 525/533/505
f 526/534/506 527/535/507 528/536/508
f 531/537/509 534/538/510 535/539/511
f 532/540/512 536/541/513 537/542/514
f 539/543/515 7/544/7 519/545/516
f 540/546/517 541/547/518 7/548/7
f 8/549/8 542/550/519 520/551/520
f 543/552/521 1/553/1 10/554/10
f 15/555/522 522/556/502 548/557/523
f 550/558/524 529/559/525 551/560/526
f 553/561/527 554/562/528 555/563/529
f 553/561/527 555/564/529 556/565/530
f 559/566/531 558/567/532 560/568/533
f 557/569/534 20/570/535 561/571/536
f 27/572/19 23/14/14 22/573/13
f 562/574/537 563/575/538 564/576/539
f 565/577/540 566/578/541 536/579/513
f 567/580/542 540/581/517 539/582/515
f 568/583/543 569/584/544 570/585/545
f 571/586/546 572/587/547 573/588/548
f 574/589/549 575/590/550 576/591/551
f 577/592/552 578/593/553 579/594/554
f 580/595/555 581/596/556 582/597/557
f 583/598/558 584/599/559 585/600/560
f 586/601/561 587/602/562 588/603/563
f 589/604/564 590/605/565 591/606/566
f 592/607/567 593/608/568 594/609/569
f 595/610/570 596/611/571 597/612/572
f 598/613/573 599/614/574 600/615/575
f 601/616/576 602/617/577 603/618/578
f 604/619/579 605/620/580 606/621/581
f 607/622/582 608/623/583 609/624/584
f 610/625/585 611/626/586 612/627/587
f 613/628/588 614/629/589 615/630/590
f 616/631/591 617/632/592 618/633/593
f 619/634/594 620/635/595 621/636/596
f 622/637/597 623/638/598 624/639/599
f 625/640/600 626/641/601 627/642/602
f 628/643/603 629/644/604 630/645/605
f 631/646/606 632/647/607 633/648/608
f 634/649/609 635/650/610 636/651/611
f 637/652/612 638/653/613 639/654/614
f 49/43/41 640/655/615 641/656/616
f 642/657/617 643/658/618 644/659/619
f 645/660/620 646/661/621 647/662/622
f 648/663/623 649/664/624 650/665/625
f 651/666/626 525/667/505 652/668/627
f 653/669/628 654/670/629 655/671/630
f 656/672/631 657/673/632 658/674/633
f 659/675/634 660/676/635 661/677/636
f 662/678/637 55/679/638 663/680/639
f 664/681/640 665/682/641 666/683/642
f 667/684/643 668/685/644 669/686/645
f 670/687/646 667/688/643 669/686/645
f 671/689/647 672/690/648 548/557/523
f 675/691/649 549/692/650 676/693/651
f 528/694/508 677/695/652 56/696/653
f 57/697/654 678/698/655 674/699/656
f 682/700/657 683/701/658 146/702/131
f 681/703/659 684/704/660 58/705/47
f 683/706/658 685/707/661 686/708/662
f 556/709/530 687/710/663 688/711/664
f 687/712/663 559/713/531 690/714/665
f 691/715/666 68/56/54 692/716/667
f 693/717/668 530/718/669 64/719/50
f 534/720/510 695/721/670 696/722/671
f 533/723/672 693/724/668 695/725/670
f 697/726/673 698/727/674 70/728/56
f 699/729/675 700/730/676 696/722/671
f 701/731/677 702/732/678 703/733/679
f 704/734/680 705/735/681 706/736/682
f 707/737/683 708/738/684 709/739/685
f 75/64/61 78/740/64 598/741/573
f 78/67/64 110/98/95 79/742/65
f 110/743/95 78/740/64 75/99/61
f 710/744/686 711/745/687 712/746/688
f 713/747/689 714/748/690 711/749/687
f 712/750/688 715/751/691 716/752/692
f 717/753/693 718/754/694 719/755/695
f 720/756/696 721/757/697 722/758/698
f 723/759/699 724/760/700 725/761/701
f 726/762/702 727/763/703 728/764/704
f 729/765/705 730/766/706 731/767/707
f 732/768/708 733/769/709 734/770/710
f 735/771/711 736/772/712 737/773/713
f 738/774/714 739/775/715 740/776/716
f 741/777/717 742/778/718 743/779/719
f 744/780/720 745/781/721 746/782/722
f 747/783/723 748/784/724 749/785/725
f 750/786/726 751/787/727 752/788/728
f 753/789/729 754/790/730 755/791/731
f 756/792/732 757/793/733 758/794/734
f 759/795/735 760/796/736 761/797/737
f 762/798/738 763/799/739 764/800/740
f 765/801/741 766/802/742 767/803/743
f 768/804/744 769/805/745 770/806/746
f 771/807/747 772/808/748 773/809/749
f 97/810/83 774/811/750 775/812/751
f 776/813/752 771/814/747 777/815/753
f 778/816/754 779/817/755 780/818/756
f 781/819/757 782/820/758 783/821/759
f 784/822/760 104/823/90 676/693/651
f 785/824/761 786/825/762 102/826/88
f 680/827/763 787/828/764 788/829/765
f 679/830/766 789/831/767 790/832/768
f 790/833/768 786/825/762 791/834/769
f 515/835/500 514/836/499 792/837/770
f 792/838/770 552/839/771 18/840/772
f 553/561/527 793/841/773 794/842/774
f 688/843/664 795/844/775 793/845/773
f 105/846/776 63/847/777 516/527/501
f 516/848/501 153/143/138 106/849/91
f 107/850/92 796/851/778 692/716/667
f 797/852/779 69/853/55 798/854/780
f 799/855/781 800/856/782 801/857/783
f 802/858/784 803/859/785 804/860/786
f 805/861/787 113/862/98 806/863/788
f 807/864/789 808/865/790 809/866/791
f 810/867/792 111/868/96 805/869/787
f 113/870/98 114/871/99 811/872/793
f 109/97/94 114/871/99 110/105/95
f 812/873/794 813/874/795 814/875/796
f 815/876/797 816/877/798 817/878/799
f 818/879/800 819/880/801 820/881/802
f 821/882/803 822/883/804 111/884/96
f 823/885/805 713/886/689 824/887/806
f 822/888/804 710/889/686 112/890/97
f 825/891/807 826/892/808 827/893/809
f 828/894/810 829/895/811 830/896/812
f 831/897/813 832/898/814 833/899/815
f 834/900/816 835/901/817 836/902/818
f 837/903/819 838/904/820 839/905/821
f 840/906/822 841/907/823 842/908/824
f 843/909/825 844/910/826 845/911/827
f 174/912/159 173/913/158 846/914/828
f 846/915/828 847/916/829 848/917/830
f 849/918/831 850/919/832 851/920/833
f 852/921/834 853/922/835 122/923/107
f 123/924/108 854/925/836 855/926/837
f 856/927/838 857/928/839 858/929/840
f 859/930/841 860/931/842 861/932/843
f 862/933/844 127/934/112 863/935/845
f 864/936/846 865/937/847 866/938/848
f 867/939/849 868/940/850 869/941/851
f 870/942/852 871/943/853 872/944/854
f 873/945/855 130/946/115 874/947/856
f 775/948/751 875/949/857 128/950/113
f 129/951/114 876/952/858 877/953/859
f 878/954/860 133/955/118 879/956/861
f 769/957/745 880/958/862 131/959/116
f 881/960/863 882/961/864 134/962/119
f 883/963/865 884/964/866 882/965/864
f 135/966/120 885/967/867 229/968/214
f 886/969/868 887/970/869 888/971/870
f 889/972/871 890/973/872 891/974/873
f 892/975/874 893/976/875 894/977/876
f 895/978/877 896/979/878 897/980/879
f 898/981/880 899/982/881 900/983/882
f 901/984/883 902/985/884 903/986/885
f 904/987/886 905/988/887 906/989/888
f 907/990/889 908/991/890 909/992/891
f 146/136/131 910/993/892 911/994/893
f 527/995/507 550/996/524 912/997/894
f 913/998/895 914/999/896 915/1000/897
f 916/1001/898 151/1002/136 917/1003/899
f 150/1004/135 684/704/660 913/1005/895
f 918/1006/900 919/1007/901 916/1008/898
f 920/1009/902 921/1010/903 922/1011/904
f 923/1012/905 920/1013/902 149/1014/134
f 924/1015/906 925/1016/907 926/1017/908
f 927/1018/909 796/851/778 928/1019/910
f 925/1020/907 154/1021/139 921/1022/903
f 71/1023/57 157/1024/142 561/571/536
f 929/1025/911 930/1026/912 155/1027/140
f 156/1028/141 931/1029/913 560/568/533
f 932/1030/914 158/1031/143 933/1032/915
f 934/1033/916 935/1034/917 936/1035/918
f 937/1036/919 938/1037/920 939/1038/921
f 940/1039/922 941/1040/923 942/1041/924
f 943/1042/925 944/1043/926 945/1044/927
f 946/1045/928 947/1046/929 948/1047/930
f 949/1048/931 950/1049/932 951/1050/933
f 949/1048/931 951/1051/933 952/1052/934
f 953/1053/935 178/1054/163 954/1055/936
f 955/1056/937 956/1057/938 176/1058/161
f 177/1059/162 957/1060/939 958/1061/940
f 184/1062/169 224/1063/209 179/1064/164
f 184/1062/169 179/1065/164 181/171/166
f 224/216/209 245/1066/230 959/1067/941
f 960/1068/942 181/1069/166 961/1070/943
f 188/178/173 182/1071/167 184/174/169
f 182/172/167 962/1072/944 183/1073/168
f 184/1062/169 183/173/168 224/1074/209
f 854/1075/836 187/1076/172 963/1077/945
f 853/1078/835 954/1079/936 185/1080/170
f 186/1081/171 958/1082/940 964/1083/946
f 965/1084/947 966/1085/948 967/1086/949
f 968/1087/950 969/1088/951 970/1089/952
f 847/1090/829 971/1091/953 848/917/830
f 224/216/209 972/1092/954 973/1093/955
f 974/1094/956 955/1095/937 975/1096/957
f 953/1053/935 976/1097/958 977/1098/959
f 189/1099/174 978/1100/960 182/180/167
f 962/1101/944 182/1071/167 978/1102/960
f 861/1103/843 979/1104/961 980/1105/962
f 981/1106/963 962/1072/944 978/1102/960
f 221/213/206 192/1107/177 982/1108/964
f 191/1109/176 983/1110/965 984/1111/966
f 985/1112/967 986/1113/968 980/1105/962
f 986/1114/968 987/1115/969 988/1116/970
f 988/1117/970 981/1118/963 126/1119/111
f 989/1120/971 990/1121/972 195/186/180
f 991/1122/973 992/1123/974 193/1124/178
f 194/1125/179 993/1126/975 994/1127/976
f 995/1128/977 996/1129/978 997/1130/979
f 998/1131/980 999/1132/981 1000/1133/982
f 1000/1134/982 1001/1135/983 994/1127/976
f 876/1136/858 198/1137/183 1002/1138/984
f 875/1139/857 869/1140/851 196/1141/181
f 197/1142/182 872/1143/854 1003/1144/985
f 1004/1145/986 879/1146/861 995/1147/977
f 880/1148/862 1005/1149/987 1006/1150/988
f 1007/1151/989 1008/1152/990 1009/1153/991
f 1010/1154/992 1011/1155/993 1012/1156/994
f 1013/1157/995 1014/1158/996 1015/1159/997
f 1016/1160/998 1017/1161/999 1018/1162/1000
f 1019/1163/1001 1020/1164/1002 1021/1165/1003
f 1022/1166/1004 1023/1167/1005 1024/1168/1006
f 1025/1169/1007 1016/1170/998 1026/1171/1008
f 1027/1172/1009 1028/1173/1010 1029/1174/1011
f 1030/1175/1012 1031/1176/1013 1032/1177/1014
f 1033/1178/1015 1034/1179/1016 1035/1180/1017
f 1036/1181/1018 1037/1182/1019 1038/1183/1020
f 1039/1184/1021 1040/1185/1022 1041/1186/1023
f 1042/1187/1024 1043/1188/1025 1044/1189/1026
f 1045/1190/1027 1046/1191/1028 1047/1192/1029
f 1048/1193/1030 1049/1194/1031 1050/1195/1032
f 1051/1196/1033 1052/1197/1034 1053/1198/1035
f 1054/1199/1036 1055/1200/1037 1056/1201/1038
f 1057/1202/1039 1058/1203/1040 1059/1204/1041
f 1060/1205/1042 1061/1206/1043 1062/1207/1044
f 1063/1208/1045 220/1209/205 1064/1210/1046
f 1065/1211/1047 1066/1212/1048 218/1213/203
f 219/1214/204 1067/1215/1049 1068/1216/1050
f 222/1217/207 1069/1218/1051 963/1077/945
f 1070/1219/1052 1071/1220/1053 964/1083/946
f 967/1221/949 1072/1222/1054 1073/1223/1055
f 1074/1224/1056 956/1057/938 1075/1225/1057
f 1076/1226/1058 1075/1227/1057 1064/1210/1046
f 1070/1219/1052 957/1060/939 1068/1216/1050
f 961/1228/943 180/170/165 1077/1229/1059
f 959/1230/941 245/1066/230 1078/1231/1060
f 183/1232/168 962/1072/944 225/217/210
f 1079/1233/1061 225/1234/210 962/1235/944
f 1080/1236/1062 1081/1237/1063 1082/1238/1064
f 225/1239/210 1080/1240/1062 972/1241/954
f 985/1112/967 1081/1237/1063 986/1242/968
f 987/1243/969 986/1113/968 1081/1244/1063
f 1002/1245/984 228/1246/213 1083/1247/1065
f 136/1248/121 231/1249/216 1084/1250/1066
f 230/1251/215 874/1252/856 1085/1253/1067
f 1085/1254/1067 1086/1255/1068 1087/1256/1069
f 1088/1257/1070 1089/1258/1071 1090/1259/1072
f 1091/1260/1073 1026/1261/1008 1092/1262/1074
f 1093/1263/1075 1092/1264/1074 1094/1265/1076
f 1095/1266/1077 1096/1267/1078 1097/1268/1079
f 1098/1269/1080 1099/1270/1081 1100/1271/1082
f 1101/1272/1083 1102/1273/1084 1103/1274/1085
f 1104/1275/1086 1105/1276/1087 1106/1277/1088
f 1107/1278/1089 1108/1279/1090 278/270/262
f 1110/1280/1091 1111/1281/1092 1112/1282/1093
f 1113/1283/1094 1114/1284/1095 1115/1285/1096
f 1116/1286/1097 1117/1287/1098 1118/1288/1099
f 1114/1289/1095 244/1290/229 1119/1291/1100
f 1120/1292/1101 1121/1293/1102 246/1294/231
f 1119/1295/1100 1122/1296/1103 1123/1297/1104
f 1121/1298/1102 1124/1299/1105 1125/1300/1106
f 1126/1301/1107 1127/1302/1108 1125/1300/1106
f 247/1303/232 246/239/231 1125/1300/1106
f 1128/1304/1109 1078/1305/1060 1129/1306/1110
f 1130/1307/1111 250/1308/235 1131/1309/1112
f 1132/1310/1113 983/1110/965 1133/1311/1114
f 249/1312/234 190/1313/175 1134/1314/1115
f 1135/1315/1116 253/1316/238 1136/1317/1117
f 1137/1318/1118 1138/1319/1119 251/1320/236
f 252/1321/237 1139/1322/1120 1140/1323/1121
f 1141/1324/1122 1072/1222/1054 1142/1325/1123
f 1143/1326/1124 1142/1327/1123 1136/1317/1117
f 1141/1324/1122 1140/1328/1121 1144/1329/1125
f 1145/1330/1126 1146/1331/1127 254/1332/239
f 1147/1333/1128 1148/1334/1129 999/1335/981
f 1148/1336/1129 1135/1337/1116 1001/1338/983
f 987/1243/969 1080/1240/1062 1079/1339/1061
f 1080/1236/1062 987/1115/969 1081/1244/1063
f 1149/1340/1130 259/1341/244 1147/1342/1128
f 1150/1343/1131 1151/1344/1132 257/1345/242
f 258/1346/243 1152/1347/1133 1153/1348/1134
f 1154/1349/1135 262/1350/247 1155/1351/1136
f 1156/1352/1137 296/1353/281 1157/1354/1138
f 261/1355/246 1158/1356/1139 1159/1357/1140
f 1160/1358/1141 1161/1359/1142 1162/1360/1143
f 1163/1361/1144 883/1362/865 1164/1363/1145
f 1161/1364/1142 881/1365/863 1155/1351/1136
f 1165/1366/1146 1166/1367/1147 1167/1368/1148
f 1168/1369/1149 1169/1370/1150 1170/1371/1151
f 1171/1372/1152 1172/1373/1153 1169/1374/1150
f 1170/1375/1151 1173/1376/1154 1174/1377/1155
f 1175/1378/1156 1176/1379/1157 1177/1380/1158
f 1178/1381/1159 1179/1382/1160 1180/1383/1161
f 1181/1384/1162 268/1385/253 1182/1386/1163
f 271/1387/256 1183/1388/1164 266/1389/251
f 267/1390/252 1184/1391/1165 1185/1392/1166
f 1186/1393/1167 1187/1394/1168 1181/1395/1162
f 306/1396/291 1188/1397/1169 270/1398/255
f 1189/1399/1170 1186/1400/1167 1190/1401/1171
f 1108/1402/1090 309/1403/294 276/1404/260
f 1108/1402/1090 276/1405/260 278/270/262
f 278/1406/262 277/269/261 1191/1407/1172
f 1108/1402/1090 1107/1408/1089 279/1409/263
f 1192/1410/1173 1193/1411/1174 1194/1412/1175
f 1195/1413/1176 1196/1414/1177 1197/1415/1178
f 1198/1416/1179 1199/1417/1180 1200/1418/1181
f 1201/1419/1182 1202/1420/1183 1203/1421/1184
f 1204/1422/1185 1205/1423/1186 1206/1424/1187
f 1207/1425/1188 1208/1426/1189 1209/1427/1190
f 1210/1428/1191 1211/1429/1192 1212/1430/1193
f 223/1431/208 1213/1432/1194 288/1433/273
f 1214/1434/1195 1215/1435/1196 1213/1436/1194
f 1131/1437/1112 1216/1438/1197 1217/1439/1198
f 325/321/310 293/1440/278 1218/1441/1199
f 1219/1442/1200 1124/1299/1105 291/1443/276
f 292/1444/277 1122/1296/1103 1220/1445/1201
f 1221/1446/1202 1127/1302/1108 1222/1447/1203
f 1138/1448/1119 1223/1449/1204 1224/1450/1205
f 1145/1330/1126 1225/1451/1206 1226/1452/1207
f 1227/1453/1208 1228/1454/1209 1229/1455/1210
f 329/1456/314 1226/1457/1207 1230/1458/1211
f 1231/1459/1212 1232/1460/1213 1233/1461/1214
f 1234/1462/1215 1235/1463/1216 1232/1464/1213
f 1233/1465/1214 1236/1466/1217 1237/1467/1218
f 1238/1468/1219 1239/1469/1220 1240/1470/1221
f 1241/1471/1222 1242/1472/1223 295/1473/280
f 1242/1474/1223 1243/1475/1224 1158/1476/1139
f 294/288/279 1241/1477/1222 295/1473/280
f 1244/1478/1225 1245/1479/1226 1246/1480/1227
f 1180/1481/1161 299/1482/284 1247/1483/1228
f 1175/1378/1156 1177/1484/1158 297/1485/282
f 1248/1486/1229 300/1487/285 302/296/287
f 300/294/285 1249/1488/1230 301/1489/286
f 1249/1490/1230 300/1487/285 304/298/289
f 300/294/285 1248/1491/1229 303/1492/288
f 304/1493/289 303/297/288 1250/1494/1231
f 1093/1263/1075 1094/1495/1076 1251/1496/1232
f 1187/1497/1168 1252/1498/1233 307/301/292
f 1253/1499/1234 1188/1397/1169 1254/1500/1235
f 1095/1266/1077 1097/1501/1079 1255/1502/1236
f 1256/1503/1237 1257/1504/1238 1258/1505/1239
f 272/265/257 1259/1506/1240 1260/1507/1241
f 1261/1508/1242 1095/1509/1077 1255/1502/1236
f 1259/1510/1240 1256/1511/1237 1258/1505/1239
f 1262/1512/1243 1192/1513/1173 1263/1514/1244
f 311/1515/296 1195/1516/1176 1264/1517/1245
f 1265/1518/1246 315/1519/300 1266/1520/1247
f 1267/1521/1248 243/236/228 313/1522/298
f 314/1523/299 1117/1287/1098 1268/1524/1249
f 1269/1525/1250 318/1526/303 1265/1527/1246
f 417/1528/402 1218/1529/1199 316/1530/301
f 317/1531/302 1220/1532/1201 1267/1533/1248
f 1270/1534/1251 321/1535/306 1271/1536/1252
f 1272/1537/1253 1065/1538/1047 319/1539/304
f 320/1540/305 1063/1541/1045 1273/1542/1254
f 323/1543/308 1274/1544/1255 1275/1545/1256
f 1126/1301/1107 1219/1546/1200 1276/1547/1257
f 1277/1548/1258 327/1549/312 1278/1550/1259
f 1276/1551/1257 1279/1552/1260 1222/1447/1203
f 1277/1548/1258 1280/1553/1261 1281/1554/1262
f 1282/1555/1263 1283/1556/1264 1284/1557/1265
f 1230/1558/1211 1285/1559/1266 1286/1560/1267
f 1287/1561/1268 1288/1562/1269 1289/1563/1270
f 1290/1564/1271 1152/1347/1133 1291/1565/1272
f 1292/1566/1273 1293/1567/1274 1294/1568/1275
f 367/1569/352 1295/1570/1276 328/1571/313
f 1237/1572/1218 333/1573/318 1296/1574/1277
f 1235/1575/1216 1295/1570/1276 331/1576/316
f 332/1577/317 1293/1567/1274 1297/1578/1278
f 1292/1566/1273 334/1579/319 1297/1578/1278
f 336/1580/321 335/331/320 1296/1574/1277
f 1298/1581/1279 1299/1582/1280 1300/1583/1281
f 1298/1581/1279 1300/1584/1281 1301/1585/1282
f 1302/1586/1283 1303/1587/1284 1304/1588/1285
f 1305/1589/1286 1306/1590/1287 1307/1591/1288
f 1308/1592/1289 1309/1593/1290 1310/1594/1291
f 1308/1592/1289 1311/1595/1292 1312/1596/1293
f 1313/1597/1294 1314/1598/1295 1315/1599/1296
f 1315/1600/1296 1316/1601/1297 1317/1602/1298
f 337/333/322 1318/1603/1299 338/1604/323
f 1319/1605/1300 1320/1606/1301 1168/1607/1149
f 1321/1608/1302 1247/1609/1228 1322/1610/1303
f 1322/1611/1303 298/292/283 1171/1612/1152
f 1323/1613/1304 342/1614/327 1324/1615/1305
f 1325/1616/1306 1184/1391/1165 340/1617/325
f 341/1618/326 1183/1388/1164 1326/1619/1307
f 1108/1402/1090 1327/1620/1308 309/305/294
f 309/339/294 344/1621/329 279/1409/263
f 279/271/263 1327/1620/1308 1108/1622/1090
f 1328/1623/1309 1260/1624/1241 1329/1625/1310
f 1330/1626/1311 1329/1627/1310 1331/1628/1312
f 1332/1629/1313 346/343/331 1333/1630/1314
f 1334/1631/1315 1335/1632/1316 1336/1633/1317
f 1337/1634/1318 1338/1635/1319 1339/1636/1320
f 1338/1637/1319 1337/1638/1318 1340/1639/1321
f 1341/1640/1322 351/1641/336 1270/1642/1251
f 1342/1643/1323 1343/1644/1324 349/1645/334
f 350/1646/335 1344/1647/1325 1272/1648/1253
f 1345/1649/1326 353/351/338 1346/1650/1327
f 354/1651/339 1347/1652/1328 1348/1653/1329
f 352/350/337 354/1654/339 1349/1655/1330
f 1350/1656/1331 1280/1553/1261 1351/1657/1332
f 1352/1658/1333 1353/1659/1334 1273/1542/1254
f 1354/1660/1335 1355/1661/1336 1271/1536/1252
f 1356/1662/1337 1357/1663/1338 322/1664/307
f 1358/1665/1339 359/357/344 1359/1666/1340
f 1274/1667/1255 1359/1668/1340 1360/1669/1341
f 1361/1670/1342 1286/1671/1267 362/1672/347
f 1357/1673/1338 360/1674/345 1362/1675/1343
f 1223/1676/1204 1363/1677/1344 358/1678/343
f 1364/1679/1345 1365/1680/1346 1366/1681/1347
f 1366/1682/1347 1367/1683/1348 1368/1684/1349
f 428/433/413 361/363/346 363/361/348
f 361/359/346 1361/1685/1342 362/1672/347
f 1290/1564/1271 1291/1686/1272 1363/1687/1344
f 1369/1688/1350 1370/1689/1351 1364/1690/1345
f 1371/1691/1352 364/1692/349 365/364/350
f 365/1693/350 361/363/346 428/1694/413
f 1287/1561/1268 1289/1695/1270 1372/1696/1353
f 366/365/351 368/1697/353 367/1698/352
f 364/362/349 367/366/352 330/326/315
f 1292/1566/1273 1294/1699/1275 370/370/355
f 368/368/353 366/1700/351 369/1701/354
f 370/1702/355 369/369/354 1373/1703/1354
f 1374/1704/1355 1375/1705/1356 1376/1706/1357
f 1377/1707/1358 1303/1587/1284 1378/1708/1359
f 1379/1709/1360 1378/1710/1359 1380/1711/1361
f 1381/1712/1362 1299/1582/1280 1376/1706/1357
f 1382/1713/1363 435/441/420 1383/1714/1364
f 1384/1715/1365 1385/1716/1366 1310/1594/1291
f 1386/1717/1367 375/1718/360 1387/1719/1368
f 1388/1720/1369 378/1721/363 1389/1722/1370
f 1388/1720/1369 1389/1723/1370 1390/1724/1371
f 1391/1725/1372 1321/1726/1302 376/1727/361
f 377/1728/362 1319/1729/1300 1386/1730/1367
f 380/1731/365 1392/1732/1373 1391/1733/1372
f 1250/1734/1231 303/297/288 383/385/368
f 303/383/288 1248/1491/1229 382/1735/367
f 1393/1736/1374 386/1737/371 1394/1738/1375
f 385/1739/370 1395/1740/1376 1396/1741/1377
f 1397/1742/1378 1341/1743/1322 1398/1744/1379
f 1399/1745/1380 1342/1746/1323 1400/1747/1381
f 1355/1748/1336 1401/1749/1382 388/1750/373
f 1402/1751/1383 1403/1752/1384 1404/1753/1385
f 389/1754/374 1405/1755/1386 1406/1756/1387
f 1407/1757/1388 1349/1758/1330 1348/1653/1329
f 1349/1759/1330 1408/1760/1389 356/1761/341
f 1409/1762/1390 356/354/341 1408/1763/1389
f 1410/1764/1391 1367/1683/1348 1411/1765/1392
f 390/392/375 1411/1766/1392 1367/1767/1348
f 1408/1768/1389 1412/1769/1393 1409/1770/1390
f 1409/1762/1390 1413/1771/1394 363/361/348
f 1411/1772/1392 390/1773/375 392/394/377
f 390/392/375 1414/1774/1395 391/397/376
f 392/1775/377 391/393/376 1415/1776/1396
f 1414/1777/1395 393/1778/378 391/397/376
f 393/395/378 1416/1779/1397 394/1780/379
f 391/1781/376 394/396/379 1415/1776/1396
f 1417/1782/1398 395/1783/380 396/399/381
f 395/398/380 1415/1784/1396 394/1780/379
f 396/1785/381 394/396/379 1416/1786/1397
f 1375/1787/1356 1374/1788/1355 1418/1789/1399
f 1305/1589/1286 335/331/320 398/401/383
f 334/330/319 1292/1790/1273 397/1791/382
f 398/1792/383 397/400/382 1382/1793/1363
f 401/1794/386 400/403/385 1419/1795/1400
f 1309/1796/1290 1420/1797/1401 1384/1798/1365
f 1421/1799/1402 1422/1800/1403 1423/1801/1404
f 1424/1802/1405 1423/1803/1404 1425/1804/1406
f 1426/1805/1407 1427/1806/1408 1428/1807/1409
f 409/1808/394 1428/1809/1409 1427/1810/1408
f 1429/1811/1410 1430/1812/1411 1431/1813/1412
f 1431/1814/1412 1432/1815/1413 1433/1816/1414
f 1432/1817/1413 1430/1812/1411 1434/1818/1415
f 1430/1819/1411 1435/1820/1416 1436/1821/1417
f 1434/1822/1415 1437/1823/1418 1438/1824/1419
f 1438/1825/1419 1439/1826/1420 1440/1827/1421
f 1441/1828/1422 1442/1829/1423 460/1830/445
f 1443/1831/1424 1444/1832/1425 1253/1833/1234
f 1445/1834/1426 1443/1835/1424 1446/1836/1427
f 1254/1837/1235 1447/1838/1428 1448/1839/1429
f 1449/1840/1430 1448/1841/1429 1450/1842/1431
f 1451/1843/1432 1452/1844/1433 412/416/397
f 1396/1845/1377 1453/1846/1434 410/1847/395
f 1454/1848/1435 1455/1849/1436 1456/1850/1437
f 1457/1851/1438 415/1852/400 1398/1744/1379
f 1458/1853/1439 1459/1854/1440 413/1855/398
f 414/1856/399 1460/1857/1441 1400/1747/1381
f 418/1858/403 417/421/402 1461/1859/1442
f 1269/1525/1250 1394/1860/1375 1451/1861/1432
f 418/1858/403 411/415/396 1454/1862/1435
f 1462/1863/1443 1463/1864/1444 1464/1865/1445
f 326/1866/311 1464/1867/1445 1465/1868/1446
f 1466/1869/1447 1467/1870/1448 1468/1871/1449
f 1469/1872/1450 1466/1873/1447 1470/1874/1451
f 1410/1764/1391 1411/1766/1392 420/1875/405
f 421/1876/406 420/424/405 1411/1765/1392
f 1471/1877/1452 1472/1878/1453 422/1879/407
f 1408/1768/1389 1470/1880/1451 1473/1881/1454
f 1474/1882/1455 1475/1883/1456 424/428/409
f 1408/1768/1389 1473/1884/1454 1412/1885/1393
f 1415/1886/1396 425/1887/410 392/394/377
f 425/429/410 1476/1888/1457 426/1889/411
f 392/1775/377 426/430/411 1411/1765/1392
f 1411/1772/1392 426/430/411 421/425/406
f 426/431/411 1476/1888/1457 427/1890/412
f 421/1876/406 427/432/412 419/1891/404
f 428/433/413 1477/1892/1458 429/1893/414
f 1371/1691/1352 429/434/414 1478/1894/1459
f 1415/1886/1396 395/1783/380 1479/1895/1460
f 395/398/380 1417/1896/1398 453/460/438
f 425/429/410 1479/1897/1460 1480/1898/1461
f 455/1899/440 430/462/415 431/436/416
f 430/435/415 1373/1900/1354 369/1701/354
f 431/1901/416 369/369/354 366/1902/351
f 1481/1903/1462 1482/1904/1463 1483/1905/1464
f 1484/1906/1465 1485/1907/1466 1486/1908/1467
f 433/1909/418 1487/1910/1468 1488/1911/1469
f 1486/1912/1467 1485/1907/1466 1489/1913/1470
f 1490/1914/1471 1491/1915/1472 1492/1916/1473
f 1492/1917/1473 1493/1918/1474 436/442/421
f 402/1919/387 399/1920/384 434/1921/419
f 1494/1922/1475 1493/1918/1474 1491/1923/1472
f 1495/1924/1476 407/1925/392 1496/1926/1477
f 1497/1927/1478 1498/1928/1479 1499/1929/1480
f 1424/1802/1405 1500/1930/1481 1501/1931/1482
f 1425/1932/1406 1498/1928/1479 1500/1933/1481
f 1502/1934/1483 1503/1935/1484 1504/1936/1485
f 1505/1937/1486 1506/1938/1487 1507/1939/1488
f 1508/1940/1489 463/471/448 1509/1941/1490
f 441/1942/426 1510/1943/1491 1511/1944/1492
f 1511/1945/1492 1512/1946/1493 1513/1947/1494
f 1514/1948/1495 1515/1949/1496 1516/1950/1497
f 1517/1951/1498 467/1952/452 1518/1953/1499
f 1395/1954/1376 1519/1955/1500 1516/1950/1497
f 1520/1956/1501 1521/1957/1502 1522/1958/1503
f 443/449/428 1523/1959/1504 444/1960/429
f 1524/1961/1505 443/1962/428 445/451/430
f 1512/1963/1493 1525/1964/1506 1526/1965/1507
f 1527/1966/1508 1528/1967/1509 1510/1968/1491
f 1529/1969/1510 1530/1970/1511 1531/1971/1512
f 1532/1972/1513 1533/1973/1514 1534/1974/1515
f 1535/1975/1516 1536/1976/1517 1537/1977/1518
f 1538/1978/1519 1509/1979/1490 1539/1980/1520
f 1538/1978/1519 1539/1981/1520 1458/1982/1439
f 1520/1956/1501 1522/1983/1503 1457/1984/1438
f 1529/1969/1510 1531/1985/1512 1540/1986/1521
f 1406/1987/1387 1541/1988/1522 1521/1989/1502
f 1404/1990/1385 1542/1991/1523 1543/1992/1524
f 1543/1993/1524 1533/1973/1514 1523/1994/1504
f 1544/1995/1525 1536/1976/1517 1464/1865/1445
f 1464/1996/1445 1545/1997/1526 1465/1868/1446
f 1546/1998/1527 1547/1999/1528 1548/2000/1529
f 1547/2001/1528 1467/1870/1448 1466/2002/1447
f 1548/2003/1529 1466/1873/1447 1549/2004/1530
f 1550/2005/1531 1551/2006/1532 446/2007/431
f 447/2008/432 419/453/404 427/1890/412
f 447/2008/432 427/432/412 1552/2009/1533
f 1553/2010/1534 1554/2011/1535 1555/2012/1536
f 455/1899/440 1556/2013/1537 1557/2014/1538
f 1557/2015/1538 1558/2016/1539 1559/2017/1540
f 1560/2018/1541 448/2019/433 450/457/435
f 448/455/433 1561/2020/1542 449/2021/434
f 450/2022/435 449/456/434 455/463/440
f 1561/2023/1542 1562/2024/1543 449/2021/434
f 454/461/439 1563/2025/1544 430/2026/415
f 449/2027/434 454/2028/439 455/463/440
f 1563/2029/1544 1564/2030/1545 1481/2031/1462
f 1562/2032/1543 481/2033/466 1565/2034/1546
f 1565/2035/1546 483/2036/468 1484/2037/1465
f 1417/1782/1398 1418/2038/1399 1566/2039/1547
f 1380/2040/1361 1567/2041/1548 1568/2042/1549
f 1566/2043/1547 1569/2044/1550 1570/2045/1551
f 1571/2046/1552 458/2047/443 1568/2042/1549
f 1572/2048/1553 1573/2049/1554 456/2050/441
f 457/2051/442 1574/2052/1555 1570/2045/1551
f 1575/2053/1556 1576/2054/1557 1577/2055/1558
f 1576/2056/1557 1575/2057/1556 1499/1929/1480
f 1427/2058/1408 1578/2059/1559 1579/2060/1560
f 471/2061/456 1580/2062/1561 445/451/430
f 1529/1969/1510 465/2063/450 1517/2064/1498
f 470/2065/455 468/2066/453 469/477/454
f 468/476/453 445/2067/430 444/1960/429
f 469/2068/454 444/450/429 1532/2069/1513
f 445/2070/430 468/2066/453 471/479/456
f 1528/2071/1509 472/2072/457 474/482/459
f 1544/1995/1525 1456/2073/1437 1581/2074/1562
f 1544/1995/1525 1582/2075/1563 1537/1977/1518
f 1583/2076/1564 1584/2077/1565 1585/2078/1566
f 470/2065/455 1586/2079/1567 1585/2078/1566
f 502/2080/487 1587/2081/1568 1588/2082/1569
f 491/2083/476 1589/2084/1570 1590/2085/1571
f 1591/2086/1572 1592/2087/1573 1593/2088/1574
f 1583/2076/1564 1582/2075/1563 1594/2089/1575
f 1592/2090/1573 1595/2091/1576 1596/2092/1577
f 509/2093/494 475/2094/460 477/485/462
f 475/483/460 1597/2095/1578 476/2096/461
f 477/2097/462 476/484/461 470/2098/455
f 1598/2099/1579 1599/2100/1580 1600/2101/1581
f 1601/2102/1582 1472/1878/1453 1602/2103/1583
f 447/2008/432 1552/2104/1533 1603/2105/1584
f 1604/2106/1585 1605/2107/1586 1601/2108/1582
f 1559/2109/1540 480/2110/465 1560/2111/1541
f 1555/2112/1536 511/2113/496 478/2114/463
f 1606/2115/1587 1476/1888/1457 1607/2116/1588
f 1608/2117/1589 1607/2118/1588 1609/2119/1590
f 1480/2120/1461 1610/2121/1591 1611/2122/1592
f 1610/2123/1591 1612/2124/1593 1613/2125/1594
f 1489/2126/1470 1614/2127/1595 1615/2128/1596
f 1501/2129/1482 486/2130/471 1435/2131/1416
f 1527/1966/1508 440/2132/425 1616/2133/1597
f 462/470/447 487/2134/472 489/497/474
f 487/495/472 1617/2135/1598 488/2136/473
f 489/2137/474 488/496/473 1618/2138/1599
f 471/2061/456 493/2139/478 1580/2140/1561
f 464/2141/449 1619/2142/1600 462/2143/447
f 1514/1948/1495 466/474/451 1620/2144/1601
f 1621/2145/1602 1622/2146/1603 1623/2147/1604
f 1624/2148/1605 1623/2149/1604 1625/2150/1606
f 1617/2151/1598 490/2152/475 1626/2153/1607
f 492/2154/477 491/499/476 1627/2155/1608
f 492/2154/477 1627/2156/1608 1616/2133/1597
f 1628/2157/1609 1629/2158/1610 1630/2159/1611
f 1630/2160/1611 1629/2158/1610 1620/2144/1601
f 1631/2161/1612 493/2139/478 494/503/479
f 494/2162/479 471/502/456 476/2096/461
f 1619/2163/1600 1631/2164/1612 1587/2165/1568
f 1632/2166/1613 1587/2081/1568 502/512/487
f 1617/2151/1598 495/2167/480 490/506/475
f 495/504/480 1633/2168/1614 496/2169/481
f 490/498/475 496/505/481 491/2170/476
f 1634/2171/1615 1635/2172/1616 497/2173/482
f 498/2174/483 1635/2172/1616 1636/2175/1617
f 1637/2176/1618 1638/2177/1619 1639/2178/1620
f 1640/2179/1621 1641/2180/1622 1642/2181/1623
f 1588/2182/1569 500/2183/485 502/512/487
f 502/2080/487 501/511/486 1633/2184/1614
f 1643/2185/1624 1644/2186/1625 1645/2187/1626
f 1614/2188/1595 1646/2189/1627 1647/2190/1628
f 1648/2191/1629 1649/2192/1630 501/2193/486
f 1648/2191/1629 501/511/486 1650/2194/1631
f 1651/2195/1632 1597/2095/1578 1652/2196/1633
f 1645/2197/1626 1644/2186/1625 1653/2198/1634
f 1654/2199/1635 1655/2200/1636 1656/2201/1637
f 1657/2202/1638 1605/2107/1586 512/2203/497
f 516/848/501 63/847/777 514/2204/499
f 521/2205/1639 1/553/1 3/3/3
f 1/1/1 1660/2206/1640 2/2207/2
f 3/2208/3 2/2/2 1659/2209/1641
f 1661/2210/1642 4/2211/4 6/6/6
f 4/4/4 1662/2212/1643 5/2213/5
f 6/2214/6 5/5/5 1663/2215/1644
f 1664/2216/1645 10/2217/10 12/12/12
f 10/10/10 521/2218/1639 11/2219/11
f 12/2220/12 11/11/11 1665/2221/1646
f 14/2222/1647 13/2223/1648 1666/2224/1649
f 16/2225/1650 15/2226/522 670/2227/646
f 538/2228/1651 1669/2229/1652 517/2230/1653
f 539/543/515 517/2231/1653 1669/2232/1652
f 518/2233/1654 28/2234/20 30/24/22
f 30/2235/22 29/23/21 563/2236/538
f 1670/2237/1655 1671/2238/1656 1672/2239/1657
f 1673/2240/1658 1674/2241/1659 1675/2242/1660
f 1675/2243/1660 1676/2244/1661 1677/2245/1662
f 1678/2246/1663 33/2247/25 1679/2248/1664
f 1680/2249/1665 1681/2250/1666 31/2251/23
f 32/2252/24 1682/2253/1667 1683/2254/1668
f 1684/2255/1669 36/2256/28 1685/2257/1670
f 1686/2258/1671 1687/2259/1672 34/2260/26
f 35/2261/27 1688/2262/1673 1689/2263/1673
f 1690/2264/1674 1691/2265/1675 1692/2266/1676
f 1693/2267/1677 1694/2268/1678 1695/2269/1679
f 1695/2270/1679 1696/2271/1680 1697/2272/1681
f 1698/2273/1682 1699/2274/1683 1700/2275/1684
f 1701/2276/1685 1702/2277/1686 1703/2278/1687
f 1699/2279/1683 1704/2280/1688 1705/2281/1689
f 1706/2282/1690 1707/2283/1691 1708/2284/1692
f 1709/2285/1693 1708/2286/1692 1710/2287/1694
f 1711/2288/1695 1712/2289/1696 1713/2290/1697
f 1714/2291/1698 39/2292/31 1715/2293/1699
f 38/2294/30 1716/2295/1700 1717/2296/1701
f 1718/2297/1702 1719/2298/1703 1720/2299/1704
f 1721/2300/1705 1722/2301/1706 1723/2302/1707
f 1719/2303/1703 1724/2304/1708 1725/2305/1709
f 1726/2306/1710 42/2307/34 1727/2308/1711
f 1728/2309/1712 1729/2310/1713 40/2311/32
f 41/2312/33 1730/2313/1714 1731/2314/1715
f 1732/2315/1716 45/2316/37 1733/2317/1717
f 1734/2318/1718 1735/2319/1719 43/2320/35
f 44/2321/36 1736/2322/1720 1737/2323/1721
f 1738/2324/1722 48/2325/40 1739/2326/1723
f 1740/2327/1724 1741/2328/1725 46/2329/38
f 47/2330/39 1742/2331/1726 1743/2332/1727
f 1744/2333/1728 1745/2334/1729 51/45/43
f 1746/2335/1730 1747/2336/1731 1748/2337/1732
f 1749/2338/1733 1750/2339/1734 1751/2340/1735
f 1752/2341/1736 1751/2342/1735 1753/2343/1737
f 1754/2344/1738 1755/2345/1739 1756/2346/1740
f 1756/2347/1740 1757/2348/1741 650/665/625
f 1758/2349/1742 1759/2350/1743 1760/2351/1744
f 1761/2352/1745 1762/2353/1746 1763/2354/1747
f 1764/2355/1748 1663/2356/1644 1765/2357/1749
f 1766/2358/1750 1763/2359/1747 1767/2360/1751
f 1768/2361/1752 54/2362/46 1769/2363/1753
f 1770/2364/1754 1771/2365/1755 52/2366/44
f 53/2367/45 1772/2368/1756 1773/2369/1757
f 544/2370/1758 55/679/638 662/2371/637
f 1774/2372/1759 663/2373/639 55/2374/638
f 1775/2375/1760 1776/2376/1761 1777/2377/1762
f 1778/2378/1763 1777/2379/1762 1779/2380/1764
f 670/687/646 669/2381/645 547/2382/1765
f 1780/2383/1766 549/692/650 675/2384/649
f 56/2385/653 1781/2386/1767 57/2387/654
f 682/700/657 685/707/661 683/2388/658
f 60/2389/49 59/50/48 17/2390/1768
f 61/2391/1769 1782/2392/1770 62/2393/1771
f 556/709/530 1667/2394/1772 687/2395/663
f 689/2396/1773 1668/2397/1774 687/2395/663
f 67/55/53 64/2398/50 66/54/52
f 66/2399/52 65/53/51 1783/2400/1775
f 1784/2401/1776 67/2402/53 69/57/55
f 69/2403/55 68/56/54 798/854/780
f 1785/2404/1777 695/721/670 1784/2405/1776
f 1786/2406/1778 71/2407/57 70/728/56
f 71/1023/57 1786/2408/1778 1787/2409/1779
f 1788/2410/1780 1789/2411/1781 1790/2412/1782
f 1791/2413/1783 703/2414/679 1792/2415/1784
f 1793/2416/1785 1794/2417/1786 1795/2418/1787
f 1792/2419/1784 1793/2420/1785 1795/2418/1787
f 1796/2421/1788 1797/2422/1789 1798/2423/1790
f 1798/2424/1790 1799/2425/1791 1800/2426/1792
f 1801/2427/1793 1802/2428/1794 1803/2429/1795
f 1804/2430/1796 1805/2431/1797 1806/2432/1798
f 1806/2433/1798 1807/2434/1799 1808/2435/1800
f 1809/2436/1801 1810/2437/1802 1811/2438/1803
f 1812/2439/1804 1813/2440/1805 1814/2441/1806
f 1810/2442/1802 1814/2443/1806 1815/2444/1807
f 77/2445/63 76/65/62 1816/2446/1808
f 115/2447/100 712/2448/688 79/742/65
f 1817/2449/1809 1818/2450/1810 1819/2451/1811
f 1820/2452/1812 1821/2453/1813 1818/2454/1810
f 1822/2455/1814 1823/2456/1815 1824/2457/1816
f 1825/2458/1817 83/2459/69 1826/2460/1818
f 1827/2461/1819 1828/2462/1820 81/2463/67
f 82/2464/68 1829/2465/1821 1830/2466/1822
f 1831/2467/1823 86/2468/72 1832/2469/1824
f 1833/2470/1825 1834/2471/1826 84/2472/70
f 85/2473/71 1835/2474/1827 1836/2475/1828
f 1837/2476/1829 89/2477/75 1838/2478/1830
f 1839/2479/1831 1840/2480/1832 87/2481/73
f 88/2482/74 1841/2483/1833 1842/2484/1834
f 1843/2485/1835 92/2486/78 1844/2487/1836
f 1845/2488/1837 1846/2489/1838 90/2490/76
f 91/2491/77 1847/2492/1839 1848/2493/1840
f 1849/2494/1841 1850/2495/1842 1851/2496/1843
f 1852/2497/1844 1853/2498/1845 1854/2499/1846
f 1855/2500/1847 1856/2501/1848 1857/2502/1849
f 1858/2503/1850 1859/2504/1851 1860/2505/1852
f 1861/2506/1853 95/2507/81 1862/2508/1854
f 1863/2509/1855 1864/2510/1856 93/2511/79
f 94/2512/80 1865/2513/1857 1866/2514/1858
f 1867/2515/1859 1868/2516/1860 1869/2517/1861
f 770/2518/746 1870/2519/1862 1871/2520/1863
f 1869/2521/1861 1872/2522/1864 1873/2523/1865
f 1874/2524/1866 1875/2525/1867 1876/2526/1868
f 1877/2527/1869 776/2528/752 1878/2529/1870
f 1875/2530/1867 1879/2531/1871 1880/2532/1872
f 1881/2533/1873 1882/2534/1874 1883/2535/1875
f 1884/2536/1876 1885/2537/1877 1886/2538/1878
f 1882/2539/1874 1887/2540/1879 1888/2541/1880
f 1889/2542/1881 1890/2543/1882 1891/2544/1883
f 1892/2545/1884 102/2546/88 104/93/90
f 102/91/88 1893/2547/1885 103/2548/89
f 104/2549/90 103/92/89 675/2384/649
f 787/2550/764 790/2551/768 788/829/765
f 514/525/499 552/839/771 792/837/770
f 794/2552/774 1894/2553/1886 1782/2554/1770
f 105/846/776 106/2555/91 108/96/93
f 106/94/91 928/2556/910 107/2557/92
f 108/2558/93 107/95/92 1783/2400/1775
f 1895/2559/1887 1896/2560/1888 1897/2561/1889
f 1898/2562/1890 1899/2563/1891 1900/2564/1892
f 1900/2565/1892 1901/2566/1893 1902/2567/1894
f 1903/2568/1895 1904/2569/1896 1905/2570/1897
f 1906/2571/1898 1907/2572/1899 1908/2573/1900
f 1908/2574/1900 1909/2575/1901 1910/2576/1902
f 112/2577/97 114/871/99 113/102/98
f 1911/2578/1903 118/2579/103 1912/2580/1904
f 1913/2581/1905 1914/2582/1906 116/2583/101
f 117/2584/102 1915/2585/1907 1916/2586/1908
f 1917/2587/1909 824/2588/806 822/2589/804
f 1918/2590/1910 1919/2591/1911 1920/2592/1912
f 1921/2593/1913 1922/2594/1914 1923/2595/1915
f 1924/2596/1916 1925/2597/1917 1922/2598/1914
f 1926/2599/1918 827/2600/809 1927/2601/1919
f 1928/2602/1920 121/2603/106 1929/2604/1921
f 1930/2605/1922 1931/2606/1923 119/2607/104
f 120/2608/105 1932/2609/1924 1933/2610/1925
f 1934/2611/1926 1935/2612/1927 1936/2613/1928
f 1934/2611/1926 1936/2614/1928 1937/2615/1929
f 1938/2616/1930 1939/2617/1931 1940/2618/1932
f 173/163/158 847/916/829 846/914/828
f 1941/2619/1933 122/2620/107 124/114/109
f 122/112/107 1942/2621/1934 123/2622/108
f 1943/2623/1935 1944/2624/1936 1945/2625/1937
f 1944/2626/1936 1946/2627/1938 1947/2628/1939
f 1948/2629/1940 1949/2630/1941 127/117/112
f 125/115/110 861/2631/843 126/1119/111
f 863/2632/845 126/116/111 978/1102/960
f 1950/2633/1942 866/2634/848 1951/2635/1943
f 1951/2636/1943 1952/2637/1944 1953/2638/1945
f 1954/2639/1946 1955/2640/1947 868/2641/850
f 868/2642/850 870/2643/852 1956/2644/1948
f 1957/2645/1949 128/2646/113 130/120/115
f 128/118/113 1958/2647/1950 129/2648/114
f 130/2649/115 129/119/114 1086/2650/1068
f 1870/2651/1862 131/2652/116 133/123/118
f 131/121/116 1959/2653/1951 132/2654/117
f 133/2655/118 132/122/117 1960/2656/1952
f 1961/2657/1953 134/2658/119 136/126/121
f 134/124/119 1962/2659/1954 135/2660/120
f 1963/2661/1955 1964/2662/1956 1965/2663/1957
f 1966/2664/1958 139/2665/124 1967/2666/1959
f 1968/2667/1960 1969/2668/1961 137/2669/122
f 138/2670/123 1970/2671/1962 1971/2672/1963
f 1972/2673/1964 140/2674/125 142/132/127
f 140/130/125 1973/2675/1965 141/2676/126
f 142/2677/127 141/131/126 898/2678/880
f 1974/2679/1966 1975/2680/1967 1976/2681/1968
f 1977/2682/1969 1978/2683/1970 1979/2684/1971
f 1980/2685/1972 145/2686/130 1981/2687/1973
f 1982/2688/1974 1983/2689/1975 143/2690/128
f 144/2691/129 1984/2692/1976 1985/2693/1977
f 1986/2694/1978 915/2695/897 1987/2696/1979
f 923/1012/905 149/2697/134 151/141/136
f 149/139/134 59/50/48 150/2698/135
f 151/2699/136 150/140/135 1988/2700/1980
f 926/2701/908 920/1013/902 923/2702/905
f 920/1009/902 926/2703/908 921/1022/903
f 152/142/137 928/2556/910 153/2704/138
f 154/2705/139 153/143/138 515/2706/500
f 1787/2707/1779 155/2708/140 157/147/142
f 155/145/140 1989/2709/1981 156/2710/141
f 157/2711/142 156/146/141 1990/2712/1982
f 1991/2713/1983 163/2714/148 1992/2715/1984
f 1993/2716/1985 1994/2717/1986 161/2718/146
f 162/2719/147 1995/2720/1987 1996/2721/1987
f 1997/2722/1988 166/2723/151 1998/2724/1988
f 1999/2725/1989 2000/2726/1990 164/2727/149
f 165/2728/150 2001/2729/1991 2002/2730/1992
f 2003/2731/1993 2004/2732/1994 2005/2733/1995
f 172/2734/157 171/161/156 2006/2735/1996
f 172/2734/157 2006/2736/1996 2007/2737/1997
f 173/163/158 175/2738/160 2008/2739/1998
f 2009/2740/1999 176/2741/161 178/168/163
f 176/166/161 1074/2742/1056 177/2743/162
f 178/2744/163 177/167/162 2010/2745/2000
f 181/2746/166 180/170/165 961/1070/943
f 1942/2747/1934 185/2748/170 187/177/172
f 185/175/170 2010/2749/2000 186/2750/171
f 187/2751/172 186/176/171 2011/2752/2001
f 2012/2753/2002 969/1088/951 968/2754/950
f 2013/2755/2003 971/1091/953 847/2756/829
f 974/1094/956 975/2757/957 960/2758/942
f 2014/2759/2004 2015/2760/2005 2016/2761/2006
f 2014/2759/2004 2017/2762/2007 965/2763/947
f 861/1103/843 980/2764/962 988/1116/970
f 1134/2765/1115 190/1313/175 192/183/177
f 190/181/175 1133/2766/1114 191/2767/176
f 192/2768/177 191/182/176 2018/2769/2008
f 990/2770/972 193/2771/178 195/186/180
f 193/184/178 993/1126/975 194/2772/179
f 195/2773/180 194/185/179 2019/2774/2009
f 2020/2775/2010 998/2776/980 996/2777/978
f 996/2778/978 1000/2779/982 993/2780/975
f 1958/2781/1950 196/2782/181 198/189/183
f 196/187/181 1956/2783/1948 197/2784/182
f 198/2785/183 197/188/182 2021/2786/2011
f 2022/2787/2012 1090/2788/1072 2023/2789/2013
f 2024/2790/2014 2025/2791/2015 2026/2792/2016
f 2025/2793/2015 2027/2794/2017 2028/2795/2018
f 2028/2796/2018 2029/2797/2019 1006/1150/988
f 2030/2798/2020 2031/2799/2021 2032/2800/2022
f 1014/2801/996 2033/2802/2023 2034/2803/2024
f 2031/2804/2021 2035/2805/2025 2036/2806/2026
f 2037/2807/2027 2038/2808/2028 2039/2809/2029
f 2040/2810/2030 2041/2811/2031 2042/2812/2032
f 2038/2813/2028 2043/2814/2033 2044/2815/2034
f 1017/2816/999 2045/2817/2035 1018/1162/1000
f 1185/2818/1166 2046/2819/2036 2047/2820/2037
f 2048/2821/2038 201/2822/186 2049/2823/2039
f 2050/2824/2040 2051/2825/2041 199/2826/184
f 200/2827/185 2052/2828/2042 2053/2829/2043
f 2054/2830/2044 2055/2831/2045 2056/2832/2046
f 2057/2833/2047 2058/2834/2048 2059/2835/2049
f 2059/2836/2049 2060/2837/2050 2061/2838/2051
f 2062/2839/2052 2063/2840/2053 2064/2841/2054
f 2065/2842/2055 2066/2843/2056 2067/2844/2057
f 2068/2845/2058 2067/2846/2057 2069/2847/2059
f 2070/2848/2060 204/2849/189 2071/2850/2060
f 2072/2851/2061 2073/2852/2062 202/2853/187
f 203/2854/188 2074/2855/2063 2075/2856/2064
f 2076/2857/2065 2077/2858/2066 2078/2859/2067
f 2079/2860/2068 2080/2861/2069 2077/2862/2066
f 2081/2863/2070 2082/2864/2071 2083/2865/2072
f 2084/2866/2073 207/2867/192 2085/2868/2074
f 2086/2869/2075 2087/2870/2076 206/2871/191
f 2088/2872/2077 210/2873/195 2089/2874/2078
f 2090/2875/2079 2091/2876/2080 208/2877/193
f 209/2878/194 2092/2879/2081 2093/2880/2082
f 2094/2881/2083 2095/2882/2084 2096/2883/2085
f 2097/2884/2086 2098/2885/2087 211/2886/196
f 212/2887/197 2099/2888/2088 2100/2889/2089
f 2101/2890/2090 1053/2891/1035 1205/2892/1186
f 1205/2893/1186 1053/2891/1035 1206/1424/1187
f 2102/2894/2091 2103/2895/2092 2104/2896/2093
f 2105/2897/2094 2106/2898/2095 2107/2899/2096
f 2108/2900/2097 216/208/201 2109/2901/2098
f 215/2902/200 2110/2903/2099 2111/2904/2100
f 2112/2905/2101 218/2906/203 220/212/205
f 218/210/203 2113/2907/2102 219/2908/204
f 220/2909/205 219/211/204 1076/2910/1058
f 1134/2765/1115 221/2911/206 223/215/208
f 221/213/206 1069/1218/1051 222/2912/207
f 223/1431/208 222/214/207 1214/2913/1195
f 2114/2914/2103 1073/2915/1055 2115/2916/2104
f 1074/1224/1056 1075/1227/1057 1076/2910/1058
f 1077/2917/1059 180/170/165 1128/2918/1109
f 136/1248/121 229/2919/214 231/223/216
f 229/221/214 2116/2920/2105 230/2921/215
f 231/2922/216 230/222/215 2117/2923/2106
f 2118/2924/2107 1088/2925/1070 2119/2926/2108
f 2120/2927/2109 2121/2928/2110 234/226/219
f 2122/2929/2111 2123/2930/2112 2124/2931/2113
f 2125/2932/2114 2124/2933/2113 2126/2934/2115
f 1091/1260/1073 1092/1264/1074 1093/2935/1075
f 2127/2936/2116 237/2937/222 2128/2938/2117
f 2129/2939/2118 2130/2940/2118 235/2941/220
f 236/2942/221 2131/2943/2119 2132/2944/2120
f 2133/2945/2121 2134/2946/2122 2135/2947/2123
f 2135/2948/2123 2136/2949/2124 2137/2950/2125
f 1107/1278/1089 278/2951/262 2138/2952/2126
f 2139/2953/2127 2140/2954/2128 2141/2955/2129
f 2142/2956/2130 2143/2957/2131 2140/2958/2128
f 2144/2959/2132 2145/2960/2133 2146/2961/2134
f 2147/2962/2135 240/233/225 2148/2963/2136
f 239/2964/224 2149/2965/2137 2150/2966/2138
f 2151/2967/2139 242/2968/227 244/237/229
f 242/235/227 1118/2969/1099 243/2970/228
f 244/2971/229 243/236/228 2152/2972/2140
f 1115/2973/1096 1123/2974/1104 1121/2975/1102
f 1123/2976/1104 2153/2977/2141 1124/2978/1105
f 2154/2979/2142 1129/2980/1110 1221/2981/1202
f 248/241/233 2155/2982/2143 249/2983/234
f 2156/2984/2144 251/2985/236 253/246/238
f 251/244/236 2157/2986/2145 252/2987/237
f 253/2988/238 252/245/237 1143/2989/1124
f 1142/2990/1123 1143/2991/1124 1141/2992/1122
f 1072/2993/1054 1141/2994/1122 2158/2995/2146
f 1225/2996/1206 1145/2997/1126 256/249/241
f 254/247/239 1234/2998/1215 255/2999/240
f 2159/3000/2147 2156/3001/2144 1148/3002/1129
f 1150/1343/1131 257/3003/242 259/252/244
f 257/250/242 2160/3004/2148 258/3005/243
f 259/3006/244 258/251/243 2159/3007/2147
f 2161/3008/2149 2162/3009/2150 2163/3010/2151
f 2164/3011/2152 1156/3012/1137 2165/3013/2153
f 2166/3014/2154 2164/3015/2152 2167/3016/2155
f 260/253/245 1157/3017/1138 261/3018/246
f 1157/3019/1138 295/289/280 1158/1476/1139
f 262/3020/247 261/254/246 1162/1360/1143
f 2168/3021/2156 1164/3022/1145 1161/3023/1142
f 2033/3024/2023 2169/3025/2157 1166/3026/1147
f 2170/3027/2158 265/3028/250 2171/3029/2159
f 2172/3030/2160 1170/3031/1151 337/3032/322
f 2173/3033/2161 2174/3034/2162 2175/3035/2163
f 2175/3036/2163 1325/3037/1306 2176/3038/2164
f 301/3039/286 1176/1379/1157 1175/3040/1156
f 2177/3041/2165 266/3042/251 268/261/253
f 266/259/251 2178/3043/2166 267/3044/252
f 268/3045/253 267/260/252 2047/2820/2037
f 270/3046/255 2179/3047/2167 271/264/256
f 2180/3048/2168 2181/3049/2169 2182/3050/2170
f 2183/3051/2171 272/3052/257 274/267/259
f 272/265/257 2184/3053/2172 273/3054/258
f 2133/2945/2121 273/266/258 2134/3055/2122
f 2185/3056/2173 2186/3057/2174 2187/3058/2175
f 2188/3059/2176 2189/3060/2177 2190/3061/2178
f 2191/3062/2179 2192/3063/2180 2193/3064/2181
f 2194/3065/2182 2193/3066/2181 2195/3067/2183
f 2196/3068/2184 2197/3069/2185 1196/3070/1177
f 2198/3071/2186 283/3072/268 2199/3073/2187
f 2200/3074/2188 286/280/271 2201/3075/2189
f 285/3076/270 2202/3077/2190 2203/3078/2191
f 2204/3079/2192 2205/3080/2193 2206/3081/2194
f 2204/3079/2192 2206/3082/2194 2207/3083/2195
f 2208/3084/2196 2207/3085/2195 2206/3081/2194
f 1134/2765/1115 288/3086/273 290/284/275
f 288/282/273 2209/3087/2197 289/3088/274
f 290/3089/275 289/283/274 1131/1309/1112
f 2210/3090/2198 291/3091/276 293/287/278
f 291/285/276 2153/2977/2141 292/3092/277
f 293/3093/278 292/286/277 2211/3094/2199
f 1282/1555/1263 1284/3095/1265 2154/3096/2142
f 2212/3097/2200 2154/3098/2142 1284/1557/1265
f 2157/3099/2145 1357/1663/1338 1356/3100/1337
f 1357/1673/1338 2157/2986/2145 1224/1450/1205
f 1225/2996/1206 2213/3101/2201 1226/1452/1207
f 1230/1558/1211 1226/1457/1207 2213/3102/2201
f 2214/3103/2202 1233/3104/1214 2215/3105/2203
f 2215/3106/2203 1233/3104/1214 1237/1467/1218
f 2216/3107/2204 2217/3108/2205 2218/3109/2206
f 2218/3110/2206 2219/3111/2207 2220/3112/2208
f 1175/1378/1156 297/3113/282 299/293/284
f 1252/3114/1233 305/3115/290 307/301/292
f 307/3116/292 306/300/291 269/3117/254
f 2221/3118/2209 1257/1504/1238 1256/3119/1237
f 2183/3051/2171 1256/1511/1237 1259/3120/1240
f 2222/3121/2210 2196/3122/2184 311/3123/296
f 2222/3121/2210 311/307/296 310/3124/295
f 312/3125/297 311/307/296 2223/3126/2211
f 2224/3127/2212 1343/1644/1324 1212/1430/1193
f 2225/3128/2213 313/3129/298 315/311/300
f 313/309/298 1118/2969/1099 314/3130/299
f 315/3131/300 314/310/299 2226/3132/2214
f 2227/3133/2215 316/3134/301 318/314/303
f 316/312/301 2211/3135/2199 317/3136/302
f 318/3137/303 317/313/302 2225/3138/2213
f 2228/3139/2216 319/3140/304 321/317/306
f 319/315/304 2112/3141/2101 320/3142/305
f 321/3143/306 320/316/305 2229/3144/2217
f 1356/1662/1337 322/3145/307 324/320/309
f 322/318/307 1362/3146/1343 323/3147/308
f 324/3148/309 323/319/308 2230/3149/2218
f 2210/3090/2198 327/1549/312 1277/3150/1258
f 327/3151/312 2210/3152/2198 325/3153/310
f 1276/1551/1257 1281/3154/1262 1279/3155/1260
f 1281/3156/1262 2231/3157/2219 1279/3155/1260
f 1230/1558/1211 2232/3158/2220 1285/3159/1266
f 2232/3160/2220 2233/3161/2221 1285/3159/1266
f 2234/3162/2222 1289/1695/1270 1288/3163/1269
f 2160/3164/2148 1288/1562/1269 1287/3165/1268
f 2235/3166/2223 1295/1570/1276 367/1698/352
f 330/3167/315 367/366/352 328/1571/313
f 1236/3168/1217 331/3169/316 333/329/318
f 331/327/316 2235/3170/2223 332/3171/317
f 333/3172/318 332/328/317 336/332/321
f 335/3173/320 1307/3174/1288 1296/1574/1277
f 1377/1707/1358 1299/1582/1280 1298/3175/1279
f 2236/3176/2224 2237/3177/2225 373/373/358
f 2238/3178/2226 2239/3179/2227 2240/3180/2228
f 2241/3181/2229 1309/1593/1290 1308/3182/1289
f 2242/3183/2230 2243/3184/2231 1313/3185/1294
f 2242/3183/2230 1313/3186/1294 1244/3187/1225
f 2244/3188/2232 1316/1601/1297 1433/1816/1414
f 2245/3189/2233 2246/3190/2234 2247/3191/2235
f 2248/3192/2236 1322/3193/1303 1320/3194/1301
f 2176/3195/2164 340/3196/325 342/338/327
f 340/336/325 2178/3043/2166 341/3197/326
f 342/3198/327 341/337/326 2249/3199/2237
f 2250/3200/2238 2251/3201/2239 2252/3202/2240
f 2250/3200/2238 2252/3203/2240 2253/3204/2241
f 2254/3205/2242 1329/1627/1310 1330/3206/1311
f 2255/3207/2243 1336/3208/1317 2256/3209/2244
f 1336/3210/1317 2184/3053/2172 1328/3211/1309
f 2257/3212/2245 1328/3213/1309 2258/3214/2246
f 2259/3215/2247 1338/1635/1319 1345/3216/1326
f 1345/1649/1326 1338/1635/1319 2260/3217/2248
f 2261/3218/2249 349/3219/334 351/349/336
f 349/347/334 2224/3220/2212 350/3221/335
f 351/3222/336 350/348/335 2228/3223/2216
f 2260/3224/2248 354/1654/339 353/3225/338
f 354/1651/339 2260/3226/2248 1347/3227/1328
f 2231/3228/2219 1280/1553/1261 1350/3229/1331
f 1353/3230/1334 1354/3231/1335 2229/3144/2217
f 1358/1665/1339 1359/1668/1340 1274/3232/1255
f 355/353/340 357/3233/342 362/1672/347
f 1224/3234/1205 358/3235/343 360/358/345
f 358/356/343 2262/3236/2250 359/3237/344
f 360/3238/345 359/357/344 1358/3239/1339
f 1369/1688/1350 1366/3240/1347 2262/3241/2250
f 1291/3242/1272 1372/3243/1353 1370/3244/1351
f 2263/3245/2251 1381/3246/1362 1376/1706/1357
f 1377/1707/1358 1378/1710/1359 1379/3247/1360
f 2241/3181/2229 2264/3248/2252 1419/1795/1400
f 401/1794/386 1419/3249/1400 2264/3250/2252
f 1383/3251/1364 1305/3252/1286 398/401/383
f 2237/3253/2225 2265/3254/2253 373/373/358
f 2266/3255/2254 1385/1716/1366 1384/1798/1365
f 375/3256/360 374/375/359 2267/3257/2255
f 2268/3258/2256 2269/3259/2257 2270/3260/2258
f 2271/3261/2259 1387/3262/1368 2272/3263/2260
f 1387/3264/1368 2267/3265/2255 2272/3263/2260
f 2273/3266/2261 376/3267/361 378/379/363
f 376/377/361 2248/3268/2236 377/3269/362
f 378/3270/363 377/378/362 2271/3271/2259
f 2274/3272/2262 2275/3273/2263 380/3274/365
f 2274/3272/2262 380/381/365 379/3275/364
f 381/3276/366 380/381/365 2273/3277/2261
f 381/3276/366 2273/3278/2261 2276/3279/2264
f 2277/3280/2265 2278/3281/2266 2279/3282/2267
f 2280/3283/2268 2281/3284/2269 2275/3285/2263
f 2280/3283/2268 2275/3273/2263 2282/3286/2270
f 2283/3287/2271 2284/3288/2272 2285/3289/2273
f 384/386/369 2286/3290/2274 385/3291/370
f 2286/3292/2274 1519/1955/1500 385/3291/370
f 2287/3293/2275 2288/3294/2276 2289/3295/2277
f 2261/3218/2249 1341/1743/1322 1397/3296/1378
f 1401/3297/1382 389/3298/374 388/1750/373
f 389/1754/374 1401/1749/1382 1405/3299/1386
f 1348/3300/1329 1347/1652/1328 2290/3301/2278
f 1409/1762/1390 357/3233/342 356/1761/341
f 1365/3302/1346 1414/1774/1395 390/3303/375
f 1418/3304/1399 1374/1788/1355 2291/3305/2279
f 2292/3306/2280 1420/1797/1401 403/407/388
f 1421/1799/1402 1423/1803/1404 1424/3307/1405
f 408/3308/393 1428/1809/1409 409/413/394
f 1421/1799/1402 1431/3309/1412 1422/3310/1403
f 1422/3311/1403 1431/3309/1412 1433/1816/1414
f 1438/1825/1419 1437/1823/1418 1439/3312/1420
f 2293/3313/2281 1450/3314/1431 1448/1839/1429
f 2294/3315/2282 2295/3316/2283 2296/3317/2284
f 1452/3318/1433 410/3319/395 412/416/397
f 410/414/395 1455/1849/1436 411/3320/396
f 412/3321/397 411/415/396 1461/1859/1442
f 1538/1978/1519 413/3322/398 415/419/400
f 413/417/398 2297/3323/2285 414/3324/399
f 415/3325/400 414/418/399 1397/3296/1378
f 416/420/401 418/3326/403 1462/3327/1443
f 1407/1757/1388 1549/3328/1530 1469/3329/1450
f 1462/1863/1443 1464/1867/1445 326/3330/311
f 1466/1869/1447 1468/3331/1449 1470/1874/1451
f 2298/3332/2286 422/3333/407 424/428/409
f 422/426/407 1472/1878/1453 423/3334/408
f 424/3335/409 423/427/408 1474/3336/1455
f 2299/3337/2287 1473/1884/1454 1475/3338/1456
f 1412/3339/1393 2299/3340/2287 1413/3341/1394
f 1478/3342/1459 429/434/414 1556/3343/1537
f 1483/3344/1464 1482/1904/1463 2300/3345/2288
f 432/3346/417 1487/1910/1468 433/439/418
f 1486/1912/1467 432/438/417 2300/3345/2288
f 1493/3347/1474 434/3348/419 436/442/421
f 434/440/419 399/1920/384 435/3349/420
f 436/3350/421 435/441/420 1382/1793/1363
f 2301/3351/2289 1493/1918/1474 1494/3352/1475
f 437/443/422 1496/3353/1477 438/3354/423
f 1496/3355/1477 2302/3356/2290 2303/3357/2291
f 1497/1927/1478 1499/3358/1480 2304/3359/2292
f 1500/3360/1481 1497/3361/1478 2305/3362/2293
f 2306/3363/2294 2302/3356/2290 409/413/394
f 2307/3364/2295 1439/1826/1420 2308/3365/2296
f 2309/3366/2297 440/2132/425 442/448/427
f 440/446/425 1527/3367/1508 441/3368/426
f 442/3369/427 441/447/426 2296/3317/2284
f 467/3370/452 2310/3371/2298 1518/1953/1499
f 1516/3372/1497 1519/1955/1500 2310/3373/2298
f 2311/3374/2299 1525/1964/1506 1512/3375/1493
f 1536/3376/1517 1535/3377/1516 1542/3378/1523
f 2312/3379/2300 1634/3380/1615 2313/3381/2301
f 1541/3382/1522 1543/3383/1524 1523/1994/1504
f 1553/2010/1534 1559/3384/1540 1558/3385/1539
f 455/1899/440 1557/3386/1538 450/457/435
f 1610/2123/1591 1480/3387/1461 452/3388/437
f 453/3389/438 452/459/437 1479/1895/1460
f 454/461/439 1562/2024/1543 1564/3390/1545
f 1564/3391/1545 1565/3392/1546 1482/3393/1463
f 1417/1782/1398 1566/3394/1547 451/3395/436
f 2314/3396/2302 456/3397/441 458/466/443
f 456/464/441 2315/3398/2303 457/3399/442
f 458/3400/443 457/465/442 1569/3401/1550
f 2316/3402/2304 1490/3403/1471 2317/3404/2305
f 2318/3405/2306 2319/3406/2307 2320/3407/2308
f 2318/3405/2306 2320/3408/2308 2321/3409/2309
f 1535/1975/1516 2322/3410/2310 1534/1974/1515
f 474/3411/459 1525/1964/1506 2311/3412/2299
f 1525/3413/1506 474/3414/459 1549/2004/1530
f 2323/3415/2311 1455/1849/1436 1453/3416/1434
f 474/3411/459 473/481/458 2324/3417/2312
f 470/2065/455 1585/3418/1566 477/485/462
f 2325/3419/2313 2326/3420/2314 2327/3421/2315
f 1593/3422/1574 1596/3423/1577 2328/3424/2316
f 1596/3425/1577 2329/3426/2317 1594/2089/1575
f 446/452/431 2330/3427/2318 1598/3428/1579
f 447/2008/432 1603/3429/1584 2330/3430/2318
f 1553/2010/1534 478/3431/463 480/488/465
f 478/486/463 2331/3432/2319 479/3433/464
f 480/3434/465 479/487/464 2332/3435/2320
f 481/489/466 2333/3436/2321 482/3437/467
f 2334/3438/2322 1615/3439/1596 2335/3440/2323
f 1624/2148/1605 1625/3441/1606 2336/3442/2324
f 1621/2145/1602 1623/2149/1604 1624/3443/1605
f 1622/3444/1603 2337/3445/2325 2338/3446/2326
f 2337/3447/2325 1622/2146/1603 1621/3448/1602
f 1620/3449/1601 1629/2158/1610 2336/3442/2324
f 2339/3450/2327 1632/3451/1613 495/3452/480
f 1632/2166/1613 2339/3453/2327 1587/2165/1568
f 2340/3454/2328 1642/3455/1623 1638/3456/1619
f 2341/3457/2329 2342/3458/2330 2343/3459/2331
f 2341/3457/2329 2343/3460/2331 2344/3461/2332
f 2345/3462/2333 2346/3463/2334 1599/3464/1580
f 1648/2191/1629 2347/3465/2335 1649/3466/1630
f 2348/3467/2336 2349/3468/2337 2343/3459/2331
f 512/3469/497 1605/2107/1586 2350/3470/2338
f 512/3469/497 2350/3471/2338 513/524/498
f 2351/3472/2339 2352/3473/2340 2353/3474/2341
f 1662/3475/1643 1658/3476/2342 2354/3477/2343
f 2354/3478/2343 2355/3479/2344 2356/3480/2345
f 1659/3481/1641 2/2/2 2357/3482/2346
f 2/3483/2 1660/2206/1640 2357/3482/2346
f 2357/3484/2346 2358/3485/2347 2359/3486/2348
f 1659/3481/1641 2357/3487/2346 2355/3488/2344
f 2355/3489/2344 2359/3490/2348 2356/3480/2345
f 671/689/647 522/556/502 523/530/503
f 522/528/502 1661/3491/1642 6/6/6
f 523/3492/503 6/529/6 1663/2215/1644
f 1663/3493/1644 5/5/5 525/533/505
f 5/531/5 1662/2212/1643 524/3494/504
f 525/3495/505 524/532/504 2360/3496/2349
f 526/534/506 529/559/525 527/3497/507
f 531/537/509 533/3498/672 534/3499/510
f 532/540/512 531/3500/509 535/539/511
f 535/3501/511 534/538/510 2362/3502/2350
f 532/540/512 535/3503/511 536/579/513
f 535/3501/511 2362/3504/2350 536/579/513
f 537/3505/514 536/541/513 566/3506/541
f 537/3505/514 566/578/541 538/3507/1651
f 517/3508/1653 539/3509/515 519/545/516
f 519/3510/516 7/544/7 9/9/9
f 539/543/515 540/581/517 7/548/7
f 540/546/517 2363/3511/2351 541/3512/518
f 7/7/7 541/547/518 8/3513/8
f 9/3514/9 8/8/8 520/551/520
f 520/3515/520 542/550/519 518/3516/1654
f 1666/3517/1649 2364/3518/2352 545/3519/2353
f 2365/3520/2354 2366/3521/2355 12/12/12
f 545/3522/2353 2365/3523/2354 1665/2221/1646
f 1664/2216/1645 543/3524/521 10/554/10
f 543/552/521 1660/2206/1640 1/3525/1
f 10/10/10 1/553/1 521/3526/1639
f 545/3522/2353 14/3527/1647 1666/2224/1649
f 547/3528/1765 16/3529/1650 670/2227/646
f 670/687/646 15/2226/522 548/557/523
f 15/555/522 1661/3491/1642 522/3530/502
f 548/3531/523 522/556/502 671/3532/647
f 148/3533/133 550/996/524 551/560/526
f 550/558/524 527/535/507 529/3534/525
f 2368/3535/2356 18/3536/772 17/2390/1768
f 555/3537/529 1667/2394/1772 556/565/530
f 557/569/534 1990/3538/1982 558/3539/532
f 2369/3540/2357 559/713/531 560/568/533
f 559/566/531 1668/2397/1774 558/3539/532
f 560/3541/533 558/567/532 1990/2712/1982
f 1990/3542/1982 557/3543/534 561/571/536
f 22/13/13 26/3544/18 25/3545/17
f 26/3546/18 562/3547/537 24/3548/16
f 564/3549/539 24/20/16 562/3550/537
f 2362/3551/2350 2370/3552/2358 536/579/513
f 565/577/540 2371/3553/2359 566/3506/541
f 2372/3554/2360 2373/3555/2361 1669/2232/1652
f 567/580/542 2374/3556/2362 540/3557/517
f 1669/3558/1652 2373/3555/2361 539/582/515
f 566/3559/541 2372/3560/2360 538/3507/1651
f 518/2233/1654 542/550/519 28/3561/20
f 8/549/8 541/547/518 2375/3562/2363
f 541/3563/518 2363/3511/2351 2375/3562/2363
f 542/3564/519 2375/3565/2363 2376/3566/2364
f 563/3567/538 29/23/21 564/576/539
f 564/3549/539 2377/3568/2365 2378/3569/2366
f 29/3570/21 1672/3571/1657 2379/3572/2367
f 2377/3573/2365 1677/3574/1662 2380/3575/2368
f 2376/3576/2364 2381/3577/2369 1670/3578/1655
f 2375/3579/2363 2382/3580/2370 2381/3581/2369
f 1671/3582/1656 2383/3583/2371 1673/3584/1658
f 1676/3585/1661 2384/3586/2372 2385/3587/2373
f 1674/3588/1659 2386/3589/2374 2387/3590/2375
f 2384/3591/2372 2388/3592/2376 2389/3593/2377
f 2390/3594/2378 570/3595/545 2391/3596/2379
f 2392/3597/2380 1679/3598/1664 568/3599/543
f 569/3600/544 1683/3601/1668 2393/3602/2381
f 2394/3603/2382 573/3604/548 1678/3605/1663
f 2395/3606/2383 2374/3556/2362 571/3607/546
f 572/3608/547 2373/3555/2361 1680/3609/1665
f 1682/3610/1667 576/3611/551 2396/3612/2384
f 1681/3613/1666 2371/3553/2359 574/3614/549
f 575/3615/550 2370/3552/2358 2397/3616/2385
f 2398/3617/2386 579/3618/554 2390/3619/2378
f 2399/3620/2387 1685/3621/1670 577/3622/552
f 578/3623/553 1689/3624/1673 2392/3625/2380
f 2400/3626/2388 582/3627/557 1684/3628/1669
f 2401/3629/2389 1700/3630/1684 580/3631/555
f 581/3632/556 1705/3633/1689 1686/3634/1671
f 1688/3635/1673 585/3636/560 2394/3637/2382
f 1687/3638/1672 597/3639/572 583/3640/558
f 584/3641/559 2402/3642/2390 2395/3643/2383
f 2403/3644/2391 588/3645/563 2382/3646/2370
f 2404/3647/2392 2405/3648/2393 586/3649/561
f 587/3650/562 2406/3651/2394 2383/3652/2371
f 2407/3653/2395 591/3654/566 1690/3655/1674
f 2408/3656/2396 2409/3657/2397 589/3658/564
f 590/3659/565 2410/3660/2398 1693/3661/1677
f 2406/3662/2394 2411/3663/2399 2386/3664/2374
f 2405/3665/2393 1692/3666/1676 2411/3667/2399
f 2412/3668/2400 1697/3669/1681 2388/3670/2376
f 2413/3671/2401 2414/3672/2402 1698/3673/1682
f 2415/3674/2403 594/3675/569 2414/3676/2402
f 2416/3677/2404 2417/3678/2405 1701/3679/1685
f 2418/3680/2406 2419/3681/2407 592/3682/567
f 2419/3683/2407 2408/3684/2396 2420/3685/2408
f 593/3686/568 2407/3687/2395 2417/3688/2405
f 1704/3689/1688 2421/3690/2409 595/3691/570
f 1702/3692/1686 2404/3693/2392 2421/3694/2409
f 596/3695/571 2403/3696/2391 2402/3697/2390
f 2422/3698/2410 2398/3699/2386 2423/3700/2411
f 2424/3701/2412 2399/3702/2387 1710/2287/1694
f 2425/3703/2413 598/3704/573 600/615/575
f 2426/3705/2414 1707/2283/1691 2427/3706/2415
f 2428/3707/2416 2400/3708/2388 2429/3709/2417
f 2430/3710/2418 2429/3711/2417 2431/3712/2419
f 2432/3713/2420 2401/3714/2389 2433/3715/2421
f 2434/3716/2422 2435/3717/2423 2413/3718/2401
f 2435/3719/2423 2436/3720/2424 2415/3721/2403
f 2437/3722/2425 2438/3723/2426 2439/3724/2427
f 2440/3725/2428 2441/3726/2429 2442/3727/2430
f 2442/3728/2430 1919/2591/1911 1918/3729/1910
f 2419/3683/2407 2418/3730/2406 2443/3731/2431
f 1713/3732/1697 2443/3733/2431 2439/3724/2427
f 1712/3734/1696 2444/3735/2432 1713/2290/1697
f 2445/3736/2433 603/3737/578 2446/3738/2434
f 2447/3739/2435 1715/3740/1699 601/3741/576
f 602/3742/577 1717/3743/1701 2448/3744/2436
f 2449/3745/2437 606/3746/581 1714/3747/1698
f 2450/3748/2438 2441/3726/2429 604/3749/579
f 605/3750/580 2438/3723/2426 2451/3751/2439
f 2452/3752/2440 1716/2295/1700 2453/3753/2441
f 2454/3754/2442 37/3755/29 2455/3756/2443
f 2456/3757/2444 2455/3758/2443 2436/3759/2424
f 2457/3760/2445 1720/3761/1704 2458/3762/2446
f 2458/3763/2446 1725/3764/1709 2427/3706/2415
f 2459/3765/2447 609/3766/584 1718/3767/1702
f 2460/3768/2448 2446/3769/2434 607/3770/582
f 608/3771/583 2448/3772/2436 1721/3773/1705
f 1724/3774/1708 2461/3775/2449 2431/3712/2419
f 1722/3776/1706 2462/3777/2450 2463/3778/2451
f 2463/3779/2451 2434/3780/2422 2433/3715/2421
f 645/660/620 612/3781/587 2464/3782/2452
f 2465/3783/2453 1727/3784/1711 610/3785/585
f 611/3786/586 1731/3787/1715 2466/3788/2454
f 2467/3789/2455 615/3790/590 1726/3791/1710
f 2468/3792/2456 2469/3793/2457 613/3794/588
f 614/3795/589 2470/3796/2458 1728/3797/1712
f 1730/3798/1714 618/3799/593 2471/3800/2459
f 1729/3801/1713 2472/3802/2460 616/3803/591
f 617/3804/592 2473/3805/2461 2474/3806/2462
f 2475/3807/2463 621/3808/596 2476/3809/2464
f 640/3810/615 1733/3811/1717 619/3812/594
f 620/3813/595 1737/3814/1721 2477/3815/2465
f 1745/3816/1729 624/3817/599 1732/3818/1716
f 638/3819/613 2478/3820/2466 622/3821/597
f 623/3822/598 2479/3823/2467 1734/3824/1718
f 1736/3825/1720 627/3826/602 1741/3827/1725
f 1735/3828/1719 2480/3829/2468 625/3830/600
f 626/3831/601 2481/3832/2469 1742/3833/1726
f 2468/3792/2456 630/3834/605 2482/3835/2470
f 2467/3789/2455 2483/3836/2471 628/3837/603
f 629/3838/604 2484/3839/2472 2485/3840/2473
f 1750/3841/1734 633/3842/608 1738/3843/1722
f 1747/3844/1731 2486/3845/2474 631/3846/606
f 632/3847/607 2487/3848/2475 1740/3849/1724
f 2488/3850/2476 636/3851/611 2489/3852/2477
f 2490/3853/2478 1739/3854/1723 634/3855/609
f 635/3856/610 1743/3857/1727 2491/3858/2479
f 639/3859/614 1744/3860/1728 2492/3861/2480
f 641/3862/616 2493/3863/2481 2494/3864/2482
f 2492/3865/2480 2495/3866/2483 643/3867/618
f 50/3868/42 2496/3869/2484 2497/3870/2485
f 1752/2341/1736 646/661/621 1748/2337/1732
f 2498/3871/2486 2465/3872/2453 1753/2343/1737
f 2499/3873/2487 2486/3845/2474 2358/3874/2347
f 2500/3875/2488 2499/3876/2487 2476/3809/2464
f 2501/3877/2489 2487/3848/2475 2477/3815/2465
f 2502/3878/2490 2483/3836/2471 2503/3879/2491
f 2504/3880/2492 2502/3881/2490 2490/3882/2478
f 2505/3883/2493 2484/3839/2472 2488/3884/2476
f 1666/3517/1649 2506/3885/2494 649/3886/624
f 663/3887/639 2507/3888/2495 2508/3889/2496
f 2509/3890/2497 2510/3891/2498 2511/3892/2499
f 2507/3893/2495 2512/3894/2500 1754/3895/1738
f 1757/3896/1741 2513/3897/2501 2514/3898/2502
f 2513/3899/2501 2515/3900/2503 2516/3901/2504
f 2493/3902/2481 2475/3903/2463 2517/3904/2505
f 2517/3905/2505 1664/3906/1645 2366/3907/2355
f 2496/3908/2484 2494/3909/2482 1760/2351/1744
f 2496/3908/2484 2518/3910/2506 2519/3911/2507
f 1759/3912/1743 2364/3518/2352 648/3913/623
f 2520/3914/2508 2521/3915/2509 2522/3916/2510
f 2519/3917/2507 2522/3918/2510 2497/3870/2485
f 2522/3919/2510 2514/3920/2502 2523/3921/2511
f 2523/3922/2511 2516/3923/2504 644/659/619
f 2524/3924/2512 2525/3925/2513 2474/3806/2462
f 2526/3926/2514 2527/3927/2515 1766/3928/1750
f 2528/3929/2516 2526/3930/2514 2471/3800/2459
f 2529/3931/2517 2530/3932/2518 1761/3933/1745
f 2531/3934/2519 2532/3935/2520 2533/3936/2521
f 1762/3937/1746 2533/3938/2521 1764/3939/1748
f 2534/3940/2522 1767/3941/1751 2466/3788/2454
f 2535/3942/2523 1765/3943/1749 651/3944/626
f 2536/3945/2524 652/3946/627 2464/3782/2452
f 2537/3947/2525 655/3948/630 2538/3949/2526
f 2539/3950/2527 1769/3951/1753 653/3952/628
f 654/3953/629 1773/3954/1757 2540/3955/2528
f 2541/3956/2529 658/3957/633 1768/3958/1752
f 2542/3959/2530 2532/3935/2520 656/3960/631
f 657/3961/632 2530/3932/2518 1770/3962/1754
f 1772/3963/1756 661/3964/636 2543/3965/2531
f 1771/3966/1755 2527/3927/2515 659/3967/634
f 660/3968/635 2525/3925/2513 2544/3969/2532
f 13/3970/1648 544/3971/1758 2506/3972/2494
f 662/678/637 2545/3973/2533 544/3974/1758
f 1774/2372/1759 673/3975/2534 2509/3976/2497
f 2510/3977/2498 2509/3978/2497 673/3979/2534
f 2542/3959/2530 2546/3980/2535 2547/3981/2536
f 2541/3956/2529 2548/3982/2537 1776/3983/1761
f 2547/3984/2536 2546/3980/2535 2549/3985/2538
f 2539/3950/2527 2550/3986/2539 665/3987/641
f 2537/3947/2525 1972/3988/1964 2551/3989/2540
f 2549/3990/2538 2552/3991/2541 2553/3992/2542
f 2553/3993/2542 1775/3994/1760 2554/3995/2543
f 2555/3996/2544 2556/3997/2545 668/3998/644
f 669/3999/645 668/685/644 2556/4000/2545
f 2556/4001/2545 546/4002/2546 669/686/645
f 547/3528/1765 669/2381/645 546/4003/2546
f 667/684/643 670/4004/646 672/4005/648
f 548/3531/523 672/690/648 670/2227/646
f 673/4006/2534 674/4007/656 2510/4008/2498
f 2367/4009/2547 1780/4010/1766 103/2548/89
f 675/691/649 103/92/89 1780/4011/1766
f 549/4012/650 546/4002/2546 2556/4000/2545
f 2556/4001/2545 676/4013/651 549/4014/650
f 2555/3996/2544 676/4013/651 2556/4000/2545
f 528/694/508 527/535/507 677/4015/652
f 56/2385/653 677/695/652 1781/4016/1767
f 57/697/654 1781/2386/1767 678/4017/655
f 674/4018/656 678/698/655 2510/4008/2498
f 680/827/763 914/999/896 681/4019/659
f 146/136/131 683/701/658 910/4020/892
f 682/700/657 148/4021/133 551/560/526
f 148/3533/133 682/4022/657 146/702/131
f 681/703/659 914/999/896 684/4023/660
f 58/49/47 684/704/660 59/4024/48
f 17/4025/1768 59/50/48 2368/4026/2356
f 910/4027/892 683/701/658 2557/4028/2548
f 910/4027/892 2557/4029/2548 2559/4030/2549
f 553/561/527 556/4031/530 688/711/664
f 688/843/664 687/710/663 690/714/665
f 687/712/663 1668/2397/1774 559/4032/531
f 690/4033/665 559/713/531 2369/4034/2357
f 2560/4035/2550 691/4036/666 692/716/667
f 691/715/666 798/4037/780 68/4038/54
f 692/4039/667 68/56/54 66/54/52
f 67/55/53 693/724/668 64/719/50
f 693/717/668 2361/4040/2551 530/4041/669
f 1783/4042/1775 65/53/51 694/4043/2552
f 1784/2401/1776 693/724/668 67/4044/53
f 68/4045/54 67/2402/53 66/54/52
f 692/4039/667 66/4046/52 1783/2400/1775
f 2362/3551/2350 534/538/510 696/722/671
f 696/4047/671 695/721/670 1785/4048/1777
f 534/720/510 533/3498/672 695/725/670
f 533/723/672 2361/4040/2551 693/4049/668
f 695/4050/670 693/724/668 1784/2405/1776
f 24/16/16 697/4051/673 27/21/19
f 70/4052/56 27/4053/19 697/4054/673
f 1786/2406/1778 2561/4055/2553 1787/2409/1779
f 929/1025/911 1787/4056/1779 2561/4057/2553
f 27/572/19 70/59/56 23/4058/14
f 2562/4059/2554 1790/4060/1782 2563/4061/2555
f 72/61/58 2564/4062/2556 73/4063/59
f 2565/4064/2557 699/4065/675 1785/4048/1777
f 2566/4066/2558 73/62/59 2565/4067/2557
f 1788/2410/1780 2567/4068/2559 2568/4069/2560
f 2569/4070/2561 2568/4071/2560 2570/4072/2562
f 2571/4073/2563 2570/4074/2562 2572/4075/2564
f 2573/4076/2565 1789/2411/1781 2574/4077/2566
f 2575/4078/2567 2564/4062/2556 2576/4079/2568
f 2378/4080/2366 2380/4081/2368 2577/4082/2569
f 2380/4083/2368 2578/4084/2570 2579/4085/2571
f 2577/4086/2569 2579/4087/2571 698/4088/674
f 2580/4089/2572 2581/4090/2573 701/4091/677
f 702/4092/678 706/4093/682 1794/4094/1786
f 1786/2406/1778 2582/4095/2574 2561/4057/2553
f 2582/4096/2574 1791/4097/1783 2561/4057/2553
f 2561/4098/2553 1792/4099/1784 929/4100/911
f 2583/4101/2575 2584/4102/2576 2389/3593/2377
f 2585/4103/2577 2586/4104/2578 2587/4105/2579
f 2584/4106/2576 1800/4107/1792 2385/3587/2373
f 2588/4108/2580 2589/4109/2581 2581/4110/2573
f 2590/4111/2582 2591/4112/2583 704/4113/680
f 2578/4114/2570 1799/2425/1791 2579/4085/2571
f 1799/4115/1791 1797/2422/1789 2592/4116/2584
f 2579/4117/2571 2592/4118/2584 698/4088/674
f 1901/4119/1893 2593/4120/2585 2572/4075/2564
f 1899/4121/1891 1803/4122/1795 2593/4123/2585
f 2594/4124/2586 1808/4125/1800 2574/4077/2566
f 803/4126/785 2595/4127/2587 1801/4128/1793
f 2596/4129/2588 2391/4130/2379 2595/4131/2587
f 2597/4132/2589 2393/4133/2381 1804/4134/1796
f 1807/4135/1799 2598/4136/2590 2576/4079/2568
f 1805/4137/1797 2396/4138/2384 2598/4139/2590
f 2599/4140/2591 2397/4141/2385 700/4142/676
f 75/64/61 808/865/790 109/4143/94
f 808/4144/790 75/4145/61 77/66/63
f 2600/4146/2592 2601/4147/2593 2409/4148/2397
f 2602/4149/2594 1815/4150/1807 2410/4151/2398
f 2603/4152/2595 2604/4153/2596 1809/4154/1801
f 2605/4155/2597 2606/4156/2598 2607/4157/2599
f 2606/4158/2598 2608/4159/2600 1812/4160/1804
f 708/4161/684 2609/4162/2601 1696/4163/1680
f 75/64/61 598/3704/573 76/4164/62
f 80/4165/66 2610/4166/2602 599/4167/574
f 2611/4168/2603 2423/4169/2411 2425/4170/2413
f 110/743/95 115/104/100 79/742/65
f 115/2447/100 710/889/686 712/746/688
f 710/744/686 824/2588/806 711/749/687
f 712/750/688 711/745/687 715/4171/691
f 824/4172/806 713/886/689 711/749/687
f 713/747/689 2612/4173/2604 2613/4174/2605
f 79/4175/65 716/4176/692 80/69/66
f 716/4177/692 79/68/65 712/746/688
f 2614/4178/2606 1819/4179/1811 2615/4180/2607
f 2616/4181/2608 1824/4182/1816 714/4183/690
f 2617/4184/2609 2618/4185/2610 1817/4186/1809
f 2619/4187/2611 2460/4188/2448 2620/4189/2612
f 2618/4190/2610 2459/4191/2447 1820/4192/1812
f 1823/4193/1815 2621/4194/2613 2622/4195/2614
f 1821/4196/1813 2623/4197/2615 2457/4198/2445
f 2624/4199/2616 719/4200/695 2625/4201/2617
f 2626/4202/2618 1826/4203/1818 717/4204/693
f 718/4205/694 1830/4206/1822 2627/4207/2619
f 2628/4208/2620 722/4209/698 1825/4210/1817
f 2629/4211/2621 2619/4212/2611 720/4213/696
f 721/4214/697 2617/4215/2609 1827/4216/1819
f 1829/4217/1821 725/4218/701 2630/4219/2622
f 1828/4220/1820 2614/4221/2606 723/4222/699
f 724/4223/700 2613/4224/2605 2631/4225/2623
f 2632/4226/2624 728/4227/704 2633/4228/2625
f 2634/4229/2626 1832/4230/1824 726/4231/702
f 727/4232/703 1836/4233/1828 2635/4234/2627
f 2636/4235/2628 731/4236/707 1831/4237/1823
f 2637/4238/2629 2450/4239/2438 729/4240/705
f 730/4241/706 2449/4242/2437 1833/4243/1825
f 1835/4244/1827 734/4245/710 2638/4246/2630
f 1834/4247/1826 2447/4248/2435 732/4249/708
f 733/4250/709 2445/4251/2433 2639/4252/2631
f 2640/4253/2632 737/4254/713 2641/4255/2633
f 2642/4256/2634 1838/4257/1830 735/4258/711
f 736/4259/712 1842/4260/1834 2643/4261/2635
f 2644/4262/2636 740/4263/716 1837/4264/1829
f 2645/4265/2637 2633/4266/2625 738/4267/714
f 739/4268/715 2635/4269/2627 1839/4270/1831
f 1841/4271/1833 743/4272/719 2646/4273/2638
f 1840/4274/1832 2638/4275/2630 741/4276/717
f 742/4277/718 2639/4278/2631 2647/4279/2639
f 2648/4280/2640 746/4281/722 2624/4282/2616
f 2649/4283/2641 1844/4284/1836 744/4285/720
f 745/4286/721 1848/4287/1840 2626/4288/2618
f 2650/4289/2642 749/4290/725 1843/4291/1835
f 2651/4292/2643 2641/4293/2633 747/4294/723
f 748/4295/724 2643/4296/2635 1845/4297/1837
f 1847/4298/1839 752/4299/728 2628/4300/2620
f 1846/4301/1838 2646/4302/2638 750/4303/726
f 751/4304/727 2647/4305/2639 2629/4306/2621
f 2652/4307/2644 2653/4308/2645 2654/4309/2646
f 2655/4310/2647 1851/4311/1843 2653/4312/2645
f 2656/4313/2648 1857/4314/1849 2657/4315/2649
f 2658/4316/2650 992/1123/974 2659/4317/2651
f 2659/4318/2651 2660/4319/2652 1852/4320/1844
f 1856/4321/1848 755/4322/731 2661/4323/2653
f 1853/4324/1845 2015/2760/2005 753/4325/729
f 754/4326/730 2662/4327/2654 2663/4328/2655
f 774/4329/750 97/86/83 1859/4330/1851
f 867/939/849 1858/4331/1850 2664/4332/2656
f 2665/4333/2657 2666/4334/2658 2667/4335/2659
f 2668/4336/2660 2524/4337/2512 2473/4338/2461
f 2667/4339/2659 2669/4340/2661 2472/4341/2460
f 2664/4342/2656 2670/4343/2662 2671/4344/2663
f 2670/4345/2662 2672/4346/2664 2470/4347/2458
f 2671/4348/2663 2673/4349/2665 2469/4350/2457
f 2654/4351/2646 758/4352/734 2478/4353/2466
f 2657/4354/2649 1862/4355/1854 756/4356/732
f 757/4357/733 1866/4358/1858 2479/4359/2467
f 2661/4360/2653 761/4361/737 1861/4362/1853
f 2663/4363/2655 860/931/842 759/4364/735
f 760/4365/736 1949/2630/1941 1863/4366/1855
f 1865/4367/1857 764/4368/740 2480/4369/2468
f 1864/4370/1856 857/928/839 762/4371/738
f 763/4372/739 2674/4373/2666 2481/4374/2469
f 2675/4375/2667 2676/4376/2668 2652/4377/2644
f 2652/4307/2644 767/4378/743 2655/4379/2647
f 2677/4380/2669 1871/4381/1863 878/4382/860
f 2678/4383/2670 2677/4384/2669 2658/4385/2650
f 98/4386/84 772/808/748 2679/4387/2671
f 2680/4388/2672 2681/4389/2673 2679/4387/2671
f 2682/4390/2674 2668/4391/2660 2681/4392/2673
f 2681/4393/2673 2665/4394/2657 96/4395/82
f 1957/2645/1949 97/86/83 775/812/751
f 97/810/83 2683/4396/2675 1859/4330/1851
f 775/948/751 774/811/750 2684/4397/2676
f 2685/4398/2677 2686/4399/2678 2687/4400/2679
f 1867/2515/1859 765/4401/741 2688/4402/2680
f 2689/4403/2681 2687/4404/2679 1883/2535/1875
f 2690/4405/2682 2691/4406/2683 1888/2541/1880
f 2692/4407/2684 2693/4408/2685 783/821/759
f 2694/4409/2686 2695/4410/2687 2692/4411/2684
f 2538/4412/2526 2696/4413/2688 2697/4414/2689
f 2540/4415/2528 1876/4416/1868 2698/4417/2690
f 2698/4418/2690 1880/4419/1872 2699/4420/2691
f 2543/4421/2531 2700/4422/2692 1874/4423/1866
f 2544/4424/2532 2682/4425/2674 2701/4426/2693
f 2701/4427/2693 2680/4428/2672 1877/4429/1869
f 2515/4430/2503 2702/4431/2694 1881/4432/1873
f 2703/4433/2695 780/4434/756 2704/4435/2696
f 2704/4436/2696 2705/4437/2697 1884/4438/1876
f 2512/4439/2500 2706/4440/2698 778/4441/754
f 2707/4442/2699 2708/4443/2700 2706/4444/2698
f 779/4445/755 2709/4446/2701 2705/4447/2697
f 1887/4448/1879 2710/4449/2702 781/4450/757
f 1885/4451/1877 2711/4452/2703 2710/4453/2702
f 782/4454/758 2694/4455/2686 2692/4411/2684
f 2712/4456/2704 2713/4457/2705 2714/4458/2706
f 2715/4459/2707 2716/4460/2708 101/90/87
f 2714/4461/2706 2717/4462/2709 2718/4463/2710
f 2719/4464/2711 2720/4465/2712 2721/4466/2713
f 2722/4467/2714 2555/4468/2544 2554/3995/2543
f 2721/4469/2713 1778/4470/1763 1779/2380/1764
f 2718/4471/2710 2723/4472/2715 2724/4473/2716
f 100/4474/86 664/4475/640 666/683/642
f 2724/4476/2716 2725/4477/2717 2551/3989/2540
f 2726/4478/2718 2727/4479/2719 2712/4480/2704
f 2728/4481/2720 2729/4482/2721 2730/4483/2722
f 2713/4484/2705 2730/4485/2722 2715/4486/2707
f 2731/4487/2723 2732/4488/2724 2733/4489/2725
f 1890/4490/1882 2733/4491/2725 2734/4492/2726
f 2716/4493/2708 1891/4494/1883 2719/4495/2711
f 2735/4496/2727 2734/4497/2726 2736/4498/2728
f 2720/4499/2712 2736/4500/2728 2722/4501/2714
f 2555/3996/2544 784/4502/760 676/693/651
f 784/822/760 1892/4503/1884 104/93/90
f 676/4504/651 104/823/90 675/2384/649
f 1892/2545/1884 785/4505/761 102/826/88
f 785/824/761 2737/4506/2729 786/4507/762
f 102/91/88 786/825/762 1893/4508/1885
f 103/4509/89 1893/2547/1885 789/4510/767
f 103/4509/89 789/831/767 2367/4511/2547
f 914/4512/896 680/4513/763 2738/4514/2730
f 2738/4515/2730 680/4513/763 788/829/765
f 787/2550/764 679/4516/766 790/832/768
f 679/830/766 2367/4517/2547 789/4510/767
f 790/833/768 789/831/767 1893/4508/1885
f 788/4518/765 790/2551/768 791/834/769
f 790/833/768 1893/2547/1885 786/4507/762
f 791/4519/769 786/825/762 2737/4520/2729
f 514/525/499 63/847/777 552/4521/771
f 18/4522/772 2368/4523/2356 922/1011/904
f 553/561/527 688/4524/664 793/845/773
f 794/2552/774 793/841/773 2739/4525/2731
f 688/843/664 690/4526/665 2740/4527/2732
f 2741/4528/2733 1782/2392/1770 2742/4529/2734
f 694/4530/2552 108/4531/93 1783/2400/1775
f 105/846/776 516/4532/501 106/849/91
f 516/848/501 515/526/500 153/2704/138
f 106/94/91 153/143/138 928/1019/910
f 1783/4042/1775 107/95/92 692/716/667
f 107/850/92 928/2556/910 796/4533/778
f 692/4039/667 796/851/778 2560/4534/2550
f 2743/4535/2735 2567/4068/2559 2744/4536/2736
f 2745/4537/2737 2562/4538/2554 2746/4539/2738
f 2744/4540/2736 2745/4541/2737 2747/4542/2739
f 2563/4543/2555 74/4544/60 2748/4545/2740
f 797/852/779 2566/4546/2558 69/57/55
f 2748/4547/2740 797/4548/779 798/854/780
f 2747/4549/2739 2746/4550/2738 2749/4551/2741
f 2750/4552/2742 798/4037/780 691/4553/666
f 2749/4554/2741 2750/4555/2742 2560/4534/2550
f 2751/4556/2743 2752/4557/2744 2753/4558/2745
f 2754/4559/2746 2755/4560/2747 1895/4561/1887
f 2756/4562/2748 2596/4563/2588 802/4564/784
f 2755/4565/2747 804/4566/786 1898/4567/1890
f 800/4568/782 2753/4569/2745 2757/4570/2749
f 2752/4571/2744 1897/4572/1889 2758/4573/2750
f 2758/4574/2750 2759/4575/2751 2760/4576/2752
f 2591/4577/2583 2761/4578/2753 2762/4579/2754
f 2589/4580/2581 1905/4581/1897 2761/4582/2753
f 2763/4583/2755 1910/4584/1902 2764/4585/2756
f 2585/4103/2577 2765/4586/2757 1903/4587/1895
f 2583/4101/2575 2609/4162/2601 2765/4588/2757
f 2766/4589/2758 707/4590/683 1906/4591/1898
f 1909/4592/1901 2767/4593/2759 2768/4594/2760
f 1907/4595/1899 2608/4159/2600 2767/4596/2759
f 2605/4155/2597 2607/4597/2599 2769/4598/2761
f 810/867/792 805/4599/787 2770/4600/2762
f 2771/4601/2763 113/862/98 811/872/793
f 806/4602/788 113/862/98 2771/4603/2763
f 2772/4604/2764 811/4605/793 808/4606/790
f 811/4607/793 109/4608/94 808/4606/790
f 809/4609/791 808/865/790 77/66/63
f 2772/4604/2764 808/865/790 807/4610/789
f 2773/4611/2765 809/4612/791 77/66/63
f 2773/4611/2765 1816/4613/1808 2774/4614/2766
f 113/870/98 805/4599/787 111/884/96
f 114/103/99 112/101/97 115/4615/100
f 811/4607/793 114/871/99 109/4143/94
f 2775/4616/2767 814/4617/796 2600/4618/2592
f 2776/4619/2768 1912/4620/1904 812/4621/794
f 813/4622/795 1916/4623/1908 2777/4624/2769
f 2778/4625/2770 817/4626/799 1911/4627/1903
f 2779/4628/2771 2780/4629/2772 815/4630/797
f 816/4631/798 2781/4632/2773 1913/4633/1905
f 1915/4634/1907 820/4635/802 2603/4636/2595
f 1914/4637/1906 2782/4638/2774 818/4639/800
f 819/4640/801 2783/4641/2775 2784/4642/2776
f 810/867/792 821/4643/803 111/884/96
f 821/882/803 1917/4644/1909 822/2589/804
f 1917/2587/1909 823/4645/805 824/887/806
f 823/885/805 2612/4173/2604 713/4646/689
f 111/100/96 822/883/804 112/890/97
f 822/888/804 824/2588/806 710/4647/686
f 112/2577/97 710/889/686 115/4615/100
f 1712/3734/1696 2785/4648/2777 2775/4649/2767
f 2786/4650/2778 2776/4651/2768 2787/4652/2779
f 2788/4653/2780 2789/4654/2781 2790/4655/2782
f 2791/4656/2783 2792/4657/2784 2793/4658/2785
f 2794/4659/2786 2778/4660/2770 2795/4661/2787
f 2795/4662/2787 2796/4663/2788 2797/4664/2789
f 2798/4665/2790 2779/4666/2771 2799/4667/2791
f 2800/4668/2792 2801/4669/2793 2005/2733/1995
f 2802/4670/2794 1923/4671/1915 2803/4672/2795
f 2801/4673/2793 1927/4674/1919 2804/4675/2796
f 2805/4676/2797 2806/4677/2798 1921/4678/1913
f 2807/4679/2799 2625/4680/2617 2808/4681/2800
f 2806/4682/2798 2627/4683/2619 1924/4684/1916
f 1925/4685/1917 2630/4686/2622 825/4687/807
f 826/4688/808 2809/4689/2801 2631/4225/2623
f 2637/4238/2629 2810/4690/2802 2790/4655/2782
f 2636/4235/2628 1929/4691/1921 2811/4692/2803
f 2811/4693/2803 1933/4694/1925 2793/4658/2785
f 2634/4229/2626 830/4695/812 1928/4696/1920
f 2632/4226/2624 2812/4697/2804 828/4698/810
f 829/4699/811 2813/4700/2805 1930/4701/1922
f 1932/4702/1924 833/4703/815 2797/4664/2789
f 1931/4704/1923 2814/4705/2806 831/4706/813
f 832/4707/814 2815/4708/2807 2799/4667/2791
f 2816/4709/2808 2817/4710/2809 2800/4711/2792
f 835/4712/817 1936/2614/1928 2802/4713/2794
f 1935/4714/1927 839/4715/821 2805/4716/2797
f 2818/4717/2810 2819/4718/2811 837/4719/819
f 2818/4717/2810 837/4720/819 2820/4721/2812
f 838/4722/820 2821/4723/2813 2807/4724/2799
f 2822/4725/2814 2812/4697/2804 2823/4726/2815
f 2824/4727/2816 2813/4700/2805 2825/4728/2817
f 2826/4729/2818 2651/4730/2643 2827/4731/2819
f 841/4732/823 2650/4733/2642 1938/4734/1930
f 2828/4735/2820 845/4736/827 2829/4737/2821
f 1939/4738/1931 2649/4739/2641 843/4740/825
f 844/4741/826 2648/4742/2640 2830/4743/2822
f 2831/4744/2823 2832/4745/2824 2819/4746/2811
f 2831/4744/2823 2819/4718/2811 2833/4747/2825
f 2834/4748/2826 2829/4749/2821 2832/4750/2824
f 2834/4748/2826 2832/4745/2824 2835/4751/2827
f 2836/4752/2828 2830/4753/2822 2821/4754/2813
f 174/912/159 846/4755/828 2837/4756/2829
f 173/163/158 973/4757/955 847/2756/829
f 2837/4758/2829 848/4759/830 2838/4760/2830
f 848/4761/830 2837/4762/2829 846/914/828
f 2839/4763/2831 1941/4764/1933 124/114/109
f 1941/2619/1933 852/4765/834 122/923/107
f 852/921/834 976/1097/958 853/4766/835
f 122/112/107 853/922/835 1942/4767/1934
f 2840/4768/2832 123/113/108 855/926/837
f 123/924/108 1942/2621/1934 854/4769/836
f 855/4770/837 854/925/836 1069/4771/1051
f 2482/4772/2470 2841/4773/2833 850/4774/832
f 2485/4775/2473 1945/4776/1937 2842/4777/2834
f 2842/4778/2834 1947/4779/1939 2839/4780/2831
f 2489/4781/2477 2843/4782/2835 1943/4783/1935
f 2491/4784/2479 2844/4785/2836 2845/4786/2837
f 2845/4787/2837 2846/4788/2838 2847/4789/2839
f 1946/4790/1938 2848/4791/2840 2849/4792/2841
f 2850/4793/2842 1953/4794/1945 2851/4795/2843
f 852/921/834 2849/4796/2841 976/4797/958
f 1228/4798/1209 2852/4799/2844 984/1111/966
f 984/4800/966 871/943/853 2018/2769/2008
f 2853/4801/2845 2854/4802/2846 2840/4803/2832
f 2018/4804/2008 2855/4805/2847 982/1108/964
f 2856/4806/2848 2853/4807/2845 855/926/837
f 982/4808/964 2856/4809/2848 1069/4771/1051
f 127/4810/112 1949/2630/1941 125/4811/110
f 861/1103/843 860/931/842 979/4812/961
f 125/115/110 859/4813/841 861/932/843
f 858/4814/840 862/4815/844 863/935/845
f 862/933/844 1948/4816/1940 127/117/112
f 863/2632/845 127/934/112 126/1119/111
f 2857/4817/2849 2674/4373/2666 2844/4818/2836
f 864/936/846 188/4819/173 865/4820/847
f 866/4821/848 865/937/847 2858/4822/2850
f 2849/4823/2841 977/4824/959 976/4797/958
f 2684/4825/2676 867/4826/849 869/941/851
f 869/4827/851 868/940/850 1956/2644/1948
f 2859/4828/2851 2860/4829/2852 849/4830/831
f 1954/2639/1946 2854/4802/2846 2853/4831/2845
f 1956/4832/1948 870/2643/852 872/944/854
f 870/942/852 1955/2640/1947 2855/4833/2847
f 2861/4834/2853 863/4835/845 978/1102/960
f 189/1099/174 864/4836/846 2861/4837/2853
f 864/936/846 189/179/174 188/4838/173
f 858/4814/840 2862/4839/2854 856/4840/838
f 2862/4841/2854 858/4842/840 2863/4843/2855
f 2116/4844/2105 773/4845/749 874/947/856
f 874/4846/856 130/946/115 1086/2650/1068
f 1957/2645/1949 775/4847/751 128/950/113
f 775/948/751 2684/4848/2676 875/4849/857
f 128/118/113 875/949/857 1958/4850/1950
f 1086/4851/1068 129/119/114 877/953/859
f 129/951/114 1958/2647/1950 876/4852/858
f 877/4853/859 876/952/858 1083/1247/1065
f 1004/1145/986 878/4854/860 879/956/861
f 878/954/860 1870/2519/1862 133/123/118
f 879/4855/861 133/955/118 1960/2656/1952
f 1870/2651/1862 769/805/745 131/959/116
f 769/957/745 2695/4410/2687 880/4856/862
f 131/121/116 880/958/862 1959/4857/1951
f 1961/2657/1953 881/1365/863 134/962/119
f 881/960/863 1164/3022/1145 882/965/864
f 134/124/119 882/961/864 1962/4858/1954
f 1164/4859/1145 883/1362/865 882/965/864
f 883/963/865 2864/4860/2856 2865/4861/2857
f 882/4862/864 884/964/866 1962/4858/1954
f 136/1248/121 135/125/120 229/968/214
f 135/966/120 1962/2659/1954 2866/4863/2858
f 229/221/214 885/967/867 2116/4864/2105
f 2867/4865/2859 1972/3988/1964 2697/4414/2689
f 1963/2661/1955 2868/4866/2860 2699/4420/2691
f 2866/4867/2858 1964/2662/1956 1879/4868/1871
f 2869/4869/2861 888/4870/870 2870/4871/2862
f 2871/4872/2863 1967/4873/1959 886/4874/868
f 887/4875/869 1971/4876/1963 2872/4877/2864
f 2873/4878/2865 891/4879/873 1966/4880/1958
f 2874/4881/2866 2694/4455/2686 889/4882/871
f 890/4883/872 2711/4452/2703 1968/4884/1960
f 1970/4885/1962 894/4886/876 2875/4887/2867
f 1969/4888/1961 2709/4446/2701 892/4889/874
f 893/4890/875 2708/4443/2700 2876/4891/2868
f 2867/4865/2859 895/4892/877 897/980/879
f 895/978/877 2865/4893/2857 2877/4894/2869
f 1973/4895/1965 140/2674/125 2878/4896/2870
f 898/981/880 141/131/126 899/4897/881
f 141/4898/126 1973/2675/1965 2879/4899/2871
f 900/4900/882 899/982/881 2880/4901/2872
f 2881/4902/2873 2876/4903/2868 2882/4904/2874
f 1974/2679/1966 2882/4905/2874 2883/4906/2875
f 2884/4907/2876 2875/4908/2867 1976/2681/1968
f 2885/4909/2877 2883/4910/2875 2886/4911/2878
f 2887/4912/2879 2886/4913/2878 2888/4914/2880
f 2889/4915/2881 1975/2680/1967 2890/4916/2882
f 2891/4917/2883 2872/4918/2864 2892/4919/2884
f 2893/4920/2885 2892/4921/2884 2894/4922/2886
f 2895/4923/2887 2870/4924/2862 2896/4925/2888
f 2897/4926/2889 2898/4927/2890 2899/4928/2891
f 2900/4929/2892 2899/4930/2891 2901/4931/2893
f 2902/4932/2894 2903/4933/2895 2904/4934/2896
f 1977/2682/1969 2901/4935/2893 2905/4936/2897
f 2906/4937/2898 2907/4938/2899 2908/4939/2900
f 2909/4940/2901 2908/4941/2900 1987/2696/1979
f 2910/4942/2902 903/4943/885 2727/4944/2719
f 2911/4945/2903 1981/4946/1973 901/4947/883
f 902/4948/884 1985/4949/1977 2729/4950/2721
f 2912/4951/2904 906/4952/888 1980/4953/1972
f 2913/4954/2905 2898/4927/2890 904/4955/886
f 905/4956/887 2903/4933/2895 1982/4957/1974
f 1984/4958/1976 909/4959/891 1889/4960/1881
f 1983/4961/1975 2907/4938/2899 907/4962/889
f 908/4963/890 2914/4964/2906 2732/4965/2724
f 146/136/131 911/4966/893 147/4967/132
f 148/3533/133 912/4968/894 550/4969/524
f 912/4970/894 148/4021/133 147/4967/132
f 918/1006/900 917/4971/899 2915/4972/2907
f 917/4973/899 1988/4974/1980 1986/4975/1978
f 2915/4976/2907 1986/4977/1978 1978/4978/1970
f 1988/4979/1980 913/4980/895 1986/4975/1978
f 915/4981/897 2738/4982/2730 2916/4983/2908
f 2909/4940/2901 791/4984/769 2914/4985/2906
f 918/1006/900 916/4986/898 917/1003/899
f 916/1001/898 923/4987/905 151/141/136
f 917/4973/899 151/1002/136 1988/2700/1980
f 149/139/134 2368/4523/2356 59/4024/48
f 1988/4979/1980 150/140/135 913/1005/895
f 150/1004/135 59/50/48 684/4023/660
f 913/998/895 684/704/660 914/4988/896
f 2917/4989/2909 923/4987/905 916/1008/898
f 923/1012/905 2917/4990/2909 926/1017/908
f 922/4991/904 921/1010/903 515/2706/500
f 920/1009/902 2368/4523/2356 149/1014/134
f 2368/3535/2356 920/1013/902 922/1011/904
f 916/1001/898 919/1007/901 2917/4992/2909
f 924/1015/906 2918/4993/2910 925/4994/907
f 2917/4989/2909 924/4995/906 926/1017/908
f 2919/4996/2911 2920/4997/2912 154/144/139
f 152/142/137 927/4998/909 928/1019/910
f 926/2701/908 925/1016/907 921/1022/903
f 925/1020/907 2919/4999/2911 154/144/139
f 921/5000/903 154/1021/139 515/2706/500
f 23/58/14 71/2407/57 561/571/536
f 71/1023/57 1787/4056/1779 157/147/142
f 561/5001/536 157/1024/142 1990/2712/1982
f 1787/2707/1779 929/5002/911 155/1027/140
f 929/1025/911 2921/5003/2913 930/5004/912
f 155/145/140 930/1026/912 1989/5005/1981
f 1990/3542/1982 156/146/141 560/568/533
f 156/1028/141 1989/2709/1981 931/5006/913
f 560/3541/533 931/1029/913 2369/4034/2357
f 2922/5007/2914 2923/5008/2915 2924/5009/2916
f 2925/5010/2917 2098/2885/2087 932/5011/914
f 2926/5012/2918 2927/5013/2919 159/5014/144
f 2928/5015/2920 2929/5016/2921 2930/5017/2922
f 2931/5018/2923 2930/5019/2922 2932/5020/2924
f 2933/5021/2925 160/5022/145 2934/5023/2926
f 2935/5024/2927 2932/5025/2924 2936/5026/2928
f 2937/5027/2929 2936/5028/2928 2938/5029/2930
f 1051/1196/1033 2939/5030/2931 2940/5031/2932
f 2941/5032/2933 2942/5033/2934 2943/5034/2935
f 2943/5035/2935 2944/5036/2936 2945/5037/2937
f 2940/5038/2932 2946/5039/2938 2947/5040/2939
f 2946/5041/2938 2945/5042/2937 2948/5043/2940
f 2101/2890/2090 2949/5044/2941 2950/5045/2942
f 2949/5046/2941 2951/5047/2943 2952/5048/2944
f 2953/5049/2945 2950/5050/2942 2954/5051/2946
f 2955/5052/2947 2956/5053/2948 2957/5054/2949
f 2958/5055/2950 2959/5056/2951 801/857/783
f 2960/5057/2952 2942/5033/2934 2757/4570/2749
f 2961/5058/2953 2944/5036/2936 2760/4576/2752
f 2962/5059/2954 1992/5060/1984 2963/5061/2955
f 2964/5062/2956 1996/5063/1987 2965/5064/2957
f 2966/5065/2958 936/5066/918 1991/5067/1983
f 2967/5068/2959 2762/5069/2754 934/5070/916
f 935/5071/917 2764/5072/2756 1993/5073/1985
f 1995/5074/1987 939/5075/921 2968/5076/2960
f 1994/5077/1986 2768/5078/2760 937/5079/919
f 938/5080/920 2769/5081/2761 2969/5082/2961
f 2970/5083/2962 942/5084/924 2971/5085/2963
f 2970/5083/2962 2971/5086/2963 2972/5087/2964
f 2973/5088/2965 1998/5089/1988 940/5090/922
f 941/5091/923 2002/5092/1992 2974/5093/2966
f 2975/5094/2965 945/5095/927 1997/5096/1988
f 2976/5097/2967 2770/5098/2762 943/5099/925
f 944/5100/926 2771/5101/2763 1999/5102/1989
f 2001/5103/1991 948/5104/930 2977/5105/2968
f 2000/5106/1990 807/5107/789 946/5108/928
f 947/5109/929 2774/5110/2766 2978/5111/2969
f 2979/5112/2970 2980/5113/2971 2981/5114/2972
f 2982/5115/2973 1917/4644/1909 2983/5116/2974
f 2981/5117/2972 2984/5118/2975 169/159/154
f 2985/5119/2976 2983/5120/2974 2986/5121/2977
f 2987/5122/2978 2986/5123/2977 2988/5124/2979
f 2989/5125/2980 167/5126/152 2990/5127/2981
f 2982/5115/2973 2980/5113/2971 2991/5128/2982
f 823/885/805 2991/5129/2982 2612/5130/2604
f 2992/5131/2983 2993/5132/2984 2642/5133/2634
f 2994/5134/2985 951/1051/933 2644/5135/2636
f 950/5136/932 2995/5137/2986 2645/5138/2637
f 224/216/209 2008/5139/1998 245/5140/230
f 2008/5141/1998 224/1063/209 973/1093/955
f 2008/5141/1998 973/4757/955 173/5142/158
f 976/5143/958 953/5144/935 954/1055/936
f 953/1053/935 2009/5145/1999 178/168/163
f 954/5146/936 178/1054/163 2010/2745/2000
f 2009/2740/1999 955/1095/937 176/1058/161
f 955/1056/937 974/5147/956 956/5148/938
f 176/166/161 956/1057/938 1074/5149/1056
f 2010/5150/2000 177/167/162 958/1061/940
f 177/1059/162 1074/2742/1056 957/5151/939
f 958/5152/940 957/1060/939 1070/5153/1052
f 188/178/173 181/1069/166 960/2758/942
f 181/2746/166 188/4819/173 184/174/169
f 179/169/164 959/5154/941 180/5155/165
f 959/1230/941 179/1065/164 224/1074/209
f 960/1068/942 961/5156/943 974/5157/956
f 1069/5158/1051 854/925/836 963/1077/945
f 854/1075/836 1942/2621/1934 187/177/172
f 963/5159/945 187/1076/172 2011/2752/2001
f 1942/2747/1934 853/922/835 185/1080/170
f 853/1078/835 976/1097/958 954/1055/936
f 185/175/170 954/1079/936 2010/2745/2000
f 2011/5160/2001 186/176/171 964/1083/946
f 186/1081/171 2010/2749/2000 958/1061/940
f 964/5161/946 958/1082/940 1070/5153/1052
f 2838/5162/2830 968/5163/950 2837/4756/2829
f 2012/2753/2002 967/5164/949 969/5165/951
f 967/1221/949 2012/5166/2002 965/2763/947
f 2837/4758/2829 970/5167/952 174/5168/159
f 970/5169/952 2837/4762/2829 968/2754/950
f 985/1112/967 971/1091/953 2013/5170/2003
f 971/5171/953 985/5172/967 2996/5173/2987
f 2996/5174/2987 848/4759/830 971/5175/953
f 848/4761/830 2996/5176/2987 2838/4760/2830
f 2013/2755/2003 847/916/829 2997/5177/2988
f 955/1056/937 2009/5145/1999 975/1096/957
f 2009/2740/1999 977/4824/959 975/1096/957
f 977/5178/959 2009/5145/1999 953/5179/935
f 960/1068/942 865/937/847 188/4838/173
f 865/5180/847 960/5181/942 975/1096/957
f 968/1087/950 2662/4327/2654 2012/5182/2002
f 2017/5183/2007 990/1121/972 989/5184/971
f 965/1084/947 2017/2762/2007 966/5185/948
f 2838/5162/2830 2996/5176/2987 979/4812/961
f 980/5186/962 979/1104/961 2996/5173/2987
f 2996/5174/2987 985/5172/967 980/1105/962
f 126/5187/111 861/2631/843 988/1116/970
f 1069/5158/1051 221/2911/206 982/1108/964
f 221/213/206 1134/5188/1115 192/183/177
f 982/4808/964 192/1107/177 2018/2769/2008
f 2018/4804/2008 191/182/176 984/1111/966
f 191/1109/176 1133/2766/1114 983/5189/965
f 984/4800/966 983/1110/965 1228/5190/1209
f 980/5186/962 986/1113/968 988/1116/970
f 988/1117/970 987/1115/969 981/5191/963
f 126/5187/111 981/1118/963 978/1102/960
f 966/5192/948 989/5193/971 2019/2774/2009
f 195/2773/180 2019/5194/2009 989/5184/971
f 990/2770/972 991/5195/973 193/1124/178
f 193/184/178 992/1123/974 997/1130/979
f 193/184/178 997/5196/979 993/2780/975
f 2019/5197/2009 194/185/179 2998/5198/2989
f 994/5199/976 2998/5200/2989 194/2772/179
f 1004/1145/986 995/5201/977 997/1130/979
f 995/1128/977 2020/5202/2010 996/2777/978
f 997/5203/979 996/1129/978 993/2780/975
f 996/2778/978 998/2776/980 1000/1133/982
f 998/1131/980 2999/5204/2990 999/1335/981
f 993/5205/975 1000/2779/982 994/1127/976
f 1000/1134/982 999/1132/981 1001/1338/983
f 994/5199/976 1001/1135/983 2998/5198/2989
f 1083/5206/1065 876/952/858 1002/1138/984
f 876/1136/858 1958/2647/1950 198/189/183
f 1002/1245/984 198/1137/183 2021/2786/2011
f 1958/2781/1950 875/949/857 196/1141/181
f 875/1139/857 2684/4848/2676 869/941/851
f 196/187/181 869/1140/851 1956/2644/1948
f 2021/5207/2011 197/188/182 1003/1144/985
f 197/1142/182 1956/2783/1948 872/944/854
f 1003/5208/985 872/1143/854 2852/5209/2844
f 879/4855/861 1960/5210/1952 995/1147/977
f 2022/2787/2012 2020/5202/2010 1960/2656/1952
f 2023/5211/2013 1090/2788/1072 3000/5212/2991
f 3001/5213/2992 3002/5214/2993 3003/5215/2994
f 2029/5216/2019 2028/5217/2018 2119/2926/2108
f 3004/5218/2995 3005/5219/2996 1005/5220/987
f 3006/5221/2997 1011/1155/993 3007/5222/2998
f 3008/5223/2999 3007/5224/2998 2026/2792/2016
f 3009/5225/3000 1009/5226/991 3010/5227/3001
f 2024/2790/2014 3011/5228/3002 3001/5229/2992
f 3012/5230/3003 3010/5231/3001 3013/5232/3004
f 2874/4881/2866 1012/5233/994 3005/5234/2996
f 2873/4878/2865 2032/5235/2022 1010/5236/992
f 2871/4872/2863 1015/5237/997 2030/5238/2020
f 2869/4869/2861 3014/5239/3005 1013/5240/995
f 3015/5241/3006 2036/5242/2026 3009/5243/3000
f 3016/5244/3007 2034/5245/2024 3017/5246/3008
f 1007/1151/989 3016/5247/3007 1008/5248/990
f 3018/5249/3009 3019/5250/3010 2877/4894/2869
f 3020/5251/3011 2039/5252/2029 3021/5253/3012
f 3021/5254/3012 2044/5255/2034 2878/4896/2870
f 3022/5256/3013 3023/5257/3014 2037/5258/2027
f 3024/5259/3015 3025/5260/3016 3026/5261/3017
f 3026/5262/3017 3027/5263/3018 2040/5264/2030
f 2043/5265/2033 3028/5266/3019 2879/4899/2871
f 2041/5267/2031 3029/5268/3020 3030/5269/3021
f 3030/5270/3021 3031/5271/3022 2880/4901/2872
f 3032/5272/3023 2726/5273/2718 3031/5274/3022
f 3033/5275/3024 3034/5276/3025 3035/5277/3026
f 3036/5278/3027 3037/5279/3028 3038/5280/3029
f 3039/5281/3030 2895/5282/2887 3040/5283/3031
f 3038/5284/3029 3041/5285/3032 3042/5286/3033
f 3043/5287/3034 3044/5288/3035 3045/5289/3036
f 3046/5290/3037 1021/5291/1003 2888/4914/2880
f 3047/5292/3038 2049/5293/2039 1019/5294/1001
f 1020/5295/1002 2053/5296/2043 2890/4916/2882
f 1029/5297/1011 3048/5298/3039 2048/5299/2038
f 3049/5300/3040 3050/5301/3041 3051/5302/3042
f 3051/5303/3042 3045/5304/3036 2050/5305/2040
f 2052/5306/2042 1024/5307/1006 2894/4922/2886
f 2051/5308/2041 3042/5309/3033 1022/5310/1004
f 1023/5311/1005 3040/5312/3031 2896/4925/2888
f 1095/1266/1077 3052/5313/3043 1096/5314/1078
f 3053/5315/3044 3054/5316/3045 3055/5317/3046
f 1096/5318/1078 3053/5319/3044 1091/5320/1073
f 3056/5321/3047 3057/5322/3048 3058/5323/3049
f 1091/1260/1073 1025/5324/1007 1026/1171/1008
f 1025/1169/1007 3059/5325/3050 1016/5326/998
f 3060/5327/3051 3061/5328/3052 3052/5329/3043
f 3062/5330/3053 2056/5331/2046 3061/5332/3052
f 3063/5333/3054 2061/5334/2051 3054/5335/3045
f 3064/5336/3055 3065/5337/3056 2054/5338/2044
f 3066/5339/3057 2913/5340/2905 3065/5341/3056
f 3067/5342/3058 2912/5343/2904 2057/5344/2047
f 2060/5345/2050 3068/5346/3059 3056/5347/3047
f 2058/5348/2048 2911/5349/2903 3068/5350/3059
f 3069/5351/3060 2910/5352/2902 3032/5353/3023
f 3070/5354/3061 3046/5355/3037 3071/5356/3062
f 3072/5357/3063 3071/5358/3062 3073/5359/3064
f 3074/5360/3065 3047/5361/3038 2064/2841/2054
f 2062/2839/2052 3073/5362/3064 3075/5363/3066
f 3076/5364/3067 3075/5365/3066 3077/5366/3068
f 3078/5367/3069 1028/1173/1010 3079/5368/3070
f 3080/5369/3071 3049/5370/3040 3081/5371/3072
f 3082/5372/3073 3083/5373/3074 3084/5374/3075
f 3084/5375/3075 2065/5376/2055 3085/5377/3076
f 3086/5378/3077 3087/5379/3078 3088/5380/3079
f 3089/5381/3080 3090/5382/3081 2922/5383/2914
f 3088/5384/3079 3091/5385/3082 3092/5386/3083
f 3085/5387/3076 2068/5388/2058 3093/5389/3084
f 2069/5390/2059 3094/5391/3085 3095/5392/3086
f 3093/5393/3084 3095/5394/3086 3096/5395/3087
f 3097/5396/3088 1032/5397/1014 2740/4527/2732
f 3098/5398/3089 2071/5399/2060 1030/5400/1012
f 1031/5401/1013 2075/5402/2064 2739/4525/2731
f 3099/5403/3090 1035/5404/1017 2070/5405/2060
f 3100/5406/3091 3101/5407/3092 1033/5408/1015
f 1034/5409/1016 3102/5410/3093 2072/5411/2061
f 2074/5412/2063 1038/5413/1020 2742/4529/2734
f 2073/5414/2062 3103/5415/3094 1036/5416/1018
f 1037/5417/1019 3104/5418/3095 2559/4030/2549
f 2924/5419/2916 3105/5420/3096 2922/5383/2914
f 933/5421/915 2078/5422/2067 3106/5423/3097
f 3105/5424/3096 2083/5425/2072 3092/5386/3083
f 2934/5426/2926 3107/5427/3098 2076/5428/2065
f 2938/5429/2930 796/851/778 3108/5430/3099
f 3107/5431/3098 2920/4997/2912 2079/5432/2068
f 2082/5433/2071 3109/5434/3100 3095/5392/3086
f 2080/5435/2069 2918/4993/2910 3110/5436/3101
f 3109/5437/3100 919/1007/901 3096/5395/3087
f 3111/5438/3102 3112/5439/3103 3113/5440/3104
f 3114/5441/3105 3115/5442/3106 2085/2868/2074
f 3113/5443/3104 3116/5444/3107 3117/5445/3108
f 3118/5446/3109 1041/5447/1023 2084/5448/2073
f 3119/5449/3110 3100/5450/3091 1039/5451/1021
f 1040/5452/1022 3099/5453/3090 2086/5454/2075
f 3117/5455/3108 3120/5456/3111 3121/5457/3112
f 2087/5458/2076 3122/5459/3113 3098/5460/3089
f 3121/5461/3112 3123/5462/3114 3097/5463/3088
f 3124/5464/3115 1044/5465/1026 3111/5466/3102
f 3125/5467/3116 2089/5468/2078 1042/5469/1024
f 1043/5470/1025 2093/5471/2082 3114/5472/3105
f 3126/5473/3117 1047/5474/1029 2088/5475/2077
f 1046/5476/1028 3127/5477/3118 2090/5478/2079
f 2092/5479/2081 1050/5480/1032 3118/5481/3109
f 2091/5482/2080 3128/5483/3119 1048/5484/1030
f 1049/5485/1031 3129/5486/3120 3119/5487/3110
f 3130/5488/3121 3124/5489/3115 1795/2418/1787
f 3131/5490/3122 3125/5491/3116 2094/5492/2083
f 3132/5493/3123 3133/5494/3124 3134/5495/3125
f 3135/5496/3126 2095/2882/2084 3136/5497/3127
f 3137/5498/3128 3126/5499/3117 2096/2883/2085
f 3138/5500/3129 3137/5501/3128 3139/5502/3130
f 3140/5503/3131 3141/5504/3132 3142/5505/3133
f 1208/5506/1189 1206/5507/1187 1056/1201/1038
f 3143/5508/3134 1052/1197/1034 3144/5509/3135
f 3145/5510/3136 3144/5511/3135 3146/5512/3137
f 2099/5513/2088 3147/5514/3138 3148/5515/3139
f 3147/5516/3138 2923/5008/2915 3149/5517/3140
f 1051/1196/1033 2940/5518/2932 1052/5519/1034
f 1053/5520/1035 1052/1197/1034 1054/5521/1036
f 2947/5522/2939 3150/5523/3141 3146/5512/3137
f 2948/5524/2940 2929/5016/2921 3150/5525/3141
f 3151/5526/3142 2927/5013/2919 2097/5527/2086
f 3152/5528/3143 1055/1200/1037 213/204/198
f 3153/5529/3144 2957/5530/2949 3154/5531/3145
f 2104/5532/2093 2751/5533/2743 2102/5534/2091
f 3155/5535/3146 3156/5536/3147 2971/5085/2963
f 3157/5537/3148 2103/2895/2092 2974/5093/2966
f 3158/5538/3149 2754/5539/2746 2104/2896/2093
f 3159/5540/3150 3158/5541/3149 2977/5105/2968
f 3160/5542/3151 2756/5543/2748 2978/5111/2969
f 2990/5544/2981 1059/5545/1041 3161/5546/3152
f 2988/5547/2979 2976/5548/2967 1057/5549/1039
f 1058/5550/1040 2975/5551/2965 2105/5552/2094
f 2106/5553/2095 2973/5554/2965 3162/5555/3153
f 2784/5556/2776 1062/5557/1044 2969/5082/2961
f 2782/5558/2774 2109/5559/2098 1060/5560/1042
f 1061/5561/1043 2111/5562/2100 2968/5076/2960
f 2781/5563/2773 3163/5564/3154 2108/5565/2097
f 3164/5566/3155 1116/5567/1097 242/5568/227
f 3165/5569/3156 2151/5570/2139 1114/5571/1095
f 3166/5572/3157 1113/5573/1094 3167/5574/3158
f 2212/3097/2200 1063/1541/1045 1064/1210/1046
f 1063/1208/1045 2112/3141/2101 220/212/205
f 1064/5575/1046 220/1209/205 1076/2910/1058
f 2112/2905/2101 1065/1538/1047 218/1213/203
f 1065/1211/1047 3168/5576/3159 1066/5577/1048
f 218/210/203 1066/1212/1048 2113/5578/2102
f 1076/1226/1058 219/211/204 1068/1216/1050
f 219/1214/204 2113/2907/2102 1067/5579/1049
f 1068/5580/1050 1067/1215/1049 1070/5153/1052
f 963/5159/945 2011/5581/2001 222/2912/207
f 1214/1434/1195 2011/5581/2001 964/1083/946
f 964/5161/946 1071/1220/1053 1214/2913/1195
f 174/912/159 970/5167/952 3169/5582/3160
f 970/5169/952 969/1088/951 3170/5583/3161
f 3170/5584/3161 2114/5585/2103 2115/2916/2104
f 969/5586/951 967/5164/949 2114/5587/2103
f 967/1221/949 966/1085/948 1072/5588/1054
f 1073/5589/1055 1072/1222/1054 2158/2995/2146
f 2115/5590/2104 1073/2915/1055 3164/5591/3155
f 1073/5589/1055 2158/5592/2146 3171/5593/3162
f 3171/5594/3162 1144/5595/1125 3172/5596/3163
f 1075/5597/1057 956/1057/938 3173/5598/3164
f 1064/5575/1046 1075/1227/1057 2212/5599/2200
f 1068/5580/1050 957/1060/939 1076/2910/1058
f 974/1094/956 961/5156/943 3173/5598/3164
f 1077/2917/1059 3173/5600/3164 961/1070/943
f 180/5601/165 959/5154/941 1128/2918/1109
f 1078/5602/1060 1128/5603/1109 959/1067/941
f 3173/5604/3164 1077/5605/1059 2212/5599/2200
f 1081/5606/1063 2013/5607/2003 1082/1238/1064
f 972/5608/954 1082/5609/1064 2997/5177/2988
f 1079/1233/1061 1080/1240/1062 225/217/210
f 225/1239/210 972/1092/954 224/1074/209
f 1002/1245/984 2021/5610/2011 226/5611/211
f 3174/5612/3165 228/1246/213 3175/5613/3166
f 3176/5614/3167 3175/5615/3166 1231/5616/1212
f 1084/5617/1066 231/1249/216 3177/5618/3168
f 2117/5619/2106 230/222/215 1085/1253/1067
f 230/1251/215 2116/2920/2105 874/947/856
f 1085/1254/1067 874/1252/856 1086/2650/1068
f 2117/5619/2106 1085/5620/1067 1087/1256/1069
f 1087/5621/1069 1086/1255/1068 877/953/859
f 2166/3014/2154 2167/5622/2155 3178/5623/3169
f 3179/5624/3170 3180/5625/3171 3177/5618/3168
f 3181/5626/3172 3182/5627/3173 3183/5628/3174
f 3182/5629/3173 2117/5630/2106 1087/1256/1069
f 3183/5631/3174 1087/5632/1069 877/953/859
f 3184/5633/3175 2022/5634/2012 132/2654/117
f 2027/5635/2017 3185/5636/3176 3186/5637/3177
f 1318/5638/1299 3187/5639/3178 3188/5640/3179
f 3189/5641/3180 233/225/218 1244/3187/1225
f 233/5642/218 232/5643/217 3190/5644/3181
f 1245/5645/1226 3190/5646/3181 3191/5647/3182
f 2125/2932/2114 3192/5648/3183 3193/5649/3184
f 2120/2927/2109 3194/5650/3185 2126/2934/2115
f 3195/5651/3186 3196/5652/3187 3197/5653/3188
f 1172/5654/1153 3024/5655/3015 3198/5656/3189
f 3196/5657/3187 3022/5658/3013 2122/5659/2111
f 3199/5660/3190 2121/2928/2110 3200/5661/3191
f 3201/5662/3192 3020/5663/3011 3202/5664/3193
f 3200/5665/3191 3018/5666/3009 3199/5667/3190
f 1092/5668/1074 1026/1261/1008 1176/5669/1157
f 1176/5670/1157 1249/1488/1230 1092/1262/1074
f 1094/5671/1076 1092/1264/1074 1249/5672/1230
f 1091/1260/1073 1093/5673/1075 1096/5314/1078
f 1097/5674/1079 1096/1267/1078 1093/2935/1075
f 3081/5675/3072 1100/5676/1082 1190/1401/1171
f 3079/5677/3070 2128/5678/2117 1098/5679/1080
f 1099/5680/1081 2132/5681/2120 3203/5682/3194
f 2063/5683/2053 1103/5684/1085 2127/5685/2116
f 3077/5686/3068 3104/5418/3095 1101/5687/1083
f 1102/5688/1084 3103/5415/3094 2129/5689/2118
f 2131/5690/2119 1106/5691/1088 3204/5692/3195
f 2130/5693/2118 3102/5410/3093 1104/5694/1086
f 1105/5695/1087 3101/5407/3092 3205/5696/3196
f 3064/5336/3055 3206/5697/3197 3207/5698/3198
f 3207/5699/3198 2137/5700/2125 3208/5701/3199
f 3060/5327/3051 1261/5702/1242 3209/5703/3200
f 3209/5704/3200 274/5705/259 2133/5706/2121
f 3210/5707/3201 3211/5708/3202 3212/5709/3203
f 280/5710/264 1107/1408/1089 2138/2952/2126
f 3213/5711/3204 3214/5712/3205 3212/5709/3203
f 3215/5713/3206 2141/5714/2129 3216/5715/3207
f 3214/5716/3205 2146/5717/2134 3217/5718/3208
f 3218/5719/3209 3219/5720/3210 2139/5721/2127
f 3220/5722/3211 3089/5723/3080 3221/5724/3212
f 3219/5725/3210 3086/5726/3077 2142/5727/2130
f 2145/5728/2133 3222/5729/3213 3208/5701/3199
f 2143/5730/2131 2066/2843/2056 3223/5731/3214
f 3222/5732/3213 3082/5733/3073 3224/5734/3215
f 2967/5068/2959 1112/5735/1093 3225/5736/3216
f 2966/5065/2958 2148/5737/2136 1110/5738/1091
f 1111/5739/1092 2150/5740/2138 3226/5741/3217
f 245/238/230 3167/5742/3158 1120/5743/1101
f 1120/1292/1101 1113/5573/1094 1115/1285/1096
f 1116/1286/1097 3172/5744/3163 1117/5745/1098
f 242/235/227 1116/5567/1097 1118/1288/1099
f 1115/2973/1096 1114/1284/1095 1119/1291/1100
f 1114/1289/1095 2151/5570/2139 244/237/229
f 1119/1295/1100 244/1290/229 2152/2972/2140
f 245/238/230 1120/5746/1101 246/1294/231
f 1120/1292/1101 1115/5747/1096 1121/2975/1102
f 1115/2973/1096 1119/5748/1100 1123/1297/1104
f 1119/1295/1100 2152/5749/2140 1122/5750/1103
f 1123/2976/1104 1122/1296/1103 2153/5751/2141
f 246/5752/231 1121/1293/1102 1125/1300/1106
f 1121/1298/1102 1123/2974/1104 1124/2978/1105
f 1125/5753/1106 1124/1299/1105 1126/5754/1107
f 1125/5753/1106 1127/1302/1108 247/240/232
f 245/238/230 247/5755/232 1078/1231/1060
f 1129/5756/1110 1078/1305/1060 247/240/232
f 247/1303/232 1127/1302/1108 1129/1306/1110
f 1221/1446/1202 1129/2980/1110 1127/5757/1108
f 2212/3097/2200 1077/5605/1059 2154/3096/2142
f 1130/1307/1111 3227/5758/3218 250/243/235
f 1217/5759/1198 1130/5760/1111 1131/1309/1112
f 248/241/233 3228/5761/3219 2155/5762/2143
f 1132/1310/1113 1229/5763/1210 983/5189/965
f 2155/5764/2143 1132/5765/1113 1133/1311/1114
f 1131/1437/1112 250/1308/235 290/284/275
f 249/1312/234 2155/2982/2143 190/5766/175
f 2998/5767/2989 1135/1337/1116 1136/1317/1117
f 1135/1315/1116 2156/3001/2144 253/246/238
f 1136/5768/1117 253/1316/238 1143/2989/1124
f 2156/2984/2144 1137/5769/1118 251/1320/236
f 1137/1318/1118 1290/5770/1271 1223/5771/1204
f 251/244/236 1138/1319/1119 2157/5772/2145
f 1143/1326/1124 252/245/237 1140/1323/1121
f 252/1321/237 2157/2986/2145 1139/5773/1120
f 1140/5774/1121 1139/1322/1120 3229/5775/3220
f 966/5192/948 1142/1327/1123 1072/5588/1054
f 1142/2990/1123 966/1085/948 2019/2774/2009
f 2019/5197/2009 1136/5776/1117 1142/1325/1123
f 1136/5768/1117 2019/5194/2009 2998/5198/2989
f 2158/5777/2146 1141/2994/1122 1144/1329/1125
f 1141/1324/1122 1143/2991/1124 1140/1323/1121
f 1144/5778/1125 1140/1328/1121 3230/5779/3221
f 1228/4798/1209 1227/5780/1208 1003/1144/985
f 1227/1453/1208 1225/1451/1206 3231/5781/3222
f 256/5782/241 1145/2997/1126 254/1332/239
f 1145/1330/1126 3232/5783/3223 1146/5784/1127
f 254/247/239 1146/1331/1127 1234/5785/1215
f 227/5786/212 255/248/240 228/220/213
f 255/5787/240 1234/2998/1215 3175/5613/3166
f 2999/5788/2990 1147/5789/1128 999/1335/981
f 1147/1333/1128 2159/5790/2147 1148/3002/1129
f 1153/5791/1134 1290/5770/1271 1137/5792/1118
f 2159/3000/2147 1153/5793/1134 2156/5794/2144
f 999/5795/981 1148/1334/1129 1001/1338/983
f 1148/1336/1129 2156/3001/2144 1135/5796/1116
f 1001/5797/983 1135/1337/1116 2998/5198/2989
f 2999/5788/2990 1149/5798/1130 1147/1342/1128
f 1149/1340/1130 1150/5799/1131 259/252/244
f 1147/1333/1128 259/1341/244 2159/3007/2147
f 257/250/242 1151/1344/1132 1288/3163/1269
f 257/250/242 1288/1562/1269 2160/5800/2148
f 2159/3000/2147 258/251/243 1153/1348/1134
f 258/1346/243 2160/3004/2148 1152/5801/1133
f 1153/5791/1134 1152/1347/1133 1290/5802/1271
f 3000/5803/2991 1089/1258/1071 3233/5804/3224
f 1089/5805/1071 2118/5806/2107 3234/5807/3225
f 3235/5808/3226 3186/5809/3177 3236/5810/3227
f 3233/5811/3224 2161/5812/2149 3237/5813/3228
f 2214/3103/2202 2215/5814/2203 3238/5815/3229
f 2215/3106/2203 3239/5816/3230 3238/5815/3229
f 2164/3011/2152 3239/5816/3230 3240/5817/3231
f 2167/5818/2155 2165/5819/2153 3179/5820/3170
f 1961/2657/1953 1154/5821/1135 1155/1351/1136
f 1154/1349/1135 260/5822/245 262/255/247
f 1155/5823/1136 262/1350/247 1162/1360/1143
f 260/253/245 1156/3012/1137 1157/1354/1138
f 1156/1352/1137 3240/5824/3231 296/290/281
f 1157/3019/1138 296/1353/281 295/1473/280
f 1162/5825/1143 261/254/246 1159/1357/1140
f 261/1355/246 1157/3017/1138 1158/1476/1139
f 1159/5826/1140 1158/1356/1139 3191/5647/3182
f 3191/5827/3182 1160/5828/1141 1159/1357/1140
f 1160/1358/1141 2168/5829/2156 1161/3023/1142
f 1159/5826/1140 1160/5828/1141 1162/1360/1143
f 2168/3021/2156 1163/5830/1144 1164/1363/1145
f 1163/1361/1144 2864/4860/2856 883/5831/865
f 1162/5825/1143 1161/1359/1142 1155/1351/1136
f 1161/1364/1142 1164/3022/1145 881/5832/863
f 1155/5823/1136 881/1365/863 1961/5833/1953
f 263/256/248 2169/3025/2157 3241/5834/3232
f 3014/5835/3005 3242/5836/3233 3241/5834/3232
f 3243/5837/3234 3244/5838/3235 3245/5839/3236
f 264/5840/249 3246/5841/3237 3245/5839/3236
f 2172/3030/2160 1168/5842/1149 1170/1371/1151
f 1168/1369/1149 1320/1606/1301 1169/1374/1150
f 1170/1375/1151 1169/1370/1150 1173/5843/1154
f 1320/5844/1301 1171/5845/1152 1169/1374/1150
f 1171/1372/1152 3247/5846/3238 1172/5847/1153
f 337/333/322 1174/5848/1155 1318/5849/1299
f 1174/5850/1155 337/5851/322 1170/1371/1151
f 1323/1613/1304 2175/5852/2163 2176/3038/2164
f 3242/5853/3233 2895/5282/2887 3039/5854/3030
f 3248/5855/3239 3037/5279/3028 3036/5856/3027
f 1249/1490/1230 1176/1379/1157 301/1489/286
f 1177/5857/1158 1176/1379/1157 3249/5858/3240
f 301/3039/286 1180/5859/1161 1179/5860/1160
f 1180/1481/1161 301/295/286 1175/3040/1156
f 3080/5369/3071 1181/5861/1162 1182/1386/1163
f 1181/1384/1162 2177/5862/2165 268/261/253
f 1182/5863/1163 268/1385/253 2047/2820/2037
f 2177/3041/2165 271/5864/256 266/1389/251
f 271/1387/256 2179/3047/2167 1183/5865/1164
f 266/259/251 1183/1388/1164 2178/5866/2166
f 2047/5867/2037 267/260/252 1185/1392/1166
f 267/1390/252 2178/3043/2166 1184/5868/1165
f 3080/5369/3071 1186/1400/1167 1181/1395/1162
f 1186/1393/1167 1252/1498/1233 1187/5869/1168
f 1181/1384/1162 1187/1394/1168 2177/5870/2165
f 269/262/254 306/300/291 270/1398/255
f 306/1396/291 1447/1838/1428 1188/5871/1169
f 270/3046/255 1188/1397/1169 2179/5872/2167
f 2177/3041/2165 269/5873/254 271/264/256
f 3250/5874/3241 3251/5875/3242 3205/5696/3196
f 3252/5876/3243 3253/5877/3244 3254/5878/3245
f 3255/5879/3246 3254/5880/3245 3204/5692/3195
f 3256/5881/3247 3257/5882/3248 2180/5883/2168
f 3258/5884/3249 3259/5885/3250 3260/5886/3251
f 2181/5887/2169 3260/5888/3251 3261/5889/3252
f 3262/5890/3253 2182/5891/2170 3203/5682/3194
f 3263/5892/3254 3261/5893/3252 1189/5894/1170
f 1261/1508/1242 2183/5895/2171 274/267/259
f 273/5896/258 2184/3053/2172 3264/5897/3255
f 3252/5876/3243 3251/5875/3242 3265/5898/3256
f 3266/5899/3257 3265/5900/3256 3267/5901/3258
f 3256/5881/3247 3253/5877/3244 2187/3058/2175
f 2185/3056/2173 3267/5902/3258 3268/5903/3259
f 3269/5904/3260 3268/5905/3259 3270/5906/3261
f 3271/5907/3262 2186/3057/2174 3272/5908/3263
f 3273/5909/3264 3257/5882/3248 3274/5910/3265
f 3275/5911/3266 3274/5912/3265 3276/5913/3267
f 3277/5914/3268 3258/5915/3249 3278/5916/3269
f 3129/5917/3120 3279/5918/3270 3280/5919/3271
f 3128/5920/3119 3281/5921/3272 2189/5922/2177
f 3280/5923/3271 3282/5924/3273 3283/5925/3274
f 3283/5926/3274 2188/5927/2176 3284/5928/3275
f 1194/5929/1175 2191/5930/2179 2197/5931/2185
f 3285/5932/3276 3286/5933/3277 3287/5934/3278
f 3288/5935/3279 3090/5382/3081 3220/5936/3211
f 3289/5937/3280 3287/5938/3278 3218/5939/3209
f 3290/5940/3281 3291/5941/3282 1193/5942/1174
f 2198/3071/2186 3292/5943/3283 283/276/268
f 3293/5944/3284 3294/5945/3285 3292/5946/3283
f 3293/5944/3284 3292/5943/3283 3295/5947/3286
f 3294/5948/3285 3296/5949/3287 3297/5950/3288
f 3298/5951/3289 3148/5952/3139 3299/5953/3290
f 3299/5954/3290 3149/5955/3140 3288/5956/3279
f 3225/5957/3216 1200/5958/1181 3134/5495/3125
f 3226/5959/3217 2201/5960/2189 1198/5961/1179
f 1199/5962/1180 2203/5963/2191 3136/5497/3127
f 3300/5964/3291 3301/5965/3292 2200/5966/2188
f 2202/5967/2190 1203/5968/1184 3139/5502/3130
f 3302/5969/3293 1204/5970/1185 1208/5971/1189
f 3302/5969/3293 1208/1426/1189 1207/5972/1188
f 2204/3079/2192 3303/5973/3294 2205/5974/2193
f 2206/5975/2194 2951/5047/2943 3304/5976/3295
f 3304/5977/3295 2949/5044/2941 1205/2892/1186
f 2259/3215/2247 3305/5978/3296 3306/5979/3297
f 1210/1428/1191 3307/5980/3298 1211/5981/1192
f 3306/5982/3297 1210/5983/1191 1212/1430/1193
f 1215/5984/1196 1071/1220/1053 3308/5985/3299
f 3309/5986/3300 1215/1435/1196 3310/5987/3301
f 1212/5988/1193 3311/5989/3302 3312/5990/3303
f 3312/5991/3303 3313/5992/3304 1344/5993/1325
f 1134/2765/1115 223/5994/208 288/1433/273
f 223/1431/208 1214/5995/1195 1213/1436/1194
f 288/282/273 1213/1432/1194 2209/5996/2197
f 1214/1434/1195 1071/1220/1053 1215/5997/1196
f 1213/5998/1194 1215/1435/1196 3309/5999/3300
f 1131/1437/1112 289/283/274 1216/6000/1197
f 289/6001/274 2209/3087/2197 3307/6002/3298
f 416/420/401 325/6003/310 1218/1441/1199
f 325/321/310 2210/3152/2198 293/287/278
f 1218/6004/1199 293/1440/278 2211/3094/2199
f 2210/3090/2198 1219/1546/1200 291/1443/276
f 1219/1442/1200 1126/6005/1107 1124/2978/1105
f 291/285/276 1124/1299/1105 2153/5751/2141
f 2211/6006/2199 292/286/277 1220/1445/1201
f 292/1444/277 2153/2977/2141 1122/5750/1103
f 1220/6007/1201 1122/1296/1103 2152/2972/2140
f 1126/1301/1107 1222/6008/1203 1127/5757/1108
f 1222/6009/1203 1282/6010/1263 1221/2981/1202
f 1139/6011/1120 1356/6012/1337 3229/5775/3220
f 2157/3099/2145 1138/1319/1119 1224/1450/1205
f 1138/1448/1119 1137/5769/1118 1223/5771/1204
f 3232/6013/3223 1226/1457/1207 329/6014/314
f 1226/6015/1207 3232/5783/3223 1145/6016/1126
f 3314/6017/3305 2213/3101/2201 1227/6018/1208
f 329/1456/314 1230/6019/1211 1361/6020/1342
f 2214/3103/2202 1231/6021/1212 1233/1461/1214
f 1231/1459/1212 1234/2998/1215 1232/1464/1213
f 1233/1465/1214 1232/1460/1213 1236/6022/1217
f 1234/1462/1215 1146/1331/1127 1235/6023/1216
f 1146/6024/1127 3232/5783/3223 1235/6023/1216
f 1232/6025/1213 1235/1463/1216 1236/6022/1217
f 3240/6026/3231 1237/6027/1218 3315/6028/3306
f 1237/1572/1218 3239/5816/3230 2215/3105/2203
f 1151/6029/1132 3237/6030/3228 1301/1585/1282
f 3316/6031/3307 2163/6032/2151 3317/6033/3308
f 1301/6034/1282 3316/6035/3307 1298/3175/1279
f 3318/6036/3309 3236/6037/3227 3319/6038/3310
f 1238/1468/1219 3003/6039/2994 1239/6040/1220
f 1298/1581/1279 3317/6041/3308 1304/1588/1285
f 1302/1586/1283 3319/6042/3310 3320/6043/3311
f 1303/6044/1284 1302/6045/1283 3321/6046/3312
f 1242/1474/1223 1158/1356/1139 295/1473/280
f 294/288/279 296/1353/281 3315/6028/3306
f 1245/5645/1226 3191/6047/3182 1243/6048/1224
f 1158/6049/1139 1243/1475/1224 3191/5647/3182
f 1178/1381/1159 1180/5859/1161 1247/1483/1228
f 1180/1481/1161 1175/6050/1156 299/293/284
f 1247/6051/1228 299/1482/284 298/6052/283
f 1177/5857/1158 3034/5276/3025 297/1485/282
f 3034/6053/3025 1177/1484/1158 3249/5858/3240
f 3247/6054/3238 298/292/283 297/1485/282
f 1179/6055/1160 302/6056/287 301/1489/286
f 1251/6057/1232 1097/1501/1079 1093/2935/1075
f 1094/5671/1076 304/6058/289 1251/1496/1232
f 304/1493/289 1094/1495/1076 1249/5672/1230
f 1251/6057/1232 1250/6059/1231 2221/6060/2209
f 1250/1734/1231 1251/6061/1232 304/298/289
f 2177/3041/2165 1187/1394/1168 269/3117/254
f 307/3116/292 269/5873/254 1187/5869/1168
f 1447/6062/1428 306/300/291 3259/6063/3250
f 1188/6064/1169 1447/1838/1428 1254/1500/1235
f 1097/5674/1079 2221/6065/2209 1255/1502/1236
f 1256/1503/1237 1255/6066/1236 2221/6060/2209
f 2221/3118/2209 1250/6059/1231 1257/6067/1238
f 3322/6068/3313 1257/1504/1238 1250/1494/1231
f 1257/6069/1238 3322/6070/3313 1258/1505/1239
f 3323/6071/3314 1258/6072/1239 3322/6073/3313
f 2184/6074/2172 272/3052/257 1260/1507/1241
f 272/265/257 2183/5895/2171 1259/3120/1240
f 1260/6075/1241 1259/1506/1240 3324/6076/3315
f 2183/3051/2171 1255/6066/1236 1256/3119/1237
f 1255/6077/1236 2183/5895/2171 1261/6078/1242
f 3324/6079/3315 1258/6072/1239 3323/6080/3314
f 1258/6081/1239 3324/6082/3315 1259/3120/1240
f 1262/1512/1243 3325/6083/3316 1192/6084/1173
f 1263/6085/1244 1192/1513/1173 2196/6086/2184
f 1263/6085/1244 2196/3122/2184 2222/6087/2210
f 2223/6088/2211 311/307/296 1264/1517/1245
f 2223/6088/2211 1264/6089/1245 3326/6090/3317
f 311/1515/296 2196/3122/2184 1195/6091/1176
f 1264/6092/1245 1195/1516/1176 3327/6093/3318
f 1344/6094/1325 2224/3220/2212 3312/5990/3303
f 1212/5988/1193 3312/6095/3303 2224/6096/2212
f 1343/6097/1324 1399/6098/1380 3306/5979/3297
f 3328/6099/3319 1265/6100/1246 1266/1520/1247
f 1265/1518/1246 2225/6101/2213 315/311/300
f 1266/6102/1247 315/1519/300 2226/3132/2214
f 2225/3128/2213 1267/6103/1248 313/1522/298
f 1267/1521/1248 2152/5749/2140 243/2970/228
f 313/309/298 243/236/228 1118/1288/1099
f 2226/6104/2214 314/310/299 1268/1524/1249
f 314/1523/299 1118/2969/1099 1117/5745/1098
f 1268/6105/1249 1117/1287/1098 3230/5779/3221
f 3328/6099/3319 1269/6106/1250 1265/1527/1246
f 1269/1525/1250 2227/6107/2215 318/314/303
f 1265/1518/1246 318/1526/303 2225/3138/2213
f 2227/3133/2215 417/421/402 316/1530/301
f 417/1528/402 416/6108/401 1218/1441/1199
f 316/312/301 1218/1529/1199 2211/3094/2199
f 2225/3128/2213 317/313/302 1267/1533/1248
f 317/1531/302 2211/3135/2199 1220/1445/1201
f 1267/1521/1248 1220/1532/1201 2152/2972/2140
f 3329/6109/3320 1270/6110/1251 1271/1536/1252
f 1270/1534/1251 2228/6111/2216 321/317/306
f 1271/6112/1252 321/1535/306 2229/3144/2217
f 2228/3139/2216 1272/6113/1253 319/1539/304
f 1272/1537/1253 3168/5576/3159 1065/6114/1047
f 319/315/304 1065/1538/1047 2112/6115/2101
f 2229/6116/2217 320/316/305 1273/1542/1254
f 320/1540/305 2112/3141/2101 1063/6117/1045
f 3230/6118/3221 3229/6119/3220 3330/6120/3321
f 3229/6121/3220 1356/6012/1337 3331/6122/3322
f 2230/6123/2218 323/319/308 2289/3295/2277
f 1275/6124/1256 1274/1544/1255 1360/1669/1341
f 1219/1442/1200 1277/6125/1258 1276/1547/1257
f 1277/1548/1258 1219/1546/1200 2210/6126/2198
f 326/1866/311 325/6003/310 416/6127/401
f 327/3151/312 1465/6128/1446 1278/1550/1259
f 1465/6129/1446 327/1549/312 326/3330/311
f 1126/1301/1107 1276/6130/1257 1222/1447/1203
f 1276/1551/1257 1277/6125/1258 1281/1554/1262
f 1222/6009/1203 1279/1552/1260 1282/6131/1263
f 1277/1548/1258 1278/6132/1259 1280/6133/1261
f 1282/1555/1263 1279/1552/1260 1283/6134/1264
f 1279/6135/1260 2231/3157/2219 1283/6134/1264
f 1284/6136/1265 1283/1556/1264 3332/6137/3323
f 1130/1307/1111 1217/6138/1198 1346/1650/1327
f 3333/6139/3324 352/6140/337 3334/6141/3325
f 1361/1670/1342 1230/6019/1211 1286/1560/1267
f 1230/1558/1211 2213/3101/2201 2232/6142/2220
f 2232/3160/2220 3335/6143/3326 3336/6144/3327
f 3337/6145/3328 2233/3161/2221 3338/6146/3329
f 1288/6147/1269 1151/1344/1132 2234/6148/2222
f 2160/3164/2148 1291/1686/1272 1152/5801/1133
f 1291/3242/1272 2160/3004/2148 1287/3165/1268
f 1293/6149/1274 2235/3170/2223 1294/1568/1275
f 367/1569/352 1294/1699/1275 2235/6150/2223
f 1295/6151/1276 3232/5783/3223 328/1571/313
f 329/1456/314 328/6152/313 3232/6153/3223
f 1361/1670/1342 330/6154/315 329/6014/314
f 3315/6155/3306 1237/6027/1218 1296/1574/1277
f 1237/1572/1218 1236/1466/1217 333/329/318
f 1296/6156/1277 333/1573/318 336/332/321
f 1236/3168/1217 1235/1463/1216 331/1576/316
f 1235/1575/1216 3232/5783/3223 1295/6157/1276
f 331/327/316 1295/1570/1276 2235/6150/2223
f 336/1580/321 332/328/317 1297/1578/1278
f 332/1577/317 2235/3170/2223 1293/6158/1274
f 1297/6159/1278 1293/1567/1274 1292/6160/1273
f 1297/6159/1278 334/1579/319 336/332/321
f 1307/6161/1288 335/331/320 1305/6162/1286
f 1296/6156/1277 1307/3174/1288 3315/6028/3306
f 1381/1712/1362 1300/1584/1281 1299/6163/1280
f 1300/6164/1281 1381/3246/1362 2234/6148/2222
f 2234/3162/2222 1301/6165/1282 1300/1583/1281
f 1301/6034/1282 2234/6166/2222 1151/6167/1132
f 1377/1707/1358 1304/6168/1285 1303/6169/1284
f 1304/6170/1285 1377/6171/1358 1298/3175/1279
f 1306/6172/1287 294/6173/279 1307/1591/1288
f 294/288/279 1306/1590/1287 1241/6174/1222
f 1307/6161/1288 294/6173/279 3315/6028/3306
f 3003/6175/2994 3339/6176/3330 1239/6040/1220
f 3340/6177/3331 3341/6178/3332 2238/6179/2226
f 1239/6180/1220 3340/6181/3331 1240/1470/1221
f 3342/6182/3333 3343/6183/3334 2236/6184/2224
f 3344/6185/3335 3345/6186/3336 2237/6187/2225
f 2240/6188/2228 2239/3179/2227 3346/6189/3337
f 1242/1474/1223 2241/6190/2229 1308/3182/1289
f 1311/6191/1292 1310/6192/1291 1385/6193/1366
f 1310/6194/1291 1311/1595/1292 1308/3182/1289
f 1311/6191/1292 1385/1716/1366 2242/6195/2230
f 2243/6196/2231 2242/6197/2230 1385/6193/1366
f 1241/1471/1222 2241/6190/2229 1242/6198/1223
f 1246/6199/1227 1311/1595/1292 2242/6195/2230
f 1312/6200/1293 1311/1595/1292 1246/1480/1227
f 3189/5641/3180 1313/3186/1294 1315/1599/1296
f 1313/1597/1294 2243/3184/2231 1314/6201/1295
f 1315/1600/1296 1314/1598/1295 1316/6202/1297
f 1244/1478/1225 1313/3186/1294 3189/6203/3180
f 1317/6204/1298 1316/1601/1297 3347/6205/3338
f 1317/6204/1298 3347/6206/3338 3188/5640/3179
f 3344/6185/3335 3343/6183/3334 3348/6207/3339
f 3349/6208/3340 3348/6209/3339 3350/6210/3341
f 3340/6177/3331 3339/6176/3330 3351/6211/3342
f 3352/6212/3343 3351/6213/3342 2220/3112/2208
f 3353/6214/3344 3350/6215/3341 3354/6216/3345
f 3355/6217/3346 3354/6218/3345 3356/6219/3347
f 1318/5638/1299 3188/6220/3179 338/1604/323
f 1316/6221/1297 1314/1598/1295 1433/1816/1414
f 338/6222/323 3347/6206/3338 2244/6223/2232
f 1316/6221/1297 2244/6224/2232 3347/6205/3338
f 339/374/324 338/334/323 2244/6223/2232
f 3357/6225/3348 3358/6226/3349 3244/6227/3235
f 3359/6228/3350 3360/6229/3351 3361/6230/3352
f 3361/6231/3352 3356/6232/3347 2245/6233/2233
f 3362/6234/3353 3363/6235/3354 2171/3029/2159
f 2246/6236/2234 3364/6237/3355 3365/6238/3356
f 3365/6239/3356 2216/6240/2204 1165/6241/1146
f 2172/3030/2160 1319/1729/1300 1168/1607/1149
f 1319/1605/1300 2248/3268/2236 1320/3194/1301
f 2248/3192/2236 1321/1726/1302 1322/1610/1303
f 1321/1608/1302 1178/6242/1159 1247/1483/1228
f 1322/1611/1303 1247/1609/1228 298/6052/283
f 1320/5844/1301 1322/3193/1303 1171/1612/1152
f 1171/1372/1152 298/292/283 3247/6243/3238
f 3366/6244/3357 1323/6245/1304 1324/1615/1305
f 1323/1613/1304 2176/6246/2164 342/338/327
f 1324/6247/1305 342/1614/327 2249/3199/2237
f 2176/3195/2164 1325/3037/1306 340/1617/325
f 1325/1616/1306 2174/3034/2162 1185/1392/1166
f 340/336/325 1184/1391/1165 2178/5866/2166
f 2249/6248/2237 341/337/326 1326/1619/1307
f 341/1618/326 2178/3043/2166 1183/5865/1164
f 3367/6249/3358 1183/1388/1164 2179/5872/2167
f 3368/6250/3359 3369/6251/3360 3272/5908/3263
f 3271/5907/3262 2252/3203/2240 3276/5913/3267
f 2251/6252/2239 3370/6253/3361 3371/6254/3362
f 3275/5911/3266 3371/6255/3362 3278/5916/3269
f 3372/6256/3363 348/6257/333 347/344/332
f 3373/6258/3364 344/1621/329 343/6259/328
f 344/6260/329 3373/6261/3364 279/1409/263
f 2258/6262/2246 1328/3213/1309 1329/1625/1310
f 2258/6262/2246 1329/1627/1310 2254/6263/2242
f 1328/1623/1309 2184/3053/2172 1260/1507/1241
f 1329/6264/1310 1260/1624/1241 3324/6076/3315
f 3374/6265/3365 1334/6266/1315 1336/1633/1317
f 3374/6265/3365 1336/3208/1317 2255/6267/2243
f 1334/1631/1315 3327/6268/3318 3211/6269/3202
f 1336/3210/1317 1335/1632/1316 2184/6270/2172
f 3327/6271/3318 1334/6266/1315 1264/1517/1245
f 3375/6272/3366 3376/6273/3367 2190/3061/2178
f 3377/6274/3368 3378/6275/3369 3284/5928/3275
f 1345/1649/1326 3379/6276/3370 2259/6277/2247
f 2259/3215/2247 1339/6278/1320 1338/6279/1319
f 1339/6280/1320 2259/6281/2247 1399/6282/1380
f 2260/3224/2248 1340/6283/1321 1347/3227/1328
f 1340/6284/1321 2260/3226/2248 1338/6279/1319
f 3329/6109/3320 1341/1743/1322 1270/1642/1251
f 1341/1640/1322 2261/6285/2249 351/349/336
f 1270/1534/1251 351/1641/336 2228/3223/2216
f 2261/3218/2249 1342/1746/1323 349/1645/334
f 1342/1643/1323 1399/6098/1380 1343/6286/1324
f 349/347/334 1343/1644/1324 2224/6096/2212
f 2228/3139/2216 350/348/335 1272/1648/1253
f 350/1646/335 2224/3220/2212 1344/5993/1325
f 1272/1537/1253 1344/1647/1325 3168/6287/3159
f 3379/6288/3370 1345/6289/1326 1346/1650/1327
f 1345/1649/1326 2260/3226/2248 353/3225/338
f 1346/6290/1327 353/351/338 352/6291/337
f 354/1651/339 1348/6292/1329 1349/1655/1330
f 1465/6129/1446 1351/6293/1332 1278/1550/1259
f 1351/6294/1332 1465/6128/1446 1545/6295/1526
f 1545/6296/1526 3380/6297/3371 1351/1657/1332
f 2231/3228/2219 1352/6298/1333 1283/6134/1264
f 2212/3097/2200 3332/6299/3323 1273/1542/1254
f 3381/6300/3372 3380/6297/3371 1402/6301/1383
f 1354/1660/1335 3381/6302/3372 1355/6303/1336
f 1271/6112/1252 1355/1661/1336 3329/6304/3320
f 1274/1667/1255 1362/3146/1343 1358/3239/1339
f 3382/6305/3373 1359/1668/1340 1368/1684/1349
f 1359/6306/1340 3382/6307/3373 1360/1669/1341
f 3383/6308/3374 1360/6309/1341 3382/6310/3373
f 362/6311/347 1286/1671/1267 355/6312/340
f 322/318/307 1357/1663/1338 1362/1675/1343
f 1357/1673/1338 1224/6313/1205 360/358/345
f 1362/6314/1343 360/1674/345 1358/3239/1339
f 1224/3234/1205 1223/1449/1204 358/1678/343
f 1223/1676/1204 1290/5770/1271 1363/1687/1344
f 358/356/343 1363/1677/1344 2262/3241/2250
f 1359/6306/1340 359/357/344 1368/1684/1349
f 359/6315/344 2262/3236/2250 1368/1684/1349
f 2262/6316/2250 1363/1677/1344 1369/6317/1350
f 1369/1688/1350 1364/6318/1345 1366/1681/1347
f 1364/1679/1345 1414/1774/1395 1365/6319/1346
f 2262/6316/2250 1366/3240/1347 1368/1684/1349
f 1366/1682/1347 1365/1680/1346 1367/1767/1348
f 1368/6320/1349 1367/1683/1348 1410/6321/1391
f 1291/3242/1272 1369/6322/1350 1363/1687/1344
f 1369/1688/1350 1291/1686/1272 1370/3244/1351
f 393/395/378 1370/1689/1351 1416/1786/1397
f 1370/6323/1351 393/1778/378 1364/1690/1345
f 1414/1777/1395 1364/6318/1345 393/6324/378
f 1372/6325/1353 1291/1686/1272 1287/3165/1268
f 1289/6326/1270 2263/6327/2251 1372/1696/1353
f 2263/3245/2251 1289/1695/1270 1381/6328/1362
f 1372/6325/1353 1416/1779/1397 1370/3244/1351
f 1416/6329/1397 1372/3243/1353 2263/6330/2251
f 368/368/353 1294/1699/1275 367/1698/352
f 364/362/349 330/6154/315 361/6331/346
f 1416/6329/1397 2263/6327/2251 1375/6332/1356
f 1376/6333/1357 1375/1705/1356 2263/6330/2251
f 1374/1704/1355 1376/6334/1357 1379/3247/1360
f 1374/1704/1355 1379/6335/1360 1380/1711/1361
f 3321/6336/3312 3384/6337/3375 1303/6169/1284
f 1378/6338/1359 1303/1587/1284 3384/6339/3375
f 3384/6340/3375 1567/2041/1548 1378/1708/1359
f 1380/2040/1361 1378/1710/1359 1567/6341/1548
f 1377/1707/1358 1379/6335/1360 1299/6163/1280
f 1376/6333/1357 1299/1582/1280 1379/3247/1360
f 1419/6342/1400 1309/1593/1290 2241/6343/2229
f 401/1794/386 1383/6344/1364 435/3349/420
f 1382/1713/1363 1383/6344/1364 398/401/383
f 2264/6345/2252 1306/1590/1287 1305/6162/1286
f 2237/3253/2225 3385/6346/3376 2265/6347/2253
f 3384/6340/3375 371/6348/356 1567/6341/1548
f 371/371/356 3384/6337/3375 372/6349/357
f 3386/6350/3377 2266/6351/2254 1384/1798/1365
f 2266/3255/2254 2243/3184/2231 1385/6193/1366
f 1384/1715/1365 1310/6192/1291 1309/6352/1290
f 339/374/324 2244/6224/2232 374/6353/359
f 3366/6244/3357 3387/6354/3378 3388/6355/3379
f 3387/6356/3378 3389/6357/3380 3390/6358/3381
f 3390/6359/3381 2268/6360/2256 3391/6361/3382
f 3389/6362/3380 3392/6363/3383 2268/6364/2256
f 2269/6365/2257 1442/1829/1423 3393/6366/3384
f 2270/6367/2258 3393/6368/3384 3394/6369/3385
f 3393/6370/3384 1441/6371/1422 3395/6372/3386
f 3395/6373/3386 3396/6374/3387 3359/6375/3350
f 3397/6376/3388 1389/1723/1370 3398/6377/3389
f 1389/6378/1370 2271/6379/2259 2272/3263/2260
f 2271/3261/2259 1386/6380/1367 1387/1719/1368
f 1386/1717/1367 2172/6381/2160 375/376/360
f 1387/3264/1368 375/1718/360 2267/3257/2255
f 3397/6376/3388 1390/6382/1371 1389/1722/1370
f 3399/6383/3390 2273/3278/2261 378/379/363
f 3399/6383/3390 378/1721/363 1388/6384/1369
f 1389/6378/1370 378/1721/363 2271/3271/2259
f 2273/3266/2261 1391/6385/1372 376/1727/361
f 1391/1725/1372 1178/6242/1159 1321/6386/1302
f 376/377/361 1321/1726/1302 2248/6387/2236
f 2271/3261/2259 377/378/362 1386/1730/1367
f 377/1728/362 2248/3268/2236 1319/6388/1300
f 1386/1717/1367 1319/1729/1300 2172/6389/2160
f 3399/6383/3390 2276/6390/2264 2273/3277/2261
f 2274/3272/2262 3400/6391/3391 2275/3285/2263
f 2273/3266/2261 380/381/365 1391/1733/1372
f 380/1731/365 2275/3273/2263 1392/6392/1373
f 1391/1725/1372 1392/1732/1373 1178/6393/1159
f 3392/6394/3383 3389/6357/3380 3401/6395/3392
f 3389/6362/3380 3387/6354/3378 2277/6396/2265
f 2278/6397/2266 1324/6398/1305 3402/6399/3393
f 2279/6400/2267 2278/3281/2266 3403/6401/3394
f 3402/6402/3393 2249/6403/2237 3404/6404/3395
f 3404/6405/3395 1326/6406/1307 3367/6407/3358
f 302/6408/287 2281/3284/2269 1248/6409/1229
f 2275/6410/2263 2281/3284/2269 3405/6411/3396
f 2281/6412/2269 302/6056/287 3405/6411/3396
f 1392/6413/1373 1179/1382/1160 1178/6393/1159
f 1248/1486/1229 2285/6414/2273 382/1735/367
f 3406/6415/3397 382/384/367 2285/3289/2273
f 3406/6415/3397 2285/6414/2273 3407/6416/3398
f 1250/1734/1231 383/6417/368 3322/6073/3313
f 3408/6418/3399 3323/6419/3314 3409/6420/3400
f 3328/6099/3319 1393/6421/1374 1394/1738/1375
f 1393/1736/1374 384/6422/369 386/388/371
f 1394/6423/1375 386/1737/371 1452/6424/1433
f 2286/3292/2274 3410/6425/3401 1519/6426/1500
f 1452/3318/1433 386/1737/371 1396/1741/1377
f 385/1739/370 1519/1955/1500 1395/6427/1376
f 1396/1845/1377 1395/1740/1376 2338/3446/2326
f 3411/6428/3402 3412/6429/3403 3413/6430/3404
f 3414/6431/3405 3415/6432/3406 3416/6433/3407
f 324/3148/309 2230/6434/2218 3416/6433/3407
f 1360/6435/1341 3383/6436/3374 3411/6437/3402
f 3230/6118/3221 3330/6438/3321 1268/1524/1249
f 2226/6104/2214 3414/6439/3405 3417/6440/3408
f 1268/6105/1249 3415/6432/3406 2226/3132/2214
f 2288/6441/2276 3418/6442/3409 3419/6443/3410
f 3413/6444/3404 3420/6445/3411 3410/6446/3401
f 3419/6447/3410 3410/6425/3401 2286/6448/2274
f 2226/6104/2214 3417/6449/3408 1266/1520/1247
f 3421/6450/3412 3422/6451/3413 1393/6452/1374
f 1266/6102/1247 3421/6453/3412 3328/6454/3319
f 1341/1640/1322 3329/6455/3320 387/6456/372
f 1400/6457/1381 1342/1746/1323 2261/6458/2249
f 3329/6109/3320 388/390/373 387/6456/372
f 388/6459/373 3329/6455/3320 1355/6303/1336
f 1401/3297/1382 1402/6460/1383 1405/3299/1386
f 1404/1990/1385 1405/1755/1386 1402/6301/1383
f 387/389/372 389/3298/374 1520/6461/1501
f 1406/1987/1387 1520/6462/1501 389/391/374
f 1349/1759/1330 1407/6463/1388 1408/1763/1389
f 1367/6464/1348 1365/1680/1346 390/3303/375
f 1412/3339/1393 1413/1771/1394 1409/1770/1390
f 1413/6465/1394 428/6466/413 363/361/348
f 1409/1762/1390 363/6467/348 357/355/342
f 362/6311/347 357/3233/342 363/361/348
f 1416/6329/1397 1375/1705/1356 396/399/381
f 1374/1704/1355 1380/6468/1361 2291/3305/2279
f 396/1785/381 1375/1705/1356 1418/1789/1399
f 1418/3304/1399 1417/1896/1398 396/399/381
f 335/3173/320 334/1579/319 398/401/383
f 401/1794/386 435/441/420 399/6469/384
f 1419/6342/1400 400/403/385 1309/6352/1290
f 1420/6470/1401 1309/1593/1290 400/6471/385
f 402/1919/387 400/403/385 399/6469/384
f 1576/2056/1557 2292/6472/2280 1494/3352/1475
f 1495/1924/1476 437/6473/422 3423/6474/3414
f 3424/6475/3415 2265/3254/2253 406/410/391
f 437/443/422 3425/6476/3416 404/6477/389
f 404/408/389 1572/6478/1553 2314/6479/2302
f 3424/6475/3415 406/6480/391 371/6481/356
f 371/371/356 1571/6482/1552 1567/6341/1548
f 1420/6470/1401 2292/6472/2280 1384/1798/1365
f 2292/3306/2280 1576/2054/1557 3426/6483/3417
f 2243/6196/2231 1423/1803/1404 1422/3310/1403
f 1423/6484/1404 2243/3184/2231 2266/6485/2254
f 2266/3255/2254 1425/6486/1406 1423/1801/1404
f 1425/1932/1406 2266/6351/2254 3386/6487/3377
f 1421/1799/1402 1424/6488/1405 1429/6489/1410
f 2243/6196/2231 1422/1800/1403 1314/6201/1295
f 1314/6490/1295 1422/1800/1403 1433/1816/1414
f 1421/1799/1402 1429/6491/1410 1431/1813/1412
f 1431/1814/1412 1430/1812/1411 1432/6492/1413
f 1433/6493/1414 1432/1815/1413 2244/6223/2232
f 2244/3188/2232 1432/1815/1413 1434/1818/1415
f 1434/1822/1415 1430/1812/1411 1437/6494/1418
f 1437/6495/1418 1430/1812/1411 1436/1821/1417
f 1430/1819/1411 1429/6491/1410 1435/2131/1416
f 2244/3188/2232 1434/6496/1415 374/6353/359
f 1438/1825/1419 374/375/359 1434/1818/1415
f 3427/6497/3418 1439/1826/1420 3428/6498/3419
f 374/6499/359 1438/6500/1419 2267/3257/2255
f 3429/6501/3420 3396/6374/3387 1441/6502/1422
f 3430/6503/3421 1442/1829/1423 1506/6504/1487
f 3430/6503/3421 1506/1938/1487 3431/6505/3422
f 3429/6501/3420 1441/6371/1422 460/1830/445
f 1444/6506/1425 3432/6507/3423 3433/6508/3424
f 3404/6405/3395 3433/6509/3424 3403/6401/3394
f 2279/6400/2267 3434/6510/3425 3401/6395/3392
f 2179/6511/2167 1253/6512/1234 3367/6407/3358
f 1446/6513/1427 1443/1835/1424 1253/1833/1234
f 1446/6513/1427 1253/6512/1234 3435/6514/3426
f 1447/6062/1428 3277/6515/3268 1448/1839/1429
f 3436/6516/3427 1448/1841/1429 3277/6517/3268
f 1347/6518/1328 1340/6283/1321 1526/1965/1507
f 1340/6284/1321 1337/1638/1318 1513/1947/1494
f 1513/6519/1494 2294/6520/2282 1511/1944/1492
f 1339/6280/1320 1399/6098/1380 3437/6521/3428
f 3437/6522/3428 1460/1857/1441 2295/6523/2283
f 412/3321/397 1461/6524/1442 1451/1861/1432
f 1452/3318/1433 1396/6525/1377 410/1847/395
f 1396/1845/1377 2338/6526/2326 1453/3416/1434
f 410/414/395 1453/1846/1434 1455/6527/1436
f 1456/6528/1437 1544/6529/1525 1463/6530/1444
f 1520/1956/1501 1457/6531/1438 1398/1744/1379
f 1457/1851/1438 1538/6532/1519 415/419/400
f 1398/6533/1379 415/1852/400 1397/3296/1378
f 1538/1978/1519 1458/6534/1439 413/1855/398
f 1458/1853/1439 1618/6535/1599 3438/6536/3429
f 1397/1742/1378 414/418/399 1400/1747/1381
f 414/1856/399 2297/3323/2285 1460/6537/1441
f 1400/6457/1381 1460/1857/1441 1399/6282/1380
f 417/1528/402 2227/6107/2215 1461/1859/1442
f 2227/3133/2215 1269/6106/1250 1451/1861/1432
f 1269/1525/1250 3328/6538/3319 1394/1738/1375
f 1451/1843/1432 1394/1860/1375 1452/6424/1433
f 1462/1863/1443 418/3326/403 1454/1862/1435
f 418/1858/403 1461/6524/1442 411/3320/396
f 1454/1848/1435 411/415/396 1455/6527/1436
f 1348/3300/1329 2290/6539/2278 1407/6540/1388
f 1407/1757/1388 1469/6541/1450 1408/1763/1389
f 416/420/401 1462/6542/1443 326/3330/311
f 3439/6543/3430 3440/6544/3431 3441/6545/3432
f 3440/6546/3431 3383/6436/3374 3382/6310/3373
f 420/6547/405 3441/6548/3432 1410/6321/1391
f 1549/6549/1530 1466/1873/1447 1469/3329/1450
f 1469/1872/1450 1470/1880/1451 1408/1763/1389
f 1468/6550/1449 1467/1870/1448 2298/6551/2286
f 1471/1877/1452 422/3333/407 2298/6551/2286
f 1470/6552/1451 3442/6553/3433 1473/1881/1454
f 3442/6554/3433 1470/1880/1451 1468/1871/1449
f 424/3335/409 1475/1883/1456 3442/6555/3433
f 1474/1882/1455 3443/6556/3434 1475/3338/1456
f 3443/6557/3434 1474/6558/1455 3444/6559/3435
f 3443/6557/3434 2299/3340/2287 1475/3338/1456
f 1473/6560/1454 2299/3340/2287 1412/1885/1393
f 3443/6557/3434 3444/6561/3435 1477/6562/1458
f 1477/6563/1458 2299/3340/2287 3443/6564/3434
f 2299/3337/2287 1477/1892/1458 1413/3341/1394
f 428/433/413 1413/1771/1394 1477/6562/1458
f 364/362/349 1371/6565/1352 366/1902/351
f 366/365/351 1371/6565/1352 431/436/416
f 1478/3342/1459 431/6566/416 1371/6567/1352
f 3444/6568/3435 3445/6569/3436 1477/6562/1458
f 431/1901/416 1478/6570/1459 455/463/440
f 1556/6571/1537 455/6572/440 1478/1894/1459
f 425/429/410 1415/1784/1396 1479/1895/1460
f 395/398/380 453/6573/438 1479/1895/1460
f 425/429/410 1480/3387/1461 1476/6574/1457
f 1373/6575/1354 1481/6576/1462 370/370/355
f 1483/3344/1464 370/6577/355 1481/2031/1462
f 1482/6578/1463 1484/6579/1465 2300/3345/2288
f 1486/1912/1467 2300/6580/2288 1484/2037/1465
f 370/1702/355 1483/6581/1464 1292/6160/1273
f 2300/6582/2288 1292/1790/1273 1483/1905/1464
f 1382/1713/1363 397/400/382 433/439/418
f 397/437/382 1292/1790/1273 432/6583/417
f 2300/6582/2288 432/438/417 1292/6160/1273
f 1487/6584/1468 432/438/417 1486/1908/1467
f 1382/1713/1363 1488/6585/1469 1492/1916/1473
f 1488/6586/1469 1382/6587/1363 433/439/418
f 1488/6586/1469 1489/6588/1470 2334/6589/2322
f 1489/2126/1470 1487/1910/1468 1486/1908/1467
f 1492/1917/1473 2334/6590/2322 1490/6591/1471
f 2334/3438/2322 1492/6592/1473 1488/1911/1469
f 1491/6593/1472 1493/1918/1474 1492/1916/1473
f 1492/1917/1473 436/6594/421 1382/1793/1363
f 1576/2056/1557 1494/6595/1475 1577/2055/1558
f 2301/3351/2289 434/3348/419 1493/6596/1474
f 434/440/419 2301/6597/2289 402/6598/387
f 1491/6593/1472 1577/6599/1558 1494/3352/1475
f 3425/6600/3416 437/6473/422 439/445/424
f 3446/6601/3437 439/6602/424 3447/6603/3438
f 437/443/422 1495/6604/1476 1496/1926/1477
f 1495/1924/1476 3448/6605/3439 407/6606/392
f 1496/3355/1477 407/1925/392 2302/6607/2290
f 3449/6608/3440 438/444/423 3450/6609/3441
f 438/6610/423 1496/3353/1477 2303/3357/2291
f 3451/6611/3442 2303/6612/2291 3452/6613/3443
f 3386/6350/3377 3426/6614/3417 1498/6615/1479
f 1499/6616/1480 1498/1928/1479 3426/6483/3417
f 3426/6617/3417 1576/2054/1557 1499/1929/1480
f 1497/1927/1478 2304/6618/2292 3453/6619/3444
f 3454/6620/3445 3453/6621/3444 2304/3359/2292
f 3454/6620/3445 2304/6618/2292 3455/6622/3446
f 1429/1811/1410 1424/6488/1405 1501/1931/1482
f 1501/2129/1482 1500/1930/1481 2305/3362/2293
f 1424/1802/1405 1425/6486/1406 1500/1933/1481
f 1425/1932/1406 3386/6623/3377 1498/6615/1479
f 1500/3360/1481 1498/1928/1479 1497/6624/1478
f 2305/6625/2293 1497/3361/1478 3453/6619/3444
f 3456/6626/3447 3453/6621/3444 3454/6627/3445
f 1427/2058/1408 2306/6628/2294 409/413/394
f 2306/3363/2294 1503/1935/1484 2302/6607/2290
f 2303/6629/2291 2302/3356/2290 1503/6630/1484
f 408/3308/393 407/1925/392 3448/6631/3439
f 407/411/392 409/6632/394 2302/6607/2290
f 3457/6633/3448 1504/6634/1485 1503/6630/1484
f 2306/3363/2294 1427/1806/1408 1579/2060/1560
f 3458/6635/3449 1578/2059/1559 3459/6636/3450
f 3458/6635/3449 3459/6637/3450 3460/6638/3451
f 1426/1805/1407 1578/2059/1559 1427/1810/1408
f 1578/6639/1559 1426/6640/1407 3459/6636/3450
f 1426/1805/1407 3396/6374/3387 3459/6636/3450
f 459/467/444 3461/6641/3452 460/1830/445
f 3462/6642/3453 2272/6643/2260 3463/6644/3454
f 2272/6645/2260 2267/3265/2255 1440/1827/1421
f 3464/6646/3455 1440/6647/1421 1439/3312/1420
f 3464/6646/3455 1439/1826/1420 2307/6648/2295
f 2308/6649/2296 1439/1826/1420 3427/6650/3418
f 3430/6503/3421 3465/6651/3456 1442/6652/1423
f 1508/1940/1489 1522/1983/1503 1524/6653/1505
f 1508/1940/1489 1524/6654/1505 463/6655/448
f 1509/6656/1490 463/471/448 462/2143/447
f 1618/6657/1599 2309/6658/2297 3438/6536/3429
f 2296/6659/2284 441/447/426 1511/1944/1492
f 441/1942/426 1527/3367/1508 1510/1968/1491
f 1511/1945/1492 1510/1943/1491 1512/3375/1493
f 1513/6519/1494 1512/1946/1493 1526/1965/1507
f 1529/1969/1510 1517/6660/1498 1530/6661/1511
f 467/3370/452 1514/6662/1495 2310/3373/2298
f 1516/3372/1497 2310/3371/2298 1514/6663/1495
f 1530/6664/1511 1518/6665/1499 3420/6666/3411
f 1518/6667/1499 1530/1970/1511 1517/2064/1498
f 2338/6668/2326 1395/1740/1376 3466/6669/3457
f 1516/3372/1497 3466/6670/3457 1395/6427/1376
f 1519/6671/1500 3410/6425/3401 2310/3373/2298
f 3466/6672/3457 1516/6673/1497 1515/6674/1496
f 1521/6675/1502 1524/6654/1505 1522/1958/1503
f 1524/1961/1505 1521/1957/1502 443/6676/428
f 1523/6677/1504 1532/6678/1513 444/1960/429
f 1526/6679/1507 1525/1964/1506 2290/3301/2278
f 1549/6549/1530 2290/6539/2278 1525/6680/1506
f 1526/6679/1507 2290/6539/2278 1347/3227/1328
f 2311/3374/2299 1510/1943/1491 1528/6681/1509
f 1510/6682/1491 2311/6683/2299 1512/3375/1493
f 1531/6684/1512 1530/1970/1511 3412/6685/3403
f 1530/6664/1511 3420/6445/3411 3412/6685/3403
f 2312/3379/2300 3412/6429/3403 3383/6686/3374
f 1533/6687/1514 1542/1991/1523 1535/6688/1516
f 1536/3376/1517 1542/1991/1523 1403/6689/1384
f 1544/1995/1525 1537/6690/1518 1536/6691/1517
f 462/470/447 1539/1981/1520 1509/1941/1490
f 1539/6692/1520 462/6693/447 489/497/474
f 489/2137/474 1458/6534/1439 1539/1980/1520
f 1458/1853/1439 489/6694/474 1618/2138/1599
f 1508/1940/1489 1457/6531/1438 1522/1958/1503
f 1531/6684/1512 2313/6695/2301 1540/1986/1521
f 2313/6696/2301 1531/1985/1512 2312/6697/2300
f 2312/3379/2300 3467/6698/3458 1634/6699/1615
f 3467/6700/3458 2312/6701/2300 3383/6686/3374
f 1550/2005/1531 1634/3380/1615 3467/6702/3458
f 1520/1956/1501 1406/6703/1387 1521/1989/1502
f 1406/1987/1387 1405/1755/1386 1541/6704/1522
f 1521/6675/1502 1541/1988/1522 443/6676/428
f 1541/3382/1522 1405/1755/1386 1543/1992/1524
f 1404/1990/1385 1403/1752/1384 1542/3378/1523
f 443/449/428 1541/1988/1522 1523/1994/1504
f 1543/1993/1524 1542/1991/1523 1533/6705/1514
f 1523/6677/1504 1533/1973/1514 1532/2069/1513
f 1545/6296/1526 1536/1976/1517 1403/6689/1384
f 419/423/404 1551/2006/1532 3439/6706/3430
f 3440/6546/3431 3467/6698/3458 3383/6686/3374
f 446/452/431 1551/2006/1532 419/1891/404
f 1552/6707/1533 427/432/412 1476/6574/1457
f 1558/6708/1539 1554/2011/1535 1553/6709/1534
f 1554/6710/1535 3444/6561/3435 1555/2012/1536
f 1474/1882/1455 1555/6711/1536 3444/6559/3435
f 1558/6708/1539 1557/3386/1538 1556/3343/1537
f 1556/6571/1537 3445/6569/3436 1558/3385/1539
f 1554/6710/1535 1558/2016/1539 3445/6712/3436
f 450/2022/435 1559/3384/1540 1560/2111/1541
f 1559/2109/1540 450/6713/435 1557/2014/1538
f 1612/6714/1593 452/459/437 451/3395/436
f 452/6715/437 1612/2124/1593 1610/6716/1591
f 452/6715/437 1480/3387/1461 1479/1895/1460
f 451/458/436 453/6573/438 1417/6717/1398
f 1562/2032/1543 454/2028/439 449/2021/434
f 1563/2029/1544 1373/1900/1354 430/2026/415
f 1373/6575/1354 1563/2025/1544 1481/2031/1462
f 1563/2029/1544 454/2028/439 1564/3390/1545
f 1481/1903/1462 1564/2030/1545 1482/3393/1463
f 1564/3391/1545 1562/2024/1543 1565/2034/1546
f 1562/2032/1543 1561/2020/1542 481/6718/466
f 1482/6578/1463 1565/3392/1546 1484/2037/1465
f 1565/2035/1546 481/2033/466 483/491/468
f 1484/1906/1465 483/2036/468 1485/6719/1466
f 1569/6720/1550 1566/3394/1547 2291/3305/2279
f 2291/6721/2279 1568/6722/1549 1569/3401/1550
f 1568/6723/1549 2291/6724/2279 1380/1711/1361
f 451/458/436 1570/6725/1551 1612/6726/1593
f 1570/6727/1551 451/6728/436 1566/2039/1547
f 1567/6729/1548 1571/6482/1552 1568/2042/1549
f 1571/2046/1552 2314/6730/2302 458/466/443
f 1568/6723/1549 458/2047/443 1569/3401/1550
f 2314/3396/2302 1572/6478/1553 456/2050/441
f 1572/2048/1553 504/514/489 1573/6731/1554
f 456/464/441 1573/2049/1554 2315/6732/2303
f 1569/6720/1550 457/465/442 1570/2045/1551
f 457/2051/442 2315/3398/2303 1574/6733/1555
f 1570/6727/1551 1574/2052/1555 1612/6726/1593
f 2319/6734/2307 1575/2057/1556 2320/3407/2308
f 1577/6735/1558 2320/3408/2308 1575/6736/1556
f 2319/6734/2307 2304/6618/2292 1575/6736/1556
f 1499/6616/1480 1575/2057/1556 2304/3359/2292
f 1517/1951/1498 465/2063/450 467/475/452
f 467/3370/452 466/474/451 1514/6663/1495
f 1532/1972/1513 1534/6737/1515 469/477/454
f 1535/1975/1516 1537/6690/1518 2322/6738/2310
f 469/2068/454 1586/2079/1567 470/2098/455
f 1586/6739/1567 469/6740/454 1534/1974/1515
f 472/480/457 1528/1967/1509 1527/6741/1508
f 474/3411/459 2311/6683/2299 1528/6681/1509
f 2338/6668/2326 3468/6742/3459 3469/6743/3460
f 2323/3415/2311 3469/6744/3460 3468/6745/3459
f 1581/6746/1562 1456/2073/1437 2326/6747/2314
f 472/480/457 1627/2156/1608 473/6748/458
f 1627/6749/1608 1590/6750/1571 473/6748/458
f 1590/6751/1571 1627/2156/1608 491/2170/476
f 1582/6752/1563 2322/3410/2310 1537/1977/1518
f 2322/6753/2310 1582/2075/1563 1583/6754/1564
f 1584/6755/1565 477/6756/462 1585/2078/1566
f 477/2097/462 1584/2077/1565 3470/6757/3461
f 2322/6753/2310 1583/6758/1564 1586/6759/1567
f 1548/2003/1529 2324/6760/2312 1546/6761/1527
f 2324/6762/2312 1548/6763/1529 1549/2004/1530
f 2323/3415/2311 1640/6764/1621 2327/3421/2315
f 2340/3454/2328 1637/6765/1618 2325/6766/2313
f 1637/2176/1618 3471/6767/3462 1592/6768/1573
f 1591/2086/1572 1593/6769/1574 1581/2074/1562
f 1544/1995/1525 2328/6770/2316 1582/6771/1563
f 1593/3422/1574 1592/2087/1573 1596/2092/1577
f 1596/3425/1577 1595/2091/1576 2329/6772/2317
f 3472/6773/3463 2329/3426/2317 3473/6774/3464
f 1550/2005/1531 1598/6775/1579 3474/6776/3465
f 1598/2099/1579 1550/6777/1531 446/2007/431
f 3474/6778/3465 1600/6779/1581 1636/2175/1617
f 1600/6780/1581 3474/6781/3465 1598/3428/1579
f 3475/6782/3466 3476/6783/3467 3477/6784/3468
f 3476/6785/3467 1467/1870/1448 1547/6786/1528
f 3478/6787/3469 3477/6788/3468 2342/6789/2330
f 3475/6782/3466 1601/6790/1582 1602/2103/1583
f 3476/6785/3467 1471/6791/1452 1467/6792/1448
f 1476/6793/1457 1606/6794/1587 1552/2009/1533
f 1603/6795/1584 1552/2104/1533 1606/6796/1587
f 1606/2115/1587 3479/6797/3470 1603/2105/1584
f 3480/6798/3471 1603/3429/1584 3479/6799/3470
f 1605/6800/1586 1657/6801/1638 1601/2108/1582
f 1657/2202/1638 1474/6558/1455 423/3334/408
f 1601/2102/1582 1657/6801/1638 1472/6802/1453
f 1559/2109/1540 1553/6803/1534 480/488/465
f 1560/2018/1541 480/2110/465 2332/3435/2320
f 1553/2010/1534 1555/6711/1536 478/2114/463
f 1555/2112/1536 1474/6558/1455 511/6804/496
f 478/486/463 511/2113/496 2331/6805/2319
f 1485/6806/1466 483/2036/468 1646/6807/1627
f 1646/6808/1627 483/2036/468 482/3437/467
f 2333/6809/2321 481/2033/466 1561/6810/1542
f 3481/6811/3472 482/490/467 2333/6812/2321
f 3481/6811/3472 2333/3436/2321 3482/6813/3473
f 1476/6793/1457 1611/6814/1592 1607/2116/1588
f 1611/6815/1592 1476/1888/1457 1480/1898/1461
f 3483/6816/3474 1607/2118/1588 1611/2122/1592
f 3483/6816/3474 1611/6814/1592 3484/6817/3475
f 1490/1914/1471 2334/6590/2322 2335/3440/2323
f 2334/3438/2322 1489/6588/1470 1615/2128/1596
f 1489/2126/1470 1485/1907/1466 1614/6818/1595
f 1429/1811/1410 1501/6819/1482 1435/2131/1416
f 1501/2129/1482 2305/6820/2293 486/494/471
f 1618/6657/1599 488/496/473 2309/6821/2297
f 1626/6822/1607 2309/6658/2297 488/2136/473
f 488/6823/473 1617/2135/1598 1626/2153/1607
f 2309/3366/2297 1626/6824/1607 440/6825/425
f 1616/6826/1597 440/2132/425 1626/2153/1607
f 487/495/472 2339/3453/2327 1617/6827/1598
f 1616/6826/1597 1626/6824/1607 492/500/477
f 1527/1966/1508 1616/6828/1597 472/6829/457
f 1515/6830/1496 1514/6662/1495 1625/2150/1606
f 1625/6831/1606 1514/6662/1495 1620/2144/1601
f 1625/6831/1606 1620/6832/1601 2336/3442/2324
f 3485/6833/3476 1624/6834/1605 3486/6835/3477
f 1622/3444/1603 3466/6670/3457 1623/2147/1604
f 3466/6672/3457 1622/2146/1603 2338/3446/2326
f 1623/6836/1604 1515/1949/1496 1625/2150/1606
f 1515/6830/1496 1623/2149/1604 3466/6669/3457
f 3487/6837/3478 3488/6838/3479 2337/6839/2325
f 1626/6822/1607 490/2152/475 492/500/477
f 1616/6826/1597 1627/2156/1608 472/6829/457
f 1529/1969/1510 1628/6840/1609 465/6841/450
f 1630/2160/1611 465/2063/450 1628/6842/1609
f 3489/6843/3480 2336/6844/2324 3490/6845/3481
f 465/473/450 1630/6846/1611 466/6847/451
f 1620/3449/1601 466/474/451 1630/2159/1611
f 476/6848/461 1597/2095/1578 494/503/479
f 1617/2151/1598 2339/3453/2327 495/3452/480
f 2339/3450/2327 1619/2142/1600 1587/2165/1568
f 495/504/480 1632/3451/1613 1633/2184/1614
f 502/2080/487 1633/2168/1614 1632/6849/1613
f 1540/6850/1521 2313/6695/2301 497/2173/482
f 1628/2157/1609 499/6851/484 3491/6852/3482
f 2313/6696/2301 1634/3380/1615 497/2173/482
f 1634/2171/1615 1550/6777/1531 1635/6853/1616
f 497/507/482 1635/2172/1616 498/6854/483
f 1635/6855/1616 3474/6781/3465 1636/2175/1617
f 3474/6778/3465 1635/2172/1616 1550/6856/1531
f 3492/6857/3483 498/508/483 1636/2175/1617
f 3492/6857/3483 1636/6858/1617 3493/6859/3484
f 3471/6860/3462 1637/6765/1618 1639/2178/1620
f 1637/2176/1618 2340/6861/2328 1638/3456/1619
f 1639/6862/1620 1638/2177/1619 3494/6863/3485
f 2340/3454/2328 1640/6764/1621 1642/2181/1623
f 1640/2179/1621 3468/6742/3459 1641/6864/1622
f 3495/6865/3486 1642/3455/1623 3496/6866/3487
f 1589/6867/1570 2342/3458/2330 1546/6761/1527
f 2342/6868/2330 1589/2084/1570 2343/3459/2331
f 491/2083/476 2343/3460/2331 1589/6869/1570
f 1595/6870/1576 1644/2186/1625 1643/6871/1624
f 3497/6872/3488 3498/6873/3489 1600/2101/1581
f 3499/6874/3490 3500/6875/3491 3479/6799/3470
f 3501/6876/3492 3480/6877/3471 3479/6799/3470
f 3501/6876/3492 3479/6797/3470 3502/6878/3493
f 3503/6879/3494 1647/6880/1628 3504/6881/3495
f 3505/6882/3496 3504/6883/3495 1647/2190/1628
f 3506/6884/3497 1614/2127/1595 1647/2190/1628
f 3506/6884/3497 1647/6880/1628 3503/6885/3494
f 1614/2188/1595 1485/1907/1466 1646/6807/1627
f 1647/6886/1628 1646/2189/1627 482/3437/467
f 1649/6887/1630 1633/2168/1614 501/2193/486
f 1650/6888/1631 501/511/486 3507/6889/3498
f 1633/6890/1614 1649/2192/1630 496/2169/481
f 3508/6891/3499 496/505/481 1649/3466/1630
f 3508/6891/3499 1649/2192/1630 2347/6892/2335
f 3509/6893/3500 500/2183/485 1588/2082/1569
f 3509/6893/3500 1588/6894/1569 3510/6895/3501
f 1474/1882/1455 1657/6801/1638 512/2203/497
f 1474/1882/1455 512/523/497 511/6804/496
f 1561/2023/1542 2353/6896/2341 2333/6812/2321
f 2353/6897/2341 1561/2020/1542 3511/6898/3502
f 3512/6899/3503 2333/3436/2321 2353/3474/2341
f 3512/6899/3503 2353/6896/2341 3513/6900/3504
f 3514/6901/3505 1613/6902/1594 3515/6903/3506
f 3516/6904/3507 3517/6905/3508 1604/6906/1585
f 3518/6907/3509 1254/6908/1235 3519/6909/3510
f 3518/6907/3509 3520/6910/3511 1254/1500/1235
f 22/13/13 19/6911/15 21/6912/3512
f 1671/3582/1656 1673/6913/1658 3521/6914/3513
f 3522/6915/3514 31/6916/23 33/27/25
f 31/25/23 3523/6917/3515 32/6918/24
f 33/6919/25 32/26/24 3524/6920/3516
f 3525/6921/3517 34/6922/26 36/30/28
f 34/28/26 3526/6923/3518 35/6924/27
f 36/6925/28 35/29/27 3527/6926/3519
f 3528/6927/3520 1695/6928/1679 1691/6929/1675
f 1691/6930/1675 1695/6928/1679 3529/6931/3521
f 3530/6932/3522 1703/6933/1687 1699/6934/1683
f 1706/2282/1690 1708/2286/1692 1709/6935/1693
f 3531/6936/3523 2451/6937/2439 39/33/31
f 37/31/29 2454/6938/2442 38/6939/30
f 39/6940/31 38/32/30 3532/6941/3524
f 1723/6942/1707 3533/6943/3525 1719/6944/1703
f 3534/6945/3526 40/6946/32 42/36/34
f 40/34/32 3535/6947/3527 41/6948/33
f 42/6949/34 41/35/33 3536/6950/3528
f 3537/6951/3529 43/6952/35 45/39/37
f 43/37/35 3538/6953/35 44/6954/36
f 45/6955/37 44/38/36 3539/6956/3530
f 3540/6957/3531 46/6958/38 48/42/40
f 46/40/38 3541/6959/3532 47/6960/39
f 48/6961/40 47/41/39 3542/6962/3533
f 50/3868/42 2495/3866/2483 51/45/43
f 1744/2333/1728 51/6963/43 2495/6964/2483
f 1749/2338/1733 1751/2342/1735 1752/6965/1736
f 2508/6966/2496 1756/6967/1740 3543/6968/3534
f 2365/3520/2354 1758/6969/1742 2366/3907/2355
f 2366/6970/2355 1758/6969/1742 3544/6971/3535
f 1762/3937/1746 2535/6972/2523 1763/2354/1747
f 1767/6973/1751 1763/2359/1747 2535/6974/2523
f 3545/6975/3536 52/6976/44 54/48/46
f 52/46/44 3546/6977/3537 53/6978/45
f 54/6979/46 53/47/45 3547/6980/3538
f 1775/2375/1760 1777/2379/1762 1778/6981/1763
f 2569/4070/2561 1789/2411/1781 1788/6982/1780
f 1796/2421/1788 1798/6983/1790 2586/6984/2578
f 2586/6985/2578 1798/6983/1790 3548/6986/3539
f 3549/6987/3540 1806/6988/1798 1802/6989/1794
f 1802/6990/1794 1806/6988/1798 3550/6991/3541
f 3551/6992/3542 1814/2443/1806 1810/6993/1802
f 1818/6994/1810 2621/4194/2613 1822/6995/1814
f 1819/6996/1811 1822/6997/1814 3552/6998/3543
f 3553/6999/3544 81/7000/67 83/72/69
f 81/70/67 3554/7001/3545 82/7002/68
f 83/7003/69 82/71/68 3555/7004/3546
f 3556/7005/3547 84/7006/70 86/75/72
f 84/73/70 3557/7007/3548 85/7008/71
f 86/7009/72 85/74/71 3558/7010/3549
f 3559/7011/3550 87/7012/73 89/78/75
f 87/76/73 3560/7013/3551 88/7014/74
f 89/7015/75 88/77/74 3561/7016/3552
f 3562/7017/3553 90/7018/76 92/81/78
f 90/79/76 3563/7019/3554 91/7020/77
f 92/7021/78 91/80/77 3564/7022/3555
f 1850/7023/1842 1855/7024/1847 3565/7025/3556
f 2664/4342/2656 1860/7026/1852 2670/7027/2662
f 3566/7028/3557 93/7029/79 95/84/81
f 93/82/79 3567/7030/3558 94/7031/80
f 95/7032/81 94/83/80 3568/7033/3559
f 1868/7034/1860 1871/4381/1863 1869/2517/1861
f 2689/4403/2681 2688/7035/2680 2685/7036/2677
f 2688/7037/2680 2689/7038/2681 2691/7039/2683
f 3569/7040/3560 1878/7041/1870 1875/7042/1867
f 1878/7043/1870 3570/7044/3561 1875/7042/1867
f 3571/7045/3562 1886/7046/1878 1882/7047/1874
f 100/4474/86 2723/4472/2715 2717/7048/2709
f 2717/7049/2709 101/7050/87 100/7051/86
f 1891/7052/1883 1890/2543/1882 2735/7053/2727
f 2748/4547/2740 2750/4555/2742 2746/4539/2738
f 1896/7054/1888 1900/7055/1892 2759/7056/2751
f 3572/7057/3563 1908/7058/1900 1904/7059/1896
f 1904/7060/1896 1908/7058/1900 3573/7061/3564
f 3574/7062/3565 116/7063/101 118/108/103
f 116/106/101 3575/7064/3566 117/7065/102
f 118/7066/103 117/107/102 3576/7067/3567
f 1919/7068/1911 2788/7069/2780 1920/2592/1912
f 2788/4653/2780 1919/2591/1911 2789/7070/2781
f 1922/7071/1914 1926/7072/1918 3577/7073/3568
f 3578/7074/3569 119/7075/104 121/111/106
f 119/109/104 3579/7076/3570 120/7077/105
f 121/7078/106 120/110/105 3580/7079/3571
f 3581/7080/3572 3582/7081/3573 3583/7082/3574
f 3584/7083/3575 3585/7084/3576 3586/7085/3577
f 3587/7086/3578 1940/7087/1932 3588/7088/3579
f 3589/7089/3580 2850/7090/2842 1944/7091/1936
f 2850/4793/2842 2848/4791/2840 1944/7091/1936
f 1955/7092/1947 2856/4809/2848 2855/4833/2847
f 866/4821/848 2858/7093/2850 1951/2635/1943
f 3590/7094/3581 137/7095/122 139/129/124
f 137/127/122 3591/7096/3582 138/7097/123
f 139/7098/124 138/128/123 3592/7099/3583
f 2885/4909/2877 1975/2680/1967 1974/7100/1966
f 1977/2682/1969 2904/7101/2896 2900/7102/2892
f 2904/7103/2896 1977/7104/1969 1979/2684/1971
f 3593/7105/3584 143/7106/128 145/135/130
f 143/133/128 3594/7107/3585 144/7108/129
f 145/7109/130 144/134/129 3595/7110/3586
f 2931/5018/2923 160/5022/145 159/5014/144
f 160/7111/145 2931/7112/2923 2935/7113/2927
f 2954/7114/2946 2950/5050/2942 2959/7115/2951
f 3596/7116/3587 161/7117/146 163/153/148
f 161/151/146 3597/7118/3588 162/7119/147
f 163/7120/148 162/152/147 3598/7121/3589
f 3599/7122/3590 164/7123/149 166/156/151
f 164/154/149 3600/7124/3591 165/7125/150
f 166/7126/151 165/155/150 3601/7127/3592
f 2985/5119/2976 167/5126/152 2984/7128/2975
f 169/7129/154 2984/5118/2975 167/7130/152
f 3602/7131/3593 2995/5137/2986 3603/7132/3594
f 2016/7133/2006 2017/2762/2007 2014/7134/2004
f 3015/5241/3006 3012/7135/3003 3011/7136/3002
f 3604/7137/3595 2035/2805/2025 2031/7138/2021
f 3605/7139/3596 2042/7140/2032 2038/7141/2028
f 2042/7142/2032 3606/7143/3597 2038/7141/2028
f 2045/7144/2035 3027/5263/3018 1018/1162/1000
f 3043/5287/3034 2046/2819/2036 1185/1392/1166
f 3607/7145/3598 199/7146/184 201/192/186
f 199/190/184 3608/7147/3599 200/7148/185
f 201/7149/186 200/191/185 3609/7150/3600
f 3059/7151/3050 1025/5324/1007 3055/5317/3046
f 3610/7152/3601 2059/7153/2049 2055/7154/2045
f 2055/7155/2045 2059/7153/2049 3611/7156/3602
f 2062/2839/2052 2064/7157/2054 3072/7158/3063
f 2065/2842/2055 2067/2846/2057 2068/7159/2058
f 3612/7160/3603 202/7161/187 204/195/189
f 202/193/187 3613/7162/3604 203/7163/188
f 204/7164/189 203/194/188 3614/7165/3605
f 2077/7166/2066 3615/7167/3606 2081/7168/2070
f 2077/7166/2066 2081/7169/2070 3616/7170/3607
f 206/7171/191 3120/5456/3111 207/198/192
f 3116/7172/3107 207/2867/192 3120/7173/3111
f 3617/7174/3608 208/7175/193 210/201/195
f 208/199/193 3618/7176/3609 209/7177/194
f 210/7178/195 209/200/194 3619/7179/3610
f 2094/2881/2083 3620/7180/3611 2095/7181/2084
f 3621/7182/3612 211/7183/196 213/204/198
f 211/202/196 3622/7184/3613 212/7185/197
f 213/7186/198 212/203/197 3152/7187/3143
f 2102/2894/2091 3623/7188/3614 2103/7189/2092
f 3624/7190/3615 2107/7191/2096 3625/7192/3616
f 214/205/199 3626/7193/3617 215/7194/200
f 216/7195/201 215/206/200 3627/7196/3618
f 3169/7197/3160 3628/7198/3619 3165/7199/3156
f 3629/7200/3620 3178/7201/3169 3182/7202/3173
f 2122/2929/2111 2124/2933/2113 3193/5649/3184
f 3193/7203/3184 2124/2933/2113 2125/7204/2114
f 3630/7205/3621 235/7206/220 237/229/222
f 235/227/220 3631/7207/3622 236/7208/221
f 237/7209/222 236/228/221 3632/7210/3623
f 3633/7211/3624 2135/7212/2123 3206/7213/3197
f 2140/7214/2128 3634/7215/3625 2144/7216/2132
f 2140/7214/2128 2144/7217/2132 3635/7218/3626
f 3636/7219/3627 241/7220/226 240/232/225
f 238/230/223 3637/7221/3628 239/7222/224
f 240/7223/225 239/231/224 3638/7224/3629
f 3234/7225/3225 2162/3009/2150 2161/7226/2149
f 263/256/248 265/3028/250 2170/7227/2158
f 2182/7228/2170 2181/3049/2169 3263/7229/3254
f 2185/3056/2173 2187/7230/2175 3266/7231/3257
f 3282/7232/3273 2189/3060/2177 2188/7233/2176
f 2191/3062/2179 2193/3066/2181 2194/7234/2182
f 3297/7235/3288 283/3072/268 3292/5946/3283
f 283/7236/268 3297/7237/3288 281/7238/266
f 3639/7239/3630 287/7240/272 286/279/271
f 3640/7241/3631 3641/7242/3632 285/7243/270
f 3640/7241/3631 285/278/270 284/7244/269
f 286/7245/271 285/278/270 3642/7246/3633
f 3309/5986/3300 3313/5992/3304 3311/7247/3302
f 3319/7248/3310 1302/6045/1283 3317/6033/3308
f 2217/7249/2205 2219/3111/2207 2218/3109/2206
f 3227/7250/3218 3338/7251/3329 3643/7252/3634
f 2236/3176/2224 2239/3179/2227 2238/6179/2226
f 3644/7253/3635 2247/7254/2235 3358/7255/3349
f 3645/7256/3636 2251/3201/2239 2250/7257/2238
f 3373/6258/3364 347/345/332 346/7258/331
f 3381/6300/3372 1354/3231/1335 1353/7259/1334
f 3422/7260/3413 3421/6453/3412 3417/6440/3408
f 400/405/385 403/7261/388 1420/7262/1401
f 404/408/389 406/6480/391 3423/6474/3414
f 3437/6522/3428 2295/3316/2283 2294/7263/2282
f 3646/7264/3637 1579/7265/1560 3647/7266/3638
f 493/501/478 1619/2142/1600 464/472/449
f 498/2174/483 3491/7267/3482 499/509/484
f 1631/2161/1612 1597/2095/1578 1588/2082/1569
f 1658/7268/2342 2355/3479/2344 2354/3477/2343
f 2357/3484/2346 2359/3490/2348 2355/3488/2344
f 25/19/17 27/4053/19 22/573/13
f 564/3549/539 2379/7269/2367 2377/7270/2365
f 2379/7271/2367 3521/7272/3513 2377/7270/2365
f 2381/7273/2369 3648/7274/3639 1671/7275/1656
f 2387/7276/2375 3649/7277/3640 2384/7278/2372
f 3650/7279/3641 568/7280/543 570/585/545
f 568/583/543 3524/7281/3516 569/7282/544
f 570/7283/545 569/584/544 3651/7284/3642
f 3652/7285/3643 571/7286/546 573/588/548
f 571/586/546 567/7287/542 572/7288/547
f 573/7289/548 572/587/547 3522/7290/3514
f 3523/7291/3515 574/7292/549 576/591/551
f 574/589/549 565/7293/540 575/7294/550
f 576/7295/551 575/590/550 3653/7296/3644
f 2422/3698/2410 577/7297/552 579/594/554
f 577/592/552 3527/7298/3519 578/7299/553
f 579/7300/554 578/593/553 3650/7301/3641
f 2428/3707/2416 580/7302/555 582/597/557
f 580/595/555 3654/7303/3645 581/7304/556
f 582/7305/557 581/596/556 3525/7306/3517
f 3526/7307/3518 583/7308/558 585/600/560
f 583/598/558 3655/7309/3646 584/7310/559
f 585/7311/560 584/599/559 3652/7312/3643
f 3656/7313/3647 586/7314/561 588/603/563
f 586/601/561 3657/7315/3648 587/7316/562
f 588/7317/563 587/602/562 2383/3652/2371
f 3658/7318/3649 589/7319/564 591/606/566
f 589/604/564 2602/7320/2594 590/7321/565
f 591/7322/566 590/605/565 3528/7323/3520
f 2411/7324/2399 3529/7325/3521 2412/7326/2400
f 2386/7327/2374 2412/7328/2400 3649/7329/3640
f 2414/7330/2402 2416/7331/2404 3530/7332/3522
f 2418/3680/2406 592/7333/567 594/609/569
f 592/607/567 3658/7334/3649 593/7335/568
f 594/7336/569 593/608/568 2416/7337/2404
f 3659/7338/3650 595/7339/570 597/612/572
f 595/610/570 3656/7340/3647 596/7341/571
f 597/7342/572 596/611/571 3655/7343/3646
f 2422/3698/2410 2423/4169/2411 2611/7344/2603
f 599/7345/574 3660/7346/3651 600/615/575
f 1706/2282/1690 600/7347/575 3660/7348/3651
f 2428/3707/2416 2429/3711/2417 2430/7349/2418
f 2462/7350/2450 2456/7351/2444 2435/7352/2423
f 2440/3725/2428 2442/7353/2430 1711/7354/1695
f 2419/3683/2407 2443/3733/2431 1713/2290/1697
f 3661/7355/3652 601/7356/576 603/618/578
f 601/616/576 3532/7357/3524 602/7358/577
f 603/7359/578 602/617/577 3662/7360/3653
f 3663/7361/3654 604/7362/579 606/621/581
f 604/619/579 2440/7363/2428 605/7364/580
f 606/7365/581 605/620/580 3531/7366/3523
f 2454/3754/2442 2455/3758/2443 2456/7367/2444
f 3664/7368/3655 2458/7369/2446 2610/7370/2602
f 2610/7371/2602 2458/7369/2446 2427/3706/2415
f 2620/7372/2612 607/7373/582 609/624/584
f 607/622/582 3662/7374/3653 608/7375/583
f 609/7376/584 608/623/583 1723/2302/1707
f 3533/7377/3525 2463/7378/2451 2461/7379/2449
f 2461/7380/2449 2463/7378/2451 2433/3715/2421
f 647/7381/622 610/7382/585 612/627/587
f 610/625/585 3536/7383/3528 611/7384/586
f 612/7385/587 611/626/586 2466/3788/2454
f 3665/7386/3656 613/7387/588 615/630/590
f 613/628/588 2673/4349/2665 614/7388/589
f 615/7389/590 614/629/589 3534/7390/3526
f 3535/7391/3527 616/7392/591 618/633/593
f 616/631/591 2669/4340/2661 617/7393/592
f 618/7394/593 617/632/592 2474/3806/2462
f 3666/7395/3657 619/7396/594 621/636/596
f 619/634/594 3539/7397/3530 620/7398/595
f 621/7399/596 620/635/595 2500/7400/2488
f 3667/7401/3658 622/7402/597 624/639/599
f 622/637/597 3668/7403/3659 623/7404/598
f 624/7405/599 623/638/598 3537/7406/3529
f 3538/7407/35 625/7408/600 627/642/602
f 625/640/600 3669/7409/3660 626/7410/601
f 627/7411/602 626/641/601 3541/7412/3532
f 3665/7386/3656 628/7413/603 630/645/605
f 628/643/603 3670/7414/3661 629/7415/604
f 630/7416/605 629/644/604 3671/7417/3662
f 1749/2338/1733 631/7418/606 633/648/608
f 631/646/606 3672/7419/3663 632/7420/607
f 633/7421/608 632/647/607 3540/7422/3531
f 2504/3880/2492 634/7423/609 636/651/611
f 634/649/609 3542/7424/3533 635/7425/610
f 636/7426/611 635/650/610 3673/7427/3664
f 3667/7401/3658 639/7428/614 638/7429/613
f 639/3859/614 3667/7430/3658 1744/7431/1728
f 3666/7395/3657 641/7432/616 640/7433/615
f 641/3862/616 3666/7434/3657 2493/7435/2481
f 2495/7436/2483 3674/7437/3665 643/3867/618
f 644/7438/619 643/658/618 3674/7439/3665
f 647/7381/622 646/661/621 1752/6965/1736
f 2499/3873/2487 3672/7419/3663 2486/7440/2474
f 3672/7441/3663 2499/3876/2487 2500/7400/2488
f 2502/3878/2490 3670/7414/3661 2483/7442/2471
f 3670/7443/3661 2502/3881/2490 2504/7444/2492
f 2506/7445/2494 3543/7446/3534 649/3886/624
f 650/7447/625 649/664/624 3543/6968/3534
f 2509/3890/2497 2707/7448/2699 2507/7449/2495
f 1755/7450/1739 2703/7451/2695 2513/7452/2501
f 2703/4433/2695 3675/7453/3666 2513/7452/2501
f 2517/3905/2505 543/3524/521 1664/7454/1645
f 2520/3914/2508 1759/2350/1743 648/3913/623
f 3676/7455/3667 2526/3930/2514 2528/7456/2516
f 2526/3926/2514 3676/7457/3667 2527/7458/2515
f 2531/3934/2519 2533/3938/2521 1762/7459/1746
f 2535/3942/2523 652/3946/627 2536/7460/2524
f 652/7461/627 2535/6972/2523 651/3944/626
f 2550/7462/2539 653/7463/628 655/671/630
f 653/669/628 3547/7464/3538 654/7465/629
f 655/7466/630 654/670/629 3677/7467/3668
f 2546/7468/2535 656/7469/631 658/674/633
f 656/672/631 2531/7470/2519 657/7471/632
f 658/7472/633 657/673/632 3545/7473/3536
f 3546/7474/3537 659/7475/634 661/677/636
f 659/675/634 3676/7457/3667 660/7476/635
f 661/7477/636 660/676/635 3678/7478/3669
f 1666/3517/1649 13/2223/1648 2506/3972/2494
f 663/3887/639 1774/7479/1759 2509/3976/2497
f 2549/3990/2538 2546/3980/2535 2552/7480/2541
f 2550/7462/2539 666/7481/642 665/3987/641
f 666/7482/642 2550/3986/2539 2725/7483/2717
f 2553/3993/2542 2552/3991/2541 1775/7484/1760
f 3679/7485/3670 2557/4029/2548 686/708/662
f 554/7486/528 794/7487/774 61/7488/1769
f 3679/7485/3670 62/7489/1771 2741/7490/2733
f 699/729/675 696/7491/671 1785/4048/1777
f 797/852/779 74/4544/60 73/4063/59
f 2562/4059/2554 2567/4068/2559 1788/6982/1780
f 2569/4070/2561 2570/4074/2562 2571/7492/2563
f 699/729/675 2564/4062/2556 2575/7493/2567
f 2380/4083/2368 2579/4087/2571 2577/4082/2569
f 1796/2421/1788 701/7494/677 703/733/679
f 701/731/677 3680/7495/3671 702/7496/678
f 703/7497/679 702/732/678 1793/7498/1785
f 2587/7499/2579 3548/7500/3539 2584/7501/2576
f 2590/4111/2582 704/7502/680 3680/7503/3671
f 706/7504/682 3680/7495/3671 704/4113/680
f 1799/4115/1791 2592/4118/2584 2579/4085/2571
f 2593/7505/2585 3550/7506/3541 2594/7507/2586
f 2593/7505/2585 2594/7508/2586 2571/7492/2563
f 2595/7509/2587 3651/7510/3642 2597/7511/2589
f 2595/7509/2587 2597/7512/2589 3549/7513/3540
f 2598/7514/2590 3653/7515/3644 2599/7516/2591
f 2598/7514/2590 2599/7517/2591 2575/7493/2567
f 3681/7518/3672 1811/7519/1803 2601/7520/2593
f 1811/7521/1803 1810/2437/1802 2601/7520/2593
f 2604/7522/2596 2607/4597/2599 2606/7523/2598
f 2604/7522/2596 2606/4156/2598 3551/7524/3542
f 3682/7525/3673 707/4590/683 709/739/685
f 707/737/683 2766/7526/2758 708/7527/684
f 709/7528/685 708/738/684 1694/7529/1678
f 1709/2285/1693 1710/7530/1694 2611/7344/2603
f 3683/7531/3674 2615/7532/2607 2616/7533/2608
f 2615/7534/2607 3552/7535/3543 2616/7533/2608
f 3684/7536/3675 2620/7537/2612 2618/7538/2610
f 2622/7539/2614 2621/4194/2613 3664/7540/3655
f 3685/7541/3676 717/7542/693 719/755/695
f 717/753/693 3555/7543/3546 718/7544/694
f 719/7545/695 718/754/694 2808/4681/2800
f 3686/7546/3677 720/7547/696 722/758/698
f 720/756/696 3684/7548/3675 721/7549/697
f 722/7550/698 721/757/697 3553/7551/3544
f 3554/7552/3545 723/7553/699 725/761/701
f 723/759/699 3683/7554/3674 724/7555/700
f 725/7556/701 724/760/700 2809/7557/2801
f 3687/7558/3678 726/7559/702 728/764/704
f 726/762/702 3558/7560/3549 727/7561/703
f 728/7562/704 727/763/703 3688/7563/3679
f 3689/7564/3680 729/7565/705 731/767/707
f 729/765/705 3663/7566/3654 730/7567/706
f 731/7568/707 730/766/706 3556/7569/3547
f 3557/7570/3548 732/7571/708 734/770/710
f 732/768/708 3661/7572/3652 733/7573/709
f 734/7574/710 733/769/709 3690/7575/3681
f 3691/7576/3682 735/7577/711 737/773/713
f 735/771/711 3561/7578/3552 736/7579/712
f 737/7580/713 736/772/712 3692/7581/3683
f 3693/7582/3684 738/7583/714 740/776/716
f 738/774/714 3688/7584/3679 739/7585/715
f 740/7586/716 739/775/715 3559/7587/3550
f 3560/7588/3551 741/7589/717 743/779/719
f 741/777/717 3690/7590/3681 742/7591/718
f 743/7592/719 742/778/718 3694/7593/3685
f 3695/7594/3686 744/7595/720 746/782/722
f 744/780/720 3564/7596/3555 745/7597/721
f 746/7598/722 745/781/721 3685/7599/3676
f 3696/7600/3687 747/7601/723 749/785/725
f 747/783/723 3692/7602/3683 748/7603/724
f 749/7604/725 748/784/724 3562/7605/3553
f 3563/7606/3554 750/7607/726 752/788/728
f 750/786/726 3694/7608/3685 751/7609/727
f 752/7610/728 751/787/727 3686/7611/3677
f 2653/7612/2645 1851/4311/1843 2656/7613/2648
f 2653/7612/2645 2656/7614/2648 3697/7615/3688
f 2678/4383/2670 2658/7616/2650 1849/7617/1841
f 1849/2494/1841 2659/7618/2651 1850/7619/1842
f 1854/7620/1846 753/7621/729 755/791/731
f 753/789/729 3698/7622/3689 754/7623/730
f 755/7624/731 754/790/730 3699/7625/3690
f 774/4329/750 1858/4331/1850 867/7626/849
f 2666/7627/2658 2669/4340/2661 2667/4335/2659
f 2670/4345/2662 2673/4349/2665 2671/4344/2663
f 3697/7628/3688 756/7629/732 758/794/734
f 756/792/732 3568/7630/3559 757/7631/733
f 758/7632/734 757/793/733 3668/7633/3659
f 3699/7634/3690 759/7635/735 761/797/737
f 759/795/735 859/4813/841 760/7636/736
f 761/7637/737 760/796/736 3566/7638/3557
f 3567/7639/3558 762/7640/738 764/800/740
f 762/798/738 856/7641/838 763/7642/739
f 764/7643/740 763/799/739 3669/7644/3660
f 2676/7645/2668 767/4378/743 2652/4377/2644
f 767/7646/743 2676/4376/2668 765/7647/741
f 2693/7648/2685 770/7649/746 1868/7650/1860
f 1873/7651/1865 2677/4384/2669 2678/7652/2670
f 2677/4380/2669 1872/2522/1864 1871/2520/1863
f 772/7653/748 873/7654/855 773/809/749
f 873/945/855 772/808/748 98/87/84
f 2676/7645/2668 2686/4399/2678 2685/7036/2677
f 768/804/744 2693/4408/2685 2692/4411/2684
f 3677/7655/3668 2698/7656/2690 2696/7657/2688
f 2696/7658/2688 2698/7656/2690 2699/4420/2691
f 3678/7659/3669 2701/7660/2693 2700/7661/2692
f 2700/7662/2692 2701/7660/2693 3569/7663/3560
f 3570/7664/3561 777/7665/753 3700/7666/3691
f 777/7667/753 3570/7044/3561 776/7668/752
f 3675/7669/3666 2704/7670/2696 2702/7671/2694
f 2702/7672/2694 2704/7670/2696 1884/4438/1876
f 778/816/754 3701/7673/3692 779/7674/755
f 2690/4405/2682 781/7675/757 783/821/759
f 781/819/757 3702/7676/3693 782/7677/758
f 783/7678/759 782/820/758 2692/4411/2684
f 2714/4461/2706 2713/4457/2705 2717/7048/2709
f 2720/4499/2712 1778/4470/1763 2721/4466/2713
f 2723/7679/2715 2725/4477/2717 2724/4473/2716
f 2728/4481/2720 2730/4485/2722 2713/7680/2705
f 2731/4487/2723 2733/4491/2725 1890/7681/1882
f 2735/4496/2727 2736/4500/2728 2720/7682/2712
f 2741/4528/2733 3703/7683/3694 3704/7684/3695
f 3153/5529/3144 799/7685/781 801/857/783
f 799/855/781 2753/4569/2745 800/7686/782
f 801/7687/783 800/856/782 2958/7688/2950
f 3705/7689/3696 802/7690/784 804/860/786
f 804/7691/786 803/859/785 3706/7692/3697
f 2753/7693/2745 2758/7694/2750 2960/7695/2952
f 2761/7696/2753 3573/7697/3564 2763/7698/2755
f 2761/7696/2753 2763/7699/2755 3707/7700/3698
f 2765/7701/2757 2766/7526/2758 3572/7702/3563
f 2767/7703/2759 2605/7704/2597 3708/7705/3699
f 3709/7706/3700 812/7707/794 814/875/796
f 812/873/794 3576/7708/3567 813/7709/795
f 814/7710/796 813/874/795 3681/7711/3672
f 2794/4659/2786 815/7712/797 817/878/799
f 815/876/797 3710/7713/3701 816/7714/798
f 817/7715/799 816/877/798 3574/7716/3565
f 3575/7717/3566 818/7718/800 820/881/802
f 818/879/800 2783/4641/2775 819/7719/801
f 820/7720/802 819/880/801 3711/7721/3702
f 2785/7722/2777 1918/7723/1910 3712/7724/3703
f 3712/7725/3703 1918/7723/1910 3709/7726/3700
f 2787/7727/2779 2792/4657/2784 2791/7728/2783
f 3713/7729/3704 2796/4663/2788 2795/4661/2787
f 3714/7730/3705 2803/7731/2795 2801/7732/2793
f 2803/7733/2795 3577/7734/3568 1927/2601/1919
f 3715/7735/3706 2808/7736/2800 2806/7737/2798
f 1926/2599/1918 825/7738/807 827/893/809
f 825/891/807 2809/4689/2801 826/7739/808
f 827/7740/809 826/892/808 3716/7741/3707
f 3689/7564/3680 2811/7742/2803 2810/7743/2802
f 2810/7744/2802 2811/7742/2803 2792/7745/2784
f 3687/7558/3678 828/7746/810 830/896/812
f 828/894/810 2822/7747/2814 829/7748/811
f 830/7749/812 829/895/811 3578/7750/3569
f 3579/7751/3570 831/7752/813 833/899/815
f 831/897/813 3717/7753/3708 832/7754/814
f 833/7755/815 832/898/814 3718/7756/3709
f 834/900/816 3719/7757/3710 835/7758/817
f 836/7759/818 835/901/817 3714/7760/3705
f 836/7759/818 3714/7761/3705 3720/7762/3711
f 3582/7763/3573 837/4720/819 839/905/821
f 837/903/819 3721/7764/3712 838/7765/820
f 839/7766/821 838/904/820 3715/7767/3706
f 2822/4725/2814 2823/7768/2815 3586/7085/3577
f 3722/7769/3713 3696/7770/3687 841/7771/823
f 3722/7769/3713 841/907/823 840/7772/822
f 842/7773/824 841/907/823 3723/7774/3714
f 3724/7775/3715 843/7776/825 845/911/827
f 843/909/825 3695/7777/3686 844/7778/826
f 845/7779/827 844/910/826 3725/7780/3716
f 2832/7781/2824 3725/7782/3716 2836/7783/2828
f 2832/7781/2824 2836/7784/2828 3721/7785/3712
f 2839/4763/2831 851/7786/833 850/4774/832
f 851/7787/833 2839/7788/2831 124/114/109
f 3671/7789/3662 2842/7790/2834 2841/7791/2833
f 2841/7792/2833 2842/7790/2834 2839/4780/2831
f 3673/7793/3664 2845/7794/2837 2843/7795/2835
f 2843/7796/2835 2845/7794/2837 2847/4789/2839
f 2849/4823/2841 2848/4791/2840 2851/4795/2843
f 857/7797/839 862/4815/844 858/929/840
f 2846/7798/2838 2862/4839/2854 2863/4843/2855
f 1952/7799/1944 977/4824/959 2851/4795/2843
f 2859/4828/2851 2854/4802/2846 1954/7800/1946
f 858/4814/840 863/4835/845 2861/4837/2853
f 1950/2633/1942 2861/7801/2853 864/7802/846
f 2862/4841/2854 2674/4373/2666 856/4840/838
f 2865/7803/2857 1965/7804/1957 884/7805/866
f 2867/4865/2859 2868/4866/2860 1963/7806/1955
f 2866/4867/2858 3700/7807/3691 885/7808/867
f 3726/7809/3717 886/7810/868 888/971/870
f 886/969/868 3592/7811/3583 887/7812/869
f 888/7813/870 887/970/869 2891/7814/2883
f 3727/7815/3718 889/7816/871 891/974/873
f 889/972/871 3702/7676/3693 890/7817/872
f 891/7818/873 890/973/872 3590/7819/3581
f 3591/7820/3582 892/7821/874 894/977/876
f 892/975/874 3701/7673/3692 893/7822/875
f 894/7823/876 893/976/875 2881/7824/2873
f 2867/4865/2859 897/7825/879 140/7826/125
f 2881/4902/2873 2882/4905/2874 1974/7100/1966
f 2885/4909/2877 2886/4913/2878 2887/7827/2879
f 2891/4917/2883 2892/4921/2884 2893/7828/2885
f 2897/4926/2889 2899/4930/2891 2900/7102/2892
f 1977/2682/1969 2905/7829/2897 2915/4972/2907
f 2906/4937/2898 2908/4941/2900 2909/7830/2901
f 3728/7831/3719 901/7832/883 903/986/885
f 901/984/883 3595/7833/3586 902/7834/884
f 903/7835/885 902/985/884 2728/7836/2720
f 3067/5342/3058 904/7837/886 906/989/888
f 904/987/886 2897/7838/2889 905/7839/887
f 906/7840/888 905/988/887 3593/7841/3584
f 3594/7842/3585 907/7843/889 909/992/891
f 907/990/889 2906/7844/2898 908/7845/890
f 909/7846/891 908/991/890 2731/7847/2723
f 914/4512/896 2738/4982/2730 915/1000/897
f 2916/7848/2908 791/4984/769 2909/7830/2901
f 2925/5010/2917 932/7849/914 3729/7850/3720
f 933/5421/915 3729/7851/3720 932/5011/914
f 2928/5015/2920 2930/5019/2922 2931/7852/2923
f 2935/5024/2927 2936/5028/2928 2937/7853/2929
f 2953/5049/2945 2939/5030/2931 1051/7854/1033
f 2956/7855/2948 2955/7856/2947 2952/5048/2944
f 2959/7857/2951 2952/7858/2944 2955/7859/2947
f 2944/7860/2936 2942/5033/2934 2960/7695/2952
f 3730/7861/3721 2963/7862/2955 3731/7863/3722
f 2963/7864/2955 3598/7865/3589 2964/7866/2956
f 3732/7867/3723 934/7868/916 936/1035/918
f 934/1033/916 3707/7869/3698 935/7870/917
f 936/7871/918 935/1034/917 3596/7872/3587
f 3597/7873/3588 937/7874/919 939/1038/921
f 937/1036/919 3708/7875/3699 938/7876/920
f 939/7877/921 938/1037/920 3733/7878/3724
f 3734/7879/3725 940/7880/922 942/1041/924
f 940/1039/922 3601/7881/3592 941/7882/923
f 942/7883/924 941/1040/923 3155/7884/3146
f 3735/7885/3726 943/7886/925 945/1044/927
f 943/1042/925 2770/5098/2762 944/7887/926
f 945/7888/927 944/1043/926 3599/7889/3590
f 3600/7890/3591 946/7891/928 948/1047/930
f 946/1045/928 2773/7892/2765 947/7893/929
f 948/7894/930 947/1046/929 3159/7895/3150
f 2980/7896/2971 2984/5118/2975 2981/5114/2972
f 2985/5119/2976 2986/5123/2977 2987/7897/2978
f 171/7898/156 2804/7899/2796 3736/7900/3727
f 2991/7901/2982 2980/5113/2971 2979/7902/2970
f 3737/7903/3728 3738/7904/3729 3691/7905/3682
f 3739/7906/3730 952/7907/934 951/1050/933
f 949/1048/931 3740/7908/3731 950/7909/932
f 951/7910/933 950/1049/932 3693/7911/3684
f 2012/2753/2002 3698/7622/3689 2014/7134/2004
f 2020/2775/2010 2023/7912/2013 998/7913/980
f 3008/5223/2999 2026/7914/2016 1006/1150/988
f 1006/7915/988 1005/1149/987 3008/7916/2999
f 3001/5213/2992 3185/5636/3176 2025/7917/2015
f 2029/5216/2019 3184/7918/3175 132/2654/117
f 3006/5221/2997 3007/5224/2998 3008/7916/2999
f 1007/1151/989 1009/5226/991 3009/5243/3000
f 3012/5230/3003 3002/5214/2993 3001/5229/2992
f 3002/7919/2993 3012/7135/3003 3013/5232/3004
f 3727/7815/3718 1010/7920/992 1012/1156/994
f 1010/1154/992 3741/7921/3732 1011/7922/993
f 1012/7923/994 1011/1155/993 3006/7924/2997
f 3726/7809/3717 1013/7925/995 1015/1159/997
f 1013/1157/995 3742/7926/3733 1014/7927/996
f 1015/7928/997 1014/1158/996 3604/7929/3595
f 2035/7930/2025 3016/5247/3007 1007/7931/989
f 3016/5244/3007 2035/2805/2025 2034/2803/2024
f 3019/7932/3010 3021/7933/3012 896/7934/878
f 3023/7935/3014 3026/7936/3017 3605/7937/3596
f 3606/7938/3597 3030/7939/3021 3028/7940/3019
f 3028/7941/3019 3030/7939/3021 899/4897/881
f 3038/5284/3029 3037/5279/3028 3041/7942/3032
f 2046/7943/2036 3050/5301/3041 1182/1386/1163
f 3070/5354/3061 1019/7944/1001 1021/1165/1003
f 1019/1163/1001 3609/7945/3600 1020/7946/1002
f 1021/7947/1003 1020/1164/1002 2887/7827/2879
f 3743/7948/3734 3051/7949/3042 3048/7950/3039
f 3048/7951/3039 3051/7949/3042 3607/7952/3598
f 3608/7953/3599 1022/7954/1004 1024/1168/1006
f 1022/1166/1004 3041/5285/3032 1023/7955/1005
f 1024/7956/1006 1023/1167/1005 2893/7828/2885
f 3058/7957/3049 3057/5322/3048 3744/7958/3735
f 3061/7959/3052 3611/7960/3602 3063/7961/3054
f 3052/7962/3043 3063/7963/3054 3053/7964/3044
f 3065/7965/3056 3067/7966/3058 3610/7967/3601
f 3068/7968/3059 3728/7969/3719 3069/7970/3060
f 3068/7968/3059 3069/7971/3060 3057/7972/3048
f 3070/5354/3061 3071/5358/3062 3072/7158/3063
f 2062/2839/2052 3075/5365/3066 3076/7973/3067
f 1028/7974/1010 3743/7975/3734 1029/1174/1011
f 3743/7948/3734 1028/1173/1010 3078/7976/3069
f 3084/5375/3075 3083/5373/3074 2065/7977/2055
f 3088/5384/3079 3087/5379/3078 3091/7978/3082
f 3093/5393/3084 2068/5388/2058 3095/5392/3086
f 3123/7979/3114 1030/7980/1012 1032/1177/1014
f 1030/1175/1012 3614/7981/3605 1031/7982/1013
f 1032/7983/1014 1031/1176/1013 795/7984/775
f 3745/7985/3736 1033/7986/1015 1035/1180/1017
f 1033/1178/1015 3746/7987/3737 1034/7988/1016
f 1035/7989/1017 1034/1179/1016 3612/7990/3603
f 3613/7991/3604 1036/7992/1018 1038/1183/1020
f 1036/1181/1018 3747/7993/3738 1037/7994/1019
f 1038/7995/1020 1037/1182/1019 3703/7996/3694
f 3729/7997/3720 3106/7998/3097 3105/7999/3096
f 3106/8000/3097 3616/8001/3607 3105/7999/3096
f 2937/5027/2929 3108/8002/3099 3107/8003/3098
f 3108/8004/3099 927/4998/909 3107/8003/3098
f 3615/8005/3606 3110/8006/3101 3109/8007/3100
f 3110/8008/3101 924/4995/906 3109/8007/3100
f 3113/5443/3104 3112/5439/3103 3116/8009/3107
f 3748/8010/3739 1039/8011/1021 1041/1186/1023
f 1039/1184/1021 3745/8012/3736 1040/8013/1022
f 1041/8014/1023 1040/1185/1022 205/8015/190
f 3121/5461/3112 3120/5456/3111 3123/8016/3114
f 3130/5488/3121 1042/8017/1024 1044/1189/1026
f 1042/1187/1024 3619/8018/3610 1043/8019/1025
f 1044/8020/1026 1043/1188/1025 3112/8021/3103
f 3749/8022/3740 1045/8023/1027 1047/1192/1029
f 1045/1190/1027 3750/8024/3741 1046/8025/1028
f 1047/8026/1029 1046/1191/1028 3617/8027/3608
f 3618/8028/3609 1048/8029/1030 1050/1195/1032
f 1048/1193/1030 3279/5918/3270 1049/8030/1031
f 1050/8031/1032 1049/1194/1031 3748/8032/3739
f 3751/8033/3742 3130/8034/3121 1795/2418/1787
f 3125/5467/3116 3751/8035/3742 2094/5492/2083
f 3133/8036/3124 3620/7180/3611 705/8037/681
f 3620/8038/3611 3133/5494/3124 3132/8039/3123
f 3137/5498/3128 3749/8040/3740 3126/8041/3117
f 3749/8022/3740 3137/5501/3128 3138/8042/3129
f 1208/5506/1189 3752/8043/3743 3753/8044/3744
f 3621/7182/3612 3144/5511/3135 3145/8045/3136
f 3622/8046/3613 2925/8047/2917 3147/8048/3138
f 3150/8049/3141 2929/5016/2921 3151/8050/3142
f 3150/8049/3141 3151/8051/3142 3145/8045/3136
f 1055/8052/1037 3752/8043/3743 1056/1201/1038
f 3752/8053/3743 1055/1200/1037 3152/7187/3143
f 3754/8054/3745 3153/8055/3144 3154/5531/3145
f 3153/5529/3144 3754/8056/3745 2102/5534/2091
f 3156/8057/3147 3623/7188/3614 3755/8058/3746
f 3623/8059/3614 3156/5536/3147 3155/7884/3146
f 3158/5538/3149 3705/8060/3696 2754/8061/2746
f 3705/7689/3696 3158/5541/3149 3159/7895/3150
f 2987/5122/2978 1057/8062/1039 1059/1204/1041
f 1057/1202/1039 3735/8063/3726 1058/8064/1040
f 1059/8065/1041 1058/1203/1040 3624/8066/3615
f 3756/8067/3747 3162/8068/3153 3757/8069/3748
f 2783/8070/2775 1060/8071/1042 1062/1207/1044
f 1060/1205/1042 3627/8072/3618 1061/8073/1043
f 1062/8074/1044 1061/1206/1043 3733/7878/3724
f 3710/8075/3701 3758/8076/3749 3163/8077/3154
f 3171/5594/3162 1116/5567/1097 3164/5591/3155
f 3165/5569/3156 1113/5573/1094 3166/8078/3157
f 2021/5207/2011 3231/8079/3222 226/5611/211
f 3238/8080/3229 3629/8081/3620 3176/8082/3167
f 3177/8083/3168 3180/5625/3171 1084/1250/1066
f 3182/5629/3173 1087/5632/1069 3183/5628/3174
f 2022/2787/2012 3184/7918/3175 1090/1259/1072
f 1088/1257/1070 1090/2788/1072 3184/8084/3175
f 3185/8085/3176 3003/6039/2994 3186/5637/3177
f 3187/8086/3178 3194/5650/3185 3759/8087/3750
f 1163/1361/1144 232/5643/217 3199/5667/3190
f 233/5642/218 3190/5646/3181 1245/8088/1226
f 3187/8086/3178 3192/5648/3183 2125/7204/2114
f 3195/5651/3186 3198/8089/3189 3196/8090/3187
f 3198/8091/3189 3023/5257/3014 3196/8090/3187
f 2120/2927/2109 3202/8092/3193 3200/5661/3191
f 3202/8093/3193 3019/5250/3010 3200/5661/3191
f 3078/5367/3069 1098/8094/1080 1100/1271/1082
f 1098/1269/1080 3632/8095/3623 1099/8096/1081
f 1100/8097/1082 1099/1270/1081 3760/8098/3751
f 3076/5364/3067 1101/8099/1083 1103/1274/1085
f 1101/1272/1083 3747/7993/3738 1102/8100/1084
f 1103/8101/1085 1102/1273/1084 3630/8102/3621
f 3631/8103/3622 1104/8104/1086 1106/1277/1088
f 1104/1275/1086 3746/7987/3737 1105/8105/1087
f 1106/8106/1088 1105/1276/1087 3255/8107/3246
f 3066/5339/3057 3207/8108/3198 3224/5734/3215
f 3062/5330/3053 3209/8109/3200 3633/8110/3624
f 2136/8111/2124 3210/8112/3201 3217/5718/3208
f 1109/8113/3752 2138/8114/2126 1191/1407/1172
f 3213/5711/3204 3216/8115/3207 3214/8116/3205
f 3216/8117/3207 3635/8118/3626 3214/8116/3205
f 3218/5719/3209 3221/8119/3212 3219/8120/3210
f 3221/8121/3212 3087/5379/3078 3219/8120/3210
f 3634/8122/3625 3223/8123/3214 3222/8124/3213
f 3223/8125/3214 3083/5373/3074 3222/8124/3213
f 3732/7867/3723 1110/8126/1091 1112/1282/1093
f 1110/1280/1091 3638/8127/3629 1111/8128/1092
f 1112/8129/1093 1111/1281/1092 3761/8130/3753
f 249/1312/234 1134/5188/1115 290/284/275
f 3233/5811/3224 1089/1258/1071 3234/5807/3225
f 3236/8131/3227 3186/5809/3177 1238/8132/1219
f 3233/5811/3224 3237/6030/3228 1150/8133/1131
f 3237/8134/3228 2161/5812/2149 3316/8135/3307
f 2165/8136/2153 1154/5821/1135 3180/8137/3171
f 1167/8138/1148 1166/1367/1147 2170/7227/2158
f 263/256/248 3241/8139/3232 3246/8140/3237
f 3243/5837/3234 3245/8141/3236 3762/8142/3754
f 3762/8143/3754 2175/5852/2163 1323/8144/1304
f 3246/8145/3237 3037/5279/3028 3248/8146/3239
f 3252/5876/3243 3254/5880/3245 3255/8107/3246
f 3273/5909/3264 3260/5888/3251 2181/8147/2169
f 3263/5892/3254 1189/8148/1170 3760/8098/3751
f 1190/8149/1171 3760/8150/3751 1189/5894/1170
f 3252/5876/3243 3265/5900/3256 3266/7231/3257
f 2185/3056/2173 3268/5905/3259 3269/8151/3260
f 3273/5909/3264 3274/5912/3265 3275/8152/3266
f 3280/5923/3271 3279/5918/3270 3282/8153/3273
f 3763/8154/3755 3750/8024/3741 3764/8155/3756
f 2198/3071/2186 1194/8156/1175 1193/5942/1174
f 1194/5929/1175 2198/8157/2186 2191/8158/2179
f 3286/8159/3277 3765/8160/3757 3287/5934/3278
f 3218/5719/3209 3287/5938/3278 3765/8161/3757
f 2194/3065/2182 1197/8162/1178 1196/3070/1177
f 3766/8163/3758 3292/5943/3283 2198/8164/2186
f 3766/8163/3758 2198/8157/2186 3767/8165/3759
f 282/8166/267 3299/8167/3290 3285/8168/3276
f 3285/5932/3276 3299/8167/3290 3286/8169/3277
f 3761/8170/3753 1198/8171/1179 1200/1418/1181
f 1198/1416/1179 3642/8172/3633 1199/8173/1180
f 1200/8174/1181 1199/1417/1180 3132/8039/3123
f 3304/5977/3295 1205/1423/1186 1204/8175/1185
f 3303/8176/3294 3768/8177/3760 2205/5974/2193
f 1215/5984/1196 3308/8178/3299 3310/5987/3301
f 1227/1453/1208 1229/5763/1210 3314/8179/3305
f 1238/1468/1219 1240/8180/1221 3319/6038/3310
f 1317/6204/1298 3188/6220/3179 3759/8087/3750
f 1246/6199/1227 1245/1479/1226 1243/6048/1224
f 1312/6200/1293 1246/8181/1227 1243/6048/1224
f 2219/8182/2207 3341/6178/3332 3352/8183/3343
f 3341/8184/3332 2219/3111/2207 3769/8185/3761
f 1212/5988/1193 1343/1644/1324 3306/5979/3297
f 1216/8186/1197 3307/5980/3298 1210/8187/1191
f 1132/1310/1113 3228/5761/3219 3335/8188/3326
f 3336/8189/3327 3335/6143/3326 3228/8190/3219
f 1130/1307/1111 3333/8191/3324 3227/8192/3218
f 3333/6139/3324 1130/5760/1111 1346/1650/1327
f 3314/6017/3305 3335/6143/3326 2232/6142/2220
f 3337/6145/3328 3334/8193/3325 356/1761/341
f 3346/8194/3337 2239/3179/2227 372/6349/357
f 3344/6185/3335 3348/6209/3339 3349/8195/3340
f 3340/6177/3331 3351/6213/3342 3352/8183/3343
f 3353/6214/3344 3354/6218/3345 3355/8196/3346
f 3390/6359/3381 3357/8197/3348 3388/6355/3379
f 3388/8198/3379 3357/8197/3348 3243/8199/3234
f 3395/6373/3386 3359/8200/3350 3394/6369/3385
f 3394/8201/3385 3361/8202/3352 3644/8203/3635
f 2247/8204/2235 2246/3190/2234 3363/8205/3354
f 3363/8206/3354 3365/8207/3356 1167/1368/1148
f 3368/6250/3359 3272/8208/3263 3269/8151/3260
f 3368/6250/3359 3269/8209/3260 3770/8210/3762
f 2251/6252/2239 3371/6255/3362 3275/8152/3266
f 1350/1656/1331 1351/6293/1332 3380/8211/3371
f 1352/1658/1333 3332/6299/3323 1283/6134/1264
f 1294/8212/1275 368/1697/353 370/370/355
f 2264/6345/2252 1241/1477/1222 1306/8213/1287
f 3345/8214/3336 3448/6605/3439 3385/8215/3376
f 3392/6394/3383 1442/1829/1423 2269/8216/2257
f 3387/6356/3378 1324/6398/1305 2278/8217/2266
f 1392/6413/1373 3405/8218/3396 1179/5860/1160
f 3418/8219/3409 2288/3294/2276 2287/8220/2275
f 3415/8221/3406 3330/6438/3321 3331/6122/3322
f 2287/3293/2275 2289/8222/2277 1275/1545/1256
f 3419/6447/3410 3418/6442/3409 3410/6446/3401
f 3425/6600/3416 1572/6478/1553 404/6477/389
f 405/8223/390 1571/6482/1552 371/6481/356
f 1384/1715/1365 2292/6472/2280 3426/6483/3417
f 1444/6506/1425 3433/6509/3424 3404/6404/3395
f 3771/8224/3763 3270/8225/3261 3772/8226/3764
f 442/3369/427 3773/8227/3765 1459/8228/1440
f 1463/8229/1444 1544/6529/1525 1464/1865/1445
f 3382/6305/3373 3441/6548/3432 3440/8230/3431
f 365/1693/350 429/434/414 1371/6567/1352
f 1551/8231/1532 1550/6777/1531 3467/6702/3458
f 1548/2003/1529 1547/1999/1528 1466/2002/1447
f 2321/8232/2309 2320/3408/2308 3774/8233/3766
f 2321/8232/2309 3774/8234/3766 3775/8235/3767
f 463/8236/448 1580/2062/1561 464/472/449
f 1580/8237/1561 463/471/448 445/451/430
f 2323/3415/2311 1453/1846/1434 3469/6743/3460
f 2324/6762/2312 473/481/458 1590/2085/1571
f 3468/8238/3459 1640/6764/1621 2323/8239/2311
f 1637/2176/1618 1592/2087/1573 1591/8240/1572
f 1581/6746/1562 2326/3420/2314 1591/8240/1572
f 3472/6773/3463 3776/8241/3768 1584/8242/1565
f 1547/2001/1528 3477/6788/3468 3476/8243/3467
f 1602/8244/1583 1472/1878/1453 1471/8245/1452
f 3480/6798/3471 2330/3427/2318 1603/2105/1584
f 1580/8237/1561 493/2139/478 464/472/449
f 493/501/478 1631/2164/1612 1619/8246/1600
f 476/6848/461 471/502/456 470/2098/455
f 1540/6850/1521 499/6851/484 1628/6842/1609
f 3777/8247/3769 3778/8248/3770 500/8249/485
f 513/8250/498 2331/3432/2319 511/6804/496
f 20/8251/535 19/6911/15 23/4058/14
f 28/22/20 1670/8252/1655 1672/2239/1657
f 1672/8253/1657 1671/2238/1656 3521/6914/3513
f 3521/8254/3513 1673/6913/1658 1675/2242/1660
f 1675/2243/1660 1674/2241/1659 2387/3590/2375
f 3521/8254/3513 1675/8255/1660 1677/2245/1662
f 1675/2243/1660 2387/8256/2375 1676/8257/1661
f 1677/8258/1662 1676/2244/1661 2578/8259/2570
f 3779/8260/2382 1678/8261/1663 1679/2248/1664
f 1678/2246/1663 3522/8262/3514 33/27/25
f 1679/8263/1664 33/2247/25 3524/6920/3516
f 3522/6915/3514 1680/8264/1665 31/2251/23
f 1680/2249/1665 2372/3560/2360 1681/8265/1666
f 31/25/23 1681/2250/1666 3523/8266/3515
f 3524/8267/3516 32/26/24 1683/2254/1668
f 32/2252/24 3523/6917/3515 1682/8268/1667
f 1683/8269/1668 1682/2253/1667 3780/8270/3771
f 2424/3701/2412 1684/8271/1669 1685/2257/1670
f 1684/2255/1669 3525/8272/3517 36/30/28
f 1685/8273/1670 36/2256/28 3527/6926/3519
f 3525/6921/3517 1686/8274/1671 34/2260/26
f 1686/2258/1671 3659/8275/3650 1687/8276/1672
f 34/28/26 1687/2259/1672 3526/8277/3518
f 3527/8278/3519 35/29/27 1689/2263/1673
f 35/2261/27 3526/6923/3518 1688/8279/1673
f 1689/8280/1673 1688/2262/1673 3779/8281/2382
f 3781/8282/3772 1690/8283/1674 1692/2266/1676
f 1690/2264/1674 3528/8284/3520 1691/6929/1675
f 1692/8285/1676 1691/2265/1675 3529/6931/3521
f 3528/6927/3520 1693/8286/1677 1695/2269/1679
f 1693/2267/1677 3782/8287/3773 1694/7529/1678
f 3529/8288/3521 1695/6928/1679 1697/2272/1681
f 1695/2270/1679 1694/2268/1678 1696/4163/1680
f 1697/8289/1681 1696/2271/1680 2389/3593/2377
f 2432/3713/2420 1698/8290/1682 1700/2275/1684
f 1698/2273/1682 3530/8291/3522 1699/6934/1683
f 1700/8292/1684 1699/2274/1683 3654/8293/3645
f 3530/6932/3522 1701/8294/1685 1703/2278/1687
f 1701/2276/1685 3781/8295/3772 1702/8296/1686
f 3654/8297/3645 1699/2274/1683 1705/2281/1689
f 1699/2279/1683 1703/6933/1687 1704/8298/1688
f 1705/8299/1689 1704/2280/1688 3659/8300/3650
f 2425/3703/2413 76/65/62 598/741/573
f 1707/8301/1691 3783/8302/3774 1708/2284/1692
f 3783/8303/3774 1707/2283/1691 2426/8304/2414
f 1708/8305/1692 2424/8306/2412 1710/2287/1694
f 2424/3701/2412 1708/2286/1692 3783/8307/3774
f 1713/3732/1697 2439/8308/2427 1711/7354/1695
f 1711/2288/1695 2785/4648/2777 1712/8309/1696
f 2444/8310/2432 1712/2289/1696 3784/8311/3775
f 3785/8312/3776 1714/8313/1698 1715/2293/1699
f 1714/2291/1698 3531/8314/3523 39/33/31
f 1715/8315/1699 39/2292/31 3532/6941/3524
f 39/6940/31 2451/6937/2439 37/8316/29
f 2451/8317/2439 2437/8318/2425 37/8316/29
f 3532/8319/3524 38/32/30 1717/2296/1701
f 38/2294/30 2454/6938/2442 1716/8320/1700
f 1717/8321/1701 1716/2295/1700 2452/8322/2440
f 2623/8323/2615 1718/8324/1702 1720/2299/1704
f 1718/2297/1702 1723/8325/1707 1719/6944/1703
f 1721/2300/1705 2452/8326/2440 1722/8327/1706
f 1723/6942/1707 1722/2301/1706 3533/8328/3525
f 1720/8329/1704 1719/2298/1703 1725/2305/1709
f 1719/2303/1703 3533/6943/3525 1724/8330/1708
f 1725/8331/1709 1724/2304/1708 2426/8304/2414
f 2498/3871/2486 1726/8332/1710 1727/2308/1711
f 1726/2306/1710 3534/8333/3526 42/36/34
f 1727/8334/1711 42/2307/34 3536/6950/3528
f 3534/6945/3526 1728/8335/1712 40/2311/32
f 1728/2309/1712 2672/4346/2664 1729/8336/1713
f 40/34/32 1729/2310/1713 3535/8337/3527
f 3536/8338/3528 41/35/33 1731/2314/1715
f 41/2312/33 3535/6947/3527 1730/8339/1714
f 1731/8340/1715 1730/2313/1714 2471/3800/2459
f 3786/8341/3777 1732/8342/1716 1733/2317/1717
f 1732/2315/1716 3537/8343/3529 45/39/37
f 1733/8344/1717 45/2316/37 3539/6956/3530
f 3537/6951/3529 1734/8345/1718 43/2320/35
f 1734/2318/1718 3787/8346/3778 1735/8347/1719
f 43/37/35 1735/2319/1719 3538/8348/35
f 3539/8349/3530 44/38/36 1737/2323/1721
f 44/2321/36 3538/6953/35 1736/8350/1720
f 1737/8351/1721 1736/2322/1720 2501/8352/2489
f 3788/8353/3779 1738/8354/1722 1739/2326/1723
f 1738/2324/1722 3540/8355/3531 48/42/40
f 1739/8356/1723 48/2325/40 3542/6962/3533
f 3540/6957/3531 1740/8357/1724 46/2329/38
f 1740/2327/1724 2501/8358/2489 1741/3827/1725
f 46/40/38 1741/2328/1725 3541/7412/3532
f 3542/8359/3533 47/41/39 1743/2332/1727
f 47/2330/39 3541/6959/3532 1742/3833/1726
f 1743/8360/1727 1742/2331/1726 2857/8361/2849
f 3786/8341/3777 51/6963/43 1745/8362/1729
f 51/8363/43 3786/8364/3777 49/8365/41
f 49/43/41 2496/3869/2484 50/8366/42
f 2492/3865/2480 1744/3860/1728 2495/6964/2483
f 1747/3844/1731 1749/8367/1733 1748/2337/1732
f 1752/2341/1736 1748/8368/1732 1749/8369/1733
f 1750/3841/1734 3788/8370/3779 1751/2340/1735
f 2503/8371/2491 1751/2342/1735 3788/8372/3779
f 1751/8373/1735 2503/8374/2491 1753/2343/1737
f 2498/3871/2486 1753/8375/1737 2503/3879/2491
f 662/678/637 2508/8376/2496 2545/8377/2533
f 2545/8378/2533 2508/8376/2496 3543/6968/3534
f 2508/6966/2496 1754/8379/1738 1756/2346/1740
f 1754/2344/1738 780/4434/756 2703/8380/2695
f 3543/8381/3534 1756/6967/1740 650/665/625
f 1756/2347/1740 1755/2345/1739 1757/8382/1741
f 650/7447/625 1757/2348/1741 2521/8383/2509
f 2365/3520/2354 2364/3518/2352 1758/8384/1742
f 1758/2349/1742 2364/3518/2352 1759/8385/1743
f 3544/8386/3535 1758/6969/1742 1760/2351/1744
f 1760/8387/1744 1759/2350/1743 2518/8388/2506
f 1760/8387/1744 2518/3910/2506 2496/8389/2484
f 2529/3931/2517 1763/2359/1747 1766/3928/1750
f 1763/8390/1747 2529/8391/2517 1761/3933/1745
f 1762/3937/1746 1765/3943/1749 2535/6974/2523
f 1765/8392/1749 1762/2353/1746 1764/3939/1748
f 1766/2358/1750 1767/3941/1751 2534/8393/2522
f 2548/8394/2537 1768/8395/1752 1769/2363/1753
f 1768/2361/1752 3545/8396/3536 54/48/46
f 1769/8397/1753 54/2362/46 3547/6980/3538
f 3545/6975/3536 1770/8398/1754 52/2366/44
f 1770/2364/1754 2529/8391/2517 1771/8399/1755
f 52/46/44 1771/2365/1755 3546/8400/3537
f 3547/8401/3538 53/47/45 1773/2369/1757
f 53/2367/45 3546/6977/3537 1772/8402/1756
f 1773/8403/1757 1772/2368/1756 3789/8404/3780
f 2548/8394/2537 1777/2379/1762 1776/3983/1761
f 1777/8405/1762 2548/3982/2537 3790/8406/3781
f 3790/8407/3781 1779/8408/1764 1777/2377/1762
f 1779/8409/1764 3790/8410/3781 664/8411/640
f 2554/8412/2543 1775/3994/1760 1778/6981/1763
f 1782/8413/1770 2741/8414/2733 62/2393/1771
f 1667/8415/1772 689/8416/1773 687/2395/663
f 1788/2410/1780 2568/4071/2560 2569/8417/2561
f 3791/8418/3782 1789/2411/1781 2573/8419/2565
f 1789/8420/1781 3791/8421/3782 1790/2412/1782
f 72/61/58 1790/4060/1782 3791/8422/3782
f 1794/8423/1786 3751/8035/3742 1795/2418/1787
f 1792/2419/1784 1795/8424/1787 2921/8425/2913
f 2585/4103/2577 2580/8426/2572 2586/6984/2578
f 2580/4089/2572 1796/8427/1788 2586/6984/2578
f 1796/2421/1788 703/2414/679 1797/8428/1789
f 1798/2424/1790 1797/2422/1789 1799/8429/1791
f 3548/8430/3539 1798/6983/1790 1800/2426/1792
f 1800/8431/1792 1799/2425/1791 2578/8259/2570
f 3706/8432/3697 1801/8433/1793 1803/2429/1795
f 1801/2427/1793 3549/8434/3540 1802/6989/1794
f 1803/8435/1795 1802/2428/1794 3550/6991/3541
f 3549/6987/3540 1804/8436/1796 1806/2432/1798
f 1804/2430/1796 3780/8437/3771 1805/8438/1797
f 3550/8439/3541 1806/6988/1798 1808/2435/1800
f 1806/2433/1798 1805/2431/1797 1807/8440/1799
f 1808/8441/1800 1807/2434/1799 2573/8419/2565
f 3792/8442/3783 1809/8443/1801 1811/2438/1803
f 1809/2436/1801 3551/8444/3542 1810/6993/1802
f 3551/6992/3542 1812/8445/1804 1814/2441/1806
f 1814/8446/1806 1813/2440/1805 3682/8447/3673
f 1814/8446/1806 3682/8448/3673 1815/2444/1807
f 3782/8449/3773 1815/4150/1807 3682/8447/3673
f 3793/8450/3784 1817/8451/1809 1819/2451/1811
f 1819/6996/1811 1818/2450/1810 1822/6995/1814
f 1817/2449/1809 1820/8452/1812 1818/2454/1810
f 1820/2452/1812 2623/4197/2615 1821/8453/1813
f 1818/6994/1810 1821/2453/1813 2621/8454/2613
f 3552/8455/3543 1822/6997/1814 1824/2457/1816
f 1822/2455/1814 2621/4194/2613 1823/8456/1815
f 1824/8457/1816 1823/2456/1815 715/4171/691
f 3794/8458/3785 1825/8459/1817 1826/2460/1818
f 1825/2458/1817 3553/8460/3544 83/72/69
f 1826/8461/1818 83/2459/69 3555/7004/3546
f 3553/6999/3544 1827/8462/1819 81/2463/67
f 1827/2461/1819 3793/8463/3784 1828/8464/1820
f 81/70/67 1828/2462/1820 3554/8465/3545
f 3555/8466/3546 82/71/68 1830/2466/1822
f 82/2464/68 3554/7001/3545 1829/8467/1821
f 1830/8468/1822 1829/2465/1821 3795/8469/3786
f 3796/8470/3787 1831/8471/1823 1832/2469/1824
f 1831/2467/1823 3556/8472/3547 86/75/72
f 1832/8473/1824 86/2468/72 3558/7010/3549
f 3556/7005/3547 1833/8474/1825 84/2472/70
f 1833/2470/1825 3785/8475/3776 1834/8476/1826
f 84/73/70 1834/2471/1826 3557/8477/3548
f 3558/8478/3549 85/74/71 1836/2475/1828
f 85/2473/71 3557/7007/3548 1835/8479/1827
f 1836/8480/1828 1835/2474/1827 3797/8481/3788
f 3798/8482/3789 1837/8483/1829 1838/2478/1830
f 1837/2476/1829 3559/8484/3550 89/78/75
f 1838/8485/1830 89/2477/75 3561/7016/3552
f 3559/7011/3550 1839/8486/1831 87/2481/73
f 1839/2479/1831 3797/8487/3788 1840/8488/1832
f 87/76/73 1840/2480/1832 3560/8489/3551
f 3561/8490/3552 88/77/74 1842/2484/1834
f 88/2482/74 3560/7013/3551 1841/8491/1833
f 1842/8492/1834 1841/2483/1833 3799/8493/3790
f 3800/8494/3791 1843/8495/1835 1844/2487/1836
f 1843/2485/1835 3562/8496/3553 92/81/78
f 1844/8497/1836 92/2486/78 3564/7022/3555
f 3562/7017/3553 1845/8498/1837 90/2490/76
f 1845/2488/1837 3799/8499/3790 1846/8500/1838
f 90/79/76 1846/2489/1838 3563/8501/3554
f 3564/8502/3555 91/80/77 1848/2493/1840
f 91/2491/77 3563/7019/3554 1847/8503/1839
f 1848/8504/1840 1847/2492/1839 3794/8505/3785
f 3801/8506/3792 1849/8507/1841 1851/2496/1843
f 1851/8508/1843 1850/2495/1842 3565/7025/3556
f 1850/7023/1842 1852/8509/1844 1855/8510/1847
f 1852/2497/1844 3802/8511/3793 1853/8512/1845
f 1855/2500/1847 1852/8509/1844 1854/2499/1846
f 3565/8513/3556 1855/7024/1847 1857/2502/1849
f 1855/2500/1847 1854/8514/1846 1856/8515/1848
f 1857/8516/1849 1856/2501/1848 3803/8517/3794
f 2683/8518/2675 3804/8519/3795 1859/4330/1851
f 1860/8520/1852 1859/2504/1851 3804/8521/3795
f 3804/8522/3795 2672/4346/2664 1860/2505/1852
f 2670/4345/2662 1860/7026/1852 2672/8523/2664
f 1858/2503/1850 1860/7026/1852 2664/4332/2656
f 3803/8524/3794 1861/8525/1853 1862/2508/1854
f 1861/2506/1853 3566/8526/3557 95/84/81
f 1862/8527/1854 95/2507/81 3568/7033/3559
f 3566/7028/3557 1863/8528/1855 93/2511/79
f 1863/2509/1855 1948/4816/1940 1864/8529/1856
f 93/82/79 1864/2510/1856 3567/8530/3558
f 3568/8531/3559 94/83/80 1866/2514/1858
f 94/2512/80 3567/7030/3558 1865/8532/1857
f 1866/8533/1858 1865/2513/1857 3787/8534/3778
f 1867/2515/1859 1869/8535/1861 766/8536/742
f 1869/2521/1861 1871/4381/1863 1872/8537/1864
f 1871/8538/1863 1868/2516/1860 770/806/746
f 766/8539/742 1873/8540/1865 3801/8541/3792
f 1873/7651/1865 766/802/742 1869/2517/1861
f 98/4386/84 2679/8542/2671 96/4395/82
f 97/810/83 96/8543/82 2683/8544/2675
f 98/4386/84 97/86/83 1957/8545/1949
f 2685/4398/2677 2687/4404/2679 2689/8546/2681
f 2691/8547/2683 2689/7038/2681 1888/2541/1880
f 2693/7648/2685 2688/7035/2680 2691/7039/2683
f 3789/8548/3780 1874/8549/1866 1876/2526/1868
f 1874/2524/1866 3569/8550/3560 1875/7042/1867
f 3569/7040/3560 1877/8551/1869 1878/2529/1870
f 1877/2527/1869 3805/8552/3796 776/7668/752
f 1878/7043/1870 776/2528/752 3570/8553/3561
f 1876/8554/1868 1875/2525/1867 1880/2532/1872
f 1875/2530/1867 3570/7044/3561 1879/4868/1871
f 1880/8555/1872 1879/2531/1871 1964/8556/1956
f 3806/8557/3797 1881/8558/1873 1883/2535/1875
f 1881/2533/1873 3571/8559/3562 1882/7047/1874
f 1884/2536/1876 3807/8560/3798 1885/8561/1877
f 3571/7045/3562 1884/8562/1876 1886/2538/1878
f 1883/8563/1875 1882/2534/1874 1888/2541/1880
f 1882/2539/1874 1886/7046/1878 1887/8564/1879
f 1888/8565/1880 1887/2540/1879 2690/8566/2682
f 101/8567/87 2716/4460/2708 99/8568/85
f 99/88/85 664/4475/640 100/7051/86
f 2718/4471/2710 2717/4462/2709 2723/8569/2715
f 3808/8570/3799 1889/8571/1881 3809/8572/3800
f 1891/7052/1883 3809/8573/3800 1889/4960/1881
f 1890/4490/1882 2734/4497/2726 2735/7053/2727
f 3809/8574/3800 1891/4494/1883 2716/8575/2708
f 2563/4543/2555 2748/8576/2740 2746/4539/2738
f 2748/4547/2740 798/4037/780 2750/8577/2742
f 3810/8578/3801 1895/8579/1887 1897/2561/1889
f 1897/8580/1889 1896/2560/1888 2759/7056/2751
f 1896/7054/1888 1898/8581/1890 1900/2564/1892
f 1898/2562/1890 3706/8582/3697 1899/8583/1891
f 2759/8584/2751 1900/7055/1892 1902/2567/1894
f 1900/2565/1892 1899/2563/1891 1901/8585/1893
f 1902/8586/1894 1901/2566/1893 2961/8587/2953
f 2588/4108/2580 1903/8588/1895 1905/2570/1897
f 1903/2568/1895 3572/8589/3563 1904/7059/1896
f 1905/8590/1897 1904/2569/1896 3573/7061/3564
f 3572/7057/3563 1906/8591/1898 1908/2573/1900
f 1906/2571/1898 1813/2440/1805 1907/8592/1899
f 1908/2574/1900 1907/2572/1899 1909/8593/1901
f 3573/8594/3564 1908/7058/1900 1910/2576/1902
f 1910/8595/1902 1909/2575/1901 3811/8596/3802
f 2786/4650/2778 1911/8597/1903 1912/2580/1904
f 1911/2578/1903 3574/8598/3565 118/108/103
f 1912/8599/1904 118/2579/103 3576/7067/3567
f 3574/7062/3565 1913/8600/1905 116/2583/101
f 1913/2581/1905 3812/8601/3803 1914/8602/1906
f 116/106/101 1914/2582/1906 3575/8603/3566
f 3576/8604/3567 117/107/102 1916/2586/1908
f 117/2584/102 3575/7064/3566 1915/8605/1907
f 1916/8606/1908 1915/2585/1907 3792/8607/3783
f 3709/7706/3700 1918/7723/1910 1920/2592/1912
f 1920/8608/1912 2788/7069/2780 2787/4652/2779
f 3813/8609/3804 1921/8610/1913 1923/2595/1915
f 1923/8611/1915 1922/2594/1914 3577/7073/3568
f 1921/2593/1913 1924/8612/1916 1922/2598/1914
f 1924/2596/1916 3795/8613/3786 1925/8614/1917
f 1922/7071/1914 1925/2597/1917 1926/8615/1918
f 3577/8616/3568 1926/7072/1918 1927/2601/1919
f 1927/8617/1919 827/2600/809 3814/8618/3805
f 3796/8470/3787 1928/8619/1920 1929/2604/1921
f 1928/2602/1920 3578/8620/3569 121/111/106
f 1929/8621/1921 121/2603/106 3580/7079/3571
f 3578/7074/3569 1930/8622/1922 119/2607/104
f 1930/2605/1922 2824/8623/2816 1931/8624/1923
f 119/109/104 1931/2606/1923 3579/8625/3570
f 3580/8626/3571 120/110/105 1933/2610/1925
f 120/2608/105 3579/7076/3570 1932/8627/1924
f 1933/8628/1925 1932/2609/1924 2796/8629/2788
f 3581/7080/3572 3815/8630/3806 3582/8631/3573
f 3816/8632/3807 1937/8633/1929 1936/2613/1928
f 3583/8634/3574 3582/7081/3573 1935/8635/1927
f 3583/8634/3574 1935/2612/1927 1934/8636/1926
f 1936/8637/1928 1935/2612/1927 3813/8638/3804
f 3817/8639/3808 3818/8640/3809 2825/4728/2817
f 3819/8641/3810 1938/8642/1930 1940/2618/1932
f 3819/8641/3810 1940/7087/1932 3587/8643/3578
f 1938/2616/1930 3800/8644/3791 1939/8645/1931
f 1940/8646/1932 1939/2617/1931 3724/8647/3715
f 3820/8648/3811 3724/8649/3715 2828/8650/2820
f 124/8651/109 123/113/108 2840/4803/2832
f 2505/3883/2493 1943/8652/1935 1945/2625/1937
f 1943/2623/1935 3589/8653/3580 1944/7091/1936
f 3589/7089/3580 2847/8654/2839 2850/8655/2842
f 2847/8656/2839 1953/4794/1945 2850/8655/2842
f 1945/8657/1937 1944/2624/1936 1947/2628/1939
f 1944/2626/1936 2848/4791/2840 1946/8658/1938
f 1947/8659/1939 1946/2627/1938 1941/8660/1933
f 1955/7092/1947 2853/4807/2845 2856/8661/2848
f 1950/2633/1942 1951/8662/1943 2863/4843/2855
f 1951/2636/1943 2858/7093/2850 1952/8663/1944
f 1953/8664/1945 2863/8665/2855 1951/2635/1943
f 3821/8666/3812 1954/8667/1946 868/2641/850
f 868/2642/850 1955/2640/1947 870/8668/852
f 858/4814/840 2861/7801/2853 1950/8669/1942
f 895/978/877 1963/8670/1955 1965/2663/1957
f 1965/8671/1957 1964/2662/1956 2866/4863/2858
f 1965/8671/1957 2866/8672/2858 1962/4858/1954
f 3822/8673/3813 1966/8674/1958 1967/2666/1959
f 1966/2664/1958 3590/8675/3581 139/129/124
f 1967/8676/1959 139/2665/124 3592/7099/3583
f 3590/7094/3581 1968/8677/1960 137/2669/122
f 1968/2667/1960 3807/8560/3798 1969/8678/1961
f 137/127/122 1969/2668/1961 3591/8679/3582
f 3592/8680/3583 138/128/123 1971/2672/1963
f 138/2670/123 3591/7096/3582 1970/8681/1962
f 1971/8682/1963 1970/2671/1962 2884/8683/2876
f 1974/2679/1966 2883/4910/2875 2885/8684/2877
f 3823/8685/3814 1975/2680/1967 2889/8686/2881
f 1975/8687/1967 3823/8688/3814 1976/2681/1968
f 2884/4907/2876 1976/8689/1968 3823/8690/3814
f 2900/4929/2892 2901/4935/2893 1977/8691/1969
f 2908/8692/2900 1978/2683/1970 1987/2696/1979
f 2902/4932/2894 2904/7101/2896 1979/2684/1971
f 3824/8693/3815 1980/8694/1972 1981/2687/1973
f 1980/2685/1972 3593/8695/3584 145/135/130
f 1981/8696/1973 145/2686/130 3595/7110/3586
f 3593/7105/3584 1982/8697/1974 143/2690/128
f 1982/2688/1974 2902/8698/2894 1983/8699/1975
f 143/133/128 1983/2689/1975 3594/8700/3585
f 3595/8701/3586 144/134/129 1985/2693/1977
f 144/2691/129 3594/7107/3585 1984/8702/1976
f 1985/8703/1977 1984/2692/1976 3808/8704/3799
f 915/4981/897 2916/8705/2908 1987/2696/1979
f 2926/5012/2918 159/149/144 158/8706/143
f 2931/5018/2923 2932/5025/2924 2935/7113/2927
f 158/148/143 160/5022/145 2933/8707/2925
f 2941/5032/2933 2943/8708/2935 2939/8709/2931
f 2946/5041/2938 2939/5030/2931 2943/5034/2935
f 2943/5035/2935 2945/5042/2937 2946/8710/2938
f 2939/8711/2931 2946/5039/2938 2940/5031/2932
f 2950/8712/2942 2952/7858/2944 2959/7115/2951
f 2954/7114/2946 2959/5056/2951 2958/7688/2950
f 3825/8713/3816 1991/8714/1983 1992/2715/1984
f 1991/2713/1983 3596/8715/3587 163/153/148
f 1992/8716/1984 163/2714/148 3598/7121/3589
f 3596/7116/3587 1993/8717/1985 161/2718/146
f 1993/2716/1985 3811/8718/3802 1994/8719/1986
f 161/151/146 1994/2717/1986 3597/8720/3588
f 3598/8721/3589 162/152/147 1996/2721/1987
f 162/2719/147 3597/7118/3588 1995/8722/1987
f 1996/8723/1987 1995/2720/1987 3826/8724/3817
f 3827/8725/2965 1997/8726/1988 1998/2724/1988
f 1997/2722/1988 3599/8727/3590 166/156/151
f 1998/8728/1988 166/2723/151 3601/7127/3592
f 3599/7122/3590 1999/8729/1989 164/2727/149
f 1999/2725/1989 2772/8730/2764 2000/8731/1990
f 164/154/149 2000/2726/1990 3600/8732/3591
f 3601/8733/3592 165/155/150 2002/2730/1992
f 165/2728/150 3600/7124/3591 2001/8734/1991
f 2002/8735/1992 2001/2729/1991 3157/8736/3148
f 2984/8737/2975 2983/5120/2974 2985/8738/2976
f 168/8739/153 167/5126/152 2989/8740/2980
f 2006/8741/1996 169/8742/154 168/8743/153
f 2994/5134/2985 3798/8744/3789 3828/8745/3818
f 3802/8746/3793 2016/8747/2006 2015/8748/2005
f 2016/7133/2006 990/1121/972 2017/8749/2007
f 2014/2759/2004 965/8750/947 2012/5182/2002
f 987/1243/969 1079/8751/1061 981/5191/963
f 962/1101/944 981/1118/963 1079/1339/1061
f 2022/2787/2012 2023/7912/2013 2020/8752/2010
f 2026/8753/2016 2025/2791/2015 2028/2795/2018
f 2028/2796/2018 2027/2794/2017 2119/2926/2108
f 1006/7915/988 2029/2797/2019 1959/4857/1951
f 3015/5241/3006 3009/8754/3000 3012/8755/3003
f 3009/5225/3000 3010/5231/3001 3012/8755/3003
f 3822/8673/3813 2030/8756/2020 2032/2800/2022
f 2030/2798/2020 3604/8757/3595 2031/7138/2021
f 2032/8758/2022 2031/2799/2021 3741/8759/3732
f 3604/7137/3595 2034/5245/2024 2035/8760/2025
f 2034/8761/2024 3604/8757/3595 1014/7927/996
f 3741/8762/3732 2036/5242/2026 3015/8763/3006
f 2036/8764/2026 3741/7921/3732 2031/7138/2021
f 2123/8765/2112 2037/8766/2027 2039/2809/2029
f 2037/2807/2027 3605/8767/3596 2038/7141/2028
f 3605/7139/3596 2040/8768/2030 2042/2812/2032
f 2040/2810/2030 2045/2817/2035 2041/8769/2031
f 2042/7142/2032 2041/2811/2031 3606/8770/3597
f 2039/8771/2029 2038/2808/2028 2044/2815/2034
f 2038/2813/2028 3606/7143/3597 2043/8772/2033
f 2044/8773/2034 2043/2814/2033 1973/8774/1965
f 1018/8775/1000 3027/5263/3018 3035/5277/3026
f 2174/8776/2162 3043/8777/3034 1185/1392/1166
f 3074/5360/3065 2048/8778/2038 2049/2823/2039
f 2048/2821/2038 3607/8779/3598 201/192/186
f 2049/8780/2039 201/2822/186 3609/7150/3600
f 3607/7145/3598 2050/8781/2040 199/2826/184
f 2050/2824/2040 3044/5288/3035 2051/8782/2041
f 199/190/184 2051/2825/2041 3608/8783/3599
f 3609/8784/3600 200/191/185 2053/2829/2043
f 200/2827/185 3608/7147/3599 2052/8785/2042
f 2053/8786/2043 2052/2828/2042 2889/8686/2881
f 3829/8787/3819 3059/5325/3050 3055/5317/3046
f 3055/8788/3046 1025/5324/1007 1091/5320/1073
f 3830/8789/3820 2054/8790/2044 2056/2832/2046
f 2054/2830/2044 3610/8791/3601 2055/7154/2045
f 2056/8792/2046 2055/2831/2045 3611/7156/3602
f 3610/7152/3601 2057/8793/2047 2059/2835/2049
f 2057/2833/2047 3824/8794/3815 2058/8795/2048
f 3611/8796/3602 2059/7153/2049 2061/2838/2051
f 2059/2836/2049 2058/2834/2048 2060/8797/2050
f 2061/8798/2051 2060/2837/2050 3829/8799/3819
f 3072/5357/3063 3073/5362/3064 2062/8800/2052
f 2063/5683/2053 1027/8801/1009 2064/2841/2054
f 1027/1172/1009 2063/2840/2053 3831/8802/3821
f 3074/5360/3065 2064/7157/2054 1027/8803/1009
f 3832/8804/3822 2067/2846/2057 2066/8805/2056
f 2067/8806/2057 3832/8807/3822 3833/8808/3823
f 3833/8809/3823 2069/8810/2059 2067/2844/2057
f 2069/5390/2059 3833/8811/3823 3094/8812/3085
f 3085/5387/3076 2065/5376/2055 2068/7159/2058
f 3122/8813/3113 2070/8814/2060 2071/2850/2060
f 2070/2848/2060 3612/8815/3603 204/195/189
f 2071/8816/2060 204/2849/189 3614/7165/3605
f 3612/7160/3603 2072/8817/2061 202/2853/187
f 2072/2851/2061 3834/8818/3824 2073/8819/2062
f 202/193/187 2073/2852/2062 3613/8820/3604
f 3614/8821/3605 203/194/188 2075/2856/2064
f 203/2854/188 3613/7162/3604 2074/8822/2063
f 2075/8823/2064 2074/2855/2063 1894/8824/1886
f 2933/5021/2925 2076/8825/2065 2078/2859/2067
f 2078/8826/2067 2077/2858/2066 3616/7170/3607
f 2076/2857/2065 2079/8827/2068 2077/2862/2066
f 2079/2860/2068 2919/4999/2911 2080/8828/2069
f 2077/7166/2066 2080/2861/2069 3615/8829/3606
f 3616/8830/3607 2081/7169/2070 2083/2865/2072
f 2081/2863/2070 3615/7167/3606 2082/8831/2071
f 2083/8832/2072 2082/2864/2071 3094/8812/3085
f 3115/8833/3106 2084/8834/2073 2085/2868/2074
f 2084/2866/2073 205/8835/190 207/198/192
f 2085/8836/2074 207/2867/192 3116/8009/3107
f 205/196/190 2086/8837/2075 206/2871/191
f 2086/2869/2075 3122/5459/3113 2087/8838/2076
f 206/7171/191 2087/2870/2076 3120/7173/3111
f 3117/5455/3108 3116/5444/3107 3120/7173/3111
f 3131/5490/3122 2088/8839/2077 2089/2874/2078
f 2088/2872/2077 3617/8840/3608 210/201/195
f 2089/8841/2078 210/2873/195 3619/7179/3610
f 3617/7174/3608 2090/8842/2079 208/2877/193
f 2090/2875/2079 3281/5921/3272 2091/8843/2080
f 208/199/193 2091/2876/2080 3618/8844/3609
f 3619/8845/3610 209/200/194 2093/2880/2082
f 209/2878/194 3618/7176/3609 2092/8846/2081
f 2093/8847/2082 2092/2879/2081 3115/8848/3106
f 705/8849/681 3620/7180/3611 3751/8850/3742
f 2094/2881/2083 3751/8035/3742 3620/8851/3611
f 2096/8852/2085 2095/2882/2084 3135/8853/3126
f 3131/5490/3122 2094/8854/2083 2096/2883/2085
f 213/7186/198 3143/8855/3134 3621/8856/3612
f 3621/7182/3612 2097/8857/2086 211/2886/196
f 2097/2884/2086 2926/8858/2918 2098/8859/2087
f 211/202/196 2098/2885/2087 3622/8860/3613
f 3152/5528/3143 212/203/197 2100/2889/2089
f 212/2887/197 3622/7184/3613 2099/8861/2088
f 2100/8862/2089 2099/2888/2088 3835/8863/3825
f 1053/5520/1035 1054/8864/1036 1056/1201/1038
f 3755/8865/3746 3623/7188/3614 3754/8866/3745
f 2102/2894/2091 3754/8056/3745 3623/8867/3614
f 2104/5532/2093 2103/2895/2092 3157/8736/3148
f 3810/8578/3801 2751/5533/2743 2104/2896/2093
f 3161/8868/3152 3624/8869/3615 3625/7192/3616
f 3624/7190/3615 2105/8870/2094 2107/2899/2096
f 2105/2897/2094 3827/8871/2965 2106/8872/2095
f 3812/8873/3803 2108/8874/2097 2109/2901/2098
f 2108/2900/2097 3836/8875/3826 216/207/201
f 2109/8876/2098 216/208/201 3627/7196/3618
f 3627/8877/3618 215/206/200 2111/2904/2100
f 2111/8878/2100 2110/2903/2099 3826/8724/3817
f 2115/5590/2104 2151/5570/2139 3628/8879/3619
f 3165/5569/3156 3628/7198/3619 2151/8880/2139
f 3169/7197/3160 3165/8881/3156 3166/8078/3157
f 2166/3014/2154 3178/7201/3169 3629/8882/3620
f 3182/5629/3173 3178/7201/3169 2117/2923/2106
f 3181/5626/3172 3629/8081/3620 3182/7202/3173
f 1089/5805/1071 1088/2925/1070 2118/8883/2107
f 3235/5808/3226 2119/8884/2108 2027/8885/2017
f 2121/8886/2110 232/5643/217 234/226/219
f 232/224/217 2168/5829/2156 3190/5644/3181
f 234/8887/219 233/225/218 3189/6203/3180
f 1174/5850/1155 3197/8888/3188 3193/5649/3184
f 3197/8889/3188 2122/8890/2111 3193/5649/3184
f 2124/8891/2113 2123/2930/2112 3201/8892/3192
f 2124/8891/2113 3201/8893/3192 2126/2934/2115
f 2120/2927/2109 2126/8894/2115 3201/8892/3192
f 3831/8895/3821 2127/8896/2116 2128/2938/2117
f 2127/2936/2116 3630/8897/3621 237/229/222
f 2128/8898/2117 237/2937/222 3632/7210/3623
f 3630/7205/3621 2129/8899/2118 235/2941/220
f 2129/2939/2118 3834/8818/3824 2130/8900/2118
f 235/227/220 2130/2940/2118 3631/8901/3622
f 3632/8902/3623 236/228/221 2132/2944/2120
f 236/2942/221 3631/7207/3622 2131/8903/2119
f 2132/8904/2120 2131/2943/2119 3262/8905/3253
f 3830/8789/3820 3633/8906/3624 3206/7213/3197
f 3633/7211/3624 2133/8907/2121 2135/2947/2123
f 2135/2948/2123 2134/2946/2122 2136/8908/2124
f 3206/8909/3197 2135/7212/2123 2137/2950/2125
f 2137/8910/2125 2136/2949/2124 3837/8911/3827
f 2138/8912/2126 278/2951/262 1191/1407/1172
f 2195/8913/2183 2139/8914/2127 2141/2955/2129
f 2139/2953/2127 2142/8915/2130 2140/2958/2128
f 2141/8916/2129 2140/2954/2128 3635/7218/3626
f 2142/2956/2130 3832/8807/3822 2143/8917/2131
f 2140/7214/2128 2143/2957/2131 3634/8918/3625
f 3635/8919/3626 2144/7217/2132 2146/2961/2134
f 2144/2959/2132 3634/7215/3625 2145/8920/2133
f 2146/8921/2134 2145/2960/2133 3837/8911/3827
f 3825/8713/3816 2147/8922/2135 2148/2963/2136
f 2148/8923/2136 240/233/225 3638/7224/3629
f 3638/8924/3629 239/231/224 2150/2966/2138
f 2150/8925/2138 2149/2965/2137 3838/8926/3828
f 256/5782/241 255/248/240 227/8927/212
f 2118/2924/2107 2162/3009/2150 3234/5807/3225
f 2163/8928/2151 2162/3009/2150 3318/8929/3309
f 3233/5811/3224 3234/8930/3225 2161/7226/2149
f 3239/8931/3230 2164/3015/2152 2166/8932/2154
f 1156/1352/1137 260/5822/245 2165/3013/2153
f 2164/3011/2152 2165/5819/2153 2167/3016/2155
f 2169/8933/2157 2170/8934/2158 1166/3026/1147
f 2170/3027/2158 2169/3025/2157 263/8935/248
f 3246/8145/3237 264/257/249 263/8935/248
f 3245/8936/3236 3246/5841/3237 3839/8937/3829
f 265/8938/250 3840/8939/3830 2171/3029/2159
f 3840/8940/3830 265/3028/250 264/8941/249
f 3762/8143/3754 2173/8942/2161 2175/3035/2163
f 2175/3036/2163 2174/3034/2162 1325/8943/1306
f 3256/5881/3247 2180/8944/2168 3841/8945/3831
f 2182/7228/2170 3841/8946/3831 2180/5883/2168
f 2181/5887/2169 3261/5893/3252 3263/7229/3254
f 3841/8947/3831 2182/5891/2170 3262/8905/3253
f 3266/5899/3257 3267/5902/3258 2185/8948/2173
f 2186/8949/2174 3842/8950/3832 2187/3058/2175
f 3842/8951/3832 2186/3057/2174 3271/8952/3262
f 3256/5881/3247 2187/7230/2175 3842/8953/3832
f 2189/8954/2177 3281/5921/3272 3843/8955/3833
f 3843/8956/3833 2190/8957/2178 2189/5922/2177
f 3283/5926/3274 3282/5924/3273 2188/7233/2176
f 2199/8958/2187 3285/8959/3276 2192/8960/2180
f 2193/8961/2181 2192/3063/2180 3289/8962/3280
f 3289/5937/3280 2195/8963/2183 2193/3064/2181
f 2191/3062/2179 2194/8964/2182 2197/5931/2185
f 1196/8965/1177 2197/3069/2185 2194/7234/2182
f 281/274/266 3835/8966/3825 3298/8967/3289
f 281/274/266 3298/8968/3289 282/8969/267
f 283/7236/268 282/275/267 2199/3073/2187
f 3838/8970/3828 2200/8971/2188 2201/3075/2189
f 2201/8972/2189 286/280/271 3642/7246/3633
f 3640/7241/3631 3844/8973/3834 3641/8974/3632
f 3642/8975/3633 285/278/270 2203/3078/2191
f 285/3076/270 3641/7242/3632 2202/8976/2190
f 2203/8977/2191 2202/3077/2190 3135/8853/3126
f 3845/8978/3835 1204/5970/1185 3302/8979/3293
f 2205/8980/2193 2951/5047/2943 2206/3081/2194
f 2208/3084/2196 2206/3082/2194 3846/8981/3836
f 3847/8982/3837 3755/8983/3746 3848/8984/3838
f 3849/8985/3839 3848/8986/3838 3755/8058/3746
f 3850/8987/3840 3851/8988/3841 3754/8866/3745
f 2209/8989/2197 3309/8990/3300 1211/5981/1192
f 3311/8991/3302 1211/1429/1192 3309/5999/3300
f 3309/5986/3300 3310/8992/3301 3313/8993/3304
f 1211/8994/1192 3311/5989/3302 1212/1430/1193
f 2154/2979/2142 1221/8995/1202 1282/6131/1263
f 3318/6036/3309 3319/6042/3310 3317/6033/3308
f 3852/8996/3842 2218/8997/2206 1008/5248/990
f 2218/3110/2206 3852/8998/3842 2216/8999/2204
f 3769/9000/3761 2219/3111/2207 2217/9001/2205
f 2220/9002/2208 1008/1152/990 2218/3109/2206
f 1097/5674/1079 1251/6061/1232 2221/6060/2209
f 305/299/290 3259/5885/3250 306/9003/291
f 3228/9004/3219 3643/9005/3634 3336/6144/3327
f 3643/9006/3634 248/9007/233 3227/8192/3218
f 3227/7250/3218 3333/8191/3324 3338/6146/3329
f 3336/8189/3327 3643/9005/3634 2233/9008/2221
f 3338/9009/3329 2233/3161/2221 3643/7252/3634
f 1285/9010/1266 2233/3161/2221 3337/9011/3328
f 1285/9010/1266 3337/9012/3328 355/6312/340
f 3342/6182/3333 2236/9013/2224 2238/6179/2226
f 2236/3176/2224 373/9014/358 2239/9015/2227
f 3340/6177/3331 2240/9016/2228 1240/1470/1221
f 3448/9017/3439 3353/9018/3344 408/9019/393
f 3353/6214/3344 3448/6605/3439 3349/8195/3340
f 3349/6208/3340 3350/6215/3341 3353/9020/3344
f 408/3308/393 3355/9021/3346 1428/1807/1409
f 3355/6217/3346 408/412/393 3353/9020/3344
f 2270/6367/2258 3644/9022/3635 3391/6361/3382
f 3391/9023/3382 3644/9022/3635 3358/7255/3349
f 3644/7253/3635 2245/9024/2233 2247/3191/2235
f 2245/3189/2233 3853/9025/3843 2246/9026/2234
f 3358/9027/3349 2247/7254/2235 3362/9028/3353
f 3854/9029/3844 3855/9030/3845 3856/9031/3846
f 3370/9032/3361 2251/3201/2239 3645/9033/3636
f 3856/9034/3846 2252/3203/2240 3271/8952/3262
f 346/9035/331 3857/9036/3847 279/1409/263
f 1350/1656/1331 3381/6302/3372 1353/7259/1334
f 373/9037/358 3424/9038/3415 371/6481/356
f 2269/6365/2257 3393/6368/3384 2270/3260/2258
f 2278/6397/2266 3402/9039/3393 3403/6401/3394
f 2288/6441/2276 3858/9040/3848 2289/3295/2277
f 2230/6123/2218 2289/8222/2277 3858/9041/3848
f 3858/9042/3848 3422/6451/3413 3417/6440/3408
f 1341/1640/1322 387/9043/372 1398/1744/1379
f 402/1919/387 2301/6597/2289 403/407/388
f 2292/3306/2280 403/7261/388 2301/9044/2289
f 371/371/356 406/6480/391 405/9045/390
f 3859/9046/3849 3860/9047/3850 3861/9048/3851
f 3862/9049/3852 3863/9050/3853 3434/9051/3425
f 3861/9052/3851 3434/6510/3425 2279/3282/2267
f 1443/1831/1424 3432/6507/3423 1444/9053/1425
f 3864/9054/3854 3432/6507/3423 3865/9055/3855
f 1337/1634/1318 3437/9056/3428 2294/7263/2282
f 2290/9057/2278 1549/3328/1530 1407/6540/1388
f 1487/6584/1468 1489/6588/1470 1488/1911/1469
f 1508/1940/1489 1509/1979/1490 1538/9058/1519
f 2320/9059/2308 2316/9060/2304 2317/3404/2305
f 2317/9061/2305 3774/8234/3766 2320/3407/2308
f 1577/6735/1558 2316/9060/2304 2320/3407/2308
f 3866/9062/3856 3867/9063/3857 1579/2060/1560
f 1534/9064/1515 2322/3410/2310 1586/6759/1567
f 2340/3454/2328 2325/9065/2313 2327/3421/2315
f 2325/3419/2313 1591/9066/1572 2326/6747/2314
f 2327/9067/2315 2326/3420/2314 2323/8239/2311
f 2328/9068/2316 1596/3423/1577 1594/2089/1575
f 1594/9069/1575 2329/3426/2317 3472/9070/3463
f 1594/9069/1575 3472/9071/3463 1583/6754/1564
f 2330/9072/2318 1599/2100/1580 1598/3428/1579
f 447/2008/432 2330/3427/2318 446/2007/431
f 1619/2163/1600 2339/3453/2327 487/9073/472
f 1643/2185/1624 2329/3426/2317 1595/9074/1576
f 1560/2018/1541 3511/9075/3502 448/9076/433
f 3511/9077/3502 1560/9078/1541 2332/3435/2320
f 3868/9079/3858 3294/5945/3285 3869/9080/3859
f 1662/3475/1643 2354/9081/2343 524/3494/504
f 2355/3489/2344 1658/3476/2342 1659/2209/1641
f 524/9082/504 2356/9083/2345 2360/3496/2349
f 2356/9084/2345 524/532/504 2354/3477/2343
f 2357/3484/2346 1660/2206/1640 2358/3874/2347
f 2359/9085/2348 2358/3485/2347 1746/9086/1730
f 3870/9087/3860 2359/3490/2348 1746/9086/1730
f 2359/9085/2348 3870/9088/3860 2356/3480/2345
f 2360/9089/2349 2356/9083/2345 3870/9090/3860
f 2364/9091/2352 2365/3523/2354 545/3519/2353
f 2366/6970/2355 1664/3906/1645 12/12/12
f 2365/3520/2354 12/9092/12 1665/2221/1646
f 561/5001/536 20/570/535 23/4058/14
f 21/9093/3512 26/3544/18 22/573/13
f 2370/9094/2358 565/7293/540 536/579/513
f 2371/9095/2359 2372/3560/2360 566/3506/541
f 2373/9096/2361 567/7287/542 539/582/515
f 2374/9097/2362 2363/3511/2351 540/3557/517
f 1669/3558/1652 538/9098/1651 2372/9099/2360
f 8/549/8 2375/3565/2363 542/9100/519
f 542/3564/519 2376/9101/2364 28/3561/20
f 24/16/16 564/9102/539 2378/3569/2366
f 2378/4080/2366 2377/3568/2365 2380/3575/2368
f 564/3549/539 29/23/21 2379/3572/2367
f 29/3570/21 28/2234/20 1672/2239/1657
f 2379/7271/2367 1672/3571/1657 3521/6914/3513
f 2377/3573/2365 3521/7272/3513 1677/2245/1662
f 2380/4083/2368 1677/3574/1662 2578/8259/2570
f 28/22/20 2376/9101/2364 1670/3578/1655
f 2376/3576/2364 2375/3565/2363 2381/3581/2369
f 1670/2237/1655 2381/3577/2369 1671/7275/1656
f 2375/3579/2363 2363/3511/2351 2382/3646/2370
f 2381/7273/2369 2382/3580/2370 3648/9103/3639
f 1671/3582/1656 3648/7274/3639 2383/3652/2371
f 1673/2240/1658 2383/3583/2371 1674/9104/1659
f 2578/4114/2570 1676/2244/1661 2385/3587/2373
f 1676/3585/1661 2387/8256/2375 2384/7278/2372
f 2387/7276/2375 2386/3589/2374 3649/7329/3640
f 2384/3591/2372 3649/7277/3640 2388/3670/2376
f 3160/5542/3151 2390/9105/2378 2391/3596/2379
f 2390/3594/2378 3650/9106/3641 570/585/545
f 2391/9107/2379 570/3595/545 3651/7284/3642
f 3650/7279/3641 2392/9108/2380 568/3599/543
f 2392/3597/2380 3779/9109/2382 1679/2248/1664
f 568/583/543 1679/3598/1664 3524/6920/3516
f 3651/9110/3642 569/584/544 2393/3602/2381
f 569/3600/544 3524/7281/3516 1683/2254/1668
f 2393/9111/2381 1683/3601/1668 3780/8270/3771
f 3779/8260/2382 2394/9112/2382 1678/3605/1663
f 2394/3603/2382 3652/9113/3643 573/588/548
f 1678/2246/1663 573/3604/548 3522/7290/3514
f 3652/7285/3643 2395/9114/2383 571/3607/546
f 2395/3606/2383 2363/3511/2351 2374/9115/2362
f 571/586/546 2374/3556/2362 567/9116/542
f 3522/6915/3514 572/587/547 1680/3609/1665
f 572/3608/547 567/7287/542 2373/9117/2361
f 1680/2249/1665 2373/3555/2361 2372/9099/2360
f 3780/9118/3771 1682/2253/1667 2396/3612/2384
f 1682/3610/1667 3523/6917/3515 576/591/551
f 2396/9119/2384 576/3611/551 3653/7296/3644
f 3523/7291/3515 1681/2250/1666 574/3614/549
f 1681/3613/1666 2372/3560/2360 2371/9120/2359
f 574/589/549 2371/3553/2359 565/9121/540
f 3653/9122/3644 575/590/550 2397/3616/2385
f 575/3615/550 565/7293/540 2370/9123/2358
f 2397/9124/2385 2370/3552/2358 2362/3502/2350
f 3160/5542/3151 2398/3699/2386 2390/3619/2378
f 2398/3617/2386 2422/9125/2410 579/594/554
f 2390/3594/2378 579/3618/554 3650/7301/3641
f 2422/3698/2410 2399/3702/2387 577/3622/552
f 2399/3620/2387 2424/8306/2412 1685/2257/1670
f 577/592/552 1685/3621/1670 3527/6926/3519
f 3650/7279/3641 578/593/553 2392/3625/2380
f 578/3623/553 3527/7298/3519 1689/2263/1673
f 2392/3597/2380 1689/3624/1673 3779/8281/2382
f 2424/3701/2412 2400/3708/2388 1684/3628/1669
f 2400/3626/2388 2428/9126/2416 582/597/557
f 1684/2255/1669 582/3627/557 3525/7306/3517
f 2428/3707/2416 2401/3714/2389 580/3631/555
f 2401/3629/2389 2432/9127/2420 1700/2275/1684
f 580/595/555 1700/3630/1684 3654/8293/3645
f 3525/6921/3517 581/596/556 1686/3634/1671
f 581/3632/556 3654/7303/3645 1705/2281/1689
f 1686/2258/1671 1705/3633/1689 3659/8300/3650
f 3779/8260/2382 1688/2262/1673 2394/3637/2382
f 1688/3635/1673 3526/6923/3518 585/600/560
f 2394/3603/2382 585/3636/560 3652/7312/3643
f 3526/7307/3518 1687/2259/1672 583/3640/558
f 1687/3638/1672 3659/8275/3650 597/612/572
f 583/598/558 597/3639/572 3655/7343/3646
f 3652/7285/3643 584/599/559 2395/3643/2383
f 584/3641/559 3655/7309/3646 2402/3697/2390
f 2395/3606/2383 2402/3642/2390 2363/9128/2351
f 2363/9129/2351 2403/3696/2391 2382/3646/2370
f 2403/3644/2391 3656/7340/3647 588/603/563
f 2382/9130/2370 588/3645/563 3648/9103/3639
f 3656/7313/3647 2404/3693/2392 586/3649/561
f 2404/3647/2392 3781/8295/3772 2405/9131/2393
f 586/601/561 2405/3648/2393 3657/9132/3648
f 3648/9133/3639 588/3645/563 2383/3652/2371
f 587/3650/562 3657/7315/3648 2406/9134/2394
f 2383/9135/2371 2406/3651/2394 1674/9104/1659
f 3781/8282/3772 2407/3687/2395 1690/3655/1674
f 2407/3653/2395 3658/7334/3649 591/606/566
f 1690/2264/1674 591/3654/566 3528/7323/3520
f 3658/7318/3649 2408/3684/2396 589/3658/564
f 2408/3656/2396 3784/9136/3775 2409/4148/2397
f 589/604/564 2409/3657/2397 2602/9137/2594
f 3528/6927/3520 590/605/565 1693/3661/1677
f 590/3659/565 2602/7320/2594 2410/4151/2398
f 1693/2267/1677 2410/3660/2398 3782/9138/3773
f 1674/3588/1659 2406/3651/2394 2386/3664/2374
f 2406/3662/2394 3657/7315/3648 2411/3667/2399
f 2386/7327/2374 2411/3663/2399 2412/7326/2400
f 3657/9139/3648 2405/3648/2393 2411/3667/2399
f 2405/3665/2393 3781/8295/3772 1692/2266/1676
f 2411/7324/2399 1692/3666/1676 3529/6931/3521
f 3649/9140/3640 2412/7328/2400 2388/3670/2376
f 2412/3668/2400 3529/7325/3521 1697/2272/1681
f 2388/9141/2376 1697/3669/1681 2389/3593/2377
f 2432/3713/2420 2413/9142/2401 1698/3673/1682
f 1698/2273/1682 2414/3672/2402 3530/7332/3522
f 2415/3674/2403 2418/3730/2406 594/609/569
f 2414/7330/2402 594/3675/569 2416/7337/2404
f 3530/6932/3522 2416/7331/2404 1701/3679/1685
f 1701/2276/1685 2417/3678/2405 3781/9143/3772
f 592/607/567 2419/3681/2407 2420/3685/2408
f 592/607/567 2420/9144/2408 3658/9145/3649
f 2419/3683/2407 2444/3735/2432 2408/9146/2396
f 2444/8310/2432 3784/9136/3775 2408/9146/2396
f 2420/9147/2408 2408/3684/2396 3658/9145/3649
f 2416/3677/2404 593/608/568 2417/3688/2405
f 593/3686/568 3658/7334/3649 2407/9148/2395
f 2417/9149/2405 2407/3687/2395 3781/9143/3772
f 3659/7338/3650 1704/2280/1688 595/3691/570
f 1704/3689/1688 1703/6933/1687 2421/3694/2409
f 595/610/570 2421/3690/2409 3656/9150/3647
f 1703/9151/1687 1702/2277/1686 2421/3694/2409
f 1702/3692/1686 3781/8295/3772 2404/9152/2392
f 2421/9153/2409 2404/3693/2392 3656/9150/3647
f 3655/9154/3646 596/611/571 2402/3697/2390
f 596/3695/571 3656/7340/3647 2403/9155/2391
f 2402/9156/2390 2403/3696/2391 2363/9128/2351
f 3160/5542/3151 2774/5110/2766 2398/9157/2386
f 2423/9158/2411 2398/3699/2386 1816/2446/1808
f 2422/3698/2410 2611/9159/2603 2399/9160/2387
f 1710/9161/1694 2399/3702/2387 2611/7344/2603
f 1709/2285/1693 600/7347/575 1706/9162/1690
f 600/9163/575 1709/9164/1693 2425/4170/2413
f 599/7345/574 598/3704/573 78/9165/64
f 1706/2282/1690 3660/7346/3651 1707/9166/1691
f 2427/9167/2415 1707/2283/1691 3660/7348/3651
f 2424/3701/2412 3783/8302/3774 2400/9168/2388
f 2429/9169/2417 2400/3708/2388 3783/8307/3774
f 3783/8303/3774 2426/9170/2414 2429/3709/2417
f 2431/9171/2419 2429/3711/2417 2426/8304/2414
f 2428/3707/2416 2430/9172/2418 2401/9173/2389
f 2433/9174/2421 2401/3714/2389 2430/7349/2418
f 2432/3713/2420 2434/3780/2422 2413/3718/2401
f 2434/3716/2422 2462/3777/2450 2435/7352/2423
f 2413/3671/2401 2435/3717/2423 2414/3676/2402
f 2462/7350/2450 2452/8326/2440 2453/3753/2441
f 2462/7350/2450 2453/9175/2441 2456/7367/2444
f 2414/7330/2402 2435/3717/2423 2415/3721/2403
f 2435/3719/2423 2456/7351/2444 2436/3759/2424
f 2415/3674/2403 2436/3720/2424 2418/9176/2406
f 2438/9177/2426 1711/9178/1695 2439/3724/2427
f 1711/2288/1695 2438/3723/2426 2440/9179/2428
f 2441/9180/2429 1919/2591/1911 2442/3727/2430
f 1919/7068/1911 2441/3726/2429 2789/7070/2781
f 1711/2288/1695 2442/7353/2430 2785/9181/2777
f 1918/2590/1910 2785/4648/2777 2442/3727/2430
f 2443/9182/2431 2418/3730/2406 3871/9183/3861
f 3871/9184/3861 2437/8318/2425 2439/3724/2427
f 2439/9185/2427 2443/3733/2431 3871/9183/3861
f 2419/3683/2407 1713/9186/1697 2444/9187/2432
f 3872/9188/3862 2445/4251/2433 2446/3738/2434
f 2445/3736/2433 3661/7572/3652 603/618/578
f 2446/9189/2434 603/3737/578 3662/7360/3653
f 3661/7355/3652 2447/4248/2435 601/3741/576
f 2447/3739/2435 3785/8475/3776 1715/2293/1699
f 601/616/576 1715/3740/1699 3532/6941/3524
f 3662/9190/3653 602/617/577 2448/3744/2436
f 602/3742/577 3532/7357/3524 1717/2296/1701
f 2448/9191/2436 1717/3743/1701 2452/8322/2440
f 3785/8312/3776 2449/4242/2437 1714/3747/1698
f 2449/3745/2437 3663/7566/3654 606/621/581
f 1714/2291/1698 606/3746/581 3531/7366/3523
f 3663/7361/3654 2450/4239/2438 604/3749/579
f 2450/3748/2438 2789/4654/2781 2441/9192/2429
f 604/619/579 2441/3726/2429 2440/9179/2428
f 3531/6936/3523 605/620/580 2451/3751/2439
f 605/3750/580 2440/7363/2428 2438/9193/2426
f 2451/8317/2439 2438/3723/2426 2437/9194/2425
f 1716/9195/1700 2454/6938/2442 2453/3753/2441
f 2456/3757/2444 2453/9175/2441 2454/9196/2442
f 37/31/29 2437/8318/2425 2455/3756/2443
f 3871/9184/3861 2455/3758/2443 2437/9194/2425
f 2455/9197/2443 3871/9198/3861 2436/3759/2424
f 2418/3680/2406 2436/3720/2424 3871/9183/3861
f 80/4165/66 2622/9199/2614 2610/7370/2602
f 2622/7539/2614 3664/9200/3655 2610/7370/2602
f 3664/7368/3655 2457/9201/2445 2458/3762/2446
f 2457/3760/2445 2623/4197/2615 1720/2299/1704
f 2458/3763/2446 1720/3761/1704 1725/2305/1709
f 2427/9167/2415 1725/3764/1709 2426/8304/2414
f 2623/8323/2615 2459/4191/2447 1718/3767/1702
f 2459/3765/2447 2620/7537/2612 609/624/584
f 1718/2297/1702 609/3766/584 1723/2302/1707
f 2620/7372/2612 2460/4188/2448 607/3770/582
f 2460/3768/2448 3872/9202/3862 2446/3738/2434
f 607/622/582 2446/3769/2434 3662/7360/3653
f 1723/6942/1707 608/623/583 1721/3773/1705
f 608/3771/583 3662/7374/3653 2448/3744/2436
f 1721/2300/1705 2448/3772/2436 2452/8322/2440
f 2426/3705/2414 1724/2304/1708 2431/3712/2419
f 1724/3774/1708 3533/6943/3525 2461/7379/2449
f 2431/9171/2419 2461/3775/2449 2430/7349/2418
f 3533/7377/3525 1722/2301/1706 2463/3778/2451
f 1722/3776/1706 2452/8326/2440 2462/9203/2450
f 2430/3710/2418 2461/3775/2449 2433/3715/2421
f 2463/3779/2451 2462/3777/2450 2434/9204/2422
f 2433/9174/2421 2434/3780/2422 2432/9205/2420
f 2360/9089/2349 645/9206/620 2464/3782/2452
f 645/660/620 647/9207/622 612/627/587
f 2464/9208/2452 612/3781/587 2536/7460/2524
f 647/7381/622 1752/9209/1736 610/3785/585
f 2465/3783/2453 2498/9210/2486 1727/2308/1711
f 610/625/585 1727/3784/1711 3536/6950/3528
f 2536/3945/2524 612/3781/587 2466/3788/2454
f 611/3786/586 3536/7383/3528 1731/2314/1715
f 2466/9211/2454 1731/3787/1715 2534/8393/2522
f 2498/3871/2486 2467/9212/2455 1726/3791/1710
f 2467/3789/2455 3665/9213/3656 615/630/590
f 1726/2306/1710 615/3790/590 3534/7390/3526
f 3665/7386/3656 2468/9214/2456 613/3794/588
f 2468/3792/2456 2860/4829/2852 2469/4350/2457
f 613/628/588 2469/3793/2457 2673/9215/2665
f 3534/6945/3526 614/629/589 1728/3797/1712
f 614/3795/589 2673/4349/2665 2470/4347/2458
f 1728/2309/1712 2470/3796/2458 2672/8523/2664
f 2534/3940/2522 1731/3787/1715 2471/3800/2459
f 1730/3798/1714 3535/6947/3527 618/633/593
f 2471/9216/2459 618/3799/593 2528/7456/2516
f 3535/7391/3527 1729/2310/1713 616/3803/591
f 1729/3801/1713 2672/4346/2664 2472/4341/2460
f 616/631/591 2472/3802/2460 2669/9217/2661
f 2528/3929/2516 618/3799/593 2474/3806/2462
f 617/3804/592 2669/4340/2661 2473/4338/2461
f 2474/9218/2462 2473/3805/2461 2524/9219/2512
f 1660/9220/1640 2475/3903/2463 2476/3809/2464
f 2475/3807/2463 3666/7434/3657 621/636/596
f 2476/9221/2464 621/3808/596 2500/7400/2488
f 3666/7395/3657 640/655/615 619/3812/594
f 640/3810/615 3786/8364/3777 1733/2317/1717
f 619/634/594 1733/3811/1717 3539/6956/3530
f 2500/3875/2488 620/635/595 2477/3815/2465
f 620/3813/595 3539/7397/3530 1737/2323/1721
f 2477/9222/2465 1737/3814/1721 2501/8352/2489
f 3786/8341/3777 1745/2334/1729 1732/3818/1716
f 1745/3816/1729 3667/7430/3658 624/639/599
f 1732/2315/1716 624/3817/599 3537/7406/3529
f 3667/7401/3658 638/653/613 622/3821/597
f 638/3819/613 2675/9223/2667 2478/4353/2466
f 622/637/597 2478/3820/2466 3668/7633/3659
f 3537/6951/3529 623/638/598 1734/3824/1718
f 623/3822/598 3668/7403/3659 2479/4359/2467
f 1734/2318/1718 2479/3823/2467 3787/8534/3778
f 2501/3877/2489 1736/2322/1720 1741/3827/1725
f 1736/3825/1720 3538/6953/35 627/642/602
f 1741/9224/1725 627/3826/602 3541/7412/3532
f 3538/7407/35 1735/2319/1719 625/3830/600
f 1735/3828/1719 3787/8346/3778 2480/4369/2468
f 625/640/600 2480/3829/2468 3669/7644/3660
f 3541/9225/3532 626/641/601 1742/3833/1726
f 626/3831/601 3669/7409/3660 2481/4374/2469
f 1742/9226/1726 2481/3832/2469 2857/8361/2849
f 2860/9227/2852 2468/9214/2456 2482/3835/2470
f 2468/3792/2456 3665/9213/3656 630/645/605
f 2482/4772/2470 630/3834/605 3671/7417/3662
f 3665/7386/3656 2467/9212/2455 628/3837/603
f 2467/3789/2455 2498/9210/2486 2483/7442/2471
f 628/643/603 2483/3836/2471 3670/9228/3661
f 3671/7789/3662 629/644/604 2485/3840/2473
f 629/3838/604 3670/7414/3661 2484/9229/2472
f 2485/4775/2473 2484/3839/2472 2505/9230/2493
f 3788/8353/3779 1750/2339/1734 1738/3843/1722
f 1750/3841/1734 1749/8367/1733 633/648/608
f 1738/2324/1722 633/3842/608 3540/7422/3531
f 1749/2338/1733 1747/2336/1731 631/3846/606
f 1747/3844/1731 1746/9231/1730 2486/7440/2474
f 631/646/606 2486/3845/2474 3672/9232/3663
f 3540/6957/3531 632/647/607 1740/3849/1724
f 632/3847/607 3672/7419/3663 2487/9233/2475
f 1740/2327/1724 2487/3848/2475 2501/8352/2489
f 2505/3883/2493 2488/9234/2476 2489/3852/2477
f 2488/3850/2476 2504/9235/2492 636/651/611
f 2489/4781/2477 636/3851/611 3673/7427/3664
f 2504/3880/2492 2490/9236/2478 634/3855/609
f 2490/3853/2478 3788/8370/3779 1739/2326/1723
f 634/649/609 1739/3854/1723 3542/6962/3533
f 3673/7793/3664 635/650/610 2491/3858/2479
f 635/3856/610 3542/7424/3533 1743/2332/1727
f 2491/4784/2479 1743/3857/1727 2857/8361/2849
f 2675/4375/2667 638/653/613 637/9237/612
f 3667/7401/3658 1745/2334/1729 1744/7431/1728
f 637/652/612 639/7428/614 3873/9238/3863
f 2492/3865/2480 3873/9239/3863 639/654/614
f 3786/8341/3777 640/655/615 49/8365/41
f 3666/7395/3657 2475/3903/2463 2493/7435/2481
f 49/43/41 641/7432/616 2496/8389/2484
f 2494/9240/2482 2496/3869/2484 641/656/616
f 3873/9241/3863 643/658/618 642/9242/617
f 643/9243/618 3873/9239/3863 2492/3861/2480
f 2495/7436/2483 2497/9244/2485 3674/7439/3665
f 2497/9245/2485 2495/3866/2483 50/8366/42
f 642/657/617 644/9246/619 3806/9247/3797
f 2360/9089/2349 3870/9088/3860 645/9248/620
f 646/9249/621 645/9206/620 3870/9090/3860
f 3870/9087/3860 1746/9231/1730 646/9250/621
f 1748/9251/1732 646/661/621 1746/9086/1730
f 610/625/585 1752/9209/1736 2465/9252/2453
f 1753/9253/1737 2465/3872/2453 1752/6965/1736
f 1746/2335/1730 2358/3485/2347 2486/7440/2474
f 2358/9254/2347 1660/2206/1640 2499/9255/2487
f 2476/9221/2464 2499/3876/2487 1660/9256/1640
f 3672/7441/3663 2500/9257/2488 2487/9233/2475
f 2477/9222/2465 2487/3848/2475 2500/7400/2488
f 2498/3871/2486 2503/8374/2491 2483/7442/2471
f 2503/8371/2491 3788/8370/3779 2502/9258/2490
f 2490/3853/2478 2502/3881/2490 3788/8372/3779
f 3670/7443/3661 2504/9235/2492 2484/9229/2472
f 2488/3850/2476 2484/3839/2472 2504/7444/2492
f 1666/3517/1649 649/664/624 648/3913/623
f 2506/7445/2494 2545/3973/2533 3543/6968/3534
f 648/663/623 650/9259/625 2521/8383/2509
f 662/678/637 663/2373/639 2508/3889/2496
f 663/3887/639 2509/3978/2497 2507/7449/2495
f 2509/3890/2497 2511/9260/2499 2707/9261/2699
f 2508/6966/2496 2507/3888/2495 1754/3895/1738
f 2507/3893/2495 2707/7448/2699 2512/9262/2500
f 1754/2344/1738 2512/3894/2500 780/818/756
f 2521/9263/2509 1757/2348/1741 2514/3898/2502
f 1757/3896/1741 1755/2345/1739 2513/7452/2501
f 2514/9264/2502 2513/3897/2501 2516/3901/2504
f 1755/7450/1739 1754/8379/1738 2703/8380/2695
f 2513/3899/2501 3675/7453/3666 2515/9265/2503
f 2516/9266/2504 2515/3900/2503 3806/9247/3797
f 1660/9220/1640 543/3524/521 2475/9267/2463
f 2517/3905/2505 2475/3903/2463 543/9268/521
f 2493/3902/2481 2517/9269/2505 3544/6971/3535
f 2366/6970/2355 3544/9270/3535 2517/3904/2505
f 2493/3902/2481 3544/9270/3535 2494/3864/2482
f 1760/8387/1744 2494/3909/2482 3544/6971/3535
f 2518/9271/2506 2520/9272/2508 2519/3911/2507
f 2520/3914/2508 2518/3910/2506 1759/8385/1743
f 648/663/623 2364/3518/2352 1666/2224/1649
f 2520/3914/2508 648/9273/623 2521/8383/2509
f 2496/3908/2484 2519/9274/2507 2497/3870/2485
f 2519/3917/2507 2520/9272/2508 2522/3916/2510
f 2497/9245/2485 2522/3918/2510 3674/7439/3665
f 3674/9275/3665 2522/3918/2510 2523/3921/2511
f 2522/3919/2510 2521/3915/2509 2514/3898/2502
f 2523/3922/2511 2514/3920/2502 2516/3901/2504
f 3674/9275/3665 2523/9276/2511 644/659/619
f 644/7438/619 2516/3923/2504 3806/9247/3797
f 2525/9277/2513 2528/9278/2516 2474/3806/2462
f 2528/3929/2516 2525/3925/2513 3676/9279/3667
f 1766/2358/1750 2527/3927/2515 2529/9280/2517
f 2526/3926/2514 2534/9281/2522 2471/3800/2459
f 2534/3940/2522 2526/3930/2514 1766/3928/1750
f 2530/9282/2518 2531/7470/2519 1761/3933/1745
f 1762/3937/1746 1761/9283/1745 2531/9284/2519
f 2532/9285/2520 671/9286/647 523/530/503
f 523/3492/503 2533/3938/2521 2532/9287/2520
f 2533/9288/2521 523/9289/503 1764/3939/1748
f 1663/3493/1644 1764/9290/1748 523/530/503
f 1767/6973/1751 2536/9291/2524 2466/3788/2454
f 2536/3945/2524 1767/3941/1751 2535/6974/2523
f 1765/8392/1749 1663/2356/1644 651/3944/626
f 525/3495/505 651/9292/626 1663/2215/1644
f 652/7461/627 2360/9293/2349 2464/3782/2452
f 2360/9089/2349 652/3946/627 525/533/505
f 1972/2673/1964 2537/9294/2525 2538/3949/2526
f 2537/3947/2525 2550/3986/2539 655/671/630
f 2538/4412/2526 655/3948/630 3677/7467/3668
f 2550/7462/2539 2539/9295/2527 653/3952/628
f 2539/3950/2527 2548/3982/2537 1769/2363/1753
f 653/669/628 1769/3951/1753 3547/6980/3538
f 3677/7655/3668 654/670/629 2540/3955/2528
f 654/3953/629 3547/7464/3538 1773/2369/1757
f 2540/4415/2528 1773/3954/1757 3789/8404/3780
f 2548/8394/2537 2541/9296/2529 1768/3958/1752
f 2541/3956/2529 2546/3980/2535 658/674/633
f 1768/2361/1752 658/3957/633 3545/7473/3536
f 2546/7468/2535 2542/9297/2530 656/3960/631
f 2542/3959/2530 671/9286/647 2532/9287/2520
f 656/672/631 2532/3935/2520 2531/9284/2519
f 3545/6975/3536 657/673/632 1770/3962/1754
f 657/3961/632 2531/7470/2519 2530/9298/2518
f 1770/2364/1754 2530/3932/2518 2529/9280/2517
f 3789/8548/3780 1772/2368/1756 2543/3965/2531
f 1772/3963/1756 3546/6977/3537 661/677/636
f 2543/4421/2531 661/3964/636 3678/7478/3669
f 3546/7474/3537 1771/2365/1755 659/3967/634
f 1771/3966/1755 2529/8391/2517 2527/7458/2515
f 659/675/634 2527/3927/2515 3676/9279/3667
f 3678/7659/3669 660/676/635 2544/3969/2532
f 660/3968/635 3676/7457/3667 2525/9299/2513
f 2544/4424/2532 2525/3925/2513 2524/9219/2512
f 2545/8378/2533 2506/3885/2494 544/3974/1758
f 671/689/647 2542/9297/2530 672/4005/648
f 2547/3984/2536 672/690/648 2542/9300/2530
f 2546/7468/2535 2541/9296/2529 2552/7480/2541
f 1776/9301/1761 2552/3991/2541 2541/9302/2529
f 672/9303/648 2547/9304/2536 667/9305/643
f 2549/3990/2538 667/688/643 2547/3981/2536
f 2548/8394/2537 2539/9295/2527 3790/8406/3781
f 665/9306/641 3790/8410/3781 2539/9307/2527
f 2550/7462/2539 2537/9294/2525 2725/7483/2717
f 2551/9308/2540 2725/4477/2717 2537/9309/2525
f 3790/8407/3781 665/682/641 664/8411/640
f 667/684/643 2549/9310/2538 668/3998/644
f 2553/3993/2542 668/685/644 2549/3985/2538
f 2552/9311/2541 1776/2376/1761 1775/7484/1760
f 668/9312/644 2553/9313/2542 2555/9314/2544
f 2554/8412/2543 2555/4468/2544 2553/3992/2542
f 2557/9315/2548 683/701/658 686/708/662
f 686/9316/662 2558/9317/3864 3679/9318/3670
f 794/2552/774 554/562/528 553/9319/527
f 61/2391/1769 794/7487/774 1782/2554/1770
f 3679/7485/3670 2558/9317/3864 62/2393/1771
f 2741/4528/2733 3704/9320/3695 3679/9318/3670
f 3679/7485/3670 3704/9320/3695 2557/4028/2548
f 2559/9321/2549 2557/4029/2548 3704/7684/3695
f 2745/4537/2737 2567/4068/2559 2562/9322/2554
f 1790/9323/1782 74/4544/60 2563/4061/2555
f 74/9324/60 1790/4060/1782 72/9325/58
f 2564/9326/2556 2565/9327/2557 73/4063/59
f 2565/4064/2557 2564/4062/2556 699/9328/675
f 696/4047/671 700/730/676 2362/3502/2350
f 73/9329/59 2566/4546/2558 797/9330/779
f 1784/2401/1776 2565/9327/2557 1785/4048/1777
f 2565/4064/2557 1784/9331/1776 2566/9332/2558
f 2567/9333/2559 2743/9334/2735 3874/9335/3865
f 3874/9336/3865 2568/4071/2560 2567/9337/2559
f 2568/9338/2560 3874/9339/3865 3875/9340/3866
f 1790/9323/1782 2562/4538/2554 1788/6982/1780
f 3875/9341/3866 2570/4074/2562 2568/4069/2560
f 2570/9342/2562 3875/9343/3866 3876/9344/3867
f 3876/9345/3867 2572/9346/2564 2570/4072/2562
f 2572/9347/2564 3876/9348/3867 2961/8587/2953
f 2569/4070/2561 2574/9349/2566 1789/9350/1781
f 2574/9351/2566 2569/9352/2561 2571/7492/2563
f 2564/9326/2556 72/9353/58 3791/8422/3782
f 3791/8418/3782 2576/9354/2568 2564/9355/2556
f 2576/9356/2568 3791/8421/3782 2573/8419/2565
f 700/9357/676 699/4065/675 2575/7493/2567
f 24/16/16 2378/9358/2366 697/4054/673
f 2577/4086/2569 697/4051/673 2378/3569/2366
f 70/4052/56 698/727/674 1786/9359/1778
f 698/9360/674 697/4051/673 2577/4082/2569
f 1792/2419/1784 703/2414/679 1793/7498/1785
f 703/7497/679 1791/4097/1783 1797/8428/1789
f 1796/2421/1788 2580/8426/2572 701/4091/677
f 2580/4089/2572 2588/9361/2580 2581/4110/2573
f 701/731/677 2581/4090/2573 3680/7503/3671
f 1793/2416/1785 702/732/678 1794/4094/1786
f 702/4092/678 3680/7495/3671 706/736/682
f 1794/8423/1786 706/4093/682 705/8037/681
f 2561/4098/2553 1791/4097/1783 1792/2415/1784
f 929/1025/911 1792/4099/1784 2921/8425/2913
f 2583/4101/2575 2587/9362/2579 2584/7501/2576
f 2389/9363/2377 2584/4102/2576 2384/7278/2372
f 2585/4103/2577 2588/9361/2580 2580/9364/2572
f 2587/7499/2579 2586/4104/2578 3548/6986/3539
f 2384/3591/2372 2584/4102/2576 2385/3587/2373
f 2584/4106/2576 3548/7500/3539 1800/2426/1792
f 2385/9365/2373 1800/4107/1792 2578/8259/2570
f 2589/4580/2581 2590/9366/2582 2581/4110/2573
f 3680/9367/3671 2581/4090/2573 2590/9368/2582
f 2591/4577/2583 3877/9369/3868 704/4113/680
f 3133/8036/3124 704/7502/680 3877/9370/3868
f 3751/8033/3742 1794/2417/1786 705/8037/681
f 1797/9371/1789 1791/4097/1783 2582/9372/2574
f 2582/4096/2574 2592/4118/2584 1797/8428/1789
f 2592/9373/2584 2582/4095/2574 698/4088/674
f 1786/2406/1778 698/727/674 2582/9372/2574
f 2961/5058/2953 1901/2566/1893 2572/4075/2564
f 1901/4119/1893 1899/2563/1891 2593/4123/2585
f 2572/9347/2564 2593/4120/2585 2571/7492/2563
f 1899/4121/1891 3706/8582/3697 1803/2429/1795
f 2593/7505/2585 1803/4122/1795 3550/6991/3541
f 2571/4073/2563 2594/7508/2586 2574/4077/2566
f 2594/4124/2586 3550/7506/3541 1808/2435/1800
f 2574/9351/2566 1808/4125/1800 2573/8419/2565
f 3706/8432/3697 803/859/785 1801/4128/1793
f 1801/2427/1793 2595/4127/2587 3549/7513/3540
f 803/4126/785 2596/4563/2588 2595/4131/2587
f 2596/4129/2588 3160/9374/3151 2391/3596/2379
f 2595/7509/2587 2391/4130/2379 3651/7284/3642
f 3549/6987/3540 2597/7512/2589 1804/4134/1796
f 2597/4132/2589 3651/7510/3642 2393/3602/2381
f 1804/2430/1796 2393/4133/2381 3780/8270/3771
f 2573/4076/2565 1807/2434/1799 2576/4079/2568
f 1807/4135/1799 1805/2431/1797 2598/4139/2590
f 2576/9356/2568 2598/4136/2590 2575/7493/2567
f 1805/4137/1797 3780/8437/3771 2396/3612/2384
f 2598/7514/2590 2396/4138/2384 3653/7296/3644
f 2575/4078/2567 2599/7517/2591 700/4142/676
f 2599/4140/2591 3653/7515/3644 2397/3616/2385
f 700/9357/676 2397/4141/2385 2362/3502/2350
f 3784/9375/3775 2600/9376/2592 2409/4148/2397
f 2600/4146/2592 3681/9377/3672 2601/7520/2593
f 2409/9378/2397 2601/4147/2593 2602/9137/2594
f 3681/7518/3672 2777/9379/2769 1811/2438/1803
f 2777/9380/2769 3792/9381/3783 1811/2438/1803
f 2602/4149/2594 2601/4147/2593 1815/2444/1807
f 2601/9382/2593 1810/2437/1802 1815/2444/1807
f 2410/9383/2398 1815/4150/1807 3782/9138/3773
f 3792/8442/3783 2603/9384/2595 1809/4154/1801
f 2603/4152/2595 3711/9385/3702 2604/9386/2596
f 1809/2436/1801 2604/4153/2596 3551/7524/3542
f 3711/9387/3702 2607/4597/2599 2604/9386/2596
f 2607/9388/2599 3711/9385/3702 3878/9389/3869
f 3551/6992/3542 2606/4156/2598 1812/4160/1804
f 2606/4158/2598 2605/7704/2597 2608/9390/2600
f 1812/2439/1804 2608/4159/2600 1813/9391/1805
f 3782/8449/3773 709/9392/685 1694/7529/1678
f 709/7528/685 3782/8287/3773 3682/8447/3673
f 3682/7525/3673 1813/2440/1805 707/9393/683
f 1694/9394/1678 708/738/684 1696/4163/1680
f 708/4161/684 2766/7526/2758 2609/9395/2601
f 1696/9396/1680 2609/4162/2601 2389/3593/2377
f 78/67/64 80/9397/66 599/4167/574
f 2427/9167/2415 3660/7346/3651 2610/7370/2602
f 599/7345/574 2610/4166/2602 3660/7348/3651
f 1816/9398/1808 76/65/62 2423/3700/2411
f 2425/3703/2413 2423/4169/2411 76/4164/62
f 1709/2285/1693 2611/9159/2603 2425/4170/2413
f 713/747/689 2613/4224/2605 714/4183/690
f 711/9399/687 714/748/690 715/4171/691
f 2613/9400/2605 3683/7554/3674 2616/7533/2608
f 2613/9400/2605 2616/9401/2608 714/4183/690
f 3683/7531/3674 2614/4221/2606 2615/4180/2607
f 2614/4178/2606 3793/8463/3784 1819/2451/1811
f 2615/7534/2607 1819/4179/1811 3552/6998/3543
f 2616/4181/2608 3552/7535/3543 1824/2457/1816
f 714/9402/690 1824/4182/1816 715/4171/691
f 3793/8450/3784 2617/4215/2609 1817/4186/1809
f 2617/4184/2609 3684/7548/3675 2618/7538/2610
f 2619/4187/2611 3872/9202/3862 2460/9403/2448
f 3684/7536/3675 2619/4212/2611 2620/4189/2612
f 1817/2449/1809 2618/4185/2610 1820/4192/1812
f 2618/4190/2610 2620/7537/2612 2459/9404/2447
f 1820/2452/1812 2459/4191/2447 2623/9405/2615
f 715/9406/691 1823/2456/1815 716/752/692
f 2622/7539/2614 716/4176/692 1823/8456/1815
f 2621/9407/2613 1821/2453/1813 3664/7540/3655
f 2457/3760/2445 3664/9200/3655 1821/8453/1813
f 716/4177/692 2622/9199/2614 80/69/66
f 3879/9408/3870 2624/9409/2616 2625/4201/2617
f 2624/4199/2616 3685/9410/3676 719/755/695
f 2625/9411/2617 719/4200/695 2808/4681/2800
f 3685/7541/3676 2626/9412/2618 717/4204/693
f 2626/4202/2618 3794/9413/3785 1826/2460/1818
f 717/753/693 1826/4203/1818 3555/7004/3546
f 2808/9414/2800 718/754/694 2627/4207/2619
f 718/4205/694 3555/7543/3546 1830/2466/1822
f 2627/9415/2619 1830/4206/1822 3795/8469/3786
f 3794/8458/3785 2628/9416/2620 1825/4210/1817
f 2628/4208/2620 3686/9417/3677 722/758/698
f 1825/2458/1817 722/4209/698 3553/7551/3544
f 3686/7546/3677 2629/9418/2621 720/4213/696
f 2629/4211/2621 3872/9202/3862 2619/9419/2611
f 720/756/696 2619/4212/2611 3684/9420/3675
f 3553/6999/3544 721/757/697 1827/4216/1819
f 721/4214/697 3684/7548/3675 2617/9421/2609
f 1827/2461/1819 2617/4215/2609 3793/9422/3784
f 3795/9423/3786 1829/2465/1821 2630/4219/2622
f 1829/4217/1821 3554/7001/3545 725/761/701
f 2630/9424/2622 725/4218/701 2809/7557/2801
f 3554/7552/3545 1828/2462/1820 723/4222/699
f 1828/4220/1820 3793/8463/3784 2614/9425/2606
f 723/759/699 2614/4221/2606 3683/9426/3674
f 2809/9427/2801 724/760/700 2631/4225/2623
f 724/4223/700 3683/7554/3674 2613/4174/2605
f 2631/9428/2623 2613/4224/2605 2612/5130/2604
f 3880/9429/3871 2632/9430/2624 2633/4228/2625
f 2632/4226/2624 3687/9431/3678 728/764/704
f 2633/9432/2625 728/4227/704 3688/7563/3679
f 3687/7558/3678 2634/9433/2626 726/4231/702
f 2634/4229/2626 3796/9434/3787 1832/2469/1824
f 726/762/702 1832/4230/1824 3558/7010/3549
f 3688/9435/3679 727/763/703 2635/4234/2627
f 727/4232/703 3558/7560/3549 1836/2475/1828
f 2635/9436/2627 1836/4233/1828 3797/8481/3788
f 3796/8470/3787 2636/9437/2628 1831/4237/1823
f 2636/4235/2628 3689/9438/3680 731/767/707
f 1831/2467/1823 731/4236/707 3556/7569/3547
f 3689/7564/3680 2637/9439/2629 729/4240/705
f 2637/4238/2629 2789/4654/2781 2450/9440/2438
f 729/765/705 2450/4239/2438 3663/9441/3654
f 3556/7005/3547 730/766/706 1833/4243/1825
f 730/4241/706 3663/7566/3654 2449/9442/2437
f 1833/2470/1825 2449/4242/2437 3785/9443/3776
f 3797/9444/3788 1835/2474/1827 2638/4246/2630
f 1835/4244/1827 3557/7007/3548 734/770/710
f 2638/9445/2630 734/4245/710 3690/7575/3681
f 3557/7570/3548 1834/2471/1826 732/4249/708
f 1834/4247/1826 3785/8475/3776 2447/9446/2435
f 732/768/708 2447/4248/2435 3661/9447/3652
f 3690/9448/3681 733/769/709 2639/4252/2631
f 733/4250/709 3661/7572/3652 2445/9449/2433
f 2639/9450/2631 2445/4251/2433 3872/9451/3862
f 2640/4253/2632 2641/4293/2633 3881/9452/3872
f 2640/4253/2632 3691/9453/3682 737/773/713
f 2641/9454/2633 737/4254/713 3692/7581/3683
f 3691/7576/3682 2642/9455/2634 735/4258/711
f 2642/4256/2634 3798/8744/3789 1838/2478/1830
f 735/771/711 1838/4257/1830 3561/7016/3552
f 3692/9456/3683 736/772/712 2643/4261/2635
f 736/4259/712 3561/7578/3552 1842/2484/1834
f 2643/9457/2635 1842/4260/1834 3799/8493/3790
f 3798/8482/3789 2644/9458/2636 1837/4264/1829
f 2644/4262/2636 3693/9459/3684 740/776/716
f 1837/2476/1829 740/4263/716 3559/7587/3550
f 3693/7582/3684 2645/9460/2637 738/4267/714
f 2645/4265/2637 3880/9461/3871 2633/4228/2625
f 738/774/714 2633/4266/2625 3688/7563/3679
f 3559/7011/3550 739/775/715 1839/4270/1831
f 739/4268/715 3688/7584/3679 2635/4234/2627
f 1839/2479/1831 2635/4269/2627 3797/8481/3788
f 3799/9462/3790 1841/2483/1833 2646/4273/2638
f 1841/4271/1833 3560/7013/3551 743/779/719
f 2646/9463/2638 743/4272/719 3694/7593/3685
f 3560/7588/3551 1840/2480/1832 741/4276/717
f 1840/4274/1832 3797/8487/3788 2638/4246/2630
f 741/777/717 2638/4275/2630 3690/7575/3681
f 3694/9464/3685 742/778/718 2647/4279/2639
f 742/4277/718 3690/7590/3681 2639/4252/2631
f 2647/9465/2639 2639/4278/2631 3872/9451/3862
f 3879/9408/3870 2648/4742/2640 2624/4282/2616
f 2648/4280/2640 3695/7777/3686 746/782/722
f 2624/4199/2616 746/4281/722 3685/7599/3676
f 3695/7594/3686 2649/4739/2641 744/4285/720
f 2649/4283/2641 3800/8644/3791 1844/2487/1836
f 744/780/720 1844/4284/1836 3564/7022/3555
f 3685/7541/3676 745/781/721 2626/4288/2618
f 745/4286/721 3564/7596/3555 1848/2493/1840
f 2626/4202/2618 1848/4287/1840 3794/8505/3785
f 3800/8494/3791 2650/4733/2642 1843/4291/1835
f 2650/4289/2642 3696/7770/3687 749/785/725
f 1843/2485/1835 749/4290/725 3562/7605/3553
f 3696/7600/3687 2651/4730/2643 747/4294/723
f 747/783/723 2641/4293/2633 3692/7581/3683
f 3562/7017/3553 748/784/724 1845/4297/1837
f 748/4295/724 3692/7602/3683 2643/4261/2635
f 1845/2488/1837 2643/4296/2635 3799/8493/3790
f 3794/8458/3785 1847/2492/1839 2628/4300/2620
f 1847/4298/1839 3563/7019/3554 752/788/728
f 2628/4208/2620 752/4299/728 3686/7611/3677
f 3563/7606/3554 1846/2489/1838 750/4303/726
f 1846/4301/1838 3799/8499/3790 2646/4273/2638
f 750/786/726 2646/4302/2638 3694/7593/3685
f 3686/7546/3677 751/787/727 2629/4306/2621
f 751/4304/727 3694/7608/3685 2647/4279/2639
f 2629/4211/2621 2647/4305/2639 3872/9451/3862
f 2675/4375/2667 2652/9466/2644 2654/4309/2646
f 2654/4351/2646 2653/4308/2645 3697/7615/3688
f 2652/4307/2644 2655/9467/2647 2653/4312/2645
f 2655/4310/2647 3801/9468/3792 1851/2496/1843
f 2656/4313/2648 1851/4311/1843 3565/7025/3556
f 3697/7628/3688 2656/7614/2648 2657/4315/2649
f 2656/4313/2648 3565/9469/3556 1857/2502/1849
f 2657/4354/2649 1857/4314/1849 3803/8517/3794
f 3801/8506/3792 2678/9470/2670 1849/7617/1841
f 1849/2494/1841 2658/7616/2650 2659/4317/2651
f 2658/4316/2650 1004/9471/986 992/9472/974
f 2659/4318/2651 992/1123/974 991/9473/973
f 1850/7023/1842 2659/7618/2651 1852/4320/1844
f 2659/4318/2651 991/5195/973 2660/9474/2652
f 1852/2497/1844 2660/4319/2652 3802/9475/3793
f 3803/8524/3794 1856/2501/1848 2661/4323/2653
f 1856/4321/1848 1854/8514/1846 755/791/731
f 2661/4360/2653 755/4322/731 3699/7625/3690
f 1854/7620/1846 1853/2498/1845 753/4325/729
f 1853/4324/1845 3802/8511/3793 2015/8748/2005
f 753/789/729 2015/2760/2005 3698/9476/3689
f 3699/7634/3690 754/790/730 2663/4328/2655
f 754/4326/730 3698/7622/3689 2662/9477/2654
f 2663/4363/2655 2662/4327/2654 2838/4760/2830
f 2684/4825/2676 774/811/750 867/7626/849
f 774/4329/750 1859/2504/1851 1858/9478/1850
f 867/939/849 2664/9479/2656 3821/9480/3812
f 2683/8518/2675 2667/9481/2659 3804/8521/3795
f 2667/4339/2659 2683/4396/2675 2665/9482/2657
f 2666/7627/2658 2473/3805/2461 2669/9217/2661
f 2473/9483/2461 2666/4334/2658 2668/9484/2660
f 3804/8522/3795 2472/3802/2460 2672/8523/2664
f 2472/9485/2460 3804/8519/3795 2667/4335/2659
f 3821/8666/3812 2671/9486/2663 2859/9487/2851
f 2671/4348/2663 3821/9488/3812 2664/4332/2656
f 2670/4345/2662 2470/3796/2458 2673/9215/2665
f 2859/4828/2851 2469/3793/2457 2860/9489/2852
f 2469/9490/2457 2859/9491/2851 2671/4344/2663
f 2675/4375/2667 2654/9492/2646 2478/4353/2466
f 2654/4351/2646 3697/9493/3688 758/794/734
f 2478/9494/2466 758/4352/734 3668/7633/3659
f 3697/7628/3688 2657/9495/2649 756/4356/732
f 2657/4354/2649 3803/9496/3794 1862/2508/1854
f 756/792/732 1862/4355/1854 3568/7033/3559
f 3668/9497/3659 757/793/733 2479/4359/2467
f 757/4357/733 3568/7630/3559 1866/2514/1858
f 2479/9498/2467 1866/4358/1858 3787/8534/3778
f 3803/8524/3794 2661/9499/2653 1861/4362/1853
f 2661/4360/2653 3699/9500/3690 761/797/737
f 1861/2506/1853 761/4361/737 3566/7638/3557
f 3699/7634/3690 2663/9501/2655 759/4364/735
f 2663/4363/2655 2838/9502/2830 860/9503/842
f 759/795/735 860/931/842 859/9504/841
f 3566/7028/3557 760/796/736 1863/4366/1855
f 760/4365/736 859/4813/841 1949/9505/1941
f 1863/2509/1855 1949/2630/1941 1948/9506/1940
f 3787/9507/3778 1865/2513/1857 2480/4369/2468
f 1865/4367/1857 3567/7030/3558 764/800/740
f 2480/9508/2468 764/4368/740 3669/7644/3660
f 3567/7639/3558 1864/2510/1856 762/4371/738
f 1864/4370/1856 1948/4816/1940 857/9509/839
f 762/798/738 857/928/839 856/4840/838
f 3669/9510/3660 763/799/739 2481/4374/2469
f 763/4372/739 856/7641/838 2674/9511/2666
f 2481/9512/2469 2674/4373/2666 2857/8361/2849
f 766/8539/742 765/4401/741 1867/9513/1859
f 767/7646/743 766/802/742 2655/4379/2647
f 3801/8506/3792 2655/9467/2647 766/8536/742
f 2693/7648/2685 1868/2516/1860 1867/9513/1859
f 770/2518/746 2693/4408/2685 768/9514/744
f 768/804/744 2695/4410/2687 769/9515/745
f 1870/2651/1862 770/7649/746 769/9515/745
f 1873/7651/1865 2678/9470/2670 3801/8541/3792
f 2677/4380/2669 1873/8540/1865 1872/8537/1864
f 878/954/860 1871/4381/1863 1870/9516/1862
f 2677/4380/2669 1004/9471/986 2658/4385/2650
f 1004/1145/986 2677/4384/2669 878/4382/860
f 2116/4844/2105 777/7665/753 773/809/749
f 771/807/747 3805/8552/3796 772/9517/748
f 2679/9518/2671 772/808/748 3805/9519/3796
f 873/945/855 98/9520/84 1957/8545/1949
f 3805/9521/3796 2680/4428/2672 2679/4387/2671
f 2679/9518/2671 2681/4389/2673 96/4395/82
f 2680/4388/2672 2682/4425/2674 2681/4392/2673
f 2682/4390/2674 2524/4337/2512 2668/9484/2660
f 2681/4393/2673 2668/4391/2660 2666/9522/2658
f 2681/4393/2673 2666/4334/2658 2665/9482/2657
f 96/85/82 2665/4394/2657 2683/8544/2675
f 2675/4375/2667 637/9523/612 2686/9524/2678
f 2686/9525/2678 2676/4376/2668 2675/9526/2667
f 637/652/612 3873/9239/3863 2686/9524/2678
f 2687/9527/2679 2686/4399/2678 3873/9238/3863
f 2676/7645/2668 2685/9528/2677 765/7647/741
f 2688/7037/2680 765/4401/741 2685/7036/2677
f 3873/9241/3863 642/9529/617 2687/4400/2679
f 1883/8563/1875 2687/4404/2679 642/9242/617
f 642/657/617 3806/9530/3797 1883/2535/1875
f 1888/8565/1880 2689/7038/2681 1883/2535/1875
f 1867/2515/1859 2688/7035/2680 2693/9531/2685
f 783/7678/759 2693/4408/2685 2691/7039/2683
f 2691/8547/2683 2690/9532/2682 783/821/759
f 768/804/744 2692/9533/2684 2695/9534/2687
f 1972/2673/1964 2538/9535/2526 2697/4414/2689
f 2538/4412/2526 3677/9536/3668 2696/7657/2688
f 2697/9537/2689 2696/4413/2688 2868/9538/2860
f 3677/7655/3668 2540/9539/2528 2698/4417/2690
f 2540/4415/2528 3789/9540/3780 1876/2526/1868
f 2868/9541/2860 2696/4413/2688 2699/4420/2691
f 2698/4418/2690 1876/4416/1868 1880/2532/1872
f 2699/9542/2691 1880/4419/1872 1964/8556/1956
f 3789/8548/3780 2543/9543/2531 1874/4423/1866
f 2543/4421/2531 3678/9544/3669 2700/7661/2692
f 1874/2524/1866 2700/4422/2692 3569/7663/3560
f 3678/7659/3669 2544/9545/2532 2701/4426/2693
f 2544/4424/2532 2524/4337/2512 2682/9546/2674
f 2701/4427/2693 2682/4425/2674 2680/9547/2672
f 3569/7040/3560 2701/7660/2693 1877/4429/1869
f 1877/2527/1869 2680/4428/2672 3805/9519/3796
f 3700/9548/3691 1879/2531/1871 3570/8553/3561
f 771/807/747 776/2528/752 3805/9519/3796
f 777/7667/753 2116/2920/2105 3700/7666/3691
f 773/9549/749 777/7665/753 771/9550/747
f 3806/8557/3797 2515/3900/2503 1881/4432/1873
f 2515/4430/2503 3675/7453/3666 2702/7671/2694
f 1881/2533/1873 2702/4431/2694 3571/9551/3562
f 3675/7669/3666 2703/7451/2695 2704/4435/2696
f 3571/7045/3562 2702/4431/2694 1884/4438/1876
f 2704/4436/2696 780/4434/756 2705/4447/2697
f 1884/2536/1876 2705/4437/2697 3807/9552/3798
f 780/9553/756 2512/3894/2500 778/4441/754
f 2512/4439/2500 2707/7448/2699 2706/4444/2698
f 778/816/754 2706/4440/2698 3701/9554/3692
f 2707/4442/2699 2511/9260/2499 2708/9555/2700
f 2511/9556/2499 2510/3891/2498 2708/9555/2700
f 2706/9557/2698 2708/4443/2700 3701/9554/3692
f 780/9553/756 779/817/755 2705/4447/2697
f 779/4445/755 3701/7673/3692 2709/9558/2701
f 2705/9559/2697 2709/4446/2701 3807/9552/3798
f 2690/4405/2682 1887/2540/1879 781/4450/757
f 1887/4448/1879 1886/7046/1878 2710/4453/2702
f 781/819/757 2710/4449/2702 3702/9560/3693
f 1886/9561/1878 1885/2537/1877 2710/4453/2702
f 1885/4451/1877 3807/8560/3798 2711/9562/2703
f 2710/9563/2702 2711/4452/2703 3702/9560/3693
f 782/4454/758 3702/7676/3693 2694/9564/2686
f 2695/9565/2687 2694/4455/2686 3004/9566/2995
f 2726/4478/2718 2712/9567/2704 900/983/882
f 2714/4461/2706 900/9568/882 2712/4480/2704
f 2713/4484/2705 2715/9569/2707 2717/7048/2709
f 101/8567/87 2717/4462/2709 2715/4486/2707
f 900/4900/882 2714/9570/2706 898/2678/880
f 2718/4471/2710 898/9571/880 2714/4458/2706
f 2716/4493/2708 2719/9572/2711 99/8568/85
f 2721/4469/2713 99/9573/85 2719/4495/2711
f 2720/4499/2712 2722/9574/2714 1778/6981/1763
f 2554/8412/2543 1778/4470/1763 2722/4501/2714
f 99/88/85 1779/8408/1764 664/8411/640
f 1779/8409/1764 99/9573/85 2721/4466/2713
f 898/981/880 2718/9575/2710 2724/4473/2716
f 2724/4476/2716 142/9576/127 898/2678/880
f 2723/7679/2715 666/7481/642 2725/7483/2717
f 666/7482/642 2723/4472/2715 100/7051/86
f 142/2677/127 2551/9577/2540 1972/9578/1964
f 2551/9308/2540 142/9576/127 2724/4473/2716
f 2727/9579/2719 2728/9580/2720 2712/4480/2704
f 2713/4484/2705 2712/9567/2704 2728/7836/2720
f 2729/9581/2721 3808/9582/3799 2730/4483/2722
f 3809/8574/3800 2730/4485/2722 3808/8704/3799
f 2730/9583/2722 3809/8573/3800 2715/4486/2707
f 2716/4493/2708 2715/9569/2707 3809/8572/3800
f 1890/4490/1882 1889/8571/1881 2731/7847/2723
f 2732/9584/2724 2737/4506/2729 2733/4489/2725
f 785/824/761 2733/4491/2725 2737/4520/2729
f 2733/9585/2725 785/4505/761 2734/4492/2726
f 1892/2545/1884 2734/4497/2726 785/9586/761
f 1891/7052/1883 2735/9587/2727 2719/4495/2711
f 2720/4499/2712 2719/9572/2711 2735/7053/2727
f 2734/9588/2726 1892/4503/1884 2736/4498/2728
f 784/822/760 2736/4500/2728 1892/9589/1884
f 2736/9590/2728 784/4502/760 2722/4501/2714
f 2555/3996/2544 2722/9574/2714 784/9591/760
f 515/835/500 792/9592/770 922/1011/904
f 18/4522/772 922/9593/904 792/837/770
f 794/2552/774 2739/9594/2731 1894/8824/1886
f 688/843/664 2740/9595/2732 795/7984/775
f 2740/9596/2732 690/4526/665 2369/4034/2357
f 2739/9597/2731 793/841/773 795/7984/775
f 2741/4528/2733 2742/9598/2734 3703/7996/3694
f 2742/9599/2734 1782/2392/1770 1894/8824/1886
f 2559/9321/2549 3704/9320/3695 3703/7996/3694
f 2567/9333/2559 2745/4541/2737 2744/4536/2736
f 2562/4059/2554 2563/9600/2555 2746/4539/2738
f 2745/4537/2737 2746/4550/2738 2747/4542/2739
f 74/9324/60 797/4548/779 2748/4545/2740
f 2566/4066/2558 1784/9331/1776 69/57/55
f 2746/9601/2738 2750/4555/2742 2749/4551/2741
f 2750/4552/2742 691/4036/666 2560/4534/2550
f 2957/9602/2949 3153/8055/3144 2955/7859/2947
f 3153/5529/3144 2751/5533/2743 799/9603/781
f 2751/4556/2743 3810/9604/3801 2752/9605/2744
f 799/855/781 2751/5533/2743 2753/4558/2745
f 2955/5052/2947 3153/8055/3144 801/857/783
f 3810/8578/3801 2754/5539/2746 1895/4561/1887
f 2754/4559/2746 3705/8060/3696 2755/9606/2747
f 1895/2559/1887 2755/4560/2747 1896/9607/1888
f 3705/7689/3696 2756/5543/2748 802/4564/784
f 2756/4562/2748 3160/9374/3151 2596/9608/2588
f 802/858/784 2596/4563/2588 803/9609/785
f 1896/7054/1888 2755/4560/2747 1898/4567/1890
f 2755/4565/2747 3705/8060/3696 804/860/786
f 1898/2562/1890 804/4566/786 3706/7692/3697
f 2958/5055/2950 800/856/782 2757/4570/2749
f 2757/9610/2749 2753/4569/2745 2960/7695/2952
f 2753/7693/2745 2752/4557/2744 2758/4573/2750
f 2752/4571/2744 3810/9604/3801 1897/2561/1889
f 2758/4574/2750 1897/4572/1889 2759/7056/2751
f 2960/5057/2952 2758/7694/2750 2760/4576/2752
f 2760/9611/2752 2759/4575/2751 1902/2567/1894
f 2760/9611/2752 1902/9612/1894 2961/8587/2953
f 3877/9613/3868 2591/4112/2583 2762/4579/2754
f 2591/4577/2583 2590/9366/2582 2761/4582/2753
f 2762/9614/2754 2761/4578/2753 3707/7700/3698
f 2590/4111/2582 2589/4109/2581 2761/4582/2753
f 2589/4580/2581 2588/9361/2580 1905/2570/1897
f 2761/7696/2753 1905/4581/1897 3573/7061/3564
f 3707/9615/3698 2763/7699/2755 2764/4585/2756
f 2763/4583/2755 3573/7697/3564 1910/2576/1902
f 2764/9616/2756 1910/4584/1902 3811/8596/3802
f 2588/4108/2580 2585/9617/2577 1903/4587/1895
f 2585/4103/2577 2587/9362/2579 2765/4588/2757
f 1903/2568/1895 2765/4586/2757 3572/7702/3563
f 2587/7499/2579 2583/9618/2575 2765/4588/2757
f 2583/4101/2575 2389/9619/2377 2609/9395/2601
f 2765/7701/2757 2609/4162/2601 2766/9620/2758
f 3572/7057/3563 2766/7526/2758 1906/4591/1898
f 1906/2571/1898 707/4590/683 1813/9391/1805
f 3811/9621/3802 1909/2575/1901 2768/4594/2760
f 2768/9622/2760 2767/4593/2759 3708/7705/3699
f 1909/4592/1901 1907/2572/1899 2767/4596/2759
f 1907/4595/1899 1813/2440/1805 2608/9390/2600
f 2767/7703/2759 2608/4159/2600 2605/9623/2597
f 3708/9624/3699 2605/7704/2597 2769/4598/2761
f 2769/9625/2761 2607/4597/2599 3878/9389/3869
f 2770/9626/2762 805/4599/787 806/863/788
f 2771/4601/2763 811/4605/793 2772/9627/2764
f 807/864/789 809/4612/791 2773/9628/2765
f 2773/4611/2765 77/9629/63 1816/2446/1808
f 2774/9630/2766 1816/4613/1808 2398/9157/2386
f 3784/9375/3775 2775/9631/2767 2600/4618/2592
f 2775/4616/2767 3709/9632/3700 814/875/796
f 2600/4146/2592 814/4617/796 3681/7711/3672
f 3709/7706/3700 2776/4651/2768 812/4621/794
f 2776/4619/2768 2786/9633/2778 1912/2580/1904
f 812/873/794 1912/4620/1904 3576/7067/3567
f 3681/7518/3672 813/874/795 2777/4624/2769
f 813/4622/795 3576/7708/3567 1916/2586/1908
f 2777/9380/2769 1916/4623/1908 3792/8607/3783
f 2786/4650/2778 2778/4660/2770 1911/4627/1903
f 2778/4625/2770 2794/9634/2786 817/878/799
f 1911/2578/1903 817/4626/799 3574/7716/3565
f 2794/4659/2786 2779/4666/2771 815/4630/797
f 2779/4628/2771 2798/9635/2790 2780/9636/2772
f 815/876/797 2780/4629/2772 3710/9637/3701
f 3574/7062/3565 816/877/798 1913/4633/1905
f 816/4631/798 3710/7713/3701 2781/9638/2773
f 1913/2581/1905 2781/4632/2773 3812/9639/3803
f 3792/8442/3783 1915/2585/1907 2603/4636/2595
f 1915/4634/1907 3575/7064/3566 820/881/802
f 2603/4152/2595 820/4635/802 3711/7721/3702
f 3575/7717/3566 1914/2582/1906 818/4639/800
f 1914/4637/1906 3812/8601/3803 2782/9640/2774
f 818/879/800 2782/4638/2774 2783/9641/2775
f 3711/9387/3702 819/880/801 3878/9389/3869
f 2784/5556/2776 3878/9642/3869 819/7719/801
f 3784/9375/3775 1712/2289/1696 2775/4649/2767
f 2775/4616/2767 2785/4648/2777 3712/7724/3703
f 2775/4616/2767 3712/9643/3703 3709/7726/3700
f 3709/7706/3700 1920/9644/1912 2776/9645/2768
f 2787/7727/2779 2776/4651/2768 1920/2592/1912
f 2786/4650/2778 2791/9646/2783 3713/9647/3704
f 2791/4656/2783 2786/9633/2778 2787/4652/2779
f 2787/7727/2779 2790/9648/2782 2792/7745/2784
f 2790/9649/2782 2787/9650/2779 2788/9651/2780
f 3713/7729/3704 2793/9652/2785 2796/8629/2788
f 2793/9653/2785 3713/9654/3704 2791/7728/2783
f 2786/4650/2778 3713/9654/3704 2778/9655/2770
f 2795/4662/2787 2778/4660/2770 3713/9647/3704
f 2794/4659/2786 2797/9656/2789 3718/7756/3709
f 2797/9657/2789 2794/9634/2786 2795/4661/2787
f 2794/4659/2786 3718/9658/3709 2779/9659/2771
f 2799/9660/2791 2779/4666/2771 3718/7756/3709
f 3882/9661/3873 2800/9662/2792 2005/2733/1995
f 3882/9661/3873 2005/9663/1995 2004/9664/1994
f 2800/4668/2792 3714/7761/3705 2801/7732/2793
f 2005/9665/1995 2801/4669/2793 2804/4675/2796
f 3714/7730/3705 2802/9666/2794 2803/4672/2795
f 2802/4670/2794 3813/9667/3804 1923/2595/1915
f 2803/7733/2795 1923/4671/1915 3577/7073/3568
f 2801/4673/2793 2803/7731/2795 1927/2601/1919
f 2804/9668/2796 1927/4674/1919 3814/8618/3805
f 3813/8609/3804 2805/9669/2797 1921/4678/1913
f 2805/4676/2797 3715/9670/3706 2806/7737/2798
f 3715/7735/3706 2807/9671/2799 2808/4681/2800
f 2807/4679/2799 3879/9672/3870 2625/4201/2617
f 1921/2593/1913 2806/4677/2798 1924/4684/1916
f 2806/4682/2798 2808/7736/2800 2627/4207/2619
f 1924/2596/1916 2627/4683/2619 3795/8469/3786
f 3814/9673/3805 827/2600/809 2979/7902/2970
f 2979/5112/2970 827/2600/809 3716/7741/3707
f 1926/2599/1918 1925/2597/1917 825/4687/807
f 1925/4685/1917 3795/8613/3786 2630/4219/2622
f 825/891/807 2630/4686/2622 2809/7557/2801
f 3716/9674/3707 826/892/808 2612/5130/2604
f 2631/9428/2623 2612/4173/2604 826/7739/808
f 2789/9675/2781 2637/9439/2629 2790/4655/2782
f 2637/4238/2629 3689/9438/3680 2810/7743/2802
f 2790/9649/2782 2810/4690/2802 2792/7745/2784
f 3689/7564/3680 2636/9437/2628 2811/4692/2803
f 2636/4235/2628 3796/9434/3787 1929/2604/1921
f 2811/4693/2803 1929/4691/1921 3580/7079/3571
f 2792/9676/2784 2811/7742/2803 2793/4658/2785
f 2811/4693/2803 3580/9677/3571 1933/2610/1925
f 2793/9653/2785 1933/4694/1925 2796/8629/2788
f 3796/8470/3787 2634/9433/2626 1928/4696/1920
f 2634/4229/2626 3687/9431/3678 830/896/812
f 1928/2602/1920 830/4695/812 3578/7750/3569
f 3687/7558/3678 2632/9430/2624 828/4698/810
f 2632/4226/2624 3880/9461/3871 2812/9678/2804
f 828/894/810 2812/4697/2804 2822/9679/2814
f 3578/7074/3569 829/895/811 1930/4701/1922
f 829/4699/811 2822/7747/2814 2813/9680/2805
f 1930/2605/1922 2813/4700/2805 2824/9681/2816
f 2796/9682/2788 1932/2609/1924 2797/4664/2789
f 1932/4702/1924 3579/7076/3570 833/899/815
f 2797/9657/2789 833/4703/815 3718/7756/3709
f 3579/7751/3570 1931/2606/1923 831/4706/813
f 1931/4704/1923 2824/8623/2816 2814/9683/2806
f 831/897/813 2814/4705/2806 3717/9684/3708
f 3718/9685/3709 832/898/814 2799/4667/2791
f 832/4707/814 3717/7753/3708 2815/9686/2807
f 2799/9660/2791 2815/4708/2807 2798/9687/2790
f 3882/9661/3873 2816/9688/2808 2800/4711/2792
f 3714/7730/3705 835/901/817 2802/4713/2794
f 2802/4670/2794 1936/2614/1928 3813/8638/3804
f 3813/8609/3804 1935/2612/1927 2805/4716/2797
f 1935/4714/1927 3582/7081/3573 839/905/821
f 2805/4676/2797 839/4715/821 3715/7767/3706
f 2818/4717/2810 3883/9689/3874 2819/4746/2811
f 837/903/819 2819/4718/2811 3721/7785/3712
f 3715/7735/3706 838/904/820 2807/4724/2799
f 838/4722/820 3721/7764/3712 2821/4754/2813
f 2807/4679/2799 2821/4723/2813 3879/9690/3870
f 3880/9429/3871 3884/9691/3875 2812/9678/2804
f 2823/9692/2815 2812/4697/2804 3884/9693/3875
f 3885/9694/3876 3884/9691/3875 3886/9695/3877
f 2822/4725/2814 2825/9696/2817 2813/9680/2805
f 2825/9697/2817 2822/7747/2814 3586/7085/3577
f 3887/9698/3878 2814/4705/2806 3888/9699/3879
f 3889/9700/3880 3717/7753/3708 3890/9701/3881
f 2826/4729/2818 3891/9702/3882 2651/9703/2643
f 2827/9704/2819 2651/4730/2643 3696/9705/3687
f 2827/9704/2819 3696/7770/3687 3722/9706/3713
f 3723/9707/3714 841/907/823 1938/4734/1930
f 3723/9707/3714 1938/8642/1930 3819/9708/3810
f 841/4732/823 3696/7770/3687 2650/9709/2642
f 1938/2616/1930 2650/4733/2642 3800/9710/3791
f 2828/4735/2820 2829/4749/2821 3892/9711/3883
f 2828/4735/2820 3724/8649/3715 845/911/827
f 2829/9712/2821 845/4736/827 3725/7780/3716
f 3724/7775/3715 1939/2617/1931 843/4740/825
f 1939/4738/1931 3800/8644/3791 2649/9713/2641
f 843/909/825 2649/4739/2641 3695/9714/3686
f 3725/9715/3716 844/910/826 2830/4743/2822
f 844/4741/826 3695/7777/3686 2648/9716/2640
f 2830/9717/2822 2648/4742/2640 3879/9690/3870
f 3883/9718/3874 2833/9719/2825 2819/4746/2811
f 2831/4744/2823 2835/9720/2827 2832/4750/2824
f 2819/9721/2811 2832/4745/2824 3721/7785/3712
f 2834/4748/2826 3892/9722/3883 2829/4737/2821
f 2832/7781/2824 2829/4749/2821 3725/7780/3716
f 3721/9723/3712 2836/7784/2828 2821/4754/2813
f 2836/4752/2828 3725/7782/3716 2830/4743/2822
f 2821/9724/2813 2830/4753/2822 3879/9690/3870
f 2860/9227/2852 850/919/832 849/4830/831
f 849/918/831 851/7786/833 2840/4803/2832
f 124/8651/109 2840/9725/2832 851/920/833
f 2860/9227/2852 2482/9726/2470 850/4774/832
f 2482/4772/2470 3671/9727/3662 2841/7791/2833
f 850/9728/832 2841/4773/2833 2839/4780/2831
f 3671/7789/3662 2485/9729/2473 2842/4777/2834
f 2485/4775/2473 2505/9730/2493 1945/2625/1937
f 2842/4778/2834 1945/4776/1937 1947/2628/1939
f 2839/4763/2831 1947/4779/1939 1941/8660/1933
f 2505/3883/2493 2489/9731/2477 1943/4783/1935
f 2489/4781/2477 3673/9732/3664 2843/7795/2835
f 1943/2623/1935 2843/4782/2835 3589/9733/3580
f 3673/7793/3664 2491/9734/2479 2845/4786/2837
f 2491/4784/2479 2857/9735/2849 2844/4818/2836
f 2845/4787/2837 2844/4785/2836 2846/9736/2838
f 3589/7089/3580 2843/4782/2835 2847/4789/2839
f 2847/8656/2839 2846/4788/2838 1953/2638/1945
f 1941/2619/1933 1946/2627/1938 852/9737/834
f 2849/4823/2841 852/4765/834 1946/8658/1938
f 2848/9738/2840 2850/7090/2842 2851/4795/2843
f 2849/4823/2841 2851/9739/2843 977/1098/959
f 2852/9740/2844 871/943/853 984/1111/966
f 871/9741/853 2855/4805/2847 2018/2769/2008
f 2854/9742/2846 849/9743/831 2840/4803/2832
f 2855/9744/2847 2856/4809/2848 982/1108/964
f 2853/4801/2845 2840/9725/2832 855/926/837
f 2856/4806/2848 855/9745/837 1069/4771/1051
f 862/933/844 857/928/839 1948/9506/1940
f 1949/9746/1941 859/4813/841 125/4811/110
f 860/9747/842 2838/9502/2830 979/4812/961
f 2674/9748/2666 2862/4839/2854 2844/4818/2836
f 2846/7798/2838 2844/4785/2836 2862/9749/2854
f 1953/8664/1945 2846/4788/2838 2863/4843/2855
f 1950/2633/1942 864/4836/846 866/938/848
f 2858/9750/2850 865/937/847 975/1096/957
f 1953/8664/1945 1952/2637/1944 2851/4795/2843
f 2858/9750/2850 977/4824/959 1952/8663/1944
f 977/5178/959 2858/7093/2850 975/1096/957
f 867/939/849 3821/9488/3812 868/2641/850
f 3821/8666/3812 2859/9491/2851 1954/7800/1946
f 2859/4828/2851 849/9743/831 2854/9751/2846
f 1954/2639/1946 2853/4807/2845 1955/9752/1947
f 870/942/852 2855/4805/2847 871/9753/853
f 2852/9740/2844 872/1143/854 871/9753/853
f 2861/4834/2853 978/1100/960 189/9754/174
f 2863/9755/2855 858/4842/840 1950/8669/1942
f 773/9549/749 873/7654/855 874/947/856
f 873/945/855 1957/9756/1949 130/120/115
f 2695/9565/2687 3004/9757/2995 880/4856/862
f 883/963/865 2865/4893/2857 884/7805/866
f 2865/7803/2857 895/4892/877 1965/2663/1957
f 884/9758/866 1965/7804/1957 1962/4858/1954
f 895/978/877 2867/9759/2859 1963/7806/1955
f 2867/4865/2859 2697/9760/2689 2868/9538/2860
f 1963/2661/1955 2699/9761/2691 1964/8556/1956
f 135/966/120 2866/8672/2858 885/7808/867
f 2866/4867/2858 1879/2531/1871 3700/7666/3691
f 885/9762/867 3700/7807/3691 2116/4864/2105
f 2895/4923/2887 2869/9763/2861 2870/4871/2862
f 2869/4869/2861 3726/9764/3717 888/971/870
f 2870/9765/2862 888/4870/870 2891/7814/2883
f 3726/7809/3717 2871/9766/2863 886/4874/868
f 2871/4872/2863 3822/9767/3813 1967/2666/1959
f 886/969/868 1967/4873/1959 3592/7099/3583
f 2891/4917/2883 887/970/869 2872/4877/2864
f 887/4875/869 3592/7811/3583 1971/2672/1963
f 2872/9768/2864 1971/4876/1963 2884/8683/2876
f 3822/8673/3813 2873/9769/2865 1966/4880/1958
f 2873/4878/2865 3727/9770/3718 891/974/873
f 1966/2664/1958 891/4879/873 3590/7819/3581
f 3727/7815/3718 2874/9771/2866 889/4882/871
f 2874/4881/2866 3004/9757/2995 2694/9564/2686
f 889/972/871 2694/4455/2686 3702/9560/3693
f 3590/7094/3581 890/973/872 1968/4884/1960
f 890/4883/872 3702/7676/3693 2711/9562/2703
f 1968/2667/1960 2711/4452/2703 3807/9552/3798
f 2884/4907/2876 1970/2671/1962 2875/4887/2867
f 1970/4885/1962 3591/7096/3582 894/977/876
f 2875/9772/2867 894/4886/876 2881/7824/2873
f 3591/7820/3582 1969/2668/1961 892/4889/874
f 1969/4888/1961 3807/8560/3798 2709/9558/2701
f 892/975/874 2709/4446/2701 3701/9554/3692
f 2881/4902/2873 893/976/875 2876/4891/2868
f 893/4890/875 3701/7673/3692 2708/9555/2700
f 2876/9773/2868 2708/4443/2700 2510/4008/2498
f 1972/2673/1964 2867/9759/2859 140/7826/125
f 895/978/877 2877/9774/2869 896/7934/878
f 2877/9775/2869 2865/4893/2857 2864/9776/2856
f 897/9777/879 2878/9778/2870 140/7826/125
f 2878/9779/2870 897/7825/879 896/7934/878
f 141/4898/126 2879/9780/2871 899/4897/881
f 900/4900/882 2880/9781/2872 2726/9782/2718
f 2510/3977/2498 2882/4905/2874 2876/4891/2868
f 2882/9783/2874 2510/3891/2498 678/4017/655
f 678/9784/655 2883/4910/2875 2882/4904/2874
f 2883/9785/2875 678/698/655 1781/4016/1767
f 2881/4902/2873 1976/8689/1968 2875/4887/2867
f 1976/9786/1968 2881/9787/2873 1974/7100/1966
f 1781/9788/1767 2886/4913/2878 2883/4906/2875
f 2886/9789/2878 1781/2386/1767 677/4015/652
f 677/9790/652 2888/9791/2880 2886/4911/2878
f 2888/9792/2880 677/695/652 527/3497/507
f 2885/4909/2877 2890/9793/2882 1975/9794/1967
f 2890/9795/2882 2885/9796/2877 2887/7827/2879
f 2884/4907/2876 2892/4921/2884 2872/4877/2864
f 2892/9797/2884 2884/9798/2876 3823/8690/3814
f 3823/8685/3814 2894/9799/2886 2892/4919/2884
f 2894/9800/2886 3823/8688/3814 2889/8686/2881
f 2891/4917/2883 2896/9801/2888 2870/4871/2862
f 2896/9802/2888 2891/9803/2883 2893/7828/2885
f 3893/9804/3884 3894/9805/3885 2898/9806/2890
f 2899/9807/2891 2898/4927/2890 3894/9808/3885
f 3894/9809/3885 3895/9810/3886 2899/4928/2891
f 2901/9811/2893 2899/4930/2891 3895/9812/3886
f 2897/4926/2889 2900/9813/2892 2903/9814/2895
f 2904/7103/2896 2903/4933/2895 2900/7102/2892
f 3895/9815/3886 3896/9816/3887 2901/4931/2893
f 2905/9817/2897 2901/4935/2893 3896/9818/3887
f 3896/9819/3887 918/9820/900 2905/4936/2897
f 2915/4976/2907 2905/7829/2897 918/9821/900
f 1977/2682/1969 2915/9822/2907 1978/4978/1970
f 2902/4932/2894 1979/9823/1971 2907/9824/2899
f 2908/8692/2900 2907/4938/2899 1979/2684/1971
f 1979/9825/1971 1978/2683/1970 2908/4939/2900
f 2906/4937/2898 2909/9826/2901 2914/4985/2906
f 2726/4478/2718 2910/5352/2902 2727/4944/2719
f 2910/4942/2902 3728/7969/3719 903/986/885
f 2727/9579/2719 903/4943/885 2728/7836/2720
f 3728/7831/3719 2911/5349/2903 901/4947/883
f 2911/4945/2903 3824/8794/3815 1981/2687/1973
f 901/984/883 1981/4946/1973 3595/7110/3586
f 2728/4481/2720 902/985/884 2729/4950/2721
f 902/4948/884 3595/7833/3586 1985/2693/1977
f 2729/9581/2721 1985/4949/1977 3808/8704/3799
f 3824/8693/3815 2912/5343/2904 1980/4953/1972
f 2912/4951/2904 3067/7966/3058 906/989/888
f 1980/2685/1972 906/4952/888 3593/7841/3584
f 3067/5342/3058 2913/5340/2905 904/4955/886
f 2913/4954/2905 3893/9827/3884 2898/9806/2890
f 904/987/886 2898/4927/2890 2897/9828/2889
f 3593/7105/3584 905/988/887 1982/4957/1974
f 905/4956/887 2897/7838/2889 2903/9814/2895
f 1982/2688/1974 2903/4933/2895 2902/9829/2894
f 3808/8570/3799 1984/2692/1976 1889/4960/1881
f 1984/4958/1976 3594/7107/3585 909/992/891
f 1889/2542/1881 909/4959/891 2731/7847/2723
f 3594/7842/3585 1983/2689/1975 907/4962/889
f 1983/4961/1975 2902/8698/2894 2907/9824/2899
f 907/990/889 2907/4938/2899 2906/9830/2898
f 2731/4487/2723 908/991/890 2732/4965/2724
f 908/4963/890 2906/7844/2898 2914/4985/2906
f 2732/9584/2724 2914/4964/2906 2737/4520/2729
f 2915/4976/2907 917/4971/899 1986/4975/1978
f 1978/9831/1970 1986/4977/1978 1987/2696/1979
f 1986/2694/1978 913/4980/895 915/1000/897
f 2916/7848/2908 2738/4982/2730 788/829/765
f 1987/9832/1979 2916/8705/2908 2909/7830/2901
f 2916/7848/2908 788/9833/765 791/834/769
f 2914/9834/2906 791/4984/769 2737/4520/2729
f 919/9835/901 924/4995/906 2917/4992/2909
f 2918/9836/2910 2919/4999/2911 925/4994/907
f 2920/9837/2912 152/9838/137 154/144/139
f 152/142/137 2920/4997/2912 927/9839/909
f 2923/9840/2915 2925/8047/2917 2924/5009/2916
f 3729/7997/3720 2924/9841/2916 2925/9842/2917
f 2098/9843/2087 2926/8858/2918 932/5011/914
f 158/148/143 932/7849/914 2926/9844/2918
f 2933/5021/2925 933/9845/915 158/8706/143
f 2927/9846/2919 2928/9847/2920 2931/7852/2923
f 2931/5018/2923 159/149/144 2927/9848/2919
f 2929/9849/2921 2743/9334/2735 2930/5017/2922
f 2744/4540/2736 2930/5019/2922 2743/9850/2735
f 2930/9851/2922 2744/9852/2736 2932/5020/2924
f 2747/4549/2739 2932/5025/2924 2744/4536/2736
f 160/7111/145 2935/9853/2927 2934/5023/2926
f 2937/5027/2929 2934/9854/2926 2935/7113/2927
f 2932/9855/2924 2747/9856/2739 2936/5026/2928
f 2749/4554/2741 2936/5028/2928 2747/4542/2739
f 2936/9857/2928 2749/9858/2741 2938/5029/2930
f 2560/4035/2550 2938/9859/2930 2749/4551/2741
f 2101/2890/2090 2953/9860/2945 1051/7854/1033
f 2953/5049/2945 2941/9861/2933 2939/8709/2931
f 2942/9862/2934 2944/5036/2936 2943/5034/2935
f 3876/9345/3867 2944/5036/2936 2961/8587/2953
f 2944/7860/2936 3876/9348/3867 2945/5037/2937
f 3875/9341/3866 2945/5042/2937 3876/9344/3867
f 2946/5041/2938 2948/9863/2940 2947/5040/2939
f 2945/9864/2937 3874/9339/3865 2948/5043/2940
f 3874/9336/3865 2945/5042/2937 3875/9340/3866
f 2743/4535/2735 2948/9863/2940 3874/9335/3865
f 2101/2890/2090 2950/5050/2942 2953/9865/2945
f 2949/5046/2941 2952/7858/2944 2950/5045/2942
f 2953/5049/2945 2954/9866/2946 2941/9867/2933
f 2952/9868/2944 2951/5047/2943 2956/9869/2948
f 2957/9602/2949 2956/5053/2948 3897/9870/3888
f 801/7687/783 2959/5056/2951 2955/7859/2947
f 2942/9862/2934 2941/9861/2933 2954/5051/2946
f 2954/7114/2946 2757/9871/2749 2942/9872/2934
f 2757/9610/2749 2954/9866/2946 2958/7688/2950
f 2760/9611/2752 2944/5036/2936 2960/7695/2952
f 3898/9873/3889 2962/9874/2954 2963/5061/2955
f 3898/9873/3889 2963/7862/2955 3730/9875/3721
f 2962/5059/2954 3825/9876/3816 1992/2715/1984
f 2963/7864/2955 1992/5060/1984 3598/7121/3589
f 2964/5062/2956 3598/7865/3589 1996/2721/1987
f 2965/9877/2957 1996/5063/1987 3826/8724/3817
f 2965/9877/2957 3826/9878/3817 3899/9879/3890
f 3825/8713/3816 2966/9880/2958 1991/5067/1983
f 2966/5065/2958 3732/9881/3723 936/1035/918
f 1991/2713/1983 936/5066/918 3596/7872/3587
f 3732/7867/3723 2967/9882/2959 934/5070/916
f 2967/5068/2959 3877/9369/3868 2762/4579/2754
f 934/1033/916 2762/5069/2754 3707/7700/3698
f 3596/7116/3587 935/1034/917 1993/5073/1985
f 935/5071/917 3707/7869/3698 2764/4585/2756
f 1993/2716/1985 2764/5072/2756 3811/8596/3802
f 3826/9883/3817 1995/2720/1987 2968/5076/2960
f 1995/5074/1987 3597/7118/3588 939/1038/921
f 2968/9884/2960 939/5075/921 3733/7878/3724
f 3597/7873/3588 1994/2717/1986 937/5079/919
f 1994/5077/1986 3811/8718/3802 2768/4594/2760
f 937/1036/919 2768/5078/2760 3708/7705/3699
f 3733/9885/3724 938/1037/920 2969/5082/2961
f 938/5080/920 3708/7875/3699 2769/4598/2761
f 2969/9886/2961 2769/5081/2761 3878/9389/3869
f 3900/9887/3891 2972/9888/2964 2971/5085/2963
f 3901/9889/3892 3734/9890/3725 942/1041/924
f 3901/9889/3892 942/5084/924 2970/9891/2962
f 2971/9892/2963 942/5084/924 3155/7884/3146
f 3734/7879/3725 2973/5554/2965 940/5090/922
f 2973/5088/2965 3827/8871/2965 1998/2724/1988
f 940/1039/922 1998/5089/1988 3601/7127/3592
f 3155/5535/3146 941/1040/923 2974/5093/2966
f 941/5091/923 3601/7881/3592 2002/2730/1992
f 2974/9893/2966 2002/5092/1992 3157/8736/3148
f 3827/8725/2965 2975/5551/2965 1997/5096/1988
f 2975/5094/2965 3735/8063/3726 945/1044/927
f 1997/2722/1988 945/5095/927 3599/7889/3590
f 3735/7885/3726 2976/5548/2967 943/5099/925
f 2976/5097/2967 810/9894/792 2770/4600/2762
f 944/5100/926 2770/5098/2762 806/863/788
f 3599/7122/3590 944/1043/926 1999/5102/1989
f 944/5100/926 806/9895/788 2771/4603/2763
f 1999/2725/1989 2771/5101/2763 2772/9627/2764
f 3157/5537/3148 2001/2729/1991 2977/5105/2968
f 2001/5103/1991 3600/7124/3591 948/1047/930
f 2977/9896/2968 948/5104/930 3159/7895/3150
f 3600/7890/3591 2000/2726/1990 946/5108/928
f 2000/5106/1990 2772/8730/2764 807/4610/789
f 946/1045/928 807/5107/789 2773/9628/2765
f 3159/5540/3150 947/1046/929 2978/5111/2969
f 947/5109/929 2773/7892/2765 2774/4614/2766
f 2978/9897/2969 2774/5110/2766 3160/9898/3151
f 3814/9673/3805 2981/9899/2972 3736/7900/3727
f 2981/5117/2972 3814/9900/3805 2979/7902/2970
f 2980/7896/2971 2982/9901/2973 2984/7128/2975
f 2983/9902/2974 2984/5118/2975 2982/9903/2973
f 3736/9904/3727 169/8742/154 2006/2735/1996
f 169/7129/154 3736/9905/3727 2981/5114/2972
f 1917/2587/1909 2986/5123/2977 2983/5116/2974
f 2986/9906/2977 1917/4644/1909 821/9907/803
f 821/882/803 2988/9908/2979 2986/5121/2977
f 2988/5547/2979 821/4643/803 810/9909/792
f 2985/5119/2976 2990/9910/2981 167/7130/152
f 2990/5544/2981 2985/9911/2976 2987/7897/2978
f 3902/9912/3893 168/158/153 3903/9913/3894
f 3904/9914/3895 2007/9915/1997 2006/2735/1996
f 2006/8741/1996 171/161/156 3736/7900/3727
f 171/7898/156 2005/9663/1995 2804/4675/2796
f 3736/9904/3727 2804/7899/2796 3814/8618/3805
f 1917/2587/1909 2982/9901/2973 823/9916/805
f 2991/7901/2982 823/4645/805 2982/9903/2973
f 2991/7901/2982 2979/9917/2970 3716/7741/3707
f 2991/7901/2982 3716/9918/3707 2612/5130/2604
f 3880/9429/3871 2995/5137/2986 3884/9693/3875
f 3798/8482/3789 2994/9919/2985 2644/5135/2636
f 2644/4262/2636 951/1051/933 3693/7911/3684
f 3693/7582/3684 950/1049/932 2645/5138/2637
f 2645/4265/2637 2995/5137/2986 3880/9920/3871
f 973/9921/955 2997/9922/2988 847/2756/829
f 2997/9923/2988 973/4757/955 972/1241/954
f 2838/5162/2830 2662/4327/2654 968/2754/950
f 3698/9924/3689 2015/2760/2005 2014/7134/2004
f 2662/9925/2654 3698/7622/3689 2012/5182/2002
f 3802/8746/3793 2660/4319/2652 2016/2761/2006
f 991/1122/973 990/1121/972 2660/9474/2652
f 2016/7133/2006 2660/4319/2652 990/9926/972
f 2017/5183/2007 989/5193/971 966/5185/948
f 992/9927/974 1004/9471/986 997/1130/979
f 1003/5208/985 2852/4799/2844 1228/5190/1209
f 2020/2775/2010 995/5201/977 1960/2656/1952
f 998/1131/980 2023/7912/2013 2999/9928/2990
f 3000/5803/2991 2999/5204/2990 2023/2789/2013
f 3004/5218/2995 1005/1149/987 880/4856/862
f 1006/7915/988 2026/7914/2016 2028/2795/2018
f 880/1148/862 1006/9929/988 1959/4857/1951
f 2024/2790/2014 3001/9930/2992 2025/7917/2015
f 3001/5213/2992 3003/6039/2994 3185/9931/3176
f 2025/2793/2015 3185/5636/3176 2027/8885/2017
f 1959/9932/1951 2029/2797/2019 132/2654/117
f 2029/5216/2019 2119/8884/2108 3184/8084/3175
f 3005/9933/2996 3008/9934/2999 1005/5220/987
f 3008/5223/2999 3005/5219/2996 3006/7924/2997
f 1011/9935/993 3015/9936/3006 3007/5222/2998
f 3011/9937/3002 3007/5224/2998 3015/8763/3006
f 3007/9938/2998 2024/9939/2014 2026/2792/2016
f 2024/2790/2014 3007/5224/2998 3011/7136/3002
f 1009/9940/991 2220/9941/2208 3010/5227/3001
f 2220/9002/2208 1009/5226/991 1008/5248/990
f 3011/9937/3002 3012/7135/3003 3001/5229/2992
f 3013/9942/3004 3010/5231/3001 2220/3112/2208
f 3004/5218/2995 2874/9771/2866 3005/5234/2996
f 2874/4881/2866 3727/9770/3718 1012/1156/994
f 3005/9933/2996 1012/5233/994 3006/7924/2997
f 3727/7815/3718 2873/9769/2865 1010/5236/992
f 2873/4878/2865 3822/9767/3813 2032/2800/2022
f 1010/1154/992 2032/5235/2022 3741/8759/3732
f 3015/5241/3006 1011/1155/993 3741/8759/3732
f 3822/8673/3813 2871/9766/2863 2030/5238/2020
f 2871/4872/2863 3726/9764/3717 1015/1159/997
f 2030/2798/2020 1015/5237/997 3604/7929/3595
f 3726/7809/3717 2869/9763/2861 1013/5240/995
f 2869/4869/2861 2895/5282/2887 3014/9943/3005
f 1013/1157/995 3014/5239/3005 3742/9944/3733
f 2033/3024/2023 1014/1158/996 3742/9944/3733
f 2036/8764/2026 1007/9945/989 3009/5243/3000
f 1007/1151/989 2036/5242/2026 2035/8760/2025
f 3017/9946/3008 2034/5245/2024 2033/9947/2023
f 3016/5244/3007 3852/8998/3842 1008/5248/990
f 3852/8996/3842 3016/5247/3007 3017/5246/3008
f 2864/9948/2856 3018/5666/3009 2877/4894/2869
f 2877/9775/2869 3019/5250/3010 896/7934/878
f 3019/7932/3010 3020/5663/3011 3021/5253/3012
f 3020/5251/3011 2123/2930/2112 2039/2809/2029
f 896/9949/878 3021/7933/3012 2878/4896/2870
f 3021/5254/3012 2039/5252/2029 2044/2815/2034
f 2878/9779/2870 2044/5255/2034 1973/8774/1965
f 2123/8765/2112 3022/5658/3013 2037/5258/2027
f 2037/2807/2027 3023/5257/3014 3605/7937/3596
f 3023/7935/3014 3024/5655/3015 3026/5261/3017
f 3024/5259/3015 3247/5846/3238 3025/9950/3016
f 3605/7139/3596 3026/7936/3017 2040/5264/2030
f 3026/5262/3017 3025/5260/3016 3027/9951/3018
f 2040/2810/2030 3027/5263/3018 2045/9952/2035
f 1973/4895/1965 2043/2814/2033 2879/4899/2871
f 2043/5265/2033 3606/7143/3597 3028/7940/3019
f 2879/9953/2871 3028/5266/3019 899/4897/881
f 3606/7938/3597 2041/2811/2031 3030/5269/3021
f 2041/5267/2031 2045/2817/2035 3029/9954/3020
f 899/9955/881 3030/7939/3021 2880/4901/2872
f 3030/5270/3021 3029/5268/3020 3031/5274/3022
f 2880/9956/2872 3031/5271/3022 2726/9782/2718
f 3249/9957/3240 3035/9958/3026 3034/9959/3025
f 3035/9960/3026 3249/9961/3240 1018/1162/1000
f 1018/8775/1000 3249/9961/3240 1016/5326/998
f 1017/2816/999 3029/5268/3020 2045/9952/2035
f 3029/9962/3020 1017/1161/999 3744/7958/3735
f 3744/9963/3735 3031/5271/3022 3029/9954/3020
f 3031/9964/3022 3744/9965/3735 3032/5353/3023
f 3034/6053/3025 3033/9966/3024 3247/6243/3238
f 3025/9967/3016 3247/5846/3238 3033/9968/3024
f 3025/9967/3016 3033/9966/3024 3027/9951/3018
f 3035/9960/3026 3027/5263/3018 3033/9968/3024
f 2174/8776/2162 3036/9969/3027 3043/9970/3034
f 3038/5284/3029 3043/8777/3034 3036/5856/3027
f 3037/9971/3028 3039/9972/3030 3041/7942/3032
f 3040/9973/3031 3041/5285/3032 3039/5854/3030
f 3043/5287/3034 3038/9974/3029 3044/9975/3035
f 3042/9976/3033 3044/5288/3035 3038/5280/3029
f 2047/5867/2037 2046/2819/2036 1182/1386/1163
f 2046/7943/2036 3045/5304/3036 3050/9977/3041
f 3045/9978/3036 2046/2819/2036 3043/9970/3034
f 1182/5863/1163 3050/5301/3041 3080/9979/3071
f 527/995/507 3046/5355/3037 2888/4914/2880
f 3046/5290/3037 3070/9980/3061 1021/1165/1003
f 2888/9792/2880 1021/5291/1003 2887/7827/2879
f 3070/5354/3061 3047/5361/3038 1019/5294/1001
f 3047/5292/3038 3074/9981/3065 2049/2823/2039
f 1019/1163/1001 2049/5293/2039 3609/7150/3600
f 2887/4912/2879 1020/1164/1002 2890/4916/2882
f 1020/5295/1002 3609/7945/3600 2053/2829/2043
f 2890/9795/2882 2053/5296/2043 2889/8686/2881
f 3074/5360/3065 1029/9982/1011 2048/5299/2038
f 1029/5297/1011 3743/7975/3734 3048/7950/3039
f 2048/2821/2038 3048/5298/3039 3607/7952/3598
f 3743/7948/3734 3049/5370/3040 3051/5302/3042
f 3049/5300/3040 3080/9983/3071 3050/9977/3041
f 3607/7145/3598 3051/7949/3042 2050/5305/2040
f 3051/5303/3042 3050/5301/3041 3045/5289/3036
f 2050/2824/2040 3045/5304/3036 3044/9975/3035
f 2889/4915/2881 2052/2828/2042 2894/4922/2886
f 2052/5306/2042 3608/7147/3599 1024/1168/1006
f 2894/9800/2886 1024/5307/1006 2893/7828/2885
f 3608/7953/3599 2051/2825/2041 1022/5310/1004
f 2051/5308/2041 3044/5288/3035 3042/5286/3033
f 1022/1166/1004 3042/5309/3033 3041/7942/3032
f 2893/4920/2885 1023/1167/1005 2896/4925/2888
f 1023/5311/1005 3041/5285/3032 3040/5283/3031
f 2896/9802/2888 3040/5312/3031 2895/9984/2887
f 3052/7962/3043 3053/5319/3044 1096/5314/1078
f 3054/9985/3045 3829/9986/3819 3055/5317/3046
f 3053/5315/3044 3055/9987/3046 1091/5320/1073
f 3829/8787/3819 3056/9988/3047 3059/9989/3050
f 3058/7957/3049 3059/5325/3050 3056/5347/3047
f 3057/9990/3048 3032/9991/3023 3744/7958/3735
f 3059/7151/3050 3058/9992/3049 1017/9993/999
f 3744/9963/3735 1017/1161/999 3058/5323/3049
f 3059/7151/3050 1017/1161/999 1016/5326/998
f 1026/9994/1008 1016/1170/998 3249/5858/3240
f 1095/1266/1077 3060/9995/3051 3052/5329/3043
f 3060/5327/3051 3062/9996/3053 3061/5332/3052
f 3052/7962/3043 3061/5328/3052 3063/7961/3054
f 3062/5330/3053 3830/9997/3820 2056/2832/2046
f 3061/7959/3052 2056/5331/2046 3611/7156/3602
f 3053/5315/3044 3063/7963/3054 3054/5335/3045
f 3063/5333/3054 3611/7960/3602 2061/2838/2051
f 3054/9985/3045 2061/5334/2051 3829/8799/3819
f 3830/8789/3820 3064/9998/3055 2054/5338/2044
f 3064/5336/3055 3066/9999/3057 3065/5341/3056
f 2054/2830/2044 3065/5337/3056 3610/7967/3601
f 3066/5339/3057 3893/9827/3884 2913/10000/2905
f 3065/7965/3056 2913/5340/2905 3067/10001/3058
f 3610/7152/3601 3067/7966/3058 2057/5344/2047
f 2057/2833/2047 2912/5343/2904 3824/10002/3815
f 3829/8787/3819 2060/2837/2050 3056/5347/3047
f 2060/5345/2050 2058/2834/2048 3068/5350/3059
f 3056/5321/3047 3068/5346/3059 3057/7972/3048
f 2058/5348/2048 3824/8794/3815 2911/10003/2903
f 3068/7968/3059 2911/5349/2903 3728/10004/3719
f 3057/9990/3048 3069/7971/3060 3032/5353/3023
f 3069/5351/3060 3728/7969/3719 2910/10005/2902
f 3032/5272/3023 2910/5352/2902 2726/9782/2718
f 527/995/507 912/4968/894 3046/10006/3037
f 3071/10007/3062 3046/5355/3037 912/997/894
f 912/4970/894 147/137/132 3071/5356/3062
f 3073/10008/3064 3071/5358/3062 147/4967/132
f 3070/5354/3061 3072/10009/3063 3047/10010/3038
f 2064/10011/2054 3047/5361/3038 3072/7158/3063
f 147/10012/132 911/4966/893 3073/5359/3064
f 3075/10013/3066 3073/5362/3064 911/994/893
f 911/10014/893 910/993/892 3077/5366/3068
f 3077/5686/3068 3075/5365/3066 911/994/893
f 2062/2839/2052 3076/10015/3067 2063/10016/2053
f 3074/5360/3065 1027/8801/1009 1029/1174/1011
f 1027/1172/1009 3831/10017/3821 1028/10018/1010
f 3079/5677/3070 1028/1173/1010 3831/8802/3821
f 3743/7948/3734 3078/10019/3069 3049/10020/3040
f 3081/5675/3072 3049/5370/3040 3078/7976/3069
f 3893/9804/3884 3082/5733/3073 3894/9808/3885
f 3084/5375/3075 3894/9805/3885 3082/10021/3073
f 3083/10022/3074 2066/2843/2056 2065/7977/2055
f 3894/9809/3885 3084/10023/3075 3895/9812/3886
f 3085/5387/3076 3895/9810/3886 3084/5374/3075
f 3832/8804/3822 3086/5726/3077 3833/8808/3823
f 3088/5384/3079 3833/8811/3823 3086/10024/3077
f 3087/10025/3078 3089/5723/3080 3091/7978/3082
f 2922/5007/2914 3091/5385/3082 3089/10026/3080
f 3833/8809/3823 3088/10027/3079 3092/5386/3083
f 3092/10028/3083 3094/5391/3085 3833/8808/3823
f 3895/9815/3886 3085/10029/3076 3896/9818/3887
f 3093/5393/3084 3896/9816/3887 3085/5377/3076
f 2068/2845/2058 2069/8810/2059 3095/5392/3086
f 3896/9819/3887 3093/10030/3084 3096/5395/3087
f 3096/10031/3087 918/9820/900 3896/9818/3887
f 2369/3540/2357 3097/10032/3088 2740/4527/2732
f 3097/5396/3088 3123/5462/3114 1032/1177/1014
f 2740/9596/2732 1032/5397/1014 795/7984/775
f 3123/7979/3114 3098/10033/3089 1030/5400/1012
f 3098/5398/3089 3122/5459/3113 2071/2850/2060
f 1030/1175/1012 2071/5399/2060 3614/7165/3605
f 795/10034/775 1031/1176/1013 2739/4525/2731
f 1031/5401/1013 3614/7981/3605 2075/2856/2064
f 2739/9597/2731 2075/5402/2064 1894/8824/1886
f 3122/8813/3113 3099/5453/3090 2070/5405/2060
f 3099/5403/3090 3745/8012/3736 1035/1180/1017
f 2070/2848/2060 1035/5404/1017 3612/7990/3603
f 3745/7985/3736 3100/5450/3091 1033/5408/1015
f 3100/5406/3091 3250/10035/3241 3101/10036/3092
f 1033/1178/1015 3101/5407/3092 3746/10037/3737
f 3612/7160/3603 1034/1179/1016 2072/5411/2061
f 1034/5409/1016 3746/7987/3737 3102/10038/3093
f 2072/2851/2061 3102/5410/3093 3834/10039/3824
f 1894/10040/1886 2074/2855/2063 2742/4529/2734
f 2074/5412/2063 3613/7162/3604 1038/1183/1020
f 2742/9599/2734 1038/5413/1020 3703/7996/3694
f 3613/7991/3604 2073/2852/2062 1036/5416/1018
f 2073/5414/2062 3834/8818/3824 3103/10041/3094
f 1036/1181/1018 3103/5415/3094 3747/10042/3738
f 3703/10043/3694 1037/1182/1019 2559/4030/2549
f 1037/5417/1019 3747/7993/3738 3104/10044/3095
f 2559/9321/2549 3104/5418/3095 910/4020/892
f 3090/10045/3081 2923/5008/2915 2922/5383/2914
f 2924/5419/2916 3729/7851/3720 3105/7999/3096
f 2922/5007/2914 3105/5420/3096 3091/7978/3082
f 3729/7997/3720 933/9845/915 3106/5423/3097
f 933/5421/915 2933/10046/2925 2078/2859/2067
f 3106/8000/3097 2078/5422/2067 3616/7170/3607
f 3091/10047/3082 3105/5420/3096 3092/5386/3083
f 3105/5424/3096 3616/8001/3607 2083/2865/2072
f 3092/10028/3083 2083/5425/2072 3094/8812/3085
f 2933/5021/2925 2934/9854/2926 2076/5428/2065
f 2934/5426/2926 2937/10048/2929 3107/8003/3098
f 2937/5027/2929 2938/9859/2930 3108/5430/3099
f 2938/5429/2930 2560/10049/2550 796/4533/778
f 3108/8004/3099 796/851/778 927/9839/909
f 2076/2857/2065 3107/5427/3098 2079/5432/2068
f 3107/5431/3098 927/4998/909 2920/10050/2912
f 2079/2860/2068 2920/4997/2912 2919/10051/2911
f 3094/10052/3085 2082/2864/2071 3095/5392/3086
f 2082/5433/2071 3615/7167/3606 3109/8007/3100
f 3615/8005/3606 2080/2861/2069 3110/5436/3101
f 2080/5435/2069 2919/4999/2911 2918/10053/2910
f 3110/8008/3101 2918/4993/2910 924/10054/906
f 3095/10055/3086 3109/5434/3100 3096/5395/3087
f 3109/5437/3100 924/4995/906 919/10056/901
f 3096/10031/3087 919/1007/901 918/9821/900
f 2921/10057/2913 3111/10058/3102 930/5004/912
f 3113/5443/3104 930/1026/912 3111/5466/3102
f 3112/10059/3103 3114/10060/3105 3116/8009/3107
f 2085/8836/2074 3116/5444/3107 3114/5472/3105
f 930/10061/912 3113/10062/3104 1989/5005/1981
f 3117/5455/3108 1989/2709/1981 3113/5440/3104
f 3115/8833/3106 3118/10063/3109 2084/5448/2073
f 3118/5446/3109 3748/10064/3739 1041/1186/1023
f 2084/2866/2073 1041/5447/1023 205/8015/190
f 3748/8010/3739 3119/10065/3110 1039/5451/1021
f 3119/5449/3110 3250/10035/3241 3100/10066/3091
f 1039/1184/1021 3100/5450/3091 3745/10067/3736
f 205/196/190 1040/1185/1022 2086/5454/2075
f 1040/5452/1022 3745/8012/3736 3099/10068/3090
f 2086/2869/2075 3099/5453/3090 3122/10069/3113
f 1989/10070/1981 3117/10071/3108 931/5006/913
f 3121/5461/3112 931/1029/913 3117/5445/3108
f 3120/10072/3111 2087/2870/2076 3123/8016/3114
f 3098/5398/3089 3123/5462/3114 2087/8838/2076
f 931/10073/913 3121/10074/3112 2369/4034/2357
f 3097/5396/3088 2369/10075/2357 3121/5457/3112
f 2921/10057/2913 3124/5489/3115 3111/5466/3102
f 3124/5464/3115 3130/8034/3121 1044/1189/1026
f 3111/5438/3102 1044/5465/1026 3112/8021/3103
f 3130/5488/3121 3125/5491/3116 1042/5469/1024
f 3125/5467/3116 3131/10076/3122 2089/2874/2078
f 1042/1187/1024 2089/5468/2078 3619/7179/3610
f 3112/10059/3103 1043/1188/1025 3114/5472/3105
f 1043/5470/1025 3619/8018/3610 2093/2880/2082
f 3114/5441/3105 2093/5471/2082 3115/8848/3106
f 3131/5490/3122 3126/5499/3117 2088/5475/2077
f 3126/5473/3117 3749/8040/3740 1047/1192/1029
f 2088/2872/2077 1047/5474/1029 3617/8027/3608
f 3749/8022/3740 3141/5504/3132 1045/10077/1027
f 3617/7174/3608 1046/1191/1028 2090/5478/2079
f 1046/5476/1028 3750/8024/3741 3127/10078/3118
f 2090/2875/2079 3127/5477/3118 3281/10079/3272
f 3115/8833/3106 2092/2879/2081 3118/5481/3109
f 2092/5479/2081 3618/7176/3609 1050/1195/1032
f 3118/5446/3109 1050/5480/1032 3748/8032/3739
f 3618/8028/3609 2091/2876/2080 1048/5484/1030
f 2091/5482/2080 3281/5921/3272 3128/10080/3119
f 1048/1193/1030 3128/5483/3119 3279/10081/3270
f 3748/8010/3739 1049/1194/1031 3119/5487/3110
f 1049/5485/1031 3279/5918/3270 3129/10082/3120
f 3119/5449/3110 3129/5486/3120 3250/10083/3241
f 2921/10057/2913 1795/8424/1787 3124/10084/3115
f 3130/5488/3121 3751/8035/3742 3125/10085/3116
f 705/8849/681 704/7502/680 3133/10086/3124
f 3134/10087/3125 3133/5494/3124 3877/9370/3868
f 3620/8038/3611 3132/10088/3123 2095/7181/2084
f 3136/10089/3127 2095/2882/2084 3132/8039/3123
f 3131/5490/3122 2096/10090/2085 3126/8041/3117
f 2096/8852/2085 3135/10091/3126 3137/10092/3128
f 3139/10093/3130 3137/5501/3128 3135/8853/3126
f 3749/8022/3740 3138/10094/3129 3141/10095/3132
f 3142/10096/3133 3141/5504/3132 3138/8042/3129
f 3142/10096/3133 3138/10094/3129 3905/10097/3896
f 3296/10098/3287 1208/1426/1189 3753/8044/3744
f 1208/5506/1189 1056/10099/1038 3752/10100/3743
f 3753/10101/3744 2100/10102/2089 3835/8863/3825
f 2100/8862/2089 3753/10103/3744 3752/10100/3743
f 3143/5508/3134 3144/5511/3135 3621/8856/3612
f 1052/10104/1034 3146/10105/3137 3144/5509/3135
f 3146/10106/3137 1052/1197/1034 2940/5031/2932
f 2097/2884/2086 3621/10107/3612 3145/8045/3136
f 3835/10108/3825 2099/2888/2088 3148/5515/3139
f 2099/5513/2088 3622/7184/3613 3147/8048/3138
f 3148/10109/3139 3147/5514/3138 3149/5517/3140
f 3622/8046/3613 2098/2885/2087 2925/9842/2917
f 3147/5516/3138 2925/8047/2917 2923/10110/2915
f 3149/10111/3140 2923/5008/2915 3090/10112/3081
f 2101/2890/2090 1051/10113/1033 1053/1198/1035
f 1054/1199/1036 1052/1197/1034 3143/10114/3134
f 2940/5038/2932 2947/10115/2939 3146/5512/3137
f 2947/5522/2939 2948/9863/2940 3150/5525/3141
f 3146/10106/3137 3150/5523/3141 3145/8045/3136
f 2948/5524/2940 2743/9334/2735 2929/10116/2921
f 3151/5526/3142 2929/5016/2921 2928/10117/2920
f 3145/5510/3136 3151/8051/3142 2097/5527/2086
f 3151/5526/3142 2928/9847/2920 2927/9848/2919
f 2097/2884/2086 2927/5013/2919 2926/9844/2918
f 1206/10118/1187 1053/2891/1035 1056/1201/1038
f 1054/1199/1036 3143/8855/3134 1055/10119/1037
f 213/7186/198 1055/1200/1037 3143/10114/3134
f 3752/8053/3743 3152/10120/3143 2100/2889/2089
f 3897/10121/3888 3154/10122/3145 2957/5054/2949
f 3153/5529/3144 2102/10123/2091 2751/10124/2743
f 3623/8059/3614 3155/10125/3146 2103/7189/2092
f 2974/9893/2966 2103/2895/2092 3155/7884/3146
f 3810/8578/3801 2104/10126/2093 2754/8061/2746
f 2104/5532/2093 3157/10127/3148 3158/10128/3149
f 2977/9896/2968 3158/5541/3149 3157/8736/3148
f 3705/7689/3696 3159/10129/3150 2756/10130/2748
f 2978/9897/2969 2756/5543/2748 3159/7895/3150
f 3906/10131/3897 2989/10132/2980 3907/10133/3898
f 2989/5125/2980 2990/9910/2981 3161/5546/3152
f 2990/5544/2981 2987/10134/2978 1059/1204/1041
f 3161/8868/3152 1059/5545/1041 3624/8066/3615
f 2987/5122/2978 2988/9908/2979 1057/5549/1039
f 2988/5547/2979 810/9894/792 2976/10135/2967
f 1057/1202/1039 2976/5548/2967 3735/10136/3726
f 3624/7190/3615 1058/1203/1040 2105/5552/2094
f 1058/5550/1040 3735/8063/3726 2975/10137/2965
f 2105/2897/2094 2975/5551/2965 3827/10138/2965
f 3908/10139/3899 2106/2898/2095 3162/5555/3153
f 3908/10139/3899 3162/8068/3153 3756/10140/3747
f 2106/5553/2095 3827/8871/2965 2973/10141/2965
f 3162/10142/3153 2973/5554/2965 3734/10143/3725
f 3909/10144/3900 3734/9890/3725 3901/10145/3892
f 3878/10146/3869 2784/10147/2776 2969/5082/2961
f 2784/5556/2776 2783/4641/2775 1062/1207/1044
f 2969/9886/2961 1062/5557/1044 3733/7878/3724
f 2783/8070/2775 2782/4638/2774 1060/5560/1042
f 2782/5558/2774 3812/8601/3803 2109/2901/2098
f 1060/1205/1042 2109/5559/2098 3627/7196/3618
f 3733/9885/3724 1061/1206/1043 2968/5076/2960
f 1061/5561/1043 3627/8072/3618 2111/2904/2100
f 2968/9884/2960 2111/5562/2100 3826/8724/3817
f 3812/8873/3803 2781/4632/2773 2108/5565/2097
f 2781/5563/2773 3710/7713/3701 3163/8077/3154
f 2108/2900/2097 3163/5564/3154 3836/10148/3826
f 3710/8075/3701 2780/4629/2772 3758/10149/3749
f 174/912/159 3169/10150/3160 175/165/160
f 3170/5584/3161 3628/7198/3619 3169/5582/3160
f 3628/10151/3619 3170/10152/3161 2115/2916/2104
f 175/10153/160 3166/10154/3157 2008/2739/1998
f 3166/5572/3157 175/2738/160 3169/5582/3160
f 2115/5590/2104 3164/10155/3155 2151/8880/2139
f 3171/5594/3162 3172/5744/3163 1116/10156/1097
f 242/235/227 2151/5570/2139 3164/5591/3155
f 3165/5569/3156 1114/1284/1095 1113/10157/1094
f 2008/5141/1998 3167/5742/3158 245/5140/230
f 3167/10158/3158 2008/5139/1998 3166/8078/3157
f 222/1217/207 2011/5581/2001 1214/2913/1195
f 3169/7197/3160 970/5167/952 3170/5583/3161
f 3170/5584/3161 969/1088/951 2114/5587/2103
f 2114/2914/2103 967/5164/949 1073/1223/1055
f 3164/5566/3155 1073/2915/1055 3171/5593/3162
f 3171/5594/3162 2158/5592/2146 1144/1329/1125
f 3172/10159/3163 1144/5595/1125 3230/5779/3221
f 956/10160/938 974/5147/956 3173/5598/3164
f 1075/5597/1057 3173/5600/3164 2212/5599/2200
f 957/10161/939 1074/2742/1056 1076/2910/1058
f 2013/2755/2003 1081/1237/1063 985/10162/967
f 2997/9923/2988 1082/5609/1064 2013/5170/2003
f 972/5608/954 1080/1240/1062 1082/1238/1064
f 1002/1245/984 226/10163/211 228/220/213
f 1083/5206/1065 228/1246/213 3174/10164/3165
f 2021/5207/2011 1003/10165/985 3231/5781/3222
f 226/218/211 3231/8079/3222 227/8927/212
f 3174/5612/3165 3175/5615/3166 3176/8082/3167
f 3176/5614/3167 1231/6021/1212 2214/10166/2202
f 1961/2657/1953 136/10167/121 1084/1250/1066
f 3177/8083/3168 231/1249/216 2117/2923/2106
f 2214/3103/2202 3238/10168/3229 3176/8082/3167
f 3238/8080/3229 2166/10169/2154 3629/8882/3620
f 3176/5614/3167 3181/10170/3172 3174/10164/3165
f 3181/5626/3172 3176/10171/3167 3629/8882/3620
f 2167/5818/2155 3179/10172/3170 3178/5623/3169
f 3177/8083/3168 3178/7201/3169 3179/5820/3170
f 1961/2657/1953 1084/10173/1066 3180/8137/3171
f 3178/10174/3169 3177/10175/3168 2117/2923/2106
f 3174/5612/3165 3183/10176/3174 1083/1247/1065
f 3183/5631/3174 3174/10177/3165 3181/10178/3172
f 877/4853/859 1083/10179/1065 3183/5628/3174
f 1089/5805/1071 3000/10180/2991 1090/1259/1072
f 132/10181/117 2022/5634/2012 1960/2656/1952
f 2119/10182/2108 1088/2925/1070 3184/8084/3175
f 2118/2924/2107 2119/8884/2108 3235/10183/3226
f 3186/10184/3177 3235/10185/3226 2027/8885/2017
f 3759/10186/3750 3188/6220/3179 3187/10187/3178
f 234/8887/219 3194/5650/3185 2120/10188/2109
f 3194/10189/3185 234/10190/219 3759/8087/3750
f 3189/5641/3180 3759/10191/3750 234/226/219
f 232/224/217 2121/2928/2110 3199/5667/3190
f 1163/1361/1144 3199/10192/3190 2864/9776/2856
f 2168/3021/2156 232/5643/217 1163/10193/1144
f 1244/1478/1225 233/225/218 1245/8088/1226
f 3190/10194/3181 2168/5829/2156 1160/10195/1141
f 3190/10194/3181 1160/5828/1141 3191/5647/3182
f 1318/5638/1299 3192/5648/3183 3187/10187/3178
f 3192/10196/3183 1318/1603/1299 1174/1377/1155
f 1174/5850/1155 3193/10197/3184 3192/10198/3183
f 3197/8889/3188 1174/5848/1155 1173/5843/1154
f 3187/8086/3178 2126/8894/2115 3194/10199/3185
f 2126/10200/2115 3187/5639/3178 2125/7204/2114
f 1173/10201/1154 3195/10202/3186 3197/5653/3188
f 3197/8889/3188 3196/5652/3187 2122/5659/2111
f 3195/5651/3186 1172/1373/1153 3198/5656/3189
f 1172/5654/1153 3247/5846/3238 3024/10203/3015
f 3198/8091/3189 3024/5655/3015 3023/10204/3014
f 3196/5657/3187 3023/5257/3014 3022/10205/3013
f 2122/2929/2111 3022/5658/3013 2123/10206/2112
f 2120/2927/2109 3200/10207/3191 2121/10208/2110
f 3202/8093/3193 2120/10209/2109 3201/8892/3192
f 3201/5662/3192 2123/2930/2112 3020/10210/3011
f 3202/8093/3193 3020/5663/3011 3019/10211/3010
f 3200/5665/3191 3019/5250/3010 3018/10212/3009
f 3199/5660/3190 3018/5666/3009 2864/9776/2856
f 3249/9957/3240 1176/1379/1157 1026/1171/1008
f 3080/5369/3071 3081/10213/3072 1190/1401/1171
f 3081/5675/3072 3078/10019/3069 1100/1271/1082
f 1190/8149/1171 1100/5676/1082 3760/8098/3751
f 3078/5367/3069 3079/10214/3070 1098/5679/1080
f 3079/5677/3070 3831/10017/3821 2128/2938/2117
f 1098/1269/1080 2128/5678/2117 3632/7210/3623
f 3760/10215/3751 1099/1270/1081 3203/5682/3194
f 1099/5680/1081 3632/8095/3623 2132/2944/2120
f 3203/10216/3194 2132/5681/2120 3262/8905/3253
f 3831/8895/3821 2063/2840/2053 2127/5685/2116
f 2063/5683/2053 3076/10015/3067 1103/1274/1085
f 2127/2936/2116 1103/5684/1085 3630/8102/3621
f 3076/5364/3067 3077/10217/3068 1101/5687/1083
f 3077/5686/3068 910/993/892 3104/10044/3095
f 1101/1272/1083 3104/5418/3095 3747/10042/3738
f 3630/7205/3621 1102/1273/1084 2129/5689/2118
f 1102/5688/1084 3747/7993/3738 3103/10041/3094
f 2129/2939/2118 3103/5415/3094 3834/10039/3824
f 3262/5890/3253 2131/2943/2119 3204/5692/3195
f 2131/5690/2119 3631/7207/3622 1106/1277/1088
f 3204/10218/3195 1106/5691/1088 3255/8107/3246
f 3631/8103/3622 2130/2940/2118 1104/5694/1086
f 2130/5693/2118 3834/8818/3824 3102/10038/3093
f 1104/1275/1086 3102/5410/3093 3746/10037/3737
f 3255/5879/3246 1105/1276/1087 3205/5696/3196
f 1105/5695/1087 3746/7987/3737 3101/10036/3092
f 3205/10219/3196 3101/5407/3092 3250/10083/3241
f 3893/9804/3884 3066/9999/3057 3224/5734/3215
f 3066/5339/3057 3064/9998/3055 3207/5698/3198
f 3064/5336/3055 3830/9997/3820 3206/7213/3197
f 3224/10220/3215 3207/8108/3198 3208/5701/3199
f 3207/5699/3198 3206/5697/3197 2137/2950/2125
f 3208/10221/3199 2137/5700/2125 3837/8911/3827
f 3830/8789/3820 3062/9996/3053 3633/8110/3624
f 3062/5330/3053 3060/9995/3051 3209/5703/3200
f 3060/5327/3051 1095/1509/1077 1261/6078/1242
f 3633/7211/3624 3209/8109/3200 2133/5706/2121
f 3209/5704/3200 1261/5702/1242 274/267/259
f 2133/2945/2121 274/5705/259 273/3054/258
f 3837/10222/3827 2136/2949/2124 3217/5718/3208
f 2136/8111/2124 2134/2946/2122 3210/10223/3201
f 3210/5707/3201 2134/2946/2122 3264/5897/3255
f 3217/10224/3208 3210/8112/3201 3212/5709/3203
f 3210/5707/3201 3264/10225/3255 3211/6269/3202
f 3212/10226/3203 3211/5708/3202 3327/6093/3318
f 280/5710/264 2138/8114/2126 1109/10227/3752
f 3327/6271/3318 3213/10228/3204 3212/5709/3203
f 3213/5711/3204 1197/8162/1178 3216/5715/3207
f 3212/10226/3203 3214/5712/3205 3217/5718/3208
f 1197/10229/1178 3215/10230/3206 3216/5715/3207
f 3215/5713/3206 2195/8963/2183 2141/2955/2129
f 3216/8117/3207 2141/5714/2129 3635/7218/3626
f 3214/5716/3205 3635/8118/3626 2146/2961/2134
f 3217/10224/3208 2146/5717/2134 3837/8911/3827
f 2195/8913/2183 3218/10231/3209 2139/5721/2127
f 3218/5719/3209 3765/8160/3757 3221/5724/3212
f 2139/2953/2127 3219/5720/3210 2142/5727/2130
f 3765/10232/3757 3220/10233/3211 3221/5724/3212
f 3220/5722/3211 3090/5382/3081 3089/10026/3080
f 3221/8121/3212 3089/5723/3080 3087/10234/3078
f 3219/5725/3210 3087/5379/3078 3086/10024/3077
f 2142/2956/2130 3086/5726/3077 3832/10235/3822
f 3837/10222/3827 2145/2960/2133 3208/5701/3199
f 2145/5728/2133 3634/7215/3625 3222/8124/3213
f 3208/10221/3199 3222/5729/3213 3224/5734/3215
f 3634/8122/3625 2143/2957/2131 3223/5731/3214
f 2143/5730/2131 3832/8807/3822 2066/8805/2056
f 3223/8125/3214 2066/2843/2056 3083/10236/3074
f 3222/5732/3213 3083/5373/3074 3082/10021/3073
f 3224/10220/3215 3082/5733/3073 3893/10237/3884
f 3877/9613/3868 2967/9882/2959 3225/5736/3216
f 2967/5068/2959 3732/9881/3723 1112/1282/1093
f 3225/5957/3216 1112/5735/1093 3761/8130/3753
f 3732/7867/3723 2966/9880/2958 1110/5738/1091
f 2966/5065/2958 3825/9876/3816 2148/2963/2136
f 1110/1280/1091 2148/5737/2136 3638/7224/3629
f 3761/8170/3753 1111/1281/1092 3226/5741/3217
f 1111/5739/1092 3638/8127/3629 2150/2966/2138
f 3226/5959/3217 2150/5740/2138 3838/8926/3828
f 3825/8713/3816 2962/9874/2954 2147/10238/2135
f 3167/10158/3158 1113/5573/1094 1120/5743/1101
f 3172/10159/3163 3230/10239/3221 1117/5745/1098
f 1128/1304/1109 2154/3098/2142 1077/1229/1059
f 2154/2979/2142 1128/5603/1109 1129/1306/1110
f 3227/7250/3218 248/9007/233 250/243/235
f 3228/9004/3219 1132/5765/1113 2155/5762/2143
f 1229/10240/1210 1228/1454/1209 983/5189/965
f 250/10241/235 249/242/234 290/284/275
f 2155/5764/2143 1133/2766/1114 190/5766/175
f 1140/5774/1121 3229/6119/3220 3230/5779/3221
f 1003/5208/985 1227/5780/1208 3231/5781/3222
f 3231/10242/3222 1225/1451/1206 256/249/241
f 3231/10242/3222 256/10243/241 227/8927/212
f 228/10244/213 255/248/240 3175/5613/3166
f 3175/10245/3166 1234/2998/1215 1231/5616/1212
f 1153/5791/1134 1137/5769/1118 2156/5794/2144
f 2999/5788/2990 3000/10180/2991 1149/10246/1130
f 3233/5811/3224 1149/5798/1130 3000/5212/2991
f 1149/1340/1130 3233/10247/3224 1150/8133/1131
f 2118/2924/2107 3235/10185/3226 2162/10248/2150
f 3236/8131/3227 2162/3009/2150 3235/10183/3226
f 3186/10184/3177 3003/6039/2994 1238/8132/1219
f 2162/10249/2150 3236/6037/3227 3318/8929/3309
f 2161/3008/2149 2163/6032/2151 3316/8135/3307
f 1150/1343/1131 3237/6030/3228 1151/6167/1132
f 3238/8080/3229 3239/5816/3230 2166/8932/2154
f 3240/6026/3231 3239/5816/3230 1237/1467/1218
f 3240/6026/3231 1156/3012/1137 2164/10250/2152
f 3179/5624/3170 2165/5819/2153 3180/8137/3171
f 2165/8136/2153 260/5822/245 1154/10251/1135
f 3180/10252/3171 1154/5821/1135 1961/5833/1953
f 3240/6026/3231 3315/10253/3306 296/290/281
f 3852/8996/3842 3017/10254/3008 1165/6241/1146
f 1166/10255/1147 1165/10256/1146 3017/5246/3008
f 3017/9946/3008 2033/2802/2023 1166/3026/1147
f 1167/8138/1148 2170/8934/2158 2171/3029/2159
f 2033/3024/2023 3742/7926/3733 2169/10257/2157
f 3241/10258/3232 2169/3025/2157 3742/9944/3733
f 3742/10259/3733 3014/5239/3005 3241/5834/3232
f 3014/5835/3005 2895/5282/2887 3242/10260/3233
f 3241/10258/3232 3242/5836/3233 3246/8140/3237
f 3840/8940/3830 264/257/249 3244/6227/3235
f 3245/8936/3236 3244/5838/3235 264/8941/249
f 3245/8936/3236 3839/10261/3829 3762/8142/3754
f 3243/5837/3234 3762/10262/3754 3366/10263/3357
f 1169/10264/1150 1172/1373/1153 3195/10265/3186
f 1169/10264/1150 3195/10202/3186 1173/5843/1154
f 3366/6244/3357 3762/10262/3754 1323/8144/1304
f 3762/8143/3754 3839/10261/3829 2173/10266/2161
f 3839/10267/3829 3248/10268/3239 2173/10266/2161
f 3248/5855/3239 3839/10261/3829 3246/8140/3237
f 3246/8145/3237 3039/9972/3030 3037/10269/3028
f 3039/5281/3030 3246/5841/3237 3242/10260/3233
f 2173/3033/2161 3036/9969/3027 2174/10270/2162
f 3036/5278/3027 2173/8942/2161 3248/8146/3239
f 2179/6511/2167 1188/1397/1169 1253/1833/1234
f 3251/10271/3242 3252/10272/3243 3205/5696/3196
f 3255/5879/3246 3205/10273/3196 3252/10274/3243
f 3253/10275/3244 3256/10276/3247 3254/5878/3245
f 3841/8947/3831 3254/5880/3245 3256/10277/3247
f 3254/10278/3245 3841/8946/3831 3204/5692/3195
f 3262/5890/3253 3204/10279/3195 3841/8945/3831
f 3257/10280/3248 3273/10281/3264 2180/5883/2168
f 2181/5887/2169 2180/8944/2168 3273/10282/3264
f 3273/5909/3264 3258/5915/3249 3260/5886/3251
f 3258/5884/3249 3277/6515/3268 3259/6063/3250
f 3260/10283/3251 3259/5885/3250 305/10284/290
f 3260/10283/3251 305/3115/290 3261/5889/3252
f 1252/3114/1233 3261/5893/3252 305/10284/290
f 2182/7228/2170 3263/10285/3254 3203/5682/3194
f 3760/10215/3751 3203/10286/3194 3263/7229/3254
f 3261/10287/3252 1252/1498/1233 1189/5894/1170
f 1186/1393/1167 1189/8148/1170 1252/10288/1233
f 3080/5369/3071 1190/10289/1171 1186/10290/1167
f 2134/10291/2122 273/266/258 3264/5897/3255
f 3264/10292/3255 2184/3053/2172 1335/10293/1316
f 3264/10292/3255 1335/1632/1316 3211/6269/3202
f 3250/5874/3241 3910/10294/3901 3251/10295/3242
f 3265/10296/3256 3251/5875/3242 3910/10297/3901
f 3910/10298/3901 3911/10299/3902 3265/5898/3256
f 3267/10300/3258 3265/5900/3256 3911/10301/3902
f 3252/5876/3243 3266/10302/3257 3253/10303/3244
f 2187/10304/2175 3253/5877/3244 3266/7231/3257
f 3911/10305/3902 3912/10306/3903 3267/5901/3258
f 3268/10307/3259 3267/5902/3258 3912/10308/3903
f 3912/10309/3903 3913/10310/3904 3268/5903/3259
f 3270/10311/3261 3268/5905/3259 3913/10312/3904
f 2185/3056/2173 3269/8209/3260 2186/10313/2174
f 3272/10314/3263 2186/3057/2174 3269/8151/3260
f 3256/5881/3247 3842/8950/3832 3257/10315/3248
f 3274/10316/3265 3257/5882/3248 3842/8953/3832
f 3842/8951/3832 3271/10317/3262 3274/5910/3265
f 3276/10318/3267 3274/5912/3265 3271/8952/3262
f 3273/5909/3264 3275/10319/3266 3258/10320/3249
f 3278/10321/3269 3258/5915/3249 3275/8152/3266
f 280/5710/264 279/10322/263 1107/10323/1089
f 3250/5874/3241 3129/5486/3120 3910/10297/3901
f 3280/5923/3271 3910/10294/3901 3129/10082/3120
f 3279/10324/3270 3128/5483/3119 3282/8153/3273
f 2189/8954/2177 3282/5924/3273 3128/10080/3119
f 3910/10298/3901 3280/10325/3271 3911/10301/3902
f 3283/5926/3274 3911/10299/3902 3280/5919/3271
f 3281/10326/3272 3127/5477/3118 3843/8955/3833
f 3914/10327/3905 3843/10328/3833 3127/10078/3118
f 3914/10327/3905 3127/5477/3118 3915/10329/3906
f 3911/10305/3902 3283/10330/3274 3912/10308/3903
f 3284/10331/3275 3912/10306/3903 3283/5925/3274
f 3912/10309/3903 3284/10332/3275 3913/10312/3904
f 3290/5940/3281 1193/1411/1174 1192/6084/1173
f 3290/5940/3281 1192/1513/1173 3325/10333/3316
f 2198/3071/2186 2192/3063/2180 2191/8158/2179
f 2192/10334/2180 2198/8157/2186 2199/3073/2187
f 1192/1410/1173 2197/3069/2185 2196/6086/2184
f 2197/10335/2185 1192/1513/1173 1194/1412/1175
f 2192/10334/2180 3287/5938/3278 3289/8962/3280
f 3287/10336/3278 2192/3063/2180 3285/8168/3276
f 3286/8159/3277 3220/10233/3211 3765/8161/3757
f 3220/5722/3211 3286/5933/3277 3288/5956/3279
f 3289/5937/3280 3218/10231/3209 2195/3067/2183
f 2196/3068/2184 1196/1414/1177 1195/6091/1176
f 2194/3065/2182 3215/10230/3206 1197/1415/1178
f 3215/5713/3206 2194/8964/2182 2195/3067/2183
f 1195/1413/1176 3213/10228/3204 3327/6093/3318
f 3213/5711/3204 1195/1516/1176 1197/1415/1178
f 3766/8163/3758 3295/10337/3286 3292/5946/3283
f 3292/10338/3283 3294/5945/3285 3297/5950/3288
f 3297/7235/3288 3296/5949/3287 3753/8044/3744
f 3297/7235/3288 3753/10103/3744 281/7238/266
f 3835/10108/3825 281/10339/266 3753/8044/3744
f 2199/8958/2187 282/275/267 3285/8168/3276
f 282/8166/267 3298/8968/3289 3299/5953/3290
f 3298/5951/3289 3835/8966/3825 3148/5515/3139
f 3299/5954/3290 3148/5952/3139 3149/5517/3140
f 3286/8159/3277 3299/8167/3290 3288/5956/3279
f 3288/5935/3279 3149/5955/3140 3090/10112/3081
f 3877/9613/3868 3225/10340/3216 3134/5495/3125
f 3225/5957/3216 3761/10341/3753 1200/1418/1181
f 3134/10087/3125 1200/5958/1181 3132/8039/3123
f 3761/8170/3753 3226/10342/3217 1198/5961/1179
f 3226/5959/3217 3838/10343/3828 2201/3075/2189
f 1198/1416/1179 2201/5960/2189 3642/7246/3633
f 3132/5493/3123 1199/1417/1180 3136/5497/3127
f 1199/5962/1180 3642/8172/3633 2203/3078/2191
f 3136/10089/3127 2203/5963/2191 3135/8853/3126
f 3135/5496/3126 2202/3077/2190 3139/5502/3130
f 2202/5967/2190 3641/7242/3632 1203/1421/1184
f 3139/10093/3130 1203/5968/1184 3138/8042/3129
f 3916/10344/3907 3304/10345/3295 1204/8175/1185
f 3916/10344/3907 1204/5970/1185 3845/10346/3835
f 1204/1422/1185 1206/5507/1187 1208/5971/1189
f 1209/10347/1190 1208/1426/1189 3296/10348/3287
f 1209/10347/1190 3296/5949/3287 3917/10349/3908
f 3918/10350/3909 2956/5053/2948 2205/5974/2193
f 3918/10350/3909 2205/3080/2193 3768/10351/3760
f 2951/10352/2943 2205/3080/2193 2956/9869/2948
f 3846/10353/3836 2206/3082/2194 3304/5976/3295
f 3846/10353/3836 3304/10345/3295 3916/10354/3907
f 3304/5977/3295 2951/5047/2943 2949/10355/2941
f 1205/2893/1186 2949/5044/2941 2101/10356/2090
f 3919/10357/3910 3920/10358/3911 3154/5531/3145
f 3921/10359/3912 3897/10360/3888 3922/10361/3913
f 3305/10362/3296 1210/5983/1191 3306/5979/3297
f 3307/10363/3298 2209/3087/2197 1211/5981/1192
f 1071/10364/1053 1067/1215/1049 3308/5985/3299
f 1067/10365/1049 1071/1220/1053 1070/5153/1052
f 3308/10366/3299 2113/2907/2102 3310/5987/3301
f 2113/10367/2102 3308/8178/3299 1067/5579/1049
f 3312/5991/3303 3311/5989/3302 3313/8993/3304
f 3310/10368/3301 1066/1212/1048 3313/8993/3304
f 1066/10369/1048 3310/8992/3301 2113/5578/2102
f 3313/10370/3304 3168/5576/3159 1344/5993/1325
f 3168/10371/3159 3313/5992/3304 1066/5577/1048
f 1213/5998/1194 3309/8990/3300 2209/5996/2197
f 289/6001/274 3307/5980/3298 1216/6000/1197
f 1217/5759/1198 1216/1438/1197 3379/10372/3370
f 1356/1662/1337 1139/1322/1120 2157/5772/2145
f 2213/10373/2201 1225/1451/1206 1227/6018/1208
f 3237/8134/3228 3316/6035/3307 1301/1585/1282
f 2163/8928/2151 3318/10374/3309 3317/6033/3308
f 3316/6031/3307 3317/6041/3308 1298/3175/1279
f 3236/8131/3227 1238/10375/1219 3319/6038/3310
f 3003/6175/2994 3002/5214/2993 3339/10376/3330
f 3317/10377/3308 1302/6045/1283 1304/1588/1285
f 3319/7248/3310 1240/8180/1221 3320/6043/3311
f 1302/1586/1283 3320/10378/3311 3321/6046/3312
f 3759/10186/3750 3189/10379/3180 1317/1602/1298
f 1243/10380/1224 1242/1472/1223 1312/1596/1293
f 2217/7249/2205 2216/6240/2204 3364/10381/3355
f 3364/10382/3355 3853/9025/3843 3923/10383/3914
f 3923/10384/3914 2217/3108/2205 3364/10381/3355
f 3769/9000/3761 2217/3108/2205 3923/10383/3914
f 3355/6217/3346 3356/6232/3347 3360/10385/3351
f 1428/10386/1409 3360/6229/3351 1426/10387/1407
f 3360/10388/3351 1428/1809/1409 3355/8196/3346
f 3352/6212/3343 2220/9941/2208 2219/10389/2207
f 3342/6182/3333 3341/6178/3332 3769/8185/3761
f 3034/6053/3025 3247/5846/3238 297/1485/282
f 1447/6062/1428 3259/5885/3250 3277/6517/3268
f 2259/3215/2247 3306/10390/3297 1399/6282/1380
f 1210/1428/1191 3305/5978/3296 1216/6000/1197
f 3379/6288/3370 3305/5978/3296 2259/6277/2247
f 3305/10362/3296 3379/6276/3370 1216/6000/1197
f 1273/10391/1254 1063/1541/1045 2212/5599/2200
f 3330/10392/3321 3229/6119/3220 3331/6122/3322
f 3331/10393/3322 1356/6012/1337 324/320/309
f 2289/10394/2277 323/319/308 1275/1545/1256
f 1281/3156/1262 1280/1553/1261 2231/10395/2219
f 1284/6136/1265 3332/6299/3323 2212/5599/2200
f 3335/10396/3326 1229/5763/1210 1132/10397/1113
f 3643/9006/3634 3228/5761/3219 248/10398/233
f 1346/6290/1327 1217/6138/1198 3379/10372/3370
f 352/350/337 3333/8191/3324 1346/1650/1327
f 3334/10399/3325 3338/7251/3329 3333/10400/3324
f 1349/1759/1330 3334/8193/3325 352/6291/337
f 1286/10401/1267 1285/1559/1266 355/6312/340
f 2213/10373/2201 3314/10402/3305 2232/6142/2220
f 3314/6017/3305 1229/5763/1210 3335/8188/3326
f 2232/3160/2220 3336/10403/3327 2233/9008/2221
f 355/353/340 3337/9012/3328 356/1761/341
f 3337/6145/3328 3338/7251/3329 3334/6141/3325
f 356/10404/341 3334/8193/3325 1349/1655/1330
f 2234/3162/2222 1381/3246/1362 1289/1563/1270
f 3339/10405/3330 3340/6181/3331 1239/6040/1220
f 3341/8184/3332 3342/10406/3333 2238/6179/2226
f 3340/6177/3331 2238/10407/2226 2240/3180/2228
f 3343/10408/3334 3344/10409/3335 2236/6184/2224
f 3344/6185/3335 3349/10410/3340 3345/10411/3336
f 3448/9017/3439 3345/6186/3336 3349/8195/3340
f 2236/3176/2224 3344/10409/3335 2237/6187/2225
f 1240/10412/1221 2240/9016/2228 3320/6043/3311
f 3346/8194/3337 3320/10378/3311 2240/3180/2228
f 2239/10413/2227 373/9014/358 372/6349/357
f 3320/10414/3311 3346/10415/3337 3321/6046/3312
f 372/10416/357 3321/10417/3312 3346/6189/3337
f 1242/1474/1223 1308/10418/1289 1312/1596/1293
f 1246/6199/1227 2242/6197/2230 1244/3187/1225
f 3189/5641/3180 1315/10419/1296 1317/1602/1298
f 3188/10420/3179 3347/6206/3338 338/1604/323
f 3343/10408/3334 3342/10406/3333 3348/6207/3339
f 3769/9000/3761 3348/6209/3339 3342/10421/3333
f 3348/10422/3339 3769/10423/3761 3350/6210/3341
f 3352/6212/3343 3341/6178/3332 3340/10424/3331
f 3339/10405/3330 3013/10425/3004 3351/6211/3342
f 3013/9942/3004 3339/6176/3330 3002/10426/2993
f 2220/9002/2208 3351/6213/3342 3013/5232/3004
f 3350/10427/3341 3923/10428/3914 3354/6216/3345
f 3923/10384/3914 3350/6215/3341 3769/8185/3761
f 3354/10429/3345 3853/9025/3843 3356/6219/3347
f 3853/10430/3843 3354/6218/3345 3923/10383/3914
f 2172/3030/2160 337/5851/322 339/335/324
f 3366/6244/3357 3388/10431/3379 3243/8199/3234
f 3390/6359/3381 3391/10432/3382 3357/10433/3348
f 3357/6225/3348 3391/10432/3382 3358/7255/3349
f 3243/5837/3234 3357/8197/3348 3244/6227/3235
f 3244/10434/3235 3358/6226/3349 3362/9028/3353
f 3244/10434/3235 3362/10435/3353 3840/10436/3830
f 2270/6367/2258 3394/10437/3385 3644/8203/3635
f 3394/8201/3385 3359/8200/3350 3361/6230/3352
f 3359/6228/3350 1426/6640/1407 3360/10385/3351
f 3644/7253/3635 3361/8202/3352 2245/6233/2233
f 3361/6231/3352 3360/6229/3351 3356/6219/3347
f 2245/3189/2233 3356/6232/3347 3853/10438/3843
f 3840/8940/3830 3362/10435/3353 2171/3029/2159
f 3362/6234/3353 2247/7254/2235 3363/8205/3354
f 2171/10439/2159 3363/6235/3354 1167/1368/1148
f 3363/8206/3354 2246/3190/2234 3365/6238/3356
f 2246/6236/2234 3853/9025/3843 3364/10381/3355
f 1167/8138/1148 3365/8207/3356 1165/6241/1146
f 3365/6239/3356 3364/6237/3355 2216/8999/2204
f 1165/1366/1146 2216/6240/2204 3852/10440/3842
f 1325/1616/1306 1185/10441/1166 1184/5868/1165
f 3924/10442/3915 3856/10443/3846 3272/5908/3263
f 3924/10442/3915 3272/8208/3263 3369/10444/3360
f 3271/5907/3262 3272/8208/3263 3856/9031/3846
f 2252/10445/2240 2251/3201/2239 3276/5913/3267
f 3275/5911/3266 3276/10446/3267 2251/10447/2239
f 3371/10448/3362 3436/10449/3427 3278/5916/3269
f 3277/5914/3268 3278/10450/3269 3436/10451/3427
f 309/339/294 1327/1620/1308 343/6259/328
f 3857/10452/3847 343/340/328 1327/10453/1308
f 3372/6256/3363 347/345/332 3373/10454/3364
f 3372/6256/3363 3373/6261/3364 3925/10455/3916
f 1327/10456/1308 279/10322/263 3857/10457/3847
f 3373/6258/3364 346/343/331 279/1409/263
f 1334/1631/1315 3211/5708/3202 1335/10293/1316
f 1278/10458/1259 1351/6293/1332 1280/6133/1261
f 3380/10459/3371 1545/1997/1526 1403/6689/1384
f 1352/1658/1333 2231/3157/2219 1350/3229/1331
f 1273/10391/1254 3332/6299/3323 1352/10460/1333
f 1352/1658/1333 1350/10461/1331 1353/7259/1334
f 1273/10391/1254 1353/1659/1334 2229/3144/2217
f 1350/1656/1331 3380/6297/3371 3381/10462/3372
f 3380/10459/3371 1403/1752/1384 1402/6301/1383
f 3381/6300/3372 1402/6460/1383 1401/10463/1382
f 2229/6116/2217 1354/3231/1335 1271/1536/1252
f 3381/6300/3372 1401/1749/1382 1355/6303/1336
f 1362/6314/1343 1274/1544/1255 323/3147/308
f 3382/6305/3373 1368/10464/1349 1410/6321/1391
f 361/359/346 330/6154/315 1361/6020/1342
f 2264/6345/2252 2241/6190/2229 1241/6174/1222
f 1383/3251/1364 401/10465/386 2264/3250/2252
f 2264/6345/2252 1305/3252/1286 1383/1714/1364
f 3321/6336/3312 372/372/357 3384/6339/3375
f 373/9037/358 2265/3254/2253 3424/10466/3415
f 3385/10467/3376 2237/3177/2225 3345/10411/3336
f 2172/3030/2160 339/10468/324 375/376/360
f 3388/8198/3379 3387/6354/3378 3390/6358/3381
f 3390/6359/3381 3389/6357/3380 2268/6364/2256
f 3391/9023/3382 2268/6360/2256 2270/3260/2258
f 2268/3258/2256 3392/6363/3383 2269/8216/2257
f 3392/6394/3383 1506/1938/1487 1442/6652/1423
f 3393/6370/3384 1442/1829/1423 1441/6502/1422
f 3394/8201/3385 3393/6368/3384 3395/6372/3386
f 3395/6373/3386 1441/6371/1422 3396/10469/3387
f 3359/6228/3350 3396/6374/3387 1426/10387/1407
f 1506/10470/1487 3392/6363/3383 3401/6395/3392
f 3401/10471/3392 3389/6357/3380 2277/6396/2265
f 3401/10471/3392 2277/10472/2265 2279/3282/2267
f 2277/3280/2265 3387/6354/3378 2278/8217/2266
f 3387/6356/3378 3366/10473/3357 1324/1615/1305
f 3402/6402/3393 1324/6398/1305 2249/3199/2237
f 3403/10474/3394 3402/9039/3393 3404/6404/3395
f 3404/6405/3395 2249/6403/2237 1326/1619/1307
f 3367/6249/3358 1326/6406/1307 1183/5865/1164
f 2275/6410/2263 3405/8218/3396 1392/6392/1373
f 3405/10475/3396 302/6056/287 1179/5860/1160
f 2285/10476/2273 1248/1491/1229 2281/10477/2269
f 3410/10478/3401 3420/6445/3411 1518/1953/1499
f 3410/10478/3401 1518/6665/1499 2310/3373/2298
f 386/10479/371 385/387/370 1396/1741/1377
f 3420/10480/3411 3413/10481/3404 3412/6685/3403
f 2287/3293/2275 3411/10482/3402 3413/6430/3404
f 3413/6444/3404 3418/6442/3409 2287/8220/2275
f 3858/9042/3848 3414/6439/3405 2230/3149/2218
f 3416/10483/3407 2230/6434/2218 3414/10484/3405
f 3331/10393/3322 3416/10485/3407 3415/10486/3406
f 3416/10483/3407 3331/10487/3322 324/320/309
f 3412/10488/3403 3411/10482/3402 3383/6686/3374
f 1275/6124/1256 3411/10482/3402 2287/8220/2275
f 3411/6428/3402 1275/10489/1256 1360/1669/1341
f 3330/10392/3321 3415/6432/3406 1268/1524/1249
f 3414/6431/3405 3858/9040/3848 3417/6440/3408
f 3415/8221/3406 3414/6439/3405 2226/3132/2214
f 3858/9042/3848 2288/3294/2276 3422/10490/3413
f 3419/6447/3410 3422/6451/3413 2288/10491/2276
f 3418/8219/3409 3413/10481/3404 3410/6446/3401
f 3422/7260/3413 3419/10492/3410 384/10493/369
f 2286/3292/2274 384/6422/369 3419/6443/3410
f 3417/10494/3408 3421/6453/3412 1266/1520/1247
f 3422/7260/3413 384/6422/369 1393/6452/1374
f 3421/6450/3412 1393/6421/1374 3328/6454/3319
f 1398/6533/1379 387/9043/372 1520/6461/1501
f 1400/6457/1381 2261/6285/2249 1397/3296/1378
f 1494/1922/1475 2292/6472/2280 2301/9044/2289
f 3448/9017/3439 1495/6604/1476 3385/8215/3376
f 3385/10467/3376 1495/6604/1476 3423/6474/3414
f 3385/10467/3376 3423/10495/3414 2265/6347/2253
f 406/10496/391 2265/3254/2253 3423/6474/3414
f 3423/10497/3414 437/6473/422 404/6477/389
f 3425/6600/3416 504/514/489 1572/10498/1553
f 405/8223/390 404/10499/389 2314/6479/2302
f 405/8223/390 2314/6730/2302 1571/10500/1552
f 1384/1715/1365 3426/6614/3417 3386/6487/3377
f 1440/10501/1421 2267/3265/2255 1438/1824/1419
f 3404/6405/3395 3367/10502/3358 1444/9053/1425
f 3433/10503/3424 3861/10504/3851 3403/6401/3394
f 2279/6400/2267 3403/10505/3394 3861/9048/3851
f 3367/6249/3358 1253/6512/1234 1444/9053/1425
f 3435/10506/3426 1253/6512/1234 1254/1500/1235
f 3435/10506/3426 1254/6908/1235 3520/10507/3511
f 1526/6679/1507 1340/6283/1321 1513/1947/1494
f 1513/6519/1494 1337/1638/1318 2294/7263/2282
f 1511/1945/1492 2294/6520/2282 2296/3317/2284
f 1337/1634/1318 1339/6278/1320 3437/6521/3428
f 3437/6522/3428 1399/6098/1380 1460/6537/1441
f 2295/10508/2283 1460/1857/1441 2297/10509/2285
f 2296/6659/2284 2295/3316/2283 3773/10510/3765
f 2295/10508/2283 2297/3323/2285 3773/10510/3765
f 1459/10511/1440 3773/8227/3765 2297/10509/2285
f 442/3369/427 1459/1854/1440 3438/6536/3429
f 1461/10512/1442 2227/6107/2215 1451/1861/1432
f 1456/6528/1437 1463/1864/1444 1454/1862/1435
f 1458/1853/1439 3438/10513/3429 1459/8228/1440
f 413/417/398 1459/1854/1440 2297/10509/2285
f 1463/8229/1444 1462/6542/1443 1454/1862/1435
f 419/423/404 3439/10514/3430 420/1875/405
f 3441/10515/3432 420/424/405 3439/6706/3430
f 3441/10515/3432 3382/6307/3373 1410/6321/1391
f 1467/10516/1448 1471/6791/1452 2298/6551/2286
f 3442/6554/3433 1475/1883/1456 1473/1881/1454
f 424/3335/409 3442/6553/3433 2298/6551/2286
f 1468/6550/1449 2298/10517/2286 3442/6555/3433
f 3445/10518/3436 429/434/414 1477/6562/1458
f 429/10519/414 3445/6569/3436 1556/3343/1537
f 1577/6735/1558 1491/1915/1472 2316/10520/2304
f 1490/1914/1471 2316/9060/2304 1491/1923/1472
f 3396/10521/3387 3429/10522/3420 3459/6636/3450
f 1524/1961/1505 445/2067/430 463/6655/448
f 3438/10523/3429 2309/6658/2297 442/448/427
f 3773/10524/3765 442/10525/427 2296/3317/2284
f 2312/3379/2300 1531/1985/1512 3412/6685/3403
f 1534/9064/1515 1533/1973/1514 1535/6688/1516
f 1457/1851/1438 1508/10526/1489 1538/9058/1519
f 1405/10527/1386 1404/10528/1385 1543/1992/1524
f 1464/1996/1445 1536/1976/1517 1545/6295/1526
f 3439/6543/3430 1551/2006/1532 3440/8230/3431
f 3440/6546/3431 1551/2006/1532 3467/6702/3458
f 1554/6710/1535 3445/6569/3436 3444/6559/3435
f 1418/3304/1399 2291/6724/2279 1566/2039/1547
f 2338/6668/2326 3469/6744/3460 1453/3416/1434
f 2326/10529/2314 1455/1849/1436 2323/8239/2311
f 2326/10529/2314 1456/2073/1437 1455/6527/1436
f 474/3411/459 2324/6760/2312 1549/2004/1530
f 477/2097/462 3470/10530/3461 509/10531/494
f 1583/2076/1564 1585/3418/1566 1586/6759/1567
f 1587/10532/1568 1631/2164/1612 1588/2082/1569
f 1590/6751/1571 1546/10533/1527 2324/3417/2312
f 1546/1998/1527 1590/6750/1571 1589/6869/1570
f 2327/9067/2315 1640/6764/1621 2340/10534/2328
f 2325/3419/2313 1637/6765/1618 1591/8240/1572
f 1544/1995/1525 1581/10535/1562 1593/2088/1574
f 2328/9068/2316 1594/10536/1575 1582/6771/1563
f 1593/3422/1574 2328/6770/2316 1544/10537/1525
f 1592/2090/1573 3471/6767/3462 1595/9074/1576
f 1583/2076/1564 3472/9071/3463 1584/8242/1565
f 3472/6773/3463 3473/10538/3464 3776/10539/3768
f 3470/10540/3461 1584/2077/1565 3776/10539/3768
f 1599/10541/1580 2330/3427/2318 3480/10542/3471
f 1604/2106/1585 3475/10543/3466 3478/10544/3469
f 3477/10545/3468 3478/10546/3469 3475/10547/3466
f 3477/10545/3468 1546/10533/1527 2342/6789/2330
f 1546/1998/1527 3477/6788/3468 1547/6786/1528
f 1604/2106/1585 1601/6790/1582 3475/10547/3466
f 3476/6785/3467 1602/10548/1583 1471/8245/1452
f 1602/8244/1583 3476/6783/3467 3475/10547/3466
f 1657/2202/1638 423/427/408 1472/6802/1453
f 1619/2163/1600 487/2134/472 462/2143/447
f 2338/6668/2326 2337/3445/2325 3468/6745/3459
f 494/2162/479 1597/2095/1578 1631/10549/1612
f 1529/1969/1510 1540/10550/1521 1628/6842/1609
f 1540/6850/1521 497/10551/482 499/509/484
f 1628/2157/1609 3491/7267/3482 1629/10552/1610
f 3492/6857/3483 3926/10553/3917 498/6854/483
f 3471/6860/3462 1644/2186/1625 1595/9074/1576
f 1490/1914/1471 2335/10554/2323 2317/3404/2305
f 3927/10555/3918 2317/10556/2305 2335/3440/2323
f 2317/9061/2305 3927/10557/3918 3774/8233/3766
f 3509/6893/3500 3777/10558/3769 500/8249/485
f 3511/9077/3502 1561/2020/1542 448/9076/433
f 3473/10559/3464 3928/10560/3919 3929/10561/3920
f 2989/5125/2980 3906/10562/3897 3903/9913/3894
f 2989/5125/2980 3903/10563/3894 168/8743/153
f 2971/9892/2963 3156/5536/3147 3930/10564/3921
f 2971/9892/2963 3930/10565/3921 3900/10566/3891
f 2651/4292/2643 3891/9702/3882 3881/9452/3872
f 2651/4292/2643 3881/10567/3872 2641/4255/2633
f 3432/10568/3423 3864/10569/3854 3931/10570/3922
f 3432/10568/3423 3931/10571/3922 3433/6508/3424
f 3861/9052/3851 3433/6509/3424 3931/10570/3922
f 3861/9052/3851 3931/10571/3922 3859/10572/3849
f 3856/9034/3846 3924/10573/3915 3854/10574/3844
f 3754/8054/3745 3154/10122/3145 3920/10575/3911
f 3754/8054/3745 3920/10358/3911 3850/10576/3840
f 3755/8865/3746 3754/8056/3745 3851/10577/3841
f 3755/8865/3746 3851/8988/3841 3849/10578/3839
f 3755/8865/3746 3847/10579/3837 3930/10564/3921
f 3755/8865/3746 3930/10565/3921 3156/10580/3147
f 3843/8956/3833 3914/10581/3905 3932/10582/3923
f 2824/4727/2816 3933/10583/3924 3888/9699/3879
f 2824/4727/2816 3888/10584/3879 2814/9683/2806
f 2824/4727/2816 2825/9696/2817 3818/10585/3809
f 2824/4727/2816 3818/8640/3809 3933/10586/3924
f 3473/10559/3464 3929/10587/3920 3934/10588/3925
f 3473/10559/3464 3934/10589/3925 3776/10539/3768
f 3269/5904/3260 3270/8225/3261 3771/10590/3763
f 3269/5904/3260 3771/10591/3763 3770/8210/3762
f 3138/5500/3129 3935/10592/3926 3905/10097/3896
f 3641/10593/3632 3844/8973/3834 3936/10594/3927
f 2188/3059/2176 2190/8957/2178 3937/10595/3928
f 2188/3059/2176 3937/10596/3928 3938/10597/3929
f 3750/10598/3741 3939/10599/3930 3764/8155/3756
f 3836/10600/3826 3940/10601/3931 3941/10602/3932
f 835/4712/817 3719/7757/3710 3816/10603/3807
f 835/4712/817 3816/10604/3807 1936/2613/1928
f 1579/10605/1560 3646/10606/3637 3942/10607/3933
f 1579/10605/1560 3942/10608/3933 2306/10609/2294
f 3861/9052/3851 3860/9047/3850 3862/10610/3852
f 3861/9052/3851 3862/10611/3852 3434/9051/3425
f 2200/3074/2188 3943/10612/3934 3639/10613/3630
f 2200/3074/2188 3639/10614/3630 286/279/271
f 239/2964/224 3637/7221/3628 3944/10615/3935
f 239/2964/224 3944/10616/3935 2149/10617/2137
f 2147/2962/2135 3945/10618/3936 3636/10619/3627
f 2147/2962/2135 3636/10620/3627 240/232/225
f 215/2902/200 3626/7193/3617 3946/10621/3937
f 215/2902/200 3946/10622/3937 2110/10623/2099
f 3836/10600/3826 3941/10624/3932 3947/10625/3938
f 2107/10626/2096 2106/2898/2095 3908/10627/3899
f 2107/10626/2096 3908/10628/3899 3948/10629/3939
f 950/5136/932 3740/7908/3731 3603/7132/3594
f 950/5136/932 3603/10630/3594 2995/10631/2986
f 1612/6714/1593 3949/10632/3940 3950/10633/3941
f 1613/10634/1594 1612/2124/1593 3950/10633/3941
f 1613/10634/1594 3950/10635/3941 3515/6903/3506
f 2332/10636/2320 3951/10637/3942 3952/10638/3943
f 2332/10636/2320 3952/10639/3943 3511/6898/3502
f 1600/6780/1581 3498/6873/3489 3953/10640/3944
f 3479/10641/3470 3500/6875/3491 3502/6878/3493
f 1629/10642/1610 3954/10643/3945 3490/6845/3481
f 1629/10642/1610 3490/10644/3481 2336/3442/2324
f 2337/3447/2325 1621/10645/1602 3955/10646/3946
f 2337/3447/2325 3955/10647/3946 3487/10648/3478
f 1624/2148/1605 3485/10649/3476 3955/10646/3946
f 1624/2148/1605 3955/10647/3946 1621/3448/1602
f 1624/2148/1605 2336/6844/2324 3489/10650/3480
f 1624/2148/1605 3489/10651/3480 3486/6835/3477
f 1612/6714/1593 3956/10652/3947 3949/10653/3940
f 1613/10634/1594 3514/10654/3505 3957/10655/3948
f 2333/6809/2321 3512/10656/3503 3482/6813/3473
f 2332/10636/2320 3958/10657/3949 3951/10658/3942
f 1579/10605/1560 3867/9063/3857 3647/7266/3638
f 3774/10659/3766 3959/10660/3950 3775/8235/3767
f 1442/10661/1423 3465/6651/3456 3960/10662/3951
f 1442/10661/1423 3960/10663/3951 460/1830/445
f 1503/10664/1484 2306/6628/2294 3942/10607/3933
f 1503/10664/1484 3942/10608/3933 3457/10665/3448
f 3270/10311/3261 3961/10666/3952 3772/8226/3764
f 3913/10667/3904 3962/10668/3953 3961/10669/3952
f 3913/10667/3904 3961/10666/3952 3270/5906/3261
f 3913/10667/3904 3963/10670/3954 3962/10671/3953
f 3436/6516/3427 3371/6255/3362 3964/10672/3955
f 3436/6516/3427 3964/10673/3955 3965/10674/3956
f 1437/6495/1418 3966/10675/3957 3428/6498/3419
f 1437/6495/1418 3428/10676/3419 1439/3312/1420
f 3857/10452/3847 3967/10677/3958 3968/10678/3959
f 3857/10452/3847 3968/10679/3959 343/6259/328
f 3857/10452/3847 3969/10680/3960 3967/10681/3958
f 3323/6071/3314 3970/10682/3961 3409/6420/3400
f 3284/10331/3275 3378/6275/3369 3963/10683/3954
f 3284/10331/3275 3963/10670/3954 3913/10312/3904
f 3284/10331/3275 2188/5927/2176 3938/10597/3929
f 3284/10331/3275 3938/10684/3929 3377/10685/3368
f 2190/10686/2178 3376/6273/3367 3937/10595/3928
f 2190/10686/2178 3843/10328/3833 3932/10582/3923
f 2190/10686/2178 3932/10687/3923 3375/10688/3366
f 3323/6071/3314 3408/10689/3399 3971/10690/3962
f 3323/6071/3314 3971/10691/3962 3324/6076/3315
f 343/10692/328 3972/10693/3963 3925/10455/3916
f 343/10692/328 3925/10694/3916 3373/10454/3364
f 343/10692/328 3968/10679/3959 3972/10695/3963
f 3371/10448/3362 3370/6253/3361 3964/10672/3955
f 3154/10696/3145 3897/10360/3888 3921/10697/3912
f 3154/10696/3145 3921/10698/3912 3919/10699/3910
f 2200/3074/2188 3301/5965/3292 3943/10700/3934
f 3838/8970/3828 3973/10701/3964 3300/10702/3291
f 3838/8970/3828 3300/10703/3291 2200/5966/2188
f 1193/10704/1174 3291/5941/3282 3767/8165/3759
f 1193/10704/1174 3767/10705/3759 2198/8164/2186
f 3127/10706/3118 3750/8024/3741 3763/10707/3755
f 3127/10706/3118 3763/10708/3755 3915/10329/3906
f 2798/4665/2790 3974/10709/3965 3975/10710/3966
f 2149/10711/2137 3944/10616/3935 3976/10712/3967
f 2149/10711/2137 3976/10713/3967 3977/10714/3968
f 3838/8970/3828 2149/2965/2137 3977/10714/3968
f 3838/8970/3828 3977/10715/3968 3973/10716/3964
f 2147/2962/2135 3978/10717/3969 3945/10718/3936
f 2962/5059/2954 3979/10719/3970 3978/10720/3969
f 2962/5059/2954 3978/10717/3969 2147/10238/2135
f 2962/5059/2954 3898/10721/3889 3979/10722/3970
f 2110/10723/2099 3946/10622/3937 3980/10724/3971
f 2110/10723/2099 3980/10725/3971 3981/10726/3972
f 3826/9883/3817 2110/2903/2099 3981/10726/3972
f 3826/9883/3817 3981/10727/3972 3899/9879/3890
f 3758/10728/3749 3982/10729/3973 3983/10730/3974
f 2780/10731/2772 3984/10732/3975 3982/10733/3973
f 2780/10731/2772 3982/10729/3973 3758/10149/3749
f 2780/10731/2772 2798/9635/2790 3975/10710/3966
f 2780/10731/2772 3975/10734/3966 3984/10735/3975
f 1045/1190/1027 3985/10736/3976 3939/10737/3930
f 1045/1190/1027 3939/10599/3930 3750/10738/3741
f 3141/10739/3132 3986/10740/3977 3985/10741/3976
f 3141/10739/3132 3985/10736/3976 1045/10077/1027
f 3141/10739/3132 3140/10742/3131 3986/10743/3977
f 2642/4256/2634 2993/5132/2984 3828/8745/3818
f 2642/4256/2634 3828/10744/3818 3798/10745/3789
f 3691/7576/3682 3738/7904/3729 2992/10746/2983
f 3691/7576/3682 2992/10747/2983 2642/5133/2634
f 3884/10748/3875 3987/10749/3978 3886/9695/3877
f 2995/10750/2986 3602/10751/3593 3987/10752/3978
f 2995/10750/2986 3987/10749/3978 3884/9693/3875
f 2798/4665/2790 3988/10753/3979 3974/10754/3965
f 168/8739/153 3902/10755/3893 3904/10756/3895
f 168/8739/153 3904/10757/3895 2006/2735/1996
f 3717/10758/3708 3889/10759/3880 3989/10760/3980
f 3717/10758/3708 3989/10761/3980 2815/9686/2807
f 2798/4665/2790 2815/4708/2807 3989/10760/3980
f 2798/4665/2790 3989/10761/3980 3990/10762/3981
f 2798/4665/2790 3990/10763/3981 3988/10764/3979
f 3717/10758/3708 2814/4705/2806 3887/10765/3878
f 3717/10758/3708 3887/10766/3878 3991/10767/3982
f 3717/10758/3708 3991/10768/3982 3890/9701/3881
f 3884/10748/3875 3885/10769/3876 3992/10770/3983
f 3884/10748/3875 3992/10771/3983 2823/4726/2815
f 3586/10772/3577 2823/7768/2815 3992/10770/3983
f 3586/10772/3577 3992/10771/3983 3993/10773/3984
f 3586/10772/3577 3993/10774/3984 3584/10775/3575
f 3582/7763/3573 3815/8630/3806 2820/4721/2812
f 3582/7763/3573 2820/10776/2812 837/4719/819
f 2800/4668/2792 2817/4710/2809 3720/7762/3711
f 2800/4668/2792 3720/10777/3711 3714/7760/3705
f 3691/7576/3682 2640/10778/2632 3737/10779/3728
f 3294/5948/3285 3293/10780/3284 3869/9080/3859
f 3296/10098/3287 3294/5945/3285 3868/10781/3858
f 3296/10098/3287 3868/10782/3858 3994/10783/3985
f 3296/10098/3287 3994/10784/3985 3917/10349/3908
f 2353/6897/2341 3511/9075/3502 3952/10638/3943
f 2353/6897/2341 3952/10639/3943 2351/10785/2339
f 513/8250/498 2350/3471/2338 3995/10786/3986
f 513/8250/498 3995/10787/3986 3996/10788/3987
f 1604/2106/1585 3517/6905/3508 3997/10789/3988
f 3774/10659/3766 3998/10790/3989 3959/10791/3950
f 3927/10555/3918 3999/10792/3990 3998/10793/3989
f 3927/10555/3918 3998/10790/3989 3774/8233/3766
f 3927/10555/3918 4000/10794/3991 3999/10795/3990
f 1599/10541/1580 2346/3463/2334 3497/10796/3488
f 1599/10541/1580 3497/10797/3488 1600/2101/1581
f 3480/6798/3471 3501/10798/3492 2345/10799/2333
f 3480/6798/3471 2345/10800/2333 1599/3464/1580
f 3478/6787/3469 4001/10801/3992 4002/10802/3993
f 1604/2106/1585 3478/10546/3469 4002/10802/3993
f 1604/2106/1585 4002/10803/3993 3516/10804/3507
f 3473/10559/3464 2329/3426/2317 4003/10805/3994
f 3473/10559/3464 4003/10806/3994 3928/10807/3919
f 3478/6787/3469 2342/3458/2330 2341/10808/2329
f 3478/6787/3469 2341/10809/2329 4001/10810/3992
f 1435/10811/1416 486/2130/471 4004/10812/3995
f 1435/10811/1416 4004/10813/3995 4005/10814/3996
f 2315/10815/2303 4006/10816/3997 4007/10817/3998
f 3927/10555/3918 4008/10818/3999 4000/10819/3991
f 1615/10820/1596 1614/2127/1595 3506/10821/3497
f 1615/10820/1596 3506/10822/3497 4009/10823/4000
f 1610/2123/1591 1613/6902/1594 3957/10655/3948
f 1610/2123/1591 3957/10824/3948 4010/10825/4001
f 1578/6639/1559 3458/10826/3449 3866/10827/3856
f 1578/6639/1559 3866/10828/3856 1579/2060/1560
f 3429/6501/3420 460/468/445 3461/10829/3452
f 3429/6501/3420 3461/6641/3452 4011/10830/4002
f 439/10831/424 438/444/423 3449/10832/3440
f 439/10831/424 3449/10833/3440 3447/6603/3438
f 1448/10834/1429 3436/10449/3427 3965/10674/3956
f 1448/10834/1429 3965/10835/3956 2293/10836/2281
f 3322/6068/3313 4012/10837/4003 3970/10838/3961
f 3322/6068/3313 3970/10682/3961 3323/6080/3314
f 383/10839/368 4013/10840/4004 4012/10841/4003
f 383/10839/368 4012/10837/4003 3322/6073/3313
f 383/10839/368 4014/10842/4005 4013/10843/4004
f 2275/6410/2263 3400/6391/3391 2282/3286/2270
f 2252/10445/2240 3856/10443/3846 3855/10844/3845
f 2252/10445/2240 3855/9030/3845 2253/3204/2241
f 2989/5125/2980 3161/10845/3152 4015/10846/4006
f 2989/5125/2980 4015/10847/4006 3907/10133/3898
f 951/7910/933 2994/9919/2985 3739/10848/3730
f 3586/10772/3577 3585/7084/3576 3817/10849/3808
f 3586/10772/3577 3817/10850/3808 2825/4728/2817
f 2956/7855/2948 3918/10851/3909 4016/10852/4007
f 2956/7855/2948 4016/10853/4007 3897/9870/3888
f 3897/10121/3888 4016/10853/4007 3922/10361/3913
f 2353/6897/2341 2352/3473/2340 3513/6900/3504
f 2331/10854/2319 4017/10855/4008 4018/10856/4009
f 513/8250/498 4019/10857/4010 4017/10858/4008
f 513/8250/498 4017/10855/4008 2331/6805/2319
f 513/8250/498 3996/10859/3987 4019/10860/4010
f 1636/10861/1617 1600/6779/1581 3953/10640/3944
f 1636/10861/1617 3953/10862/3944 4020/10863/4011
f 1636/10861/1617 4020/10864/4011 3493/6859/3484
f 1597/10865/1578 1651/10866/1632 3510/6895/3501
f 1597/10865/1578 3510/10867/3501 1588/2082/1569
f 2343/10868/2331 2349/3468/2337 2344/3461/2332
f 491/2083/476 4021/10869/4012 2348/10870/2336
f 491/2083/476 2348/10871/2336 2343/3459/2331
f 496/10872/481 3508/10873/3499 4021/10874/4012
f 496/10872/481 4021/10869/4012 491/2170/476
f 482/10875/467 3481/10876/3472 4022/10877/4013
f 1647/6886/1628 482/490/467 4022/10877/4013
f 1647/6886/1628 4022/10878/4013 3505/10879/3496
f 1655/10880/1636 4023/10881/4014 1656/2201/1637
f 3470/10540/3461 3776/8241/3768 3934/10588/3925
f 3470/10540/3461 3934/10589/3925 4024/10882/4015
f 509/2093/494 3470/10530/3461 4024/10882/4015
f 509/2093/494 4024/10883/4015 4025/10884/4016
f 509/2093/494 4025/10885/4016 4023/10886/4014
f 509/2093/494 4023/10881/4014 1655/10887/1636
f 2329/10888/2317 1643/10889/1624 4003/10805/3994
f 500/510/485 3778/8248/3770 3507/6889/3498
f 500/510/485 3507/10890/3498 501/2193/486
f 3471/6860/3462 1639/10891/1620 4026/10892/4017
f 1641/10893/1622 4027/10894/4018 4028/10895/4019
f 1642/10896/1623 1641/2180/1622 4028/10895/4019
f 1642/10896/1623 4028/10897/4019 3496/6866/3487
f 1641/10893/1622 4029/10898/4020 4027/10899/4018
f 3468/8238/3459 4030/10900/4021 4029/10901/4020
f 3468/8238/3459 4029/10898/4020 1641/6864/1622
f 2337/3447/2325 3488/6838/3479 4030/10902/4021
f 2337/3447/2325 4030/10900/4021 3468/6745/3459
f 3491/10903/3482 498/508/483 3926/10904/3917
f 3491/10903/3482 3926/10553/3917 4031/10905/4022
f 3491/10903/3482 4031/10906/4022 4032/10907/4023
f 1629/10642/1610 3491/7267/3482 4032/10907/4023
f 1629/10642/1610 4032/10908/4023 3954/10909/3945
f 1573/10910/1554 4033/10911/4024 4034/10912/4025
f 2315/10815/2303 1573/2049/1554 4034/10912/4025
f 2315/10815/2303 4034/10913/4025 4006/10914/3997
f 1574/10915/1555 2315/3398/2303 4007/10817/3998
f 1574/10915/1555 4007/10916/3998 4035/10917/4026
f 1574/10915/1555 4035/10918/4026 4036/10919/4027
f 1612/6714/1593 1574/2052/1555 4036/10919/4027
f 1612/6714/1593 4036/10920/4027 3956/10921/3947
f 1610/2123/1591 4010/10922/4001 4037/10923/4028
f 1610/2123/1591 4037/10924/4028 1611/2122/1592
f 1611/6815/1592 4037/10924/4028 3484/6817/3475
f 1607/10925/1588 3483/10926/3474 1609/2119/1590
f 479/10927/464 2331/3432/2319 4018/10856/4009
f 479/10927/464 4018/10928/4009 4038/10929/4029
f 479/10927/464 4038/10930/4029 4039/10931/4030
f 2332/10636/2320 479/487/464 4039/10931/4030
f 2332/10636/2320 4039/10932/4030 3958/10933/3949
f 2304/10934/2292 4040/10935/4031 3455/6622/3446
f 2319/6734/2307 2318/10936/2306 4041/10937/4032
f 2319/6734/2307 4041/10938/4032 4040/10939/4031
f 2319/6734/2307 4040/10935/4031 2304/3359/2292
f 1506/10470/1487 1505/10940/1486 3431/6505/3422
f 2272/6645/2260 1440/6647/1421 3464/10941/3455
f 2272/6645/2260 3464/10942/3455 3463/6644/3454
f 3429/6501/3420 4011/10943/4002 4042/10944/4033
f 3429/6501/3420 4042/10945/4033 3459/6636/3450
f 3459/10946/3450 4042/10945/4033 4043/10947/4034
f 3459/10946/3450 4043/10948/4034 3460/6638/3451
f 1503/10664/1484 1502/10949/1483 3452/6613/3443
f 1503/10664/1484 3452/10950/3443 2303/3357/2291
f 2305/6625/2293 3453/6621/3444 3456/10951/3447
f 2305/6625/2293 3456/10952/3447 4044/10953/4035
f 2305/6625/2293 4044/10954/4035 4045/10955/4036
f 438/6610/423 2303/6612/2291 3451/10956/3442
f 438/6610/423 3451/10957/3442 3450/6609/3441
f 3425/6600/3416 439/6602/424 3446/10958/3437
f 3425/6600/3416 3446/10959/3437 4046/10960/4037
f 504/10961/489 3425/6476/3416 4046/10960/4037
f 504/10961/489 4046/10962/4037 4047/10963/4038
f 1443/1831/1424 1445/10964/1426 3865/9055/3855
f 1443/1831/1424 3865/10965/3855 3432/10966/3423
f 3401/10471/3392 4048/10967/4039 1507/1939/1488
f 3401/10471/3392 1507/10968/1488 1506/6504/1487
f 3434/10969/3425 4049/10970/4040 4048/10971/4039
f 3434/10969/3425 4048/10967/4039 3401/6395/3392
f 3434/10969/3425 3863/9050/3853 4049/10972/4040
f 1436/10973/1417 1435/1820/1416 4005/10814/3996
f 1436/10973/1417 4005/10974/3996 4050/10975/4041
f 1436/10973/1417 4050/10976/4041 4051/10977/4042
f 1437/6495/1418 1436/10978/1417 4051/10977/4042
f 1437/6495/1418 4051/10979/4042 3966/10980/3957
f 382/10981/367 3406/10982/3397 4052/10983/4043
f 383/10839/368 382/384/367 4052/10983/4043
f 383/10839/368 4052/10984/4043 4053/10985/4044
f 383/10839/368 4053/10986/4044 4014/10987/4005
f 2285/10476/2273 2284/3288/2272 3407/6416/3398
f 2281/6412/2269 2280/10988/2268 2283/10989/2271
f 2281/6412/2269 2283/10990/2271 2285/3289/2273
f 1389/6378/1370 2272/6643/2260 3462/10991/3453
f 1389/6378/1370 3462/10992/3453 3398/6377/3389
f 1264/6092/1245 4054/10993/4045 3326/6090/3317
f 1334/1631/1315 4055/10994/4046 4054/10995/4045
f 1334/1631/1315 4054/10993/4045 1264/1517/1245
f 1334/1631/1315 3374/10996/3365 4055/10997/4046
f 346/9035/331 1332/10998/1313 3969/10999/3960
f 346/9035/331 3969/10680/3960 3857/10457/3847
f 1329/6264/1310 3324/6082/3315 3971/10690/3962
f 1329/6264/1310 3971/10691/3962 1331/1628/1312
f 1203/11000/1184 1202/1420/1183 3935/11001/3926
f 1203/11000/1184 3935/10592/3926 3138/8042/3129
f 3641/10593/3632 3936/11002/3927 1201/11003/1182
f 3641/10593/3632 1201/11004/1182 1203/1421/1184
f 3163/11005/3154 4056/11006/4047 3940/11007/3931
f 3163/11005/3154 3940/10601/3931 3836/10148/3826
f 3758/10728/3749 4057/11008/4048 4056/11009/4047
f 3758/10728/3749 4056/11006/4047 3163/8077/3154
f 3758/10728/3749 3983/11010/3974 4057/11011/4048
f 3162/10142/3153 3734/9890/3725 3909/11012/3900
f 3162/10142/3153 3909/11013/3900 4058/11014/4049
f 3162/10142/3153 4058/11015/4049 3757/8069/3748
f 2963/7864/2955 2964/11016/2956 3731/7863/3722
f 2350/11017/2338 4059/11018/4050 3995/10786/3986
f 1605/6800/1586 4060/11019/4051 4059/11020/4050
f 1605/6800/1586 4059/11018/4050 2350/3470/2338
f 1605/6800/1586 1604/11021/1585 3997/10789/3988
f 1605/6800/1586 3997/11022/3988 4060/11023/4051
f 509/2093/494 1655/2200/1636 1654/11024/1635
f 509/2093/494 1654/11025/1635 510/521/495
f 1644/11026/1625 3471/6767/3462 4026/10892/4017
f 1644/11026/1625 4026/11027/4017 4061/11028/4052
f 1644/11026/1625 4061/11029/4052 1653/2198/1634
f 475/483/460 507/517/492 1652/2196/1633
f 475/483/460 1652/11030/1633 1597/11031/1578
f 509/2093/494 508/11032/493 506/11033/491
f 509/2093/494 506/11034/491 475/518/460
f 504/10961/489 4047/11035/4038 505/515/490
f 1573/10910/1554 504/514/489 503/11036/488
f 1573/10910/1554 503/11037/488 4033/11038/4024
f 1638/11039/1619 4062/11040/4053 3494/6863/3485
f 1642/10896/1623 3495/11041/3486 4062/11042/4053
f 1642/10896/1623 4062/11040/4053 1638/3456/1619
f 486/11043/471 485/493/470 4004/10812/3995
f 2305/6625/2293 4045/11044/4036 484/11045/469
f 2305/6625/2293 484/11046/469 486/494/471
f 2335/11047/2323 4063/11048/4054 4008/11049/3999
f 2335/11047/2323 4008/10818/3999 3927/11050/3918
f 1615/10820/1596 4064/11051/4055 4063/11052/4054
f 1615/10820/1596 4063/11048/4054 2335/3440/2323
f 1615/10820/1596 4009/11053/4000 4064/11054/4055
f 1606/2115/1587 1607/2118/1588 1608/11055/1589
f 1606/2115/1587 1608/11056/1589 4065/11057/4056
f 3479/10641/3470 1606/6794/1587 4065/11057/4056
f 3479/10641/3470 4065/11058/4056 3499/11059/3490
f 460/11060/445 3960/10663/3951 461/469/446
f 1254/1837/1235 1448/1841/1429 1449/11061/1430
f 1254/1837/1235 1449/11062/1430 3519/6909/3510
f 1336/3210/1317 1328/3213/1309 2257/11063/2245
f 1336/3210/1317 2257/11064/2245 2256/3209/2244
f 346/9035/331 345/11065/330 1333/1630/1314
f 3836/10600/3826 3947/11066/3938 217/209/202
f 3836/10600/3826 217/11067/202 216/207/201
f 2107/10626/2096 3948/11068/3939 4066/11069/4057
f 3161/8868/3152 3625/11070/3616 4015/10846/4006
f 2107/10626/2096 4066/11071/4057 3625/7192/3616
f 171/7898/156 170/11072/155 2003/11073/1993
f 171/7898/156 2003/11074/1993 2005/2733/1995
f 1940/8646/1932 3724/8649/3715 3820/11075/3811
f 1940/8646/1932 3820/11076/3811 4067/11077/4058
f 1940/8646/1932 4067/11078/4058 3588/7088/3579
f 4030/11079/4021 3488/6838/3479 3487/10648/3478
f 3490/11080/3481 3954/10643/3945 4032/10907/4023
f 3486/11081/3477 3489/10651/3480 3490/6845/3481
f 3486/11081/3477 3490/10644/3481 4032/10907/4023
f 3486/11081/3477 4032/10908/4023 4031/10905/4022
f 3485/6833/3476 3486/11082/3477 4031/10905/4022
f 1651/2195/1632 1652/11030/1633 507/11083/492
f 1651/2195/1632 507/517/492 506/11033/491
f 2348/3467/2336 4021/10869/4012 3508/11084/3499
f 2348/3467/2336 3508/10873/3499 2347/6892/2335
f 3500/11085/3491 3499/11086/3490 4065/11057/4056
f 2347/11087/2335 1648/11088/1629 1650/2194/1631
f 2348/3467/2336 2347/3465/2335 1650/2194/1631
f 2349/11089/2337 2348/10871/2336 1650/2194/1631
f 2344/11090/2332 2349/3468/2337 1650/2194/1631
f 4023/11091/4014 4025/10885/4016 4024/10882/4015
f 3955/11092/3946 3485/10649/3476 4031/10905/4022
f 1651/2195/1632 506/11034/491 508/11093/493
f 508/519/493 510/11094/495 1654/11024/1635
f 1651/2195/1632 508/11032/493 1654/11024/1635
f 4055/11095/4046 3374/10996/3365 2255/6267/2243
f 4015/11096/4006 3625/11070/3616 4066/11069/4057
f 4055/11095/4046 2255/11097/2243 2256/3209/2244
f 3920/11098/3911 3919/11099/3910 3921/10697/3912
f 3917/11100/3908 3994/10784/3985 3868/10781/3858
f 3510/11101/3501 1651/10866/1632 1654/11024/1635
f 3509/6893/3500 3510/10867/3501 1654/11024/1635
f 4010/11102/4001 3957/10824/3948 3514/11103/3505
f 3847/8982/3837 3848/8986/3838 3849/10578/3839
f 1656/11104/1637 4023/10881/4014 4024/10882/4015
f 4029/11105/4020 4030/10900/4021 3487/10648/3478
f 3851/11106/3841 3850/11107/3840 3920/10575/3911
f 3851/11106/3841 3920/10358/3911 3921/10697/3912
f 1449/1840/1430 1450/3314/1431 2293/10836/2281
f 3519/11108/3510 1449/11062/1430 2293/10836/2281
f 3921/10359/3912 3922/11109/3913 4016/10852/4007
f 3500/11085/3491 4065/11058/4056 1608/11055/1589
f 3502/11110/3493 3500/6875/3491 1608/11055/1589
f 3986/11111/3977 3140/10742/3131 3142/5505/3133
f 3849/8985/3839 3851/8988/3841 3921/10697/3912
f 3847/8982/3837 3849/11112/3839 3921/10697/3912
f 3847/8982/3837 3921/10698/3912 4016/10852/4007
f 3377/6274/3368 3938/10684/3929 3937/10595/3928
f 3903/11113/3894 3906/10562/3897 3907/10133/3898
f 3460/11114/3451 4043/10948/4034 4042/10944/4033
f 3917/11100/3908 3868/10782/3858 3869/9080/3859
f 3291/11115/3282 3290/11116/3281 3325/10333/3316
f 3917/11100/3908 3869/11117/3859 3293/11118/3284
f 4059/11119/4050 4060/11019/4051 3997/10789/3988
f 3846/10353/3836 3916/11120/3907 3845/10346/3835
f 4055/11095/4046 2256/11121/2244 2257/11063/2245
f 3763/8154/3755 3764/11122/3756 3939/10737/3930
f 3902/9912/3893 3903/10563/3894 3907/10133/3898
f 1656/11104/1637 4024/10883/4015 3934/10588/3925
f 1656/11104/1637 3934/10589/3925 3929/10561/3920
f 1656/11104/1637 3929/10587/3920 3928/10807/3919
f 3904/9914/3895 3902/10755/3893 3907/10133/3898
f 3904/9914/3895 3907/11123/3898 4015/10846/4006
f 3904/9914/3895 4015/10847/4006 4066/11069/4057
f 2007/11124/1997 3904/10757/3895 4066/11069/4057
f 172/2734/157 2007/9915/1997 4066/11069/4057
f 4040/11125/4031 4041/10938/4032 2318/11126/2306
f 3514/6901/3505 3515/11127/3506 3950/10633/3941
f 4010/11102/4001 3514/10654/3505 3950/10633/3941
f 3846/10353/3836 3845/11128/3835 3302/8979/3293
f 3731/11129/3722 2964/11016/2956 2965/5064/2957
f 172/2734/157 4066/11071/4057 3948/10629/3939
f 3888/11130/3879 3933/10583/3924 3818/10585/3809
f 3859/9046/3849 3931/10571/3922 3864/11131/3854
f 3859/9046/3849 3864/10569/3854 3865/9055/3855
f 3860/11132/3850 3859/11133/3849 3865/9055/3855
f 3860/11132/3850 3865/10965/3855 1445/11134/1426
f 1639/6862/1620 3494/11135/3485 4062/11042/4053
f 2346/11136/2334 2345/10800/2333 3501/11137/3492
f 170/160/155 172/11138/157 3948/10629/3939
f 3862/9049/3852 3860/9047/3850 1445/11134/1426
f 3989/11139/3980 3889/10759/3880 3890/9701/3881
f 4026/11140/4017 1639/10891/1620 4062/11042/4053
f 170/160/155 3948/11068/3939 3908/10627/3899
f 170/160/155 3908/10628/3899 3756/10140/3747
f 3937/11141/3928 3376/6273/3367 3375/10688/3366
f 3377/6274/3368 3937/10596/3928 3375/10688/3366
f 2341/3457/2329 2344/11142/2332 1650/2194/1631
f 503/513/488 505/11143/490 4047/10963/4038
f 3901/9889/3892 2970/11144/2962 2972/5087/2964
f 3961/11145/3952 3962/10668/3953 3963/10683/3954
f 3995/11146/3986 4059/11018/4050 3997/10789/3988
f 3986/11111/3977 3142/11147/3133 3905/10097/3896
f 3985/11148/3976 3986/10740/3977 3905/10097/3896
f 3939/11149/3930 3985/10736/3976 3905/10097/3896
f 2003/2731/1993 170/11072/155 3756/10140/3747
f 4055/11095/4046 2257/11064/2245 2258/3214/2246
f 3930/11150/3921 3847/10579/3837 4016/10852/4007
f 3723/9707/3714 3819/11151/3810 3587/8643/3578
f 840/906/822 842/11152/824 3723/7774/3714
f 3587/7086/3578 3588/11153/3579 4067/11077/4058
f 3587/7086/3578 4067/11078/4058 3820/11075/3811
f 3766/8163/3758 3767/10705/3759 3291/11154/3282
f 3766/8163/3758 3291/5941/3282 3325/10333/3316
f 3295/11155/3286 3766/11156/3758 3325/10333/3316
f 3818/11157/3809 3817/10850/3808 3585/11158/3576
f 4058/11159/4049 3909/11013/3900 3901/10145/3892
f 2003/2731/1993 3756/11160/3747 3757/8069/3748
f 2993/11161/2984 2992/10747/2983 3738/11162/3729
f 3738/11163/3729 3737/11164/3728 2640/11165/2632
f 3583/8634/3574 1934/11166/1926 1937/2615/1929
f 3883/9718/3874 2818/11167/2810 2820/4721/2812
f 949/1048/931 952/7907/934 3739/10848/3730
f 834/900/816 836/11168/818 3720/7762/3711
f 2003/2731/1993 3757/11169/3748 4058/11014/4049
f 2003/2731/1993 4058/11015/4049 3901/10145/3892
f 2003/2731/1993 3901/11170/3892 2972/5087/2964
f 3293/5944/3284 3295/10337/3286 3325/10333/3316
f 3917/11100/3908 3293/10780/3284 3325/10333/3316
f 4050/11171/4041 4005/10974/3996 4004/10812/3995
f 2004/11172/1994 2003/11074/1993 2972/5087/2964
f 3964/11173/3955 3370/6253/3361 3645/9033/3636
f 2208/3084/2196 3846/11174/3836 3302/8979/3293
f 3989/11139/3980 3890/11175/3881 3991/10767/3982
f 3461/11176/3452 459/11177/444 461/469/446
f 4061/11178/4052 4026/11027/4017 4062/11042/4053
f 3818/11157/3809 3585/7084/3576 3584/10775/3575
f 3886/11179/3877 3987/10749/3978 3602/11180/3593
f 3862/9049/3852 1445/10964/1426 1446/1836/1427
f 3325/11181/3316 1262/11182/1243 1263/1514/1244
f 3917/11100/3908 3325/6083/3316 1263/1514/1244
f 3917/11100/3908 1263/11183/1244 2222/6087/2210
f 3917/11100/3908 2222/11184/2210 310/3124/295
f 3917/11100/3908 310/11185/295 312/308/297
f 3375/6272/3366 3932/10687/3923 3914/11186/3905
f 4055/11095/4046 2258/11187/2246 2254/6263/2242
f 3768/11188/3760 3303/5973/3294 2204/11189/2192
f 3326/11190/3317 4054/10993/4045 4055/10997/4046
f 3326/11190/3317 4055/10994/4046 2254/6263/2242
f 3300/5964/3291 3973/10701/3964 3977/10714/3968
f 3963/11191/3954 3378/6275/3369 3377/10685/3368
f 2207/11192/2195 2208/11193/2196 3302/8979/3293
f 2204/3079/2192 2207/3085/2195 3302/8979/3293
f 3768/11188/3760 2204/11194/2192 3302/8979/3293
f 4009/11195/4000 3506/10822/3497 3503/6885/3494
f 3918/10350/3909 3768/8177/3760 3302/8979/3293
f 3930/11150/3921 4016/10853/4007 3918/11196/3909
f 3502/11110/3493 1608/11056/1589 1609/2119/1590
f 3501/6876/3492 3502/11197/3493 1609/2119/1590
f 2346/11136/2334 3501/10798/3492 1609/2119/1590
f 3455/11198/3446 4040/10935/4031 2318/11126/2306
f 3918/10350/3909 3302/11199/3293 1207/5972/1188
f 3930/11150/3921 3918/10851/3909 1207/5972/1188
f 3930/11150/3921 1207/11200/1188 1209/1427/1190
f 3455/11198/3446 2318/10936/2306 2321/3409/2309
f 2321/8232/2309 3775/11201/3767 3959/10791/3950
f 3866/9062/3856 3458/10826/3449 3460/6638/3451
f 3866/9062/3856 3460/11202/3451 4042/10944/4033
f 1209/10347/1190 3917/11203/3908 312/308/297
f 3930/11150/3921 1209/11204/1190 312/308/297
f 3900/9887/3891 3930/10565/3921 312/308/297
f 3900/9887/3891 312/11205/297 2223/3126/2211
f 3301/11206/3292 3300/10703/3291 3977/10714/3968
f 3900/9887/3891 2223/11207/2211 3326/6090/3317
f 1656/11104/1637 3928/10560/3919 4003/10805/3994
f 3905/11208/3896 3935/10592/3926 1202/11209/1183
f 3939/11149/3930 3905/11210/3896 1202/11209/1183
f 3763/8154/3755 3939/10599/3930 1202/11209/1183
f 4064/11211/4055 4009/11053/4000 3503/6885/3494
f 3456/6626/3447 3454/11212/3445 3455/6622/3446
f 3456/6626/3447 3455/11213/3446 2321/3409/2309
f 4044/11214/4035 3456/10952/3447 2321/3409/2309
f 4044/11214/4035 2321/11215/2309 3959/10791/3950
f 2965/9877/2957 3899/11216/3890 3981/10726/3972
f 3301/11206/3292 3977/10715/3968 3976/10712/3967
f 3940/11217/3931 4056/11006/4047 4057/11011/4048
f 3981/11218/3972 3980/10725/3971 3946/10621/3937
f 2965/9877/2957 3981/10727/3972 3946/10621/3937
f 2965/9877/2957 3946/10622/3937 3626/11219/3617
f 2965/9877/2957 3626/7193/3617 214/11220/199
f 484/492/469 4045/11044/4036 4044/10953/4035
f 484/492/469 4044/10954/4035 3959/10791/3950
f 2965/9877/2957 214/11221/199 217/209/202
f 2965/9877/2957 217/11067/202 3947/10625/3938
f 3955/11092/3946 4031/10906/4022 3926/10904/3917
f 3955/11092/3946 3926/10553/3917 3492/11222/3483
f 3955/11092/3946 3492/11223/3483 3493/6859/3484
f 3955/11092/3946 3493/11224/3484 4020/10863/4011
f 3947/11225/3938 3941/10624/3932 3940/11007/3931
f 3943/11226/3934 3301/5965/3292 3976/10712/3967
f 3639/7239/3630 3943/10612/3934 3976/10712/3967
f 287/11227/272 3639/10614/3630 3976/10712/3967
f 4020/11228/4011 3953/10862/3944 3498/11229/3489
f 3955/11092/3946 4020/10864/4011 3498/11229/3489
f 3914/10327/3905 3915/11230/3906 3763/10707/3755
f 3914/10327/3905 3763/10708/3755 1202/11209/1183
f 3398/11231/3389 3462/10992/3453 3463/6644/3454
f 3914/10327/3905 1202/1420/1183 1201/11003/1182
f 3914/10327/3905 1201/11004/1182 3936/10594/3927
f 284/277/269 287/7240/272 3976/10712/3967
f 3640/7241/3631 284/11232/269 3976/10712/3967
f 3640/7241/3631 3976/10713/3967 3944/10615/3935
f 3640/7241/3631 3944/10616/3935 3637/11233/3628
f 3640/7241/3631 3637/7221/3628 238/11234/223
f 3640/7241/3631 238/11235/223 241/234/226
f 3640/7241/3631 241/7220/226 3636/10619/3627
f 3640/7241/3631 3636/10620/3627 3945/10718/3936
f 3640/7241/3631 3945/10618/3936 3978/10720/3969
f 3996/11236/3987 3995/10787/3986 3997/10789/3988
f 4019/11237/4010 3996/10859/3987 3997/10789/3988
f 2351/3472/2339 3952/10639/3943 3951/10658/3942
f 3936/11238/3927 3844/8973/3834 3640/11239/3631
f 3914/10327/3905 3936/11002/3927 3640/11239/3631
f 3914/10327/3905 3640/11240/3631 3978/10720/3969
f 3375/6272/3366 3914/10581/3905 3978/10720/3969
f 3375/6272/3366 3978/10717/3969 3979/10722/3970
f 3739/7906/3730 2994/9919/2985 3828/8745/3818
f 4038/11241/4029 4018/10928/4009 4017/10858/4008
f 3482/11242/3473 3512/10656/3503 3513/6900/3504
f 3498/11243/3489 3497/10797/3488 2346/11244/2334
f 3924/10442/3915 3369/6251/3360 3368/11245/3359
f 4050/11171/4041 4004/10813/3995 485/11246/470
f 4034/11247/4025 4033/10911/4024 503/11036/488
f 3368/6250/3359 3770/11248/3762 3771/10590/3763
f 3924/10442/3915 3368/11249/3359 3771/10590/3763
f 4064/11211/4055 3503/11250/3494 3504/6881/3495
f 4061/11178/4052 4062/11040/4053 3495/11251/3486
f 3997/11252/3988 3517/6905/3508 3516/10804/3507
f 4001/11253/3992 2341/10809/2329 1650/2194/1631
f 4002/11254/3993 4001/10801/3992 1650/2194/1631
f 3516/6904/3507 4002/10803/3993 1650/2194/1631
f 4051/11255/4042 4050/10976/4041 485/11246/470
f 3509/6893/3500 1654/11025/1635 1656/2201/1637
f 4063/11256/4054 4064/11051/4055 3504/6881/3495
f 4063/11256/4054 3504/6883/3495 3505/10879/3496
f 4063/11256/4054 3505/11257/3496 4022/10877/4013
f 1656/11104/1637 4003/10806/3994 1643/6871/1624
f 4051/11255/4042 485/493/470 484/11045/469
f 4051/11255/4042 484/11046/469 3959/10791/3950
f 4017/11258/4008 4019/10857/4010 3997/10789/3988
f 4038/11241/4029 4017/10855/4008 3997/10789/3988
f 3326/11190/3317 2254/11259/2242 1330/3206/1311
f 3326/11190/3317 1330/11260/1311 1331/1628/1312
f 3326/11190/3317 1331/11261/1312 3971/10690/3962
f 3326/11190/3317 3971/10691/3962 3408/11262/3399
f 3863/11263/3853 3862/10611/3852 1446/1836/1427
f 3463/11264/3454 3464/10942/3455 2307/6648/2295
f 3398/11231/3389 3463/11265/3454 2307/6648/2295
f 3771/8224/3763 3772/11266/3764 3961/10669/3952
f 3771/8224/3763 3961/10666/3952 3963/10683/3954
f 3777/8247/3769 3509/11267/3500 1656/2201/1637
f 3487/6837/3478 3955/10647/3946 3498/11229/3489
f 4029/11105/4020 3487/11268/3478 3498/11229/3489
f 3519/11108/3510 2293/11269/2281 3965/10674/3956
f 4049/11270/4040 3863/9050/3853 1446/1836/1427
f 4027/11271/4018 4029/10898/4020 3498/11229/3489
f 1609/11272/1590 3483/10926/3474 3484/6817/3475
f 2346/11136/2334 1609/11273/1590 3484/6817/3475
f 2352/11274/2340 2351/11275/2339 3951/10658/3942
f 3518/6907/3509 3519/11276/3510 3965/10674/3956
f 3516/6904/3507 1650/11277/1631 3507/6889/3498
f 3516/6904/3507 3507/10890/3498 3778/11278/3770
f 4048/11279/4039 4049/10970/4040 1446/1836/1427
f 1507/11280/1488 4048/10967/4039 1446/1836/1427
f 3408/6418/3399 3409/11281/3400 3970/10838/3961
f 1507/11280/1488 1446/11282/1427 3435/6514/3426
f 4039/11283/4030 4038/10930/4029 3997/10789/3988
f 1507/11280/1488 3435/11284/3426 3520/10507/3511
f 3408/6418/3399 3970/10682/3961 4012/10841/4003
f 3398/11231/3389 2307/11285/2295 2308/3365/2296
f 3513/11286/3504 2352/3473/2340 3951/10658/3942
f 3958/11287/3949 4039/10932/4030 3997/10789/3988
f 3855/11288/3845 3854/11289/3844 3924/11290/3915
f 3855/11288/3845 3924/10573/3915 3771/10590/3763
f 3408/6418/3399 4012/10837/4003 4013/10843/4004
f 3518/6907/3509 3965/10835/3956 3964/10672/3955
f 3966/11291/3957 4051/10979/4042 3959/10791/3950
f 3513/11286/3504 3951/10637/3942 3958/10933/3949
f 3867/11292/3857 3866/10828/3856 4042/10944/4033
f 3398/11231/3389 2308/11293/2296 3427/6650/3418
f 2284/11294/2272 2283/10990/2271 2280/11295/2268
f 4042/11296/4033 4011/10943/4002 3461/10829/3452
f 3867/11292/3857 4042/10945/4033 3461/10829/3452
f 3867/11292/3857 3461/6641/3452 461/469/446
f 2284/11294/2272 2280/10988/2268 2282/3286/2270
f 1656/11104/1637 1643/10889/1624 1645/2187/1626
f 4037/11297/4028 4010/10922/4001 3950/10633/3941
f 3484/11298/3475 4037/10924/4028 3950/10633/3941
f 3400/11299/3391 2274/11300/2262 379/3275/364
f 2282/11301/2270 3400/6391/3391 379/3275/364
f 2284/11294/2272 2282/11302/2270 379/3275/364
f 2284/11294/2272 379/11303/364 381/382/366
f 3407/11304/3398 2284/3288/2272 381/382/366
f 3450/11305/3441 3451/10957/3442 3452/6613/3443
f 3450/11305/3441 3452/10950/3443 1502/11306/1483
f 3778/11307/3770 3777/10558/3769 1656/2201/1637
f 3516/6904/3507 3778/8248/3770 1656/2201/1637
f 3516/6904/3507 1656/11308/1637 1645/2187/1626
f 2276/11309/2264 3399/11310/3390 1388/6384/1369
f 3397/6376/3388 3398/11311/3389 3427/6650/3418
f 3407/11304/3398 381/11312/366 2276/3279/2264
f 3407/11304/3398 2276/6390/2264 1388/6384/1369
f 2993/11161/2984 3738/7904/3729 2640/11165/2632
f 3828/11313/3818 2993/5132/2984 2640/11165/2632
f 3960/11314/3951 3465/6651/3456 3430/11315/3421
f 3449/6608/3440 3450/11316/3441 1502/11306/1483
f 1388/1720/1369 1390/6382/1371 3397/11317/3388
f 3407/11304/3398 1388/11318/1369 3397/11317/3388
f 3647/11319/3638 3867/9063/3857 461/469/446
f 3449/6608/3440 1502/10949/1483 1504/1936/1485
f 3449/6608/3440 1504/6634/1485 3457/10665/3448
f 3449/6608/3440 3457/11320/3448 3942/10607/3933
f 3447/11321/3438 3449/10833/3440 3942/10607/3933
f 3446/6601/3437 3447/11322/3438 3942/10607/3933
f 1653/11323/1634 4061/11029/4052 3495/11251/3486
f 1653/11323/1634 3495/11041/3486 3496/6866/3487
f 1653/11323/1634 3496/11324/3487 4028/10895/4019
f 4046/11325/4037 3446/10959/3437 3942/10607/3933
f 4047/11326/4038 4046/10962/4037 3942/10607/3933
f 3587/7086/3578 3820/11076/3811 2828/8650/2820
f 3518/6907/3509 3964/10673/3955 3645/9033/3636
f 3518/6907/3509 3645/11327/3636 2250/7257/2238
f 3518/6907/3509 2250/11328/2238 2253/3204/2241
f 3518/6907/3509 2253/11329/2241 3855/10844/3845
f 3518/6907/3509 3855/9030/3845 3771/10590/3763
f 1645/2197/1626 1653/11330/1634 4028/10895/4019
f 2820/11331/2812 3815/8630/3806 3581/11332/3572
f 1937/11333/1929 3816/10604/3807 3719/11334/3710
f 3997/11252/3988 3516/11335/3507 1645/2187/1626
f 3431/11336/3422 1505/10940/1486 1507/1939/1488
f 3828/11313/3818 2640/10778/2632 3881/9452/3872
f 3828/11313/3818 3881/10567/3872 3891/11337/3882
f 3739/7906/3730 3828/10744/3818 3891/11337/3882
f 4053/11338/4044 4052/10984/4043 3406/11339/3397
f 4028/11340/4019 4027/10894/4018 3498/11229/3489
f 4053/11338/4044 3406/10982/3397 3407/6416/3398
f 2828/4735/2820 3892/9722/3883 2834/11341/2826
f 3587/7086/3578 2828/11342/2820 2834/11341/2826
f 3950/11343/3941 3949/10632/3940 3956/10921/3947
f 461/11344/446 3960/10663/3951 3430/11315/3421
f 3647/11319/3638 461/11345/446 3430/11315/3421
f 3646/7264/3637 3647/11346/3638 3430/11315/3421
f 4014/11347/4005 4053/10986/4044 3407/6416/3398
f 4013/11348/4004 4014/10842/4005 3407/6416/3398
f 3430/6503/3421 3431/11349/3422 1507/1939/1488
f 3646/7264/3637 3430/11350/3421 1507/1939/1488
f 3942/11351/3933 3646/10606/3637 1507/1939/1488
f 4047/11326/4038 3942/10608/3933 1507/1939/1488
f 3587/7086/3578 2834/11352/2826 2835/4751/2827
f 3950/11343/3941 3956/10652/3947 4036/10919/4027
f 3950/11343/3941 4036/10920/4027 4035/10917/4026
f 3974/11353/3965 3988/10753/3979 3990/10762/3981
f 3974/11353/3965 3990/10763/3981 3989/10760/3980
f 3975/11354/3966 3974/10709/3965 3989/10760/3980
f 3984/11355/3975 3975/10734/3966 3989/10760/3980
f 3950/11343/3941 4035/10918/4026 4007/10817/3998
f 3950/11343/3941 4007/10916/3998 4006/10914/3997
f 3950/11343/3941 4006/10816/3997 4034/10912/4025
f 3602/7131/3593 3603/10630/3594 3740/11356/3731
f 3739/7906/3730 3891/9702/3882 2826/11357/2818
f 3739/7906/3730 2826/11358/2818 2827/4731/2819
f 3739/7906/3730 2827/11359/2819 3722/9706/3713
f 3739/7906/3730 3722/11360/3713 840/7772/822
f 3587/7086/3578 2835/9720/2827 2831/11361/2823
f 3587/7086/3578 2831/11362/2823 2833/4747/2825
f 3999/11363/3990 4000/10794/3991 4008/11049/3999
f 3998/11364/3989 3999/10792/3990 4008/11049/3999
f 3998/11364/3989 4008/10818/3999 4063/11052/4054
f 3979/11365/3970 3898/10721/3889 3730/9875/3721
f 3982/11366/3973 3984/10732/3975 3989/10760/3980
f 3602/7131/3593 3740/7908/3731 949/11367/931
f 3427/6497/3418 3428/10676/3419 3966/10980/3957
f 3959/11368/3950 3998/10790/3989 4063/11052/4054
f 3993/11369/3984 3992/10771/3983 3885/11370/3876
f 3983/11371/3974 3982/10729/3973 3989/10760/3980
f 4057/11372/4048 3983/11010/3974 3989/10760/3980
f 4022/11373/4013 3481/10876/3472 3482/6813/3473
f 3739/7906/3730 840/11374/822 3723/7774/3714
f 949/1048/931 3739/11375/3730 3723/7774/3714
f 3602/7131/3593 949/11376/931 3723/7774/3714
f 3993/11369/3984 3885/10769/3876 3886/9695/3877
f 2817/11377/2809 2816/9688/2808 3882/11378/3873
f 2817/11377/2809 3882/11379/3873 2004/9664/1994
f 3720/11380/3711 2817/4710/2809 2004/9664/1994
f 3979/11365/3970 3730/11381/3721 3731/7863/3722
f 3979/11365/3970 3731/11382/3722 2965/5064/2957
f 3584/7083/3575 3993/10774/3984 3886/9695/3877
f 3950/11343/3941 4034/10913/4025 503/11036/488
f 3587/7086/3578 2833/9719/2825 3883/11383/3874
f 3991/11384/3982 3887/10766/3878 3888/9699/3879
f 2820/11331/2812 3581/11385/3572 3583/7082/3574
f 2346/11136/2334 3484/11386/3475 3950/10633/3941
f 3950/11343/3941 503/11037/488 4047/10963/4038
f 3963/11191/3954 3377/11387/3368 3375/10688/3366
f 3991/11384/3982 3888/10584/3879 3818/10585/3809
f 3925/11388/3916 3972/10693/3963 3968/10678/3959
f 3925/11388/3916 3968/10679/3959 3967/10681/3958
f 3967/11389/3958 3969/10680/3960 1332/11390/1313
f 3925/11388/3916 3967/10677/3958 1332/11390/1313
f 1333/11391/1314 345/11065/330 348/346/333
f 3372/6256/3363 3925/10694/3916 1332/11390/1313
f 3372/6256/3363 1332/10998/1313 1333/1630/1314
f 348/11392/333 3372/11393/3363 1333/1630/1314
f 1645/2197/1626 4028/10897/4019 3498/11229/3489
f 1645/2197/1626 3498/6873/3489 2346/11244/2334
f 1645/2197/1626 2346/3463/2334 3950/10633/3941
f 3997/11252/3988 1645/11394/1626 3950/10633/3941
f 3583/8634/3574 1937/8633/1929 3719/11334/3710
f 3997/11252/3988 3950/10635/3941 4047/10963/4038
f 3997/11252/3988 4047/11035/4038 1507/1939/1488
f 3997/11252/3988 1507/10968/1488 3520/10507/3511
f 3958/11287/3949 3997/11022/3988 3520/10507/3511
f 3584/7083/3575 3886/11395/3877 3602/11180/3593
f 3584/7083/3575 3602/10751/3593 3723/7774/3714
f 3818/11157/3809 3584/11396/3575 3723/7774/3714
f 3991/11384/3982 3818/8640/3809 3723/7774/3714
f 3991/11384/3982 3723/11397/3714 3587/8643/3578
f 3991/11384/3982 3587/11398/3578 3883/11383/3874
f 3989/11139/3980 3991/10768/3982 3883/11383/3874
f 4057/11372/4048 3989/10761/3980 3883/11383/3874
f 3966/11291/3957 3959/10660/3950 4063/11052/4054
f 3427/6497/3418 3966/10675/3957 4063/11052/4054
f 3427/6497/3418 4063/11048/4054 4022/10877/4013
f 3427/6497/3418 4022/10878/4013 3482/6813/3473
f 3958/11287/3949 3520/6910/3511 3518/11399/3509
f 3958/11287/3949 3518/11400/3509 3771/10590/3763
f 3397/6376/3388 3427/11401/3418 3482/6813/3473
f 3407/11304/3398 3397/11402/3388 3482/6813/3473
f 4013/11348/4004 3407/11403/3398 3482/6813/3473
f 3720/11380/3711 2004/2732/1994 2972/5087/2964
f 3513/11286/3504 3958/10657/3949 3771/10590/3763
f 3940/11217/3931 4057/11008/4048 3883/11383/3874
f 3947/11225/3938 3940/10601/3931 3883/11383/3874
f 2965/9877/2957 3947/11066/3938 3883/11383/3874
f 3979/11365/3970 2965/11404/2957 3883/11383/3874
f 3375/6272/3366 3979/10719/3970 3883/11383/3874
f 3963/11191/3954 3375/11405/3366 3883/11383/3874
f 3408/6418/3399 4013/10840/4004 3482/6813/3473
f 3326/11190/3317 3408/10689/3399 3482/6813/3473
f 3900/9887/3891 3326/11406/3317 3482/6813/3473
f 834/900/816 3720/10777/3711 2972/5087/2964
f 3482/11242/3473 3513/11407/3504 3771/10590/3763
f 3900/9887/3891 3482/11408/3473 3771/10590/3763
f 2972/11409/2964 3900/11410/3891 3771/10590/3763
f 834/900/816 2972/9888/2964 3771/10590/3763
f 3963/11191/3954 3883/9689/3874 2820/4721/2812
f 3963/11191/3954 2820/10776/2812 3583/7082/3574
f 834/900/816 3771/10591/3763 3963/10683/3954
f 834/900/816 3963/10670/3954 3583/7082/3574
f 834/900/816 3583/11411/3574 3719/11334/3710
usemtl Material.002
f 4068/11412/4059 4069/11413/4060 4070/11414/4061
f 4071/11415/4062 4072/11416/4063 4073/11417/4064
f 4074/11418/4065 4075/11419/4066 4076/11420/4067
f 4077/11421/4068 4078/11422/4069 4079/11423/4070
f 4080/11424/4071 4081/11425/4072 4082/11426/4073
f 4069/11427/4060 4083/11428/4074 4084/11429/4075
f 4085/11430/4076 4086/11431/4077 4087/11432/4078
f 4088/11433/4079 4089/11434/4080 4090/11435/4081
f 4091/11436/4082 4092/11437/4083 4093/11438/4084
f 4092/11439/4083 4094/11440/4085 4093/11438/4084
f 4093/11441/4084 4094/11440/4085 4072/11442/4063
f 4095/11443/4086 4096/11444/4087 4097/11445/4088
f 4098/11446/4089 4099/11447/4090 4100/11448/4091
f 4070/11449/4061 4101/11450/4092 4102/11451/4093
f 4103/11452/4094 4101/11450/4092 4092/11453/4083
f 4104/11454/4095 4105/11455/4096 4106/11456/4097
f 4071/11415/4062 4107/11457/4098 4097/11445/4088
f 4108/11458/4099 4109/11459/4100 4095/11460/4086
f 4104/11454/4095 4110/11461/4101 4105/11462/4096
f 4095/11443/4086 4109/11459/4100 4111/11463/4102
f 4112/11464/4103 4113/11465/4104 4114/11466/4105
f 4112/11464/4103 4114/11467/4105 4115/11468/4106
f 4116/11469/4107 4117/11470/4108 4118/11471/4109
f 4119/11472/4110 4120/11473/4111 4121/11474/4112
f 4119/11472/4110 4121/11475/4112 4122/11476/4113
f 4123/11477/4114 4124/11478/4115 4125/11479/4116
f 4126/11480/4117 4127/11481/4118 4128/11482/4119
f 4129/11483/4120 4130/11484/4121 4131/11485/4122
f 4132/11486/4123 4133/11487/4124 4134/11488/4125
f 4135/11489/4126 4136/11490/4127 4131/11485/4122
f 4137/11491/4128 4138/11492/4129 4139/11493/4130
f 4140/11494/4131 4141/11495/4132 4142/11496/4133
f 4143/11497/4134 4144/11498/4135 4145/11499/4136
f 4146/11500/4137 4147/11501/4138 4148/11502/4139
f 4149/11503/4140 4150/11504/4141 4151/11505/4142
f 4152/11506/4143 4153/11507/4144 4154/11508/4145
f 4155/11509/4146 4156/11510/4147 4157/11511/4148
f 4158/11512/4149 4159/11513/4150 4160/11514/4151
f 4161/11515/4152 4162/11516/4153 4163/11517/4154
f 4164/11518/4155 4091/11519/4082 4093/11438/4084
f 4165/11520/4156 4164/11521/4155 4093/11438/4084
f 4164/11518/4155 4165/11522/4156 4166/11523/4157
f 4167/11524/4158 4168/11525/4159 4088/11526/4079
f 4095/11443/4086 4169/11527/4160 4096/11528/4087
f 4170/11529/4161 4169/11527/4160 4111/11463/4102
f 4112/11464/4103 4171/11530/4162 4170/11531/4161
f 4172/11532/4163 4173/11533/4164 4174/11534/4165
f 4112/11464/4103 4115/11535/4106 4171/11536/4162
f 4175/11537/4166 4176/11538/4167 4177/11539/4168
f 4138/11540/4129 4137/11541/4128 4178/11542/4169
f 4179/11543/4170 4180/11544/4171 4181/11545/4172
f 4132/11486/4123 4182/11546/4173 4122/11476/4113
f 4146/11500/4137 4183/11547/4174 4184/11548/4175
f 4132/11486/4123 4134/11549/4125 4182/11550/4173
f 4185/11551/4176 4186/11552/4177 4187/11553/4178
f 4146/11500/4137 4148/11554/4139 4183/11555/4174
f 4188/11556/4179 4189/11557/4180 4190/11558/4181
f 4191/11559/4182 4192/11560/4183 4193/11561/4184
f 4194/11562/4185 4195/11563/4186 4193/11561/4184
f 4198/11564/4187 4199/11565/4188 4200/11566/4189
f 4201/11567/4190 4202/11568/4191 4203/11569/4192
f 4091/11436/4082 4164/11521/4155 4204/11570/4193
f 4205/11571/4194 4103/11572/4094 4092/11453/4083
f 4204/11573/4193 4206/11574/4195 4207/11575/4196
f 4204/11573/4193 4207/11576/4196 4091/11577/4082
f 4208/11578/4197 4209/11579/4198 4210/11580/4199
f 4211/11581/4200 4212/11582/4201 4213/11583/4202
f 4214/11584/4203 4215/11585/4204 4180/11586/4171
f 4216/11587/4205 4217/11588/4206 4218/11589/4207
f 4140/11494/4131 4138/11492/4129 4219/11590/4208
f 4220/11591/4209 4221/11592/4210 4222/11593/4211
f 4223/11594/4212 4224/11595/4213 4225/11596/4214
f 4226/11597/4215 4227/11598/4216 4228/11599/4217
f 4220/11591/4209 4229/11600/4218 4230/11601/4219
f 4231/11602/4220 4232/11603/4221 4233/11604/4222
f 4234/11605/4223 4231/11606/4220 4235/11607/4224
f 4236/11608/4225 4237/11609/4226 4238/11610/4227
f 4241/11611/4228 4242/11612/4229 4243/11613/4230
f 4244/11614/4231 4245/11615/4232 4246/11616/4233
f 4247/11617/4234 4248/11618/4235 4249/11619/4236
f 4164/11518/4155 4250/11620/4237 4204/11570/4193
f 4251/11621/4238 4250/11620/4237 4252/11622/4239
f 4253/11623/4240 4098/11624/4089 4254/11625/4241
f 4251/11621/4238 4255/11626/4242 4256/11627/4243
f 4257/11628/4244 4258/11629/4245 4259/11630/4246
f 4260/11631/4247 4174/11632/4165 4261/11633/4248
f 4222/11634/4211 4262/11635/4249 4263/11636/4250
f 4263/11637/4250 4264/11638/4251 4265/11639/4252
f 4226/11597/4215 4266/11640/4253 4267/11641/4254
f 4268/11642/4255 4266/11640/4253 4216/11643/4205
f 4268/11642/4255 4216/11644/4205 4218/11589/4207
f 4269/11645/4256 4270/11646/4257 4271/11647/4258
f 4272/11648/4259 4273/11649/4260 4274/11650/4261
f 4275/11651/4262 4276/11652/4263 4277/11653/4264
f 4280/11654/4265 4281/11655/4266 4282/11656/4267
f 4283/11657/4268 4284/11658/4269 4285/11659/4270
f 4286/11660/4271 4287/11661/4272 4288/11662/4273
f 4289/11663/4274 4290/11664/4275 4291/11665/4276
f 4292/11666/4277 4293/11667/4278 4294/11668/4279
f 4295/11669/4280 4294/11670/4279 4296/11671/4281
f 4217/11672/4206 4297/11673/4282 4298/11674/4283
f 4299/11675/4284 4298/11676/4283 4300/11677/4285
f 4303/11678/4286 4304/11679/4287 4305/11680/4288
f 4306/11681/4289 4307/11682/4290 4308/11683/4291
f 4309/11684/4292 4310/11685/4293 4311/11686/4294
f 4312/11687/4295 4313/11688/4296 4314/11689/4297
f 4315/11690/4298 4316/11691/4299 4317/11692/4300
f 4317/11693/4300 4318/11694/4301 4319/11695/4302
f 4220/11591/4209 4320/11696/4303 4229/11697/4218
f 4286/11660/4271 4288/11698/4273 4323/11699/4304
f 4207/11700/4196 4287/11661/4272 4286/11701/4271
f 4324/11702/4305 4325/11703/4306 4326/11704/4307
f 4325/11705/4306 4327/11706/4308 4328/11707/4309
f 4329/11708/4310 4330/11709/4311 4331/11710/4312
f 4332/11711/4313 4333/11712/4314 4296/11671/4281
f 4333/11713/4314 4334/11714/4315 4335/11715/4316
f 4295/11669/4280 4335/11716/4316 4336/11717/4317
f 4337/11718/4318 4338/11719/4319 4334/11720/4315
f 4339/11721/4320 4340/11722/4321 4338/11723/4319
f 4341/11724/4322 4229/11600/4218 4342/11725/4323
f 4286/11660/4271 4344/11726/4324 4324/11727/4305
f 4286/11660/4271 4251/11728/4238 4256/11627/4243
f 4345/11729/4325 4332/11730/4313 4346/11731/4326
f 4300/11732/4285 4312/11733/4295 4347/11734/4327
f 4348/11735/4328 4312/11733/4295 4349/11736/4329
f 4350/11737/4330 4351/11738/4331 4352/11739/4332
f 4353/11740/4333 4354/11741/4334 4327/11742/4308
f 4355/11743/4335 4356/11744/4336 4354/11745/4334
f 4357/11746/4337 4354/11741/4334 4356/11747/4336
f 4358/11748/4338 4359/11749/4339 4345/11750/4325
f 4359/11751/4339 4360/11752/4340 4337/11753/4318
f 4361/11754/4341 4362/11755/4342 4363/11756/4343
f 4364/11757/4344 4365/11758/4345 4366/11759/4346
f 4367/11760/4347 4368/11761/4348 4365/11762/4345
f 4369/11763/4349 4370/11764/4350 4371/11765/4351
f 4366/11766/4346 4368/11761/4348 4372/11767/4352
f 4373/11768/4353 4374/11769/4354 4375/11770/4355
f 4376/11771/4356 4377/11772/4357 4378/11773/4358
f 4379/11774/4359 4374/11769/4354 4380/11775/4360
f 4381/11776/4361 4382/11777/4362 4383/11778/4363
f 4386/11779/4364 4387/11780/4365 4358/11781/4338
f 4381/11776/4361 4389/11782/4366 4382/11783/4362
f 4383/11784/4363 4379/11785/4359 4390/11786/4367
f 4381/11776/4361 4390/11787/4367 4391/11788/4368
f 4385/11789/4369 4380/11790/4360 4393/11791/4370
f 4357/11746/4337 4394/11792/4371 4395/11793/4372
f 4288/11794/4273 4206/11574/4195 4204/11570/4193
f 4288/11794/4273 4287/11661/4272 4206/11795/4195
f 4287/11796/4272 4207/11576/4196 4206/11795/4195
f 4232/11797/4221 4231/11606/4220 4396/11798/4373
f 4397/11799/4374 4398/11800/4375 4399/11801/4376
f 4400/11802/4377 4316/11691/4299 4401/11803/4378
f 4228/11804/4217 4227/11598/4216 4402/11805/4379
f 4227/11806/4216 4143/11807/4134 4402/11805/4379
f 4145/11808/4136 4402/11809/4379 4143/11810/4134
f 4145/11808/4136 4141/11495/4132 4402/11805/4379
f 4219/11811/4208 4224/11595/4213 4403/11812/4380
f 4224/11813/4213 4400/11814/4377 4401/11803/4378
f 4262/11815/4249 4404/11816/4381 4405/11817/4382
f 4219/11811/4208 4406/11818/4383 4225/11596/4214
f 4218/11819/4207 4407/11820/4384 4268/11821/4255
f 4292/11666/4277 4336/11822/4317 4215/11823/4204
f 4408/11824/4385 4293/11667/4278 4214/11825/4203
f 4409/11826/4386 4205/11827/4194 4207/11575/4196
f 4409/11826/4386 4410/11828/4387 4205/11829/4194
f 4411/11830/4388 4412/11831/4389 4413/11832/4390
f 4408/11824/4385 4414/11833/4391 4411/11834/4388
f 4415/11835/4392 4103/11572/4094 4410/11836/4387
f 4248/11837/4235 4247/11838/4234 4416/11839/4393
f 4417/11840/4394 4418/11841/4395 4203/11569/4192
f 4419/11842/4396 4201/11843/4190 4203/11569/4192
f 4420/11844/4397 4421/11845/4398 4422/11846/4399
f 4183/11847/4174 4227/11598/4216 4267/11641/4254
f 4183/11847/4174 4148/11554/4139 4227/11848/4216
f 4148/11849/4139 4143/11807/4134 4227/11848/4216
f 4423/11850/4400 4424/11851/4401 4135/11852/4126
f 4424/11853/4401 4187/11854/4178 4425/11855/4402
f 4182/11856/4173 4184/11857/4175 4268/11821/4255
f 4182/11856/4173 4134/11549/4125 4184/11548/4175
f 4134/11858/4125 4426/11859/4403 4184/11548/4175
f 4184/11860/4175 4427/11861/4404 4268/11821/4255
f 4184/11860/4175 4183/11547/4174 4427/11862/4404
f 4122/11863/4113 4428/11864/4405 4119/11865/4110
f 4122/11863/4113 4182/11546/4173 4428/11866/4405
f 4428/11867/4405 4429/11868/4406 4119/11865/4110
f 4428/11867/4405 4407/11820/4384 4429/11869/4406
f 4430/11870/4407 4431/11871/4408 4432/11872/4409
f 4433/11873/4410 4434/11874/4411 4431/11875/4408
f 4435/11876/4412 4436/11877/4413 4437/11878/4414
f 4438/11879/4415 4439/11880/4416 4435/11881/4412
f 4171/11882/4162 4115/11535/4106 4429/11869/4406
f 4115/11883/4106 4119/11884/4110 4429/11869/4406
f 4181/11885/4172 4440/11886/4417 4179/11887/4170
f 4441/11888/4418 4442/11889/4419 4443/11890/4420
f 4261/11891/4248 4444/11892/4421 4441/11893/4418
f 4445/11894/4422 4446/11895/4423 4447/11896/4424
f 4170/11529/4161 4448/11897/4425 4449/11898/4426
f 4170/11529/4161 4171/11530/4162 4448/11899/4425
f 4171/11882/4162 4450/11900/4427 4448/11899/4425
f 4104/11454/4095 4440/11886/4417 4110/11901/4101
f 4440/11902/4417 4451/11903/4428 4110/11901/4101
f 4452/11904/4429 4414/11833/4391 4104/11905/4095
f 4453/11906/4430 4208/11907/4197 4454/11908/4431
f 4168/11909/4159 4455/11910/4432 4453/11911/4430
f 4456/11912/4433 4209/11579/4198 4455/11913/4432
f 4457/11914/4434 4421/11845/4398 4458/11915/4435
f 4162/11916/4153 4459/11917/4436 4457/11918/4434
f 4460/11919/4437 4461/11920/4438 4462/11921/4439
f 4463/11922/4440 4464/11923/4441 4465/11924/4442
f 4159/11925/4150 4466/11926/4443 4467/11927/4444
f 4468/11928/4445 4149/11929/4140 4469/11930/4446
f 4156/11931/4147 4470/11932/4447 4468/11933/4445
f 4195/11934/4186 4471/11935/4448 4470/11936/4447
f 4472/11937/4449 4160/11938/4151 4143/11810/4134
f 4473/11939/4450 4237/11609/4226 4469/11930/4446
f 4236/11608/4225 4474/11940/4451 4157/11511/4148
f 4151/11941/4142 4475/11942/4452 4147/11943/4138
f 4148/11849/4139 4476/11944/4453 4143/11810/4134
f 4145/11808/4136 4144/11498/4135 4477/11945/4454
f 4144/11946/4135 4478/11947/4455 4477/11945/4454
f 4479/11948/4456 4154/11949/4145 4480/11950/4457
f 4136/11951/4127 4135/11952/4126 4481/11953/4458
f 4480/11954/4457 4482/11955/4459 4481/11953/4458
f 4142/11956/4133 4483/11957/4460 4484/11958/4461
f 4142/11956/4133 4477/11959/4454 4483/11960/4460
f 4477/11961/4454 4478/11947/4455 4483/11960/4460
f 4484/11962/4461 4139/11963/4130 4142/11496/4133
f 4139/11964/4130 4140/11965/4131 4142/11496/4133
f 4485/11966/4462 4486/11967/4463 4487/11968/4464
f 4488/11969/4465 4489/11970/4466 4490/11971/4467
f 4131/11972/4122 4133/11487/4124 4132/11973/4123
f 4131/11972/4122 4136/11490/4127 4133/11974/4124
f 4491/11975/4468 4426/11859/4403 4492/11976/4469
f 4133/11977/4124 4482/11955/4459 4492/11976/4469
f 4493/11978/4470 4127/11481/4118 4494/11979/4471
f 4493/11978/4470 4495/11980/4472 4127/11981/4118
f 4125/11982/4116 4423/11983/4400 4130/11984/4121
f 4129/11483/4120 4131/11985/4122 4132/11973/4123
f 4129/11483/4120 4123/11986/4114 4130/11984/4121
f 4496/11987/4473 4497/11988/4474 4498/11989/4475
f 4497/11990/4474 4496/11991/4473 4499/11992/4476
f 4185/11551/4176 4423/11983/4400 4430/11993/4407
f 4125/11982/4116 4124/11478/4115 4434/11994/4411
f 4122/11863/4113 4129/11995/4120 4132/11973/4123
f 4122/11863/4113 4121/11475/4112 4129/11996/4120
f 4121/11997/4112 4123/11986/4114 4129/11996/4120
f 4121/11997/4112 4124/11478/4115 4123/11998/4114
f 4121/11997/4112 4120/11473/4111 4500/11999/4477
f 4126/11480/4117 4128/12000/4119 4181/11545/4172
f 4128/12001/4119 4451/11903/4428 4181/11545/4172
f 4118/12002/4109 4117/11470/4108 4439/12003/4416
f 4117/12004/4108 4451/11903/4428 4498/11989/4475
f 4116/11469/4107 4110/11461/4101 4117/12005/4108
f 4110/12006/4101 4451/11903/4428 4117/12005/4108
f 4115/11883/4106 4120/11473/4111 4119/11865/4110
f 4115/11883/4106 4114/11467/4105 4120/12007/4111
f 4501/12008/4478 4446/11895/4423 4500/11999/4477
f 4114/12009/4105 4113/11465/4104 4502/12010/4479
f 4113/12011/4104 4077/12012/4068 4502/12010/4479
f 4503/12013/4480 4504/12014/4481 4505/12015/4482
f 4447/12016/4424 4446/11895/4423 4504/12017/4481
f 4506/12018/4483 4507/12019/4484 4508/12020/4485
f 4106/12021/4097 4105/11455/4096 4509/12022/4486
f 4105/12023/4096 4116/12024/4107 4509/12022/4486
f 4118/12002/4109 4510/12025/4487 4116/12026/4107
f 4167/11524/4158 4088/12027/4079 4508/12020/4485
f 4511/12028/4488 4512/12029/4489 4513/12030/4490
f 4514/12031/4491 4515/12032/4492 4511/12033/4488
f 4503/12013/4480 4505/12034/4482 4515/12035/4492
f 4102/12036/4093 4101/11450/4092 4516/12037/4493
f 4101/12038/4092 4103/11572/4094 4516/12037/4493
f 4517/12039/4494 4458/12040/4435 4518/12041/4495
f 4099/12042/4090 4519/12043/4496 4517/12044/4494
f 4513/12045/4490 4163/12046/4154 4519/12047/4496
f 4106/12021/4097 4452/12048/4429 4104/11905/4095
f 4106/12021/4097 4507/12019/4484 4452/12049/4429
f 4516/12050/4493 4103/11572/4094 4415/12051/4392
f 4520/12052/4497 4521/12053/4498 4199/12054/4188
f 4089/12055/4080 4522/12056/4499 4520/12057/4497
f 4454/12058/4431 4419/12059/4396 4522/12060/4499
f 4523/12061/4500 4161/12062/4152 4076/11420/4067
f 4086/12063/4077 4524/12064/4501 4523/12065/4500
f 4525/12066/4502 4090/12067/4081 4526/12068/4503
f 4527/12069/4504 4528/12070/4505 4463/12071/4440
f 4137/11491/4128 4139/11963/4130 4494/11979/4471
f 4105/12023/4096 4110/11461/4101 4116/12026/4107
f 4529/12072/4506 4074/12073/4065 4512/12074/4489
f 4079/12075/4070 4078/11422/4069 4529/12076/4506
f 4107/12077/4098 4071/12078/4062 4075/12079/4066
f 4073/12080/4064 4072/11416/4063 4530/12081/4507
f 4072/12082/4063 4094/11440/4085 4531/12083/4508
f 4531/12084/4508 4094/11440/4085 4070/11414/4061
f 4532/12085/4509 4531/12086/4508 4069/12087/4060
f 4070/11449/4061 4069/11413/4060 4531/12083/4508
f 4533/12088/4510 4074/12073/4065 4076/11420/4067
f 4074/11418/4065 4107/11457/4098 4075/12079/4066
f 4076/12089/4067 4075/11419/4066 4534/12090/4511
f 4535/12091/4512 4082/12092/4073 4536/12093/4513
f 4532/12085/4509 4069/11413/4060 4084/11429/4075
f 4069/11427/4060 4068/12094/4059 4083/12095/4074
f 4084/12096/4075 4083/11428/4074 4528/12097/4505
f 4532/12085/4509 4085/12098/4076 4087/11432/4078
f 4085/11430/4076 4081/11425/4072 4086/12099/4077
f 4087/12100/4078 4086/11431/4077 4534/12090/4511
f 4506/12018/4483 4088/12027/4079 4090/11435/4081
f 4088/11433/4079 4537/12101/4514 4089/12102/4080
f 4090/12103/4081 4089/11434/4080 4538/12104/4515
f 4165/11520/4156 4097/12105/4088 4096/11528/4087
f 4097/12106/4088 4165/11522/4156 4071/12107/4062
f 4506/12018/4483 4516/12108/4493 4507/12109/4484
f 4539/12110/4516 4540/12111/4517 4099/12112/4090
f 4098/11446/4089 4539/12113/4516 4099/12112/4090
f 4101/12038/4092 4094/11440/4085 4092/11453/4083
f 4107/12077/4098 4078/11422/4069 4108/12114/4099
f 4108/11458/4099 4078/11422/4069 4109/12115/4100
f 4097/12106/4088 4108/12116/4099 4095/11460/4086
f 4109/12117/4100 4077/12012/4068 4111/11463/4102
f 4113/12011/4104 4111/12118/4102 4077/12119/4068
f 4111/12120/4102 4113/11465/4104 4112/12121/4103
f 4442/12122/4419 4541/12123/4518 4542/12124/4519
f 4493/11978/4470 4489/11970/4466 4495/12125/4472
f 4139/11964/4130 4138/11492/4129 4140/12126/4131
f 4141/12127/4132 4477/11959/4454 4142/11496/4133
f 4424/11853/4401 4425/12128/4402 4479/12129/4456
f 4397/11799/4374 4396/12130/4373 4425/11855/4402
f 4479/11948/4456 4425/12128/4402 4396/11798/4373
f 4147/12131/4138 4475/11942/4452 4148/11502/4139
f 4543/12132/4520 4478/11947/4455 4544/12133/4521
f 4545/12134/4522 4149/11929/4140 4491/12135/4468
f 4151/11941/4142 4491/12136/4468 4149/12137/4140
f 4153/12138/4144 4473/12139/4450 4154/11508/4145
f 4473/11939/4450 4153/11507/4144 4237/12140/4226
f 4546/12141/4523 4160/11938/4151 4472/12142/4449
f 4474/12143/4451 4155/12144/4146 4157/11511/4148
f 4155/11509/4146 4191/12145/4182 4156/12146/4147
f 4546/12141/4523 4158/12147/4149 4160/11514/4151
f 4158/11512/4149 4547/12148/4524 4159/12149/4150
f 4160/12150/4151 4159/11513/4150 4467/11927/4444
f 4548/12151/4525 4549/12152/4526 4550/12153/4527
f 4551/12154/4528 4536/12155/4513 4552/12156/4529
f 4553/12157/4530 4554/12158/4531 4555/12159/4532
f 4533/12088/4510 4161/12062/4152 4163/11517/4154
f 4161/11515/4152 4556/12160/4533 4162/12161/4153
f 4163/12162/4154 4162/11516/4153 4557/12163/4534
f 4165/11520/4156 4096/11444/4087 4166/11523/4157
f 4506/12018/4483 4508/12164/4485 4088/11526/4079
f 4167/11524/4158 4510/12025/4487 4168/12165/4159
f 4088/11433/4079 4168/11525/4159 4537/12166/4514
f 4452/11904/4429 4415/12167/4392 4414/12168/4391
f 4558/12169/4535 4169/11527/4160 4449/11898/4426
f 4169/12170/4160 4558/12171/4535 4096/11528/4087
f 4166/12172/4157 4096/11444/4087 4558/12173/4535
f 4112/11464/4103 4170/12174/4161 4111/11463/4102
f 4170/11529/4161 4449/12175/4426 4169/12176/4160
f 4111/12120/4102 4169/11527/4160 4095/11460/4086
f 4559/12177/4536 4261/12178/4248 4174/11534/4165
f 4261/11891/4248 4559/12179/4536 4432/11872/4409
f 4438/11879/4415 4560/12180/4537 4561/12181/4538
f 4185/11551/4176 4430/12182/4407 4405/11817/4382
f 4178/12183/4169 4137/11541/4128 4180/11586/4171
f 4180/12184/4171 4137/11541/4128 4126/12185/4117
f 4185/11551/4176 4187/11854/4178 4423/12186/4400
f 4562/12187/4539 4563/12188/4540 4190/11558/4181
f 4564/12189/4541 4565/12190/4542 4566/12191/4543
f 4567/12192/4544 4568/12193/4545 4569/12194/4546
f 4570/12195/4547 4571/12196/4548 4566/12191/4543
f 4572/12197/4549 4573/12198/4550 4188/12199/4179
f 4574/12200/4551 4575/12201/4552 4576/12202/4553
f 4189/12203/4180 4192/11560/4183 4577/12204/4554
f 4573/12205/4550 4239/12206/4555 4576/12202/4553
f 4567/12192/4544 4569/12207/4546 4575/12208/4552
f 4565/12209/4542 4564/12210/4541 4194/12211/4185
f 4578/12212/4556 4579/12213/4557 4580/12214/4558
f 4581/12215/4559 4582/12216/4560 4197/12217/4561
f 4583/12218/4562 4421/11845/4398 4420/12219/4397
f 4584/12220/4563 4585/12221/4564 4586/12222/4565
f 4586/12223/4565 4589/12224/4566 4590/12225/4567
f 4203/12226/4192 4202/11568/4191 4591/12227/4568
f 4207/11700/4196 4205/11827/4194 4091/11577/4082
f 4092/11439/4083 4091/11519/4082 4205/11829/4194
f 4408/11824/4385 4592/12228/4569 4414/12168/4391
f 4409/11826/4386 4412/11831/4389 4411/11834/4388
f 4201/11567/4190 4208/11907/4197 4593/12229/4570
f 4175/11537/4166 4594/12230/4571 4176/12231/4167
f 4593/12232/4570 4213/12233/4202 4584/12234/4563
f 4594/12235/4571 4595/12236/4572 4211/12237/4200
f 4212/12238/4201 4596/12239/4573 4587/12240/4574
f 4408/11824/4385 4413/12241/4390 4293/12242/4278
f 4179/11543/4170 4214/12243/4203 4180/11586/4171
f 4180/12184/4171 4215/11585/4204 4178/11542/4169
f 4219/11811/4208 4138/11492/4129 4406/12244/4383
f 4221/12245/4210 4262/11635/4249 4222/11593/4211
f 4262/11815/4249 4221/11592/4210 4404/12246/4381
f 4397/11799/4374 4186/11552/4177 4398/12247/4375
f 4597/12248/4575 4398/11800/4375 4186/12249/4177
f 4225/12250/4214 4224/11595/4213 4219/11590/4208
f 4140/11494/4131 4403/12251/4380 4141/12252/4132
f 4230/12253/4219 4598/12254/4576 4399/11801/4376
f 4233/12255/4222 4232/11603/4221 4598/12256/4576
f 4233/12255/4222 4598/12254/4576 4599/12257/4577
f 4235/12258/4224 4600/12259/4578 4601/12260/4579
f 4238/12261/4227 4237/11609/4226 4153/12262/4144
f 4238/12261/4227 4153/11507/4144 4602/12263/4580
f 4602/12264/4580 4234/12265/4223 4603/12266/4581
f 4604/12267/4582 4605/12268/4583 4606/12269/4584
f 4603/12270/4581 4607/12271/4585 4605/12272/4583
f 4279/12273/4586 4608/12274/4587 4568/12275/4545
f 4609/12276/4588 4277/12277/4264 4610/12278/4589
f 4610/12279/4589 4611/12280/4590 4571/12281/4548
f 4612/12282/4591 4613/12283/4592 4562/12284/4539
f 4240/12285/4593 4578/12286/4556 4614/12287/4594
f 4615/12288/4595 4616/12289/4596 4617/12290/4597
f 4618/12291/4598 4280/12292/4265 4619/12293/4599
f 4620/12294/4600 4243/12295/4230 4621/12296/4601
f 4622/12297/4602 4248/11618/4235 4623/12298/4603
f 4548/12151/4525 4624/12299/4604 4625/12300/4605
f 4623/12301/4603 4246/12302/4233 4626/12303/4606
f 4624/12304/4604 4581/12305/4559 4244/12306/4231
f 4627/12307/4607 4628/12308/4608 4615/12309/4595
f 4629/12310/4609 4200/12311/4189 4521/12312/4498
f 4583/12218/4562 4247/11838/4234 4630/12313/4610
f 4249/12314/4236 4631/12315/4611 4632/12316/4612
f 4250/12317/4237 4323/12318/4304 4204/11570/4193
f 4323/12319/4304 4250/11620/4237 4251/12320/4238
f 4164/11518/4155 4166/12321/4157 4250/12322/4237
f 4252/12323/4239 4250/11620/4237 4166/11523/4157
f 4633/12324/4613 4634/12325/4614 4253/12326/4240
f 4635/12327/4615 4254/12328/4241 4636/12329/4616
f 4583/12218/4562 4630/12330/4610 4636/12329/4616
f 4251/11621/4238 4252/12331/4239 4255/12332/4242
f 4252/12323/4239 4166/12321/4157 4637/12333/4617
f 4256/12334/4243 4255/11626/4242 4638/12335/4618
f 4637/12336/4617 4558/12171/4535 4639/12337/4619
f 4355/11743/4335 4638/12338/4618 4640/12339/4620
f 4642/12340/4621 4643/12341/4622 4299/12342/4284
f 4643/12343/4622 4642/12344/4621 4448/11899/4425
f 4644/12345/4623 4259/12346/4246 4645/12347/4624
f 4646/12348/4625 4645/12349/4624 4443/11890/4420
f 4443/12350/4420 4260/12351/4247 4261/11633/4248
f 4263/11637/4250 4262/11635/4249 4173/12352/4164
f 4220/11591/4209 4222/12353/4211 4647/12354/4626
f 4268/11642/4255 4427/11861/4404 4266/12355/4253
f 4267/12356/4254 4266/11640/4253 4427/11862/4404
f 4266/12357/4253 4648/12358/4627 4216/11643/4205
f 4648/12359/4627 4266/11640/4253 4226/12360/4215
f 4216/11587/4205 4648/12358/4627 4649/12361/4628
f 4216/11587/4205 4649/12362/4628 4217/12363/4206
f 4652/12364/4629 4653/12365/4630 4654/12366/4631
f 4655/12367/4632 4654/12368/4631 4656/12369/4633
f 4226/11597/4215 4315/12370/4298 4648/12371/4627
f 4657/12372/4634 4658/12373/4635 4659/12374/4636
f 4660/12375/4637 4661/12376/4638 4269/12377/4256
f 4662/12378/4639 4271/12379/4258 4663/12380/4640
f 4664/12381/4641 4659/12382/4636 4665/12383/4642
f 4666/12384/4643 4663/12385/4640 4667/12386/4644
f 4662/12378/4639 4658/12373/4635 4272/12387/4259
f 4276/12388/4263 4275/12389/4262 4273/12390/4260
f 4664/12381/4641 4611/12280/4590 4657/12391/4634
f 4609/12276/4588 4608/12274/4587 4668/12392/4645
f 4281/12393/4266 4670/12394/4646 4282/11656/4267
f 4671/12395/4647 4591/12396/4568 4672/12397/4648
f 4673/12398/4649 4674/12399/4650 4675/12400/4651
f 4590/12401/4567 4285/12402/4270 4672/12397/4648
f 4676/12403/4652 4291/12404/4276 4677/12405/4653
f 4678/12406/4654 4679/12407/4655 4289/12408/4274
f 4290/12409/4275 4644/12410/4623 4634/12411/4614
f 4680/12412/4656 4639/12413/4619 4681/12414/4657
f 4682/12415/4658 4681/12416/4657 4683/12417/4659
f 4295/11669/4280 4292/12418/4277 4294/11668/4279
f 4294/12419/4279 4293/11667/4278 4413/11832/4390
f 4328/12420/4309 4413/12241/4390 4412/12421/4389
f 4294/12419/4279 4413/12241/4390 4328/11707/4309
f 4294/12419/4279 4328/12422/4309 4331/11710/4312
f 4175/11537/4166 4303/12423/4286 4595/12424/4572
f 4685/12425/4660 4684/12426/4661 4641/12427/4662
f 4331/12428/4312 4296/12429/4281 4294/11668/4279
f 4296/12430/4281 4331/12431/4312 4330/12432/4311
f 4643/12343/4622 4218/12433/4207 4217/12363/4206
f 4643/12343/4622 4217/11588/4206 4298/11674/4283
f 4217/11672/4206 4649/12362/4628 4297/12434/4282
f 4298/12435/4283 4297/11673/4282 4312/12436/4295
f 4686/12437/4663 4299/12438/4284 4300/11677/4285
f 4299/11675/4284 4643/12341/4622 4298/11674/4283
f 4300/11732/4285 4298/11676/4283 4312/12436/4295
f 4258/12439/4245 4301/12440/4664 4302/12441/4665
f 4304/12442/4287 4177/12443/4168 4689/12444/4666
f 4689/12445/4666 4690/12446/4667 4307/12447/4290
f 4312/11687/4295 4297/11673/4282 4313/12448/4296
f 4297/12449/4282 4649/12362/4628 4313/12448/4296
f 4313/12450/4296 4691/12451/4668 4692/12452/4669
f 4693/12453/4670 4316/11691/4299 4400/12454/4377
f 4228/11804/4217 4316/11691/4299 4226/12360/4215
f 4691/12455/4668 4648/12358/4627 4694/12456/4671
f 4695/12457/4672 4315/12370/4298 4317/11692/4300
f 4315/11690/4298 4226/12458/4215 4316/12459/4299
f 4694/12460/4671 4695/12461/4672 4696/12462/4673
f 4655/12367/4632 4270/11646/4257 4697/12463/4674
f 4695/12457/4672 4317/12464/4300 4319/11695/4302
f 4317/11693/4300 4693/12465/4670 4318/12466/4301
f 4319/12467/4302 4318/11694/4301 4698/12468/4675
f 4322/12469/4676 4599/12470/4577 4699/12471/4677
f 4288/11794/4273 4204/12472/4193 4323/11699/4304
f 4207/11700/4196 4286/12473/4271 4324/11727/4305
f 4207/11700/4196 4324/12474/4305 4326/11704/4307
f 4324/11702/4305 4353/12475/4333 4325/12476/4306
f 4326/12477/4307 4325/11703/4306 4412/12421/4389
f 4207/11700/4196 4326/12478/4307 4409/12479/4386
f 4412/12480/4389 4409/12481/4386 4326/11704/4307
f 4412/12480/4389 4325/11703/4306 4328/11707/4309
f 4325/11705/4306 4353/12475/4333 4327/11742/4308
f 4331/12428/4312 4327/11706/4308 4329/12482/4310
f 4331/12428/4312 4328/12422/4309 4327/11742/4308
f 4330/12483/4311 4332/11730/4313 4296/11671/4281
f 4332/11711/4313 4701/12484/4678 4333/12485/4314
f 4296/12430/4281 4333/11712/4314 4295/12486/4280
f 4295/11669/4280 4333/11712/4314 4335/11715/4316
f 4333/11713/4314 4701/12484/4678 4334/11720/4315
f 4335/12487/4316 4334/11714/4315 4223/12488/4212
f 4335/12487/4316 4225/12489/4214 4336/11717/4317
f 4225/12250/4214 4335/11716/4316 4223/12488/4212
f 4701/12490/4678 4337/12491/4318 4334/11720/4315
f 4337/11718/4318 4339/12492/4320 4338/11723/4319
f 4334/12493/4315 4338/11719/4319 4223/12488/4212
f 4340/12494/4321 4223/12495/4212 4338/11723/4319
f 4702/12496/4679 4372/12497/4352 4703/12498/4680
f 4704/12499/4681 4703/12500/4680 4705/12501/4682
f 4696/12502/4673 4705/12503/4682 4706/12504/4683
f 4341/11724/4322 4343/12505/4684 4699/12471/4677
f 4344/12506/4324 4353/12475/4333 4324/11727/4305
f 4323/12319/4304 4251/11728/4238 4286/11701/4271
f 4344/12506/4324 4256/12507/4243 4355/12508/4335
f 4256/12334/4243 4344/11726/4324 4286/11701/4271
f 4346/12509/4326 4330/11709/4311 4329/12482/4310
f 4375/12510/4355 4345/12511/4325 4346/11731/4326
f 4345/11729/4325 4701/12484/4678 4332/12512/4313
f 4346/12509/4326 4332/11730/4313 4330/12432/4311
f 4686/12437/4663 4300/12513/4285 4707/12514/4685
f 4347/12515/4327 4348/12516/4328 4708/12517/4686
f 4709/12518/4687 4348/12516/4328 4710/12519/4688
f 4349/12520/4329 4312/11733/4295 4314/11689/4297
f 4349/12520/4329 4314/12521/4297 4711/12522/4689
f 4712/12523/4690 4713/12524/4691 4340/12525/4321
f 4712/12523/4690 4714/12526/4692 4713/12527/4691
f 4715/12528/4693 4716/12529/4694 4717/12530/4695
f 4718/12531/4696 4706/12532/4683 4717/12530/4695
f 4714/12533/4692 4719/12534/4697 4720/12535/4698
f 4372/12536/4352 4702/12537/4679 4366/11759/4346
f 4395/12538/4372 4329/12539/4310 4357/12540/4337
f 4344/12506/4324 4354/11741/4334 4353/12541/4333
f 4354/12542/4334 4357/12543/4337 4327/11742/4308
f 4329/11708/4310 4327/11706/4308 4357/12540/4337
f 4355/11743/4335 4354/11741/4334 4344/12544/4324
f 4373/11768/4353 4394/11792/4371 4721/12545/4699
f 4721/12546/4699 4394/11792/4371 4722/12547/4700
f 4329/11708/4310 4395/12548/4372 4346/11731/4326
f 4375/12510/4355 4346/12549/4326 4395/11793/4372
f 4723/12550/4701 4724/12551/4702 4682/12552/4658
f 4725/12553/4703 4722/12554/4700 4726/12555/4704
f 4375/12510/4355 4358/12556/4338 4345/11750/4325
f 4358/11748/4338 4387/11780/4365 4359/12557/4339
f 4345/11729/4325 4359/11749/4339 4701/12558/4678
f 4707/12559/4685 4727/12560/4705 4723/12561/4701
f 4708/12562/4686 4728/12563/4706 4729/12564/4707
f 4360/12565/4340 4359/11749/4339 4730/12566/4708
f 4701/12490/4678 4359/11749/4339 4337/11753/4318
f 4337/11718/4318 4360/11752/4340 4339/12567/4320
f 4339/11721/4320 4360/11752/4340 4731/12568/4709
f 4360/12565/4340 4730/12569/4708 4731/12568/4709
f 4731/12570/4709 4732/12571/4710 4352/11739/4332
f 4698/12572/4675 4720/12573/4698 4364/12574/4344
f 4361/11754/4341 4351/11738/4331 4362/12575/4342
f 4364/11757/4344 4361/12576/4341 4363/11756/4343
f 4376/11771/4356 4378/12577/4358 4369/12578/4349
f 4364/11757/4344 4363/12579/4343 4365/11762/4345
f 4363/12580/4343 4367/12581/4347 4365/11762/4345
f 4367/11760/4347 4733/12582/4711 4368/12583/4348
f 4365/12584/4345 4368/11761/4348 4366/11759/4346
f 4733/12585/4711 4369/12586/4349 4372/11767/4352
f 4371/12587/4351 4372/12497/4352 4369/12578/4349
f 4368/12588/4348 4733/12582/4711 4372/11767/4352
f 4373/11768/4353 4375/12589/4355 4395/11793/4372
f 4388/12590/4712 4734/12591/4713 4735/12592/4714
f 4734/12593/4713 4736/12594/4715 4725/12595/4703
f 4737/12596/4716 4735/12597/4714 4728/12598/4706
f 4738/12599/4717 4739/12600/4718 4740/12601/4719
f 4741/12602/4720 4742/12603/4721 4711/12522/4689
f 4743/12604/4722 4740/12605/4719 4744/12606/4723
f 4744/12607/4723 4745/12608/4724 4710/12519/4688
f 4743/12604/4722 4746/12609/4725 4747/12610/4726
f 4741/12602/4720 4716/12529/4694 4747/12610/4726
f 4748/12611/4727 4749/12612/4728 4750/12613/4729
f 4377/12614/4357 4376/12615/4356 4749/12616/4728
f 4738/12599/4717 4751/12617/4730 4752/12618/4731
f 4753/12619/4732 4377/11772/4357 4751/12620/4730
f 4392/12621/4733 4379/11785/4359 4754/12622/4734
f 4380/12623/4360 4374/11769/4354 4373/12624/4353
f 4384/12625/4735 4392/12626/4733 4754/12622/4734
f 4375/12510/4355 4374/11769/4354 4386/12627/4364
f 4383/11784/4363 4386/12628/4364 4374/12629/4354
f 4383/11784/4363 4382/11777/4362 4386/12627/4364
f 4386/11779/4364 4382/11777/4362 4387/12630/4365
f 4386/11779/4364 4358/12556/4338 4375/11770/4355
f 4389/12631/4366 4387/11780/4365 4382/11783/4362
f 4387/12632/4365 4389/11782/4366 4730/12566/4708
f 4756/12633/4736 4388/12634/4712 4757/12635/4737
f 4388/12590/4712 4756/12636/4736 4758/12637/4738
f 4738/12599/4717 4759/12638/4739 4739/12639/4718
f 4738/12599/4717 4752/12640/4731 4759/12641/4739
f 4759/12642/4739 4760/12643/4740 4761/12644/4741
f 4381/11776/4361 4383/12645/4363 4390/11786/4367
f 4383/11784/4363 4374/11769/4354 4379/12646/4359
f 4390/12647/4367 4379/11785/4359 4392/12648/4733
f 4390/12647/4367 4392/12626/4733 4391/11788/4368
f 4385/11789/4369 4393/12649/4370 4736/12650/4715
f 4380/12623/4360 4373/12651/4353 4393/11791/4370
f 4229/12652/4218 4341/12653/4322 4762/12654/4742
f 4763/12655/4743 4671/12656/4647 4670/12657/4646
f 4282/12658/4267 4670/12394/4646 4671/12659/4647
f 4671/12395/4647 4763/12660/4743 4591/12227/4568
f 4764/12661/4744 4625/12662/4605 4624/12663/4604
f 4765/12664/4745 4670/12394/4646 4281/12665/4266
f 4465/12666/4442 4464/11923/4441 4766/12667/4746
f 4464/12668/4441 4198/12669/4187 4767/12670/4747
f 4767/12671/4747 4200/12311/4189 4768/12672/4748
f 4397/11799/4374 4399/12673/4376 4396/11798/4373
f 4399/12674/4376 4232/11603/4221 4396/11798/4373
f 4231/11602/4220 4152/12675/4143 4396/11798/4373
f 4597/12248/4575 4230/12676/4219 4398/12247/4375
f 4399/12674/4376 4398/11800/4375 4230/11601/4219
f 4229/12652/4218 4762/12677/4742 4230/11601/4219
f 4228/11804/4217 4401/12678/4378 4316/12459/4299
f 4401/12679/4378 4228/12680/4217 4402/11805/4379
f 4141/12127/4132 4403/12251/4380 4402/11805/4379
f 4403/12681/4380 4401/12678/4378 4402/11805/4379
f 4219/11811/4208 4403/12251/4380 4140/12126/4131
f 4224/11813/4213 4401/12678/4378 4403/11812/4380
f 4221/12245/4210 4597/12682/4575 4404/12246/4381
f 4186/12683/4177 4404/11816/4381 4597/12684/4575
f 4404/12685/4381 4186/11552/4177 4185/12686/4176
f 4173/12687/4164 4262/11635/4249 4405/11817/4382
f 4185/11551/4176 4405/12688/4382 4404/12246/4381
f 4406/12689/4383 4336/11822/4317 4225/11596/4214
f 4138/11540/4129 4178/12690/4169 4406/12244/4383
f 4178/12183/4169 4215/11585/4204 4406/12244/4383
f 4292/11666/4277 4295/12691/4280 4336/11717/4317
f 4215/12692/4204 4336/11822/4317 4406/12244/4383
f 4408/11824/4385 4214/12243/4203 4592/12693/4569
f 4592/12694/4569 4214/12243/4203 4179/11887/4170
f 4410/12695/4387 4103/11572/4094 4205/11829/4194
f 4408/11824/4385 4411/12696/4388 4413/11832/4390
f 4411/11830/4388 4410/11828/4387 4409/12479/4386
f 4411/11830/4388 4414/11833/4391 4410/11836/4387
f 4414/12697/4391 4415/12167/4392 4410/11836/4387
f 4416/12698/4393 4247/11838/4234 4420/12219/4397
f 4247/11617/4234 4583/12699/4562 4420/12219/4397
f 4763/12655/4743 4417/12700/4394 4591/12227/4568
f 4418/12701/4395 4419/12059/4396 4203/11569/4192
f 4420/11844/4397 4422/12702/4399 4416/11839/4393
f 4764/12661/4744 4416/12703/4393 4422/11846/4399
f 4421/12704/4398 4769/12705/4749 4422/11846/4399
f 4764/12661/4744 4422/12702/4399 4769/12706/4749
f 4267/12356/4254 4227/11598/4216 4226/12360/4215
f 4423/11850/4400 4187/11854/4178 4424/12707/4401
f 4186/12683/4177 4397/12708/4374 4187/11553/4178
f 4425/12709/4402 4187/11854/4178 4397/12710/4374
f 4426/12711/4403 4146/12712/4137 4184/11548/4175
f 4183/11847/4174 4267/12713/4254 4427/11862/4404
f 4407/12714/4384 4450/11900/4427 4429/11869/4406
f 4405/12715/4382 4432/12716/4409 4559/12717/4536
f 4432/12718/4409 4444/11892/4421 4261/11633/4248
f 4173/12687/4164 4559/12179/4536 4174/11534/4165
f 4405/12715/4382 4430/12182/4407 4432/11872/4409
f 4430/11870/4407 4433/12719/4410 4431/11875/4408
f 4432/12718/4409 4431/11871/4408 4444/12720/4421
f 4431/12721/4408 4434/11874/4411 4445/12722/4422
f 4434/12723/4411 4446/11895/4423 4445/12722/4422
f 4431/12721/4408 4445/12724/4422 4444/12720/4421
f 4438/11879/4415 4435/12725/4412 4437/11878/4414
f 4435/11876/4412 4497/11988/4474 4436/12726/4413
f 4437/12727/4414 4436/11877/4413 4770/12728/4750
f 4435/11876/4412 4439/11880/4416 4497/12729/4474
f 4439/12730/4416 4498/12731/4475 4497/12729/4474
f 4171/11882/4162 4429/11868/4406 4450/12732/4427
f 4261/11891/4248 4441/12733/4418 4443/11890/4420
f 4441/11888/4418 4541/12123/4518 4442/12734/4419
f 4443/12350/4420 4442/11889/4419 4646/12735/4625
f 4441/11888/4418 4444/11892/4421 4541/12736/4518
f 4444/12737/4421 4445/12724/4422 4541/12736/4518
f 4447/12016/4424 4541/12123/4518 4445/12722/4422
f 4450/12738/4427 4643/12341/4622 4448/11899/4425
f 4414/12697/4391 4592/12228/4569 4104/11905/4095
f 4537/12739/4514 4453/12740/4430 4454/11908/4431
f 4453/11906/4430 4209/11579/4198 4208/12741/4197
f 4454/12058/4431 4208/11907/4197 4201/12742/4190
f 4537/12739/4514 4168/11525/4159 4453/11911/4430
f 4168/11909/4159 4510/12025/4487 4455/11913/4432
f 4453/11906/4430 4455/11910/4432 4209/12743/4198
f 4510/12744/4487 4771/12745/4751 4455/11913/4432
f 4772/12746/4752 4177/12443/4168 4176/12231/4167
f 4557/12747/4534 4457/12748/4434 4458/11915/4435
f 4457/11914/4434 4769/12705/4749 4421/12749/4398
f 4458/12750/4435 4421/11845/4398 4583/12751/4562
f 4557/12747/4534 4162/11516/4153 4457/11918/4434
f 4162/11916/4153 4556/12160/4533 4459/12752/4436
f 4457/11914/4434 4459/11917/4436 4769/12706/4749
f 4556/12753/4533 4549/12152/4526 4459/12752/4436
f 4549/12754/4526 4548/12755/4525 4773/12756/4753
f 4462/12757/4439 4461/11920/4438 4627/12758/4607
f 4460/11919/4437 4463/12759/4440 4461/12760/4438
f 4478/12761/4455 4467/12762/4444 4544/12133/4521
f 4159/11925/4150 4547/12148/4524 4466/12763/4443
f 4467/12764/4444 4466/11926/4443 4544/12133/4521
f 4547/12765/4524 4664/12766/4641 4466/12763/4443
f 4544/12767/4521 4466/11926/4443 4664/12768/4641
f 4157/12769/4148 4468/12770/4445 4469/11930/4446
f 4468/11928/4445 4150/11504/4141 4149/12137/4140
f 4469/12771/4446 4149/11929/4140 4545/12772/4522
f 4157/12769/4148 4156/11510/4147 4468/11933/4445
f 4156/11931/4147 4191/12145/4182 4470/11936/4447
f 4468/11928/4445 4470/11932/4447 4150/12773/4141
f 4191/11559/4182 4195/11563/4186 4470/11936/4447
f 4195/11934/4186 4546/12774/4523 4471/12775/4448
f 4470/12776/4447 4471/11935/4448 4150/12773/4141
f 4160/12150/4151 4467/12762/4444 4144/12777/4135
f 4467/12764/4444 4478/11947/4455 4144/12777/4135
f 4469/12771/4446 4237/11609/4226 4157/11511/4148
f 4237/12778/4226 4236/12779/4225 4157/11511/4148
f 4491/11975/4468 4147/11501/4138 4146/12780/4137
f 4491/11975/4468 4151/12781/4142 4147/11943/4138
f 4151/11941/4142 4150/11504/4141 4475/12782/4452
f 4150/12783/4141 4471/11935/4448 4475/12782/4452
f 4544/12767/4521 4665/12784/4642 4543/12785/4520
f 4665/12786/4642 4544/12787/4521 4664/12768/4641
f 4475/12788/4452 4471/11935/4448 4476/12789/4453
f 4471/12790/4448 4546/12774/4523 4472/12142/4449
f 4141/12127/4132 4145/12791/4136 4477/11945/4454
f 4479/11948/4456 4396/12130/4373 4154/11508/4145
f 4480/11954/4457 4154/11949/4145 4473/12792/4450
f 4396/12793/4373 4152/12675/4143 4154/11508/4145
f 4424/11853/4401 4481/12794/4458 4135/11852/4126
f 4481/12795/4458 4424/11851/4401 4479/12129/4456
f 4479/11948/4456 4480/12796/4457 4481/11953/4458
f 4480/11954/4457 4545/12797/4522 4482/12798/4459
f 4481/12795/4458 4482/11955/4459 4136/12799/4127
f 4774/12800/4754 4486/11967/4463 4485/12801/4462
f 4495/12802/4472 4487/12803/4464 4486/12804/4463
f 4487/12805/4464 4495/11980/4472 4488/12806/4465
f 4488/11969/4465 4775/12807/4755 4487/11968/4464
f 4775/12808/4755 4776/12809/4756 4656/12369/4633
f 4483/12810/4460 4490/12811/4467 4489/12812/4466
f 4490/12813/4467 4777/12814/4757 4488/12806/4465
f 4136/11951/4127 4482/11955/4459 4133/11974/4124
f 4146/11500/4137 4426/11859/4403 4491/12135/4468
f 4134/11858/4125 4492/12815/4469 4426/12816/4403
f 4492/12817/4469 4134/11549/4125 4133/11974/4124
f 4482/12818/4459 4545/12797/4522 4492/11976/4469
f 4491/11975/4468 4492/12815/4469 4545/12772/4522
f 4127/12819/4118 4486/11967/4463 4499/11992/4476
f 4128/12001/4119 4496/11991/4473 4498/11989/4475
f 4498/12820/4475 4451/11903/4428 4128/11482/4119
f 4128/12001/4119 4127/11481/4118 4496/12821/4473
f 4499/12822/4476 4496/11991/4473 4127/11981/4118
f 4499/12822/4476 4436/11877/4413 4497/12729/4474
f 4125/11982/4116 4433/12719/4410 4423/12186/4400
f 4430/11870/4407 4423/11983/4400 4433/12823/4410
f 4125/11982/4116 4434/11874/4411 4433/12823/4410
f 4434/12723/4411 4124/11478/4115 4446/12824/4423
f 4121/11997/4112 4500/12825/4477 4124/12826/4115
f 4124/12827/4115 4500/12825/4477 4446/12824/4423
f 4118/12002/4109 4561/12828/4538 4771/12829/4751
f 4117/12004/4108 4498/12731/4475 4439/12003/4416
f 4114/12009/4105 4501/12830/4478 4120/12007/4111
f 4500/12831/4477 4120/11473/4111 4501/12832/4478
f 4114/12009/4105 4502/12833/4479 4501/12832/4478
f 4504/12834/4481 4502/12833/4479 4505/12015/4482
f 4077/11421/4068 4505/12034/4482 4502/12010/4479
f 4503/12013/4480 4542/12835/4519 4504/12017/4481
f 4542/12836/4519 4541/12123/4518 4447/11896/4424
f 4542/12836/4519 4447/12837/4424 4504/12017/4481
f 4504/12834/4481 4446/11895/4423 4501/12832/4478
f 4504/12834/4481 4501/12830/4478 4502/12010/4479
f 4106/12021/4097 4508/12164/4485 4507/12109/4484
f 4508/12838/4485 4106/12839/4097 4509/12022/4486
f 4510/12744/4487 4167/12840/4158 4509/12022/4486
f 4508/12838/4485 4509/12841/4486 4167/12842/4158
f 4540/12843/4517 4511/12844/4488 4513/12030/4490
f 4511/12028/4488 4079/12845/4070 4512/12074/4489
f 4513/12045/4490 4512/12029/4489 4533/12846/4510
f 4540/12843/4517 4514/12847/4491 4511/12033/4488
f 4514/12031/4491 4503/12848/4480 4515/12035/4492
f 4511/12028/4488 4515/12032/4492 4079/11423/4070
f 4505/12849/4482 4077/12012/4068 4515/12035/4492
f 4079/12075/4070 4515/12032/4492 4077/12119/4068
f 4100/12850/4091 4517/12851/4494 4518/12041/4495
f 4517/12039/4494 4557/12852/4534 4458/11915/4435
f 4518/12853/4495 4458/12040/4435 4583/12751/4562
f 4100/12850/4091 4099/11447/4090 4517/12044/4494
f 4099/12042/4090 4540/12111/4517 4519/12047/4496
f 4517/12039/4494 4519/12043/4496 4557/12163/4534
f 4540/12843/4517 4513/12854/4490 4519/12047/4496
f 4513/12045/4490 4533/12855/4510 4163/11517/4154
f 4519/12856/4496 4163/12046/4154 4557/12163/4534
f 4507/12857/4484 4516/12108/4493 4452/12049/4429
f 4516/12050/4493 4415/12167/4392 4452/12049/4429
f 4538/12858/4515 4520/12859/4497 4778/12860/4758
f 4520/12052/4497 4418/11841/4395 4521/12312/4498
f 4538/12858/4515 4089/11434/4080 4520/12057/4497
f 4089/12055/4080 4537/12101/4514 4522/12060/4499
f 4520/12052/4497 4522/12056/4499 4418/12861/4395
f 4537/12739/4514 4454/12862/4431 4522/12060/4499
f 4454/12058/4431 4201/11843/4190 4419/12863/4396
f 4522/12864/4499 4419/12059/4396 4418/12861/4395
f 4534/12865/4511 4523/12866/4500 4076/11420/4067
f 4523/12061/4500 4556/12160/4533 4161/12867/4152
f 4076/12089/4067 4161/12062/4152 4533/12846/4510
f 4534/12865/4511 4086/11431/4077 4523/12065/4500
f 4086/12063/4077 4081/11425/4072 4524/12868/4501
f 4523/12061/4500 4524/12064/4501 4556/12869/4533
f 4081/12870/4072 4080/12871/4071 4524/12868/4501
f 4779/12872/4759 4780/12873/4760 4549/12874/4526
f 4524/12875/4501 4779/12876/4759 4556/12869/4533
f 4528/12877/4505 4781/12878/4761 4782/12879/4762
f 4528/12877/4505 4083/11428/4074 4781/12880/4761
f 4781/12881/4761 4526/12882/4503 4778/12860/4758
f 4068/11412/4059 4525/12883/4502 4526/12068/4503
f 4525/12066/4502 4506/12884/4483 4090/11435/4081
f 4526/12885/4503 4090/12067/4081 4538/12104/4515
f 4783/12886/4763 4527/12887/4504 4460/12888/4437
f 4463/11922/4440 4528/12070/4505 4782/12879/4762
f 4463/11922/4440 4782/12889/4762 4464/12890/4441
f 4527/12069/4504 4784/12891/4764 4084/11429/4075
f 4081/12870/4072 4085/12098/4076 4785/12892/4765
f 4085/11430/4076 4532/12893/4509 4784/12894/4764
f 4079/12075/4070 4529/12895/4506 4512/12074/4489
f 4529/12072/4506 4107/11457/4098 4074/12896/4065
f 4512/12897/4489 4074/12073/4065 4533/12846/4510
f 4529/12072/4506 4078/11422/4069 4107/12898/4098
f 4087/12100/4078 4073/12899/4064 4530/12081/4507
f 4087/12100/4078 4530/12900/4507 4532/12901/4509
f 4534/12865/4511 4075/11419/4066 4087/11432/4078
f 4087/12100/4078 4075/11419/4066 4073/11417/4064
f 4075/12902/4066 4071/12078/4062 4073/11417/4064
f 4532/12085/4509 4530/12900/4507 4531/12083/4508
f 4530/12903/4507 4072/11416/4063 4531/12083/4508
f 4068/11412/4059 4102/12904/4093 4525/12905/4502
f 4068/11412/4059 4070/12906/4061 4102/11451/4093
f 4070/11449/4061 4094/11440/4085 4101/12907/4092
f 4082/12908/4073 4535/12909/4512 4080/12910/4071
f 4786/12911/4766 4772/12912/4752 4456/12913/4433
f 4097/12106/4088 4107/11457/4098 4108/12114/4099
f 4130/12914/4121 4135/11952/4126 4131/11485/4122
f 4535/12091/4512 4536/12155/4513 4551/12915/4528
f 4787/12916/4767 4788/12917/4768 4789/12918/4769
f 4772/12746/4752 4690/12446/4667 4177/11539/4168
f 4690/12919/4667 4772/12912/4752 4786/12920/4766
f 4790/12921/4770 4791/12922/4771 4792/12923/4772
f 4566/12924/4543 4565/12190/4542 4570/12925/4547
f 4793/12926/4773 4571/12196/4548 4570/12925/4547
f 4563/12927/4540 4188/12928/4179 4190/11558/4181
f 4188/11556/4179 4573/12198/4550 4189/12929/4180
f 4794/12930/4774 4193/12931/4184 4192/12932/4183
f 4193/12933/4184 4794/12934/4774 4795/12935/4775
f 4565/12209/4542 4194/12936/4185 4795/12935/4775
f 4193/12933/4184 4795/12937/4775 4194/12211/4185
f 4586/12223/4565 4585/12221/4564 4589/12938/4566
f 4210/12939/4199 4211/12940/4200 4213/11583/4202
f 4211/11581/4200 4798/12941/4776 4212/12942/4201
f 4213/12943/4202 4212/11582/4201 4585/12944/4564
f 4233/12255/4222 4235/12945/4224 4231/12946/4220
f 4235/12258/4224 4233/12947/4222 4600/12948/4578
f 4238/12261/4227 4602/12949/4580 4799/12950/4777
f 4799/12951/4777 4604/12952/4582 4792/12923/4772
f 4608/12953/4587 4610/12954/4589 4793/12955/4773
f 4606/12956/4584 4612/12957/4591 4790/12958/4770
f 4801/12959/4778 4241/12960/4228 4243/11613/4230
f 4241/11611/4228 4619/12961/4599 4242/12962/4229
f 4802/12963/4779 4244/12964/4231 4246/11616/4233
f 4244/11614/4231 4796/12965/4780 4245/12966/4232
f 4249/12314/4236 4632/12967/4612 4630/12313/4610
f 4630/12968/4610 4632/12967/4612 4803/12969/4781
f 4633/12324/4613 4253/12970/4240 4635/12971/4615
f 4254/12972/4241 4635/12973/4615 4253/12326/4240
f 4583/12218/4562 4636/12974/4616 4518/12041/4495
f 4685/12425/4660 4641/12975/4662 4798/12976/4776
f 4686/12437/4663 4804/12977/4782 4642/12978/4621
f 4686/12437/4663 4642/12344/4621 4299/12342/4284
f 4805/12979/4783 4257/12980/4244 4259/11630/4246
f 4257/11628/4244 4301/12440/4664 4258/12981/4245
f 4259/12982/4246 4258/11629/4245 4260/12983/4247
f 4265/12984/4252 4647/12985/4626 4222/11593/4211
f 4806/12986/4784 4807/12987/4785 4652/12988/4629
f 4652/12364/4629 4655/12989/4632 4808/12990/4786
f 4655/12367/4632 4652/12991/4629 4654/12366/4631
f 4809/12992/4787 4269/12993/4256 4271/11647/4258
f 4269/11645/4256 4810/12994/4788 4270/12995/4257
f 4271/12996/4258 4270/11646/4257 4776/12997/4756
f 4809/12992/4787 4272/12998/4259 4274/11650/4261
f 4272/11648/4259 4276/11652/4263 4273/12390/4260
f 4668/12999/4645 4608/12274/4587 4669/13000/4789
f 4589/13001/4566 4283/13002/4268 4285/11659/4270
f 4285/13003/4270 4284/11658/4269 4674/13004/4650
f 4700/13005/4790 4289/13006/4274 4291/11665/4276
f 4289/11663/4274 4805/13007/4783 4290/13008/4275
f 4291/13009/4276 4290/11664/4275 4633/13010/4613
f 4680/12412/4656 4681/12416/4657 4682/12552/4658
f 4687/13011/4791 4684/12426/4661 4685/13012/4660
f 4687/13011/4791 4303/12423/4286 4305/11680/4288
f 4303/11678/4286 4175/13013/4166 4304/13014/4287
f 4691/12455/4668 4694/13015/4671 4692/12452/4669
f 4321/13016/4792 4600/12259/4578 4322/13017/4676
f 4704/12499/4681 4705/12503/4682 4696/12462/4673
f 4340/12494/4321 4339/12492/4320 4712/13018/4690
f 4351/13019/4331 4719/12534/4697 4352/11739/4332
f 4712/12523/4690 4352/13020/4332 4719/13021/4697
f 4720/13022/4698 4719/12534/4697 4361/13023/4341
f 4357/11746/4337 4356/11744/4336 4394/13024/4371
f 4726/13025/4704 4394/11792/4371 4724/13026/4702
f 4347/12515/4327 4708/13027/4686 4727/13028/4705
f 4727/13029/4705 4729/13030/4707 4726/12555/4704
f 4370/13031/4350 4706/12532/4683 4371/11765/4351
f 4757/13032/4737 4737/13033/4716 4745/13034/4724
f 4746/13035/4725 4744/13036/4723 4742/13037/4721
f 4742/13038/4721 4744/13036/4723 4710/12519/4688
f 4753/12619/4732 4747/13039/4726 4715/13040/4693
f 4748/12611/4727 4750/13041/4729 4813/13042/4793
f 4377/12614/4357 4749/12612/4728 4748/13043/4727
f 4378/13044/4358 4377/11772/4357 4753/13045/4732
f 4757/13032/4737 4739/12600/4718 4756/13046/4736
f 4759/12642/4739 4761/13047/4741 4814/13048/4794
f 4815/13049/4795 4763/12660/4743 4670/12657/4646
f 4549/12754/4526 4773/13050/4753 4459/12752/4436
f 4494/13051/4471 4127/11481/4118 4126/12185/4117
f 4125/11982/4116 4130/11484/4121 4123/11998/4114
f 4130/12914/4121 4423/11983/4400 4135/11852/4126
f 4181/11885/4172 4451/11903/4428 4440/13052/4417
f 4560/13053/4537 4690/12446/4667 4786/12920/4766
f 4493/11978/4470 4484/13054/4461 4489/12812/4466
f 4494/13051/4471 4126/13055/4117 4137/13056/4128
f 4494/13051/4471 4484/13054/4461 4493/13057/4470
f 4506/12018/4483 4525/12883/4502 4102/11451/4093
f 4535/12091/4512 4780/12873/4760 4080/12910/4071
f 4785/13058/4765 4082/12092/4073 4081/13059/4072
f 4783/12886/4763 4536/12155/4513 4082/11426/4073
f 4646/12348/4625 4539/12113/4516 4098/13060/4089
f 4816/13061/4796 4503/12848/4480 4514/13062/4491
f 4816/13061/4796 4514/12847/4491 4539/13063/4516
f 4456/11912/4433 4771/12745/4751 4786/12920/4766
f 4118/12002/4109 4771/12745/4751 4510/13064/4487
f 4078/13065/4069 4077/12012/4068 4109/12115/4100
f 4816/13061/4796 4442/11889/4419 4542/12124/4519
f 4816/13061/4796 4542/12835/4519 4503/13066/4480
f 4489/13067/4466 4488/13068/4465 4495/12125/4472
f 4780/13069/4760 4535/12909/4512 4817/13070/4797
f 4551/12154/4528 4817/13071/4797 4535/13072/4512
f 4536/13073/4513 4818/13074/4798 4552/12156/4529
f 4462/12757/4439 4819/13075/4799 4818/13076/4798
f 4552/13077/4529 4818/13074/4798 4819/13078/4799
f 4627/12307/4607 4820/13079/4800 4462/11921/4439
f 4550/13080/4527 4817/13071/4797 4821/13081/4801
f 4817/13082/4797 4551/13083/4528 4553/13084/4530
f 4821/13085/4801 4788/12917/4768 4822/13086/4802
f 4552/13077/4529 4819/13075/4799 4554/13087/4531
f 4818/13088/4798 4536/12155/4513 4783/13089/4763
f 4438/11879/4415 4561/12828/4538 4439/12003/4416
f 4190/13090/4181 4791/12922/4771 4562/12284/4539
f 4792/13091/4772 4791/12922/4771 4474/13092/4451
f 4546/12141/4523 4564/12210/4541 4158/13093/4149
f 4566/12924/4543 4158/12147/4149 4564/13094/4541
f 4565/12209/4542 4569/12207/4546 4570/12925/4547
f 4158/11512/4149 4566/13095/4543 4547/13096/4524
f 4568/13097/4545 4570/13098/4547 4569/12194/4546
f 4570/12195/4547 4568/12193/4545 4793/12955/4773
f 4547/12765/4524 4571/12196/4548 4664/12768/4641
f 4571/13099/4548 4547/12148/4524 4566/12191/4543
f 4563/12927/4540 4572/13100/4549 4188/12199/4179
f 4572/12197/4549 4239/12206/4555 4573/13101/4550
f 4189/12203/4180 4573/12198/4550 4794/13102/4774
f 4239/13103/4555 4574/13104/4551 4576/12202/4553
f 4574/12200/4551 4567/13105/4544 4575/12208/4552
f 4576/13106/4553 4575/12201/4552 4795/12935/4775
f 4189/12203/4180 4794/12934/4774 4192/12932/4183
f 4577/13107/4554 4192/11560/4183 4155/13108/4146
f 4474/12143/4451 4577/13109/4554 4155/13108/4146
f 4577/13107/4554 4474/11940/4451 4791/13110/4771
f 4794/12930/4774 4576/13111/4553 4795/12935/4775
f 4576/13106/4553 4794/12934/4774 4573/13101/4550
f 4155/11509/4146 4192/11560/4183 4191/13112/4182
f 4569/13113/4546 4565/12190/4542 4575/12208/4552
f 4795/13114/4775 4575/12201/4552 4565/13115/4542
f 4564/12189/4541 4546/12774/4523 4194/12211/4185
f 4195/11934/4186 4194/12936/4185 4546/13116/4523
f 4191/11559/4182 4193/12931/4184 4195/13117/4186
f 4627/12307/4607 4578/12286/4556 4820/13118/4800
f 4580/13119/4558 4579/12213/4557 4196/13120/4803
f 4553/12157/4530 4555/13121/4532 4789/12918/4769
f 4796/13122/4780 4581/12305/4559 4197/12217/4561
f 4581/12215/4559 4548/12755/4525 4582/13123/4560
f 4197/13124/4561 4582/12216/4560 4797/13125/4804
f 4521/13126/4498 4418/11841/4395 4417/13127/4394
f 4201/11567/4190 4584/13128/4563 4202/13129/4191
f 4586/12223/4565 4202/11568/4191 4584/12234/4563
f 4588/13130/4805 4589/12224/4566 4585/12944/4564
f 4202/13131/4191 4590/13132/4567 4591/12227/4568
f 4590/12401/4567 4202/11568/4191 4586/12222/4565
f 4593/12232/4570 4208/11907/4197 4210/11580/4199
f 4210/12939/4199 4209/11579/4198 4594/13133/4571
f 4176/13134/4167 4594/12230/4571 4209/12743/4198
f 4201/11567/4190 4593/13135/4570 4584/12234/4563
f 4593/12232/4570 4210/13136/4199 4213/11583/4202
f 4584/12220/4563 4213/12233/4202 4585/12944/4564
f 4210/12939/4199 4594/12230/4571 4211/12237/4200
f 4594/12235/4571 4175/13013/4166 4595/12424/4572
f 4211/11581/4200 4595/12236/4572 4798/12976/4776
f 4585/13137/4564 4212/11582/4201 4587/12240/4574
f 4212/12238/4201 4798/12941/4776 4596/13138/4573
f 4221/12245/4210 4220/13139/4209 4230/11601/4219
f 4600/13140/4578 4233/12947/4222 4599/12257/4577
f 4762/13141/4742 4599/12470/4577 4598/12256/4576
f 4152/11506/4143 4231/11606/4220 4234/13142/4223
f 4234/11605/4223 4235/12945/4224 4823/13143/4806
f 4601/13144/4579 4823/13145/4806 4235/11607/4224
f 4236/11608/4225 4238/13146/4227 4799/12950/4777
f 4799/12951/4777 4792/13147/4772 4236/13148/4225
f 4153/12138/4144 4152/12675/4143 4602/12263/4580
f 4234/11605/4223 4602/12949/4580 4152/13149/4143
f 4823/13150/4806 4603/13151/4581 4234/13142/4223
f 4474/12143/4451 4236/12779/4225 4792/12923/4772
f 4799/12951/4777 4603/13151/4581 4604/13152/4582
f 4603/12270/4581 4799/13153/4777 4602/12263/4580
f 4792/13091/4772 4604/12952/4582 4790/12958/4770
f 4604/12267/4582 4603/13151/4581 4605/12272/4583
f 4603/12270/4581 4823/13145/4806 4607/13154/4585
f 4567/12192/4544 4279/13155/4586 4568/12275/4545
f 4568/13097/4545 4608/12274/4587 4793/12955/4773
f 4608/12953/4587 4609/13156/4588 4610/12278/4589
f 4609/12276/4588 4275/12389/4262 4277/11653/4264
f 4793/12926/4773 4610/12954/4589 4571/12281/4548
f 4610/12279/4589 4277/12277/4264 4611/13157/4590
f 4571/13099/4548 4611/12280/4590 4664/12768/4641
f 4790/12921/4770 4612/12957/4591 4562/12284/4539
f 4562/12187/4539 4613/12283/4592 4563/13158/4540
f 4800/13159/4807 4240/13160/4593 4614/12287/4594
f 4240/12285/4593 4579/12213/4557 4578/13161/4556
f 4614/13162/4594 4578/12286/4556 4627/12758/4607
f 4801/12959/4778 4616/12289/4596 4824/13163/4808
f 4617/13164/4597 4616/12289/4596 4801/13165/4778
f 4618/12291/4598 4241/12960/4228 4765/13166/4745
f 4617/13164/4597 4801/13167/4778 4620/13168/4600
f 4614/13162/4594 4617/13169/4597 4620/13168/4600
f 4618/12291/4598 4281/11655/4266 4280/13170/4265
f 4241/11611/4228 4618/13171/4598 4619/12293/4599
f 4800/13159/4807 4620/13172/4600 4621/12296/4601
f 4620/12294/4600 4801/13167/4778 4243/11613/4230
f 4248/11837/4235 4416/12703/4393 4623/12298/4603
f 4802/12963/4779 4623/13173/4603 4416/11839/4393
f 4802/12963/4779 4764/13174/4744 4624/12663/4604
f 4622/12297/4602 4623/13173/4603 4626/12303/4606
f 4623/12301/4603 4802/13175/4779 4246/11616/4233
f 4802/12963/4779 4624/12299/4604 4244/12306/4231
f 4624/12304/4604 4548/12755/4525 4581/13176/4559
f 4244/11614/4231 4581/12305/4559 4796/13177/4780
f 4615/12288/4595 4628/12308/4608 4616/13178/4596
f 4616/13179/4596 4628/12308/4608 4465/11924/4442
f 4616/13179/4596 4766/13180/4746 4824/13163/4808
f 4630/12968/4610 4247/11838/4234 4249/11619/4236
f 4249/12314/4236 4248/11618/4235 4622/13181/4602
f 4249/12314/4236 4622/13182/4602 4631/13183/4611
f 4632/13184/4612 4631/12315/4611 4812/13185/4809
f 4803/13186/4781 4632/12967/4612 4825/13187/4810
f 4632/13184/4612 4812/13188/4809 4825/13187/4810
f 4635/12327/4615 4677/13189/4653 4633/13010/4613
f 4634/13190/4614 4098/11624/4089 4253/12326/4240
f 4100/12850/4091 4254/12328/4241 4098/13060/4089
f 4677/13191/4653 4803/13192/4781 4825/13187/4810
f 4803/13186/4781 4677/13189/4653 4635/12971/4615
f 4254/12972/4241 4518/13193/4495 4636/12329/4616
f 4518/12853/4495 4254/12328/4241 4100/11448/4091
f 4803/13186/4781 4636/12974/4616 4630/12313/4610
f 4636/13194/4616 4803/13192/4781 4635/12971/4615
f 4637/12336/4617 4166/12321/4157 4558/12173/4535
f 4256/12334/4243 4638/12338/4618 4355/12508/4335
f 4639/13195/4619 4255/11626/4242 4637/12333/4617
f 4252/12323/4239 4637/13196/4617 4255/12332/4242
f 4638/13197/4618 4680/13198/4656 4640/12339/4620
f 4639/13195/4619 4638/12338/4618 4255/12332/4242
f 4449/13199/4426 4639/12413/4619 4558/12173/4535
f 4641/13200/4662 4596/12239/4573 4798/12976/4776
f 4685/12425/4660 4798/12941/4776 4595/12424/4572
f 4644/12345/4623 4805/13007/4783 4259/11630/4246
f 4645/13201/4624 4259/12346/4246 4260/12983/4247
f 4805/12979/4783 4679/12407/4655 4257/13202/4244
f 4257/11628/4244 4679/12407/4655 4301/13203/4664
f 4174/13204/4165 4258/11629/4245 4172/13205/4163
f 4645/13201/4624 4260/12351/4247 4443/11890/4420
f 4260/11631/4247 4258/11629/4245 4174/11534/4165
f 4222/11634/4211 4263/13206/4250 4265/11639/4252
f 4173/12687/4164 4172/13207/4163 4263/11636/4250
f 4264/13208/4251 4263/13206/4250 4172/13205/4163
f 4650/13209/4811 4806/13210/4784 4651/13211/4812
f 4652/12364/4629 4651/13212/4812 4806/13213/4784
f 4807/13214/4785 4770/13215/4750 4653/13216/4630
f 4826/13217/4813 4653/12365/4630 4770/12728/4750
f 4653/13218/4630 4826/13219/4813 4654/12366/4631
f 4485/11966/4462 4654/12368/4631 4826/13220/4813
f 4808/13221/4786 4651/13212/4812 4652/12988/4629
f 4656/13222/4633 4654/12368/4631 4485/12801/4462
f 4776/13223/4756 4655/12989/4632 4656/12369/4633
f 4664/12381/4641 4657/13224/4634 4659/12374/4636
f 4657/12372/4634 4276/11652/4263 4658/13225/4635
f 4659/13226/4636 4658/12373/4635 4666/13227/4643
f 4809/12992/4787 4660/13228/4637 4269/12377/4256
f 4269/11645/4256 4661/12376/4638 4810/13229/4788
f 4666/12384/4643 4662/13230/4639 4663/12380/4640
f 4662/12378/4639 4809/13231/4787 4271/11647/4258
f 4663/13232/4640 4271/12379/4258 4776/12997/4756
f 4659/13226/4636 4666/13233/4643 4665/12383/4642
f 4663/13232/4640 4776/12809/4756 4827/13234/4814
f 4809/12992/4787 4662/13230/4639 4272/12387/4259
f 4662/12378/4639 4666/13233/4643 4658/13225/4635
f 4272/11648/4259 4658/12373/4635 4276/13235/4263
f 4660/12375/4637 4809/13231/4787 4274/11650/4261
f 4277/13236/4264 4657/13224/4634 4611/13157/4590
f 4657/12372/4634 4277/12277/4264 4276/13235/4263
f 4275/11651/4262 4609/13156/4588 4278/13237/4815
f 4668/12999/4645 4278/13238/4815 4609/13239/4588
f 4608/12953/4587 4279/13155/4586 4669/13000/4789
f 4673/12398/4649 4811/13240/4816 4282/11656/4267
f 4671/12395/4647 4672/13241/4648 4674/13004/4650
f 4591/13242/4568 4590/13132/4567 4672/12397/4648
f 4590/12401/4567 4589/12224/4566 4285/11659/4270
f 4672/13243/4648 4285/12402/4270 4674/13004/4650
f 4589/13001/4566 4588/13244/4805 4283/13245/4268
f 4674/13246/4650 4284/11658/4269 4675/12400/4651
f 4825/13247/4810 4676/13248/4652 4677/12405/4653
f 4676/12403/4652 4700/13249/4790 4291/11665/4276
f 4677/13191/4653 4291/12404/4276 4633/13010/4613
f 4700/13005/4790 4678/13250/4654 4289/12408/4274
f 4289/11663/4274 4679/12407/4655 4805/13251/4783
f 4633/12324/4613 4290/11664/4275 4634/12411/4614
f 4290/12409/4275 4805/13007/4783 4644/13252/4623
f 4646/12348/4625 4098/11624/4089 4645/12347/4624
f 4449/13199/4426 4804/12977/4782 4639/12337/4619
f 4681/13253/4657 4639/12413/4619 4804/13254/4782
f 4804/13255/4782 4686/13256/4663 4681/12414/4657
f 4683/13257/4659 4681/12416/4657 4686/13258/4663
f 4680/12412/4656 4682/13259/4658 4640/12339/4620
f 4303/11678/4286 4685/13260/4660 4595/12424/4572
f 4685/12425/4660 4303/12423/4286 4687/13261/4791
f 4172/11532/4163 4302/13262/4665 4264/13263/4251
f 4302/13264/4665 4172/13207/4163 4258/12981/4245
f 4828/13265/4817 4687/13266/4791 4305/11680/4288
f 4306/11681/4289 4304/11679/4287 4689/12444/4666
f 4304/12442/4287 4175/13013/4166 4177/11539/4168
f 4689/12445/4666 4177/12443/4168 4690/13267/4667
f 4306/11681/4289 4689/13268/4666 4307/12447/4290
f 4829/13269/4818 4690/12446/4667 4560/13270/4537
f 4307/13271/4290 4690/12446/4667 4829/13272/4818
f 4830/13273/4819 4828/13274/4817 4305/11680/4288
f 4831/13275/4820 4308/13276/4291 4829/13272/4818
f 4308/13277/4291 4831/13278/4820 4832/13279/4821
f 4311/13280/4294 4832/13281/4821 4833/13282/4822
f 4830/13273/4819 4306/13283/4289 4311/11686/4294
f 4806/12986/4784 4650/13284/4811 4833/13282/4822
f 4649/13285/4628 4691/12451/4668 4313/12448/4296
f 4313/12450/4296 4692/13286/4669 4314/11689/4297
f 4694/12460/4671 4648/12358/4627 4315/13287/4298
f 4694/12460/4671 4315/12370/4298 4695/13288/4672
f 4834/13289/4823 4692/13286/4669 4718/13290/4696
f 4706/13291/4683 4718/13292/4696 4696/12462/4673
f 4692/13293/4669 4694/13015/4671 4696/12462/4673
f 4808/13221/4786 4655/12989/4632 4697/12463/4674
f 4655/12367/4632 4776/12809/4756 4270/12995/4257
f 4697/13294/4674 4270/11646/4257 4810/13229/4788
f 4321/13016/4792 4601/13295/4579 4600/12948/4578
f 4322/12469/4676 4600/12259/4578 4599/12257/4577
f 4699/13296/4677 4599/12470/4577 4762/12654/4742
f 4698/12572/4675 4702/12537/4679 4704/13297/4681
f 4702/12496/4679 4703/12500/4680 4704/13297/4681
f 4696/12502/4673 4695/12461/4672 4704/13297/4681
f 4703/13298/4680 4371/13299/4351 4705/12501/4682
f 4371/12587/4351 4703/12500/4680 4372/11767/4352
f 4706/13291/4683 4705/12503/4682 4371/11765/4351
f 4762/13141/4742 4341/12653/4322 4699/12471/4677
f 4341/11724/4322 4342/13300/4323 4343/13301/4684
f 4707/12559/4685 4300/12513/4285 4347/11734/4327
f 4708/12562/4686 4348/12516/4328 4709/13302/4687
f 4710/13303/4688 4348/12516/4328 4349/11736/4329
f 4711/13304/4689 4314/12521/4297 4834/13305/4823
f 4400/11802/4377 4340/11722/4321 4713/12527/4691
f 4719/13306/4697 4714/12526/4692 4712/13018/4690
f 4714/12533/4692 4693/12465/4670 4713/12527/4691
f 4400/11802/4377 4713/12524/4691 4693/13307/4670
f 4834/13289/4823 4718/13292/4696 4716/13308/4694
f 4717/13309/4695 4716/12529/4694 4718/13290/4696
f 4717/13309/4695 4706/12532/4683 4370/13310/4350
f 4693/12453/4670 4714/12526/4692 4318/12466/4301
f 4720/13022/4698 4318/11694/4301 4714/13311/4692
f 4719/13306/4697 4351/11738/4331 4361/13023/4341
f 4318/13312/4301 4720/12573/4698 4698/12468/4675
f 4373/11768/4353 4721/13313/4699 4393/11791/4370
f 4393/13314/4370 4721/13313/4699 4736/12650/4715
f 4722/13315/4700 4736/12594/4715 4721/12545/4699
f 4686/12437/4663 4707/13316/4685 4683/12417/4659
f 4723/12550/4701 4726/13317/4704 4724/13026/4702
f 4683/13257/4659 4723/13318/4701 4682/12552/4658
f 4725/12553/4703 4736/12594/4715 4722/12547/4700
f 4726/13025/4704 4722/12554/4700 4394/13024/4371
f 4682/12415/4658 4724/12551/4702 4640/12339/4620
f 4724/13319/4702 4394/11792/4371 4356/11747/4336
f 4640/13320/4620 4356/11744/4336 4355/12508/4335
f 4683/13257/4659 4707/13316/4685 4723/12561/4701
f 4707/12559/4685 4347/13321/4327 4727/13028/4705
f 4723/12550/4701 4727/12560/4705 4726/12555/4704
f 4727/13029/4705 4708/13027/4686 4729/12564/4707
f 4708/12562/4686 4709/13322/4687 4728/12598/4706
f 4729/13323/4707 4728/12563/4706 4735/12592/4714
f 4726/13025/4704 4729/13030/4707 4725/12595/4703
f 4729/13323/4707 4735/12597/4714 4725/12595/4703
f 4731/12570/4709 4730/12569/4708 4732/13324/4710
f 4352/13325/4332 4732/12571/4710 4350/13326/4330
f 4720/13022/4698 4361/12576/4341 4364/12574/4344
f 4351/13019/4331 4350/13327/4330 4362/12575/4342
f 4717/13309/4695 4370/11764/4350 4835/13328/4824
f 4369/11763/4349 4378/12577/4358 4835/13328/4824
f 4376/11771/4356 4369/12586/4349 4733/13329/4711
f 4734/12593/4713 4755/13330/4825 4736/12650/4715
f 4734/12593/4713 4725/13331/4703 4735/12592/4714
f 4745/13332/4724 4728/12563/4706 4709/13302/4687
f 4739/13333/4718 4757/13334/4737 4740/12601/4719
f 4745/13332/4724 4740/12605/4719 4757/12635/4737
f 4757/13032/4737 4388/12634/4712 4737/13335/4716
f 4745/13332/4724 4737/13033/4716 4728/12598/4706
f 4834/13289/4823 4741/13336/4720 4711/12522/4689
f 4741/12602/4720 4746/12609/4725 4742/13037/4721
f 4711/13304/4689 4742/12603/4721 4349/11736/4329
f 4746/13035/4725 4743/13337/4722 4744/12606/4723
f 4743/12604/4722 4738/13338/4717 4740/12601/4719
f 4744/12607/4723 4740/12605/4719 4745/13034/4724
f 4349/12520/4329 4742/12603/4721 4710/12519/4688
f 4710/13303/4688 4745/12608/4724 4709/13302/4687
f 4738/12599/4717 4743/13337/4722 4753/13045/4732
f 4747/13339/4726 4753/13340/4732 4743/13341/4722
f 4746/13035/4725 4741/13336/4720 4747/12610/4726
f 4741/12602/4720 4834/13342/4823 4716/13308/4694
f 4747/13339/4726 4716/12529/4694 4715/13040/4693
f 4813/13343/4793 4752/12640/4731 4748/13043/4727
f 4749/13344/4728 4362/11755/4342 4750/12613/4729
f 4362/13345/4342 4749/12612/4728 4363/11756/4343
f 4750/13346/4729 4350/13327/4330 4813/13042/4793
f 4350/11737/4330 4750/13041/4729 4362/12575/4342
f 4733/12585/4711 4367/12581/4347 4376/13347/4356
f 4749/13344/4728 4376/12615/4356 4367/13348/4347
f 4367/11760/4347 4363/12579/4343 4749/12616/4728
f 4377/12614/4357 4748/13349/4727 4751/12620/4730
f 4752/13350/4731 4751/12617/4730 4748/13043/4727
f 4715/12528/4693 4378/12577/4358 4753/13045/4732
f 4753/12619/4732 4751/12617/4730 4738/13351/4717
f 4754/13352/4734 4379/11785/4359 4380/11775/4360
f 4385/11789/4369 4754/13353/4734 4380/11775/4360
f 4754/13352/4734 4385/13354/4369 4384/13355/4735
f 4755/13356/4825 4385/13354/4369 4736/12650/4715
f 4388/12590/4712 4758/13357/4738 4381/13358/4361
f 4814/13359/4794 4739/12600/4718 4759/12641/4739
f 4389/12631/4366 4761/13047/4741 4730/12566/4708
f 4761/13360/4741 4389/11782/4366 4814/13048/4794
f 4381/11776/4361 4758/13357/4738 4389/13361/4366
f 4760/13362/4740 4759/12638/4739 4752/12618/4731
f 4813/13343/4793 4350/13327/4330 4760/13363/4740
f 4732/13364/4710 4760/12643/4740 4350/13326/4330
f 4760/13362/4740 4732/12571/4710 4761/12644/4741
f 4730/13365/4708 4761/13047/4741 4732/13324/4710
f 4815/13049/4795 4200/12311/4189 4629/13366/4609
f 4764/12661/4744 4802/13175/4779 4416/11839/4393
f 4765/12664/4745 4815/13367/4795 4670/12657/4646
f 4765/12664/4745 4824/13368/4808 4768/12672/4748
f 4766/13369/4746 4768/13370/4748 4824/13163/4808
f 4766/13369/4746 4464/11923/4441 4767/12670/4747
f 4767/12671/4747 4198/12669/4187 4200/11566/4189
f 4768/13371/4748 4200/12311/4189 4815/13372/4795
f 4214/11584/4203 4293/11667/4278 4215/11823/4204
f 4293/13373/4278 4292/12418/4277 4215/11823/4204
f 4417/11840/4394 4203/13374/4192 4591/12227/4568
f 4769/13375/4749 4773/13050/4753 4625/12300/4605
f 4625/13376/4605 4764/13174/4744 4769/12706/4749
f 4771/13377/4751 4456/13378/4433 4455/11913/4432
f 4456/11912/4433 4176/11538/4167 4209/12743/4198
f 4176/13134/4167 4456/13378/4433 4772/13379/4752
f 4773/13380/4753 4548/12755/4525 4625/12300/4605
f 4459/13381/4436 4773/13050/4753 4769/12706/4749
f 4818/13088/4798 4460/13382/4437 4462/11921/4439
f 4818/13088/4798 4783/13383/4763 4460/12888/4437
f 4543/12132/4520 4665/12784/4642 4836/13384/4826
f 4774/12800/4754 4826/13219/4813 4770/12728/4750
f 4667/13385/4644 4827/13386/4814 4777/13387/4757
f 4777/13388/4757 4775/12807/4755 4488/12806/4465
f 4486/13389/4463 4774/13390/4754 4499/11992/4476
f 4436/13391/4413 4499/13392/4476 4774/13393/4754
f 4495/12802/4472 4486/11967/4463 4127/11981/4118
f 4774/12800/4754 4770/13215/4750 4436/12726/4413
f 4561/13394/4538 4786/13395/4766 4771/12829/4751
f 4786/12911/4766 4561/12828/4538 4560/13270/4537
f 4439/12730/4416 4561/12828/4538 4118/11471/4109
f 4116/11469/4107 4510/12025/4487 4509/12022/4486
f 4080/11424/4071 4779/12876/4759 4524/12868/4501
f 4780/13069/4760 4550/13396/4527 4549/12874/4526
f 4779/12872/4759 4549/12152/4526 4556/12869/4533
f 4781/12881/4761 4778/13397/4758 4782/12879/4762
f 4781/12881/4761 4083/11428/4074 4526/12068/4503
f 4778/13398/4758 4526/12882/4503 4538/12104/4515
f 4460/11919/4437 4527/12887/4504 4463/12071/4440
f 4464/12668/4441 4782/12889/4762 4198/13399/4187
f 4527/12069/4504 4084/13400/4075 4528/12097/4505
f 4785/13058/4765 4085/12098/4076 4784/12894/4764
f 4784/13401/4764 4532/12893/4509 4084/11429/4075
f 4788/13402/4768 4553/13403/4530 4789/12918/4769
f 4199/13404/4188 4521/12053/4498 4200/11566/4189
f 4673/12398/4649 4282/13405/4267 4674/13004/4650
f 4698/12572/4675 4366/13406/4346 4702/13407/4679
f 4394/13408/4371 4373/12651/4353 4395/11793/4372
f 4218/11819/4207 4643/12341/4622 4450/12732/4427
f 4407/12714/4384 4218/12433/4207 4450/12732/4427
f 4461/13409/4438 4628/12308/4608 4627/12758/4607
f 4143/11497/4134 4160/11938/4151 4144/12777/4135
f 4476/13410/4453 4472/13411/4449 4143/11810/4134
f 4148/11849/4139 4475/11942/4452 4476/12789/4453
f 4484/11962/4461 4483/11957/4460 4489/12812/4466
f 4775/12808/4755 4656/13412/4633 4487/11968/4464
f 4485/11966/4462 4487/12803/4464 4656/12369/4633
f 4520/12052/4497 4199/11565/4188 4778/12860/4758
f 4139/11964/4130 4484/13054/4461 4494/11979/4471
f 4550/13080/4527 4780/12873/4760 4817/13070/4797
f 4821/13085/4801 4817/13071/4797 4788/13413/4768
f 4819/13414/4799 4580/13415/4558 4554/13087/4531
f 4555/13416/4532 4554/12158/4531 4580/12214/4558
f 4180/12184/4171 4126/13055/4117 4181/11545/4172
f 4598/13417/4576 4230/12676/4219 4762/12654/4742
f 4232/11797/4221 4399/12673/4376 4598/12256/4576
f 4763/12655/4743 4629/13418/4609 4417/13127/4394
f 4521/13126/4498 4417/12700/4394 4629/13366/4609
f 4448/13419/4425 4642/12344/4621 4804/13254/4782
f 4665/12786/4642 4666/13233/4643 4667/12386/4644
f 4282/12658/4267 4671/12656/4647 4674/13004/4650
f 4308/13277/4291 4832/13281/4821 4311/11686/4294
f 4317/11693/4300 4316/11691/4299 4693/13307/4670
f 4400/11802/4377 4223/12495/4212 4340/12525/4321
f 4347/12515/4327 4312/11733/4295 4348/13420/4328
f 4712/12523/4690 4339/12492/4320 4731/12568/4709
f 4359/11751/4339 4387/11780/4365 4730/12566/4708
f 4698/12572/4675 4364/13421/4344 4366/11759/4346
f 4737/12596/4716 4388/12634/4712 4735/12592/4714
f 4756/12633/4736 4814/13422/4794 4758/12637/4738
f 4342/13423/4323 4229/11600/4218 4320/13424/4303
f 4768/13371/4748 4815/13367/4795 4765/13166/4745
f 4768/13371/4748 4766/13180/4746 4767/12670/4747
f 4405/12715/4382 4559/12179/4536 4173/12352/4164
f 4628/13425/4608 4461/11920/4438 4465/11924/4442
f 4461/13409/4438 4463/12759/4440 4465/11924/4442
f 4476/13410/4453 4471/11935/4448 4472/12142/4449
f 4774/12800/4754 4485/13426/4462 4826/13220/4813
f 4490/12813/4467 4483/11957/4460 4543/12785/4520
f 4478/12761/4455 4543/13427/4520 4483/11960/4460
f 4836/13428/4826 4490/12811/4467 4543/12785/4520
f 4490/12813/4467 4836/13429/4826 4777/13387/4757
f 4102/12036/4093 4516/12108/4493 4506/13430/4483
f 4778/13398/4758 4199/11565/4188 4198/13399/4187
f 4783/12886/4763 4785/13431/4765 4784/12894/4764
f 4788/13402/4768 4787/13432/4767 4822/13086/4802
f 4797/13433/4804 4822/13434/4802 4787/13435/4767
f 4190/13090/4181 4189/11557/4180 4577/12204/4554
f 4807/13214/4785 4653/12365/4630 4652/12988/4629
f 4305/13436/4288 4304/11679/4287 4306/13437/4289
f 4311/13280/4294 4833/13438/4822 4309/13439/4292
f 4830/13273/4819 4311/13440/4294 4310/13441/4293
f 4739/13333/4718 4814/13422/4794 4756/13046/4736
f 4080/11424/4071 4780/12873/4760 4779/13442/4759
f 4783/12886/4763 4082/12092/4073 4785/12892/4765
f 4093/11441/4084 4072/11416/4063 4071/12107/4062
f 4093/11441/4084 4071/12078/4062 4165/13443/4156
f 4539/12110/4516 4646/13444/4625 4816/13445/4796
f 4539/12110/4516 4514/12847/4491 4540/13446/4517
f 4646/12348/4625 4442/11889/4419 4816/13445/4796
f 4820/13447/4800 4819/13075/4799 4462/11921/4439
f 4548/12151/4525 4550/13396/4527 4582/13123/4560
f 4821/13085/4801 4582/12216/4560 4550/12153/4527
f 4817/13082/4797 4553/13403/4530 4788/13413/4768
f 4582/13448/4560 4822/13434/4802 4797/13125/4804
f 4822/13449/4802 4582/12216/4560 4821/13081/4801
f 4551/12154/4528 4554/12158/4531 4553/13084/4530
f 4554/13450/4531 4551/13083/4528 4552/12156/4529
f 4819/13414/4799 4820/13079/4800 4580/12214/4558
f 4196/13451/4803 4555/13121/4532 4580/12214/4558
f 4179/11543/4170 4440/11886/4417 4104/11905/4095
f 4268/11642/4255 4407/11820/4384 4428/11866/4405
f 4790/12921/4770 4562/13452/4539 4791/13110/4771
f 4791/13453/4771 4190/13454/4181 4577/12204/4554
f 4820/13447/4800 4578/12286/4556 4580/12214/4558
f 4555/13416/4532 4196/13455/4803 4789/12918/4769
f 4588/13130/4805 4585/12221/4564 4587/12240/4574
f 4221/12245/4210 4230/12676/4219 4597/12684/4575
f 4790/12921/4770 4604/12952/4582 4606/12269/4584
f 4627/12307/4607 4615/13456/4595 4617/12290/4597
f 4801/12959/4778 4824/13368/4808 4241/13457/4228
f 4765/12664/4745 4241/12960/4228 4824/13163/4808
f 4281/12393/4266 4618/13171/4598 4765/13166/4745
f 4627/12307/4607 4617/13169/4597 4614/12287/4594
f 4614/13162/4594 4620/13172/4600 4800/13458/4807
f 4616/13179/4596 4465/13459/4442 4766/12667/4746
f 4638/13197/4618 4639/12413/4619 4680/13460/4656
f 4448/13419/4425 4804/12977/4782 4449/11898/4426
f 4663/13232/4640 4827/13386/4814 4667/12386/4644
f 4282/12658/4267 4811/13240/4816 4280/13170/4265
f 4634/13190/4614 4645/12349/4624 4098/13060/4089
f 4645/13201/4624 4634/12325/4614 4644/13252/4623
f 4830/13273/4819 4305/13461/4288 4306/13437/4289
f 4829/13269/4818 4560/12180/4537 4438/13462/4415
f 4828/13265/4817 4688/13463/4827 4687/13261/4791
f 4307/13271/4290 4829/13464/4818 4308/11683/4291
f 4437/12727/4414 4829/13464/4818 4438/13462/4415
f 4770/13465/4750 4831/13278/4820 4437/11878/4414
f 4829/13269/4818 4437/13466/4414 4831/13467/4820
f 4770/13465/4750 4807/12987/4785 4831/13467/4820
f 4832/13468/4821 4831/13278/4820 4807/13469/4785
f 4807/13214/4785 4806/13210/4784 4832/13279/4821
f 4833/13470/4822 4832/13281/4821 4806/13213/4784
f 4308/13277/4291 4311/13440/4294 4306/13437/4289
f 4833/13470/4822 4650/13284/4811 4309/13439/4292
f 4830/13273/4819 4310/11685/4293 4828/13471/4817
f 4649/13285/4628 4648/12358/4627 4691/13472/4668
f 4314/13473/4297 4692/13286/4669 4834/13305/4823
f 4696/12502/4673 4718/13292/4696 4692/12452/4669
f 4223/11594/4212 4400/11814/4377 4224/13474/4213
f 4647/13475/4626 4320/11696/4303 4220/13476/4209
f 4319/12467/4302 4698/13477/4675 4704/13297/4681
f 4695/12457/4672 4319/13478/4302 4704/13297/4681
f 4712/12523/4690 4731/13479/4709 4352/11739/4332
f 4640/13320/4620 4724/12551/4702 4356/11747/4336
f 4715/12528/4693 4835/13480/4824 4378/11773/4358
f 4835/13481/4824 4715/13482/4693 4717/12530/4695
f 4369/11763/4349 4835/13480/4824 4370/13310/4350
f 4814/13359/4794 4389/11782/4366 4758/12637/4738
f 4760/13362/4740 4752/12640/4731 4813/13042/4793
f 4815/13049/4795 4629/13418/4609 4763/13483/4743
f 4182/11856/4173 4268/13484/4255 4428/11866/4405
f 4179/11543/4170 4104/13485/4095 4592/12693/4569
f 4473/11939/4450 4469/13486/4446 4545/12772/4522
f 4665/12786/4642 4667/13487/4644 4836/13384/4826
f 4777/13388/4757 4836/13429/4826 4667/12386/4644
f 4480/11954/4457 4473/12139/4450 4545/12772/4522
f 4827/13488/4814 4775/12807/4755 4777/13387/4757
f 4775/12808/4755 4827/13386/4814 4776/12997/4756
f 4782/13489/4762 4778/13397/4758 4198/13399/4187
f 4083/13490/4074 4068/12094/4059 4526/12068/4503
f 4783/12886/4763 4784/12891/4764 4527/13491/4504
